code,name,report_date,notice_zcfzb,MONETARYFUNDS,SHORT_LOAN,NONCURRENT_LIAB_1YEAR,LONG_LOAN,BOND_PAYABLE,LEASE_LIAB,LONG_PAYABLE,TOTAL_ASSETS,TOTAL_LIABILITIES,MINORITY_EQUITY,TOTAL_PARENT_EQUITY,PRODUCTIVE_BIOLOGY_ASSET,INVENTORY,CIP,FIXED_ASSET,SHARE_CAPITAL,USERIGHT_ASSET,NOTE_ACCOUNTS_PAYABLE,TOTAL_CURRENT_LIAB,TOTAL_CURRENT_ASSETS,OTHER_NONCURRENT_ASSET,TRADE_FINASSET_NOTFVTPL,NOTE_PAYABLE,OTHER_CURRENT_LIAB,OTHER_EQUITY_TOOL,notice_lrb,TOTAL_OPERATE_INCOME,OPERATE_INCOME,OPERATE_COST,PARENT_NETPROFIT,NETPROFIT,MINORITY_INTEREST,ASSET_IMPAIRMENT_INCOME,CREDIT_IMPAIRMENT_INCOME,FINANCE_EXPENSE,FE_INTEREST_EXPENSE,DEDUCT_PARENT_NETPROFIT,OPERATE_PROFIT,INCOME_TAX,notice_xjllb,NETCASH_OPERATE,CONSTRUCT_LONG_ASSET,END_CCE,NETCASH_INVEST,NETCASH_FINANCE,ASSIGN_DIVIDEND_PORFIT,DISPOSAL_LONG_ASSET,ASSET_IMPAIRMENT,PREFERRED_SHARES,GOODWILL,PERPETUAL_BOND,year,q,TOTAL_OPERATE_INCOME_Q,OPERATE_INCOME_Q,OPERATE_COST_Q,PARENT_NETPROFIT_Q,NETPROFIT_Q,MINORITY_INTEREST_Q,ASSET_IMPAIRMENT_INCOME_Q,CREDIT_IMPAIRMENT_INCOME_Q,FINANCE_EXPENSE_Q,FE_INTEREST_EXPENSE_Q,DEDUCT_PARENT_NETPROFIT_Q,OPERATE_PROFIT_Q,INCOME_TAX_Q,NETCASH_OPERATE_Q,CONSTRUCT_LONG_ASSET_Q,NETCASH_INVEST_Q,NETCASH_FINANCE_Q,ASSIGN_DIVIDEND_PORFIT_Q,DISPOSAL_LONG_ASSET_Q,ASSET_IMPAIRMENT_Q,interest_bearing_debt,debt_ratio
000048,京基智农,2015-12-31,2016-04-26,877744694.29,95902240.0,2458332.0,12382.18,,,5033687.81,1940801275.08,1138455502.61,85321864.61,717023907.86,14035666.71,206383342.85,105316309.87,339216703.59,390768671.0,,243989628.8,1078284681.76,1180726870.74,19941186.5,,,62802115.21,,2017-04-27,2302017620.38,2302017620.38,1578689373.38,203984396.41,209776427.45,5792031.04,,,-2413821.78,,192205300.3,246169418.44,49393582.87,2017-04-27,310049929.71,60526215.46,877744694.29,-97540142.13,-34991664.33,10606993.11,769313.24,11297159.35,,,,2015,4,,,,,,,,,,,,,,,,,,,,,98372954.18,0.5865904547919636
000048,京基智农,2016-03-31,2016-04-30,780947900.39,79366000.0,2114583.0,12382.18,,,5207007.46,1890997262.77,1085107834.77,92078589.88,713810838.12,14961652.16,213955879.23,110330494.32,336144597.46,390768671.0,,215859108.67,1024950076.58,1105722709.94,33583662.19,,,63237751.62,,2016-04-30,319007018.6,319007018.6,250055641.93,7496377.31,8753102.58,1256725.27,,,-1170973.74,,7288491.77,12355079.23,4047193.44,2016-04-30,-34890465.98,26090561.63,780947900.39,-49688761.63,-12195571.47,1351832.97,1800.0,,,,,2016,1,319007018.6,319007018.6,250055641.93,7496377.31,8753102.58,1256725.27,,,-1170973.74,,7288491.77,12355079.23,4047193.44,-34890465.98,26090561.63,-49688761.63,-12195571.47,1351832.97,1800.0,,81492965.18,0.5738283476838542
000048,京基智农,2016-06-30,2016-08-30,299319982.7,87037360.0,2000000.0,,,,5187002.37,1939473455.65,1104174546.22,94981699.77,740317209.66,13982188.66,728813018.28,139813539.35,329485146.17,390768671.0,,236974852.12,1040073493.96,1162896989.29,12598357.3,,,64477752.16,,2016-08-30,742674038.33,742674038.33,587732234.37,14646608.01,17670685.94,3024077.93,,,-153850.29,,13430542.37,26381131.57,10674268.21,2016-08-30,-526766695.44,38781881.73,299319982.7,-39592174.22,-12147858.83,6882776.65,10700.0,1534440.62,,398595.33,,2016,2,423667019.73,423667019.73,337676592.44,7150230.7,8917583.360000001,1767352.6600000001,,,1017123.45,,6142050.6,14026052.34,6627074.770000001,-491876229.46,12691320.099999998,10096587.410000004,47712.640000000596,5530943.680000001,8900.0,,89037360.0,0.5693166580874622
000048,京基智农,2016-09-30,2016-10-31,317865817.51,90087760.0,,,,,5142002.99,1944228836.16,1089946108.04,98473611.64,755809116.48,13793656.75,704237318.66,151504244.86,326268856.32,390768671.0,,242677953.11,1026651900.05,1158861297.43,16503008.57,,,62500953.14,,2016-10-31,1191045939.65,1191045939.65,971914370.7,30109298.47,36625288.28,6515989.81,,,469828.47,,-3859156.05000001,11340969.24,20515426.5,2016-10-31,-536109202.35,60513921.77,317865817.51,-10106927.88,-13775353.28,7440259.1,37166312.0,,,398595.33,,2016,3,448371901.32000005,448371901.32000005,384182136.33000004,15462690.459999999,18954602.34,3491911.8799999994,,,623678.76,,-17289698.42000001,-15040162.33,9841158.29,-9342506.910000026,21732040.040000007,29485246.339999996,-1627494.4499999993,557482.4499999993,37155612.0,,90087760.0,0.5606058750742152
000048,京基智农,2016-12-31,2017-04-29,285903018.4,127495684.54,,45377991.03,,,5170999.21,1959736873.69,1133676715.82,95571005.51,730489152.36,15040846.23,714054711.37,207726667.44,352558111.59,390768671.0,,207350909.23,1023978393.5,1085291386.25,19765962.47,,,54070667.49,,2017-04-27,1561230908.03,1561230908.03,1285034921.87,5960816.41,6004851.81,44035.4,,,2002999.87,6471152.97,-24464246.73,-20784634.16,14394868.55,2017-04-27,-617796417.16,98054222.26,281207900.18,-50850686.52,71834842.38,11490382.79,232563.2,19271381.82,,398595.33,,2016,4,370184968.3799999,370184968.3799999,313120551.16999984,-24148482.06,-30620436.470000003,-6471954.409999999,,,1533171.4000000001,,-20605090.679999992,-32125603.4,-6120557.949999999,-81687214.80999994,37540300.49,-40743758.64,85610195.66,4050123.6899999995,-36933748.8,,172873675.57,0.5784841480710589
000048,京基智农,2017-03-31,2017-04-29,405032250.97,264969891.98,,198799028.73,,,5115219.05,2182158177.11,1385326553.37,84636232.26,712195391.48,14813701.1,822320983.99,218218797.66,351617467.01,390768671.0,,175643515.07,1120866224.59,1306662789.31,11534874.99,,,53995267.48,,2017-04-29,304054735.62,304054735.62,263237447.42,-18481014.45,-19402867.72,-921853.27,,,488289.03,,-14221199.03,-18471353.13,-4676977.99,2017-04-29,-137741758.47,24553118.48,405032250.97,-30439494.02,287343113.84,3552131.3,1134860.0,,,398595.33,,2017,1,304054735.62,304054735.62,263237447.42,-18481014.45,-19402867.72,-921853.27,,,488289.03,,-14221199.03,-18471353.13,-4676977.99,-137741758.47,24553118.48,-30439494.02,287343113.84,3552131.3,1134860.0,,463768920.71,0.6348424087224943
000048,京基智农,2017-06-30,2017-08-30,355471698.73,201966046.89,,433919033.55,,,5268205.03,2321383410.57,1548609369.5,73533728.94,699240312.13,13965612.7,930847456.92,225544749.64,409110326.52,390768671.0,,165285725.42,1053993462.18,1373509798.03,17599938.91,,7800000.0,54070667.49,,2017-08-30,667650863.16,667650863.16,579206128.72,-31983716.62,-40088073.2,-8104356.58,,,2416979.83,,-25265052.9,-38218267.98,-7596125.85,2017-08-30,-293292956.53,83434879.45,345471698.73,-89290908.99,442281660.22,10572513.91,1135478.0,1046719.79,,398595.33,,2017,2,363596127.53999996,363596127.53999996,315968681.3000001,-13502702.170000002,-20685205.480000004,-7182503.3100000005,,,1928690.8,,-11043853.87,-19746914.849999998,-2919147.8599999994,-155551198.05999997,58881760.97,-58851414.97,154938546.38000005,7020382.61,618.0,,635885080.44,0.667106244685254
000048,京基智农,2017-09-30,2017-10-31,615267242.01,241845847.91,,585975121.61,,,5188911.78,2778657675.47,2013323407.15,79981792.4,685352475.92,12951316.88,1103908791.14,219824897.01,400251270.86,390768671.0,,201589925.93,1367588651.49,1842486737.44,20171335.21,,10000000.0,54070667.49,,2017-10-31,1128756584.14,1128756584.14,976693487.35,-46775021.13,-48431314.25,-1656293.12,,,3547525.08,,-41284734.77,-48621252.04,-7906706.91,2017-10-31,-202642241.68,93434435.92,615267242.01,-99320193.46,631544453.18,23843291.39,1135478.0,,,398595.33,,2017,3,461105720.98000014,461105720.98000014,397487358.63,-14791304.510000002,-8343241.049999997,6448063.46,,,1130545.25,,-16019681.870000005,-10402984.060000002,-310581.0600000005,90650714.84999996,9999556.469999999,-10029284.469999999,189262792.95999992,13270777.48,0.0,,827820969.52,0.7245669104631444
000048,京基智农,2017-12-31,2018-08-31,1200613096.84,202695463.99,26196729.97,559778391.64,,,1895864.0,3904776967.49,3196029216.44,131447024.96,577300726.09,13870481.97,1599457686.61,13497201.22,623475592.3,390768671.0,,408387167.43,2419059025.98,2904227078.82,26244331.19,,,63218823.9,,2018-08-31,1549614465.33,1549614465.33,1313248066.07,-155536308.42,-138757244.89,16779063.53,,,8004999.31,10079811.43,-124104213.4,-144493313.54,-39938334.53,2018-08-31,328717922.4,115091098.06,1131526341.02,-60941128.6,582826218.17,41494637.24,1136990.0,3073117.21,,398595.33,,2017,4,420857881.1899998,420857881.1899998,336554578.7199999,-108761287.28999999,-90325930.63999999,18435356.650000002,,,4457474.2299999995,,-82819478.63,-95872061.5,-32031627.62,531360164.08,21656662.14,38379064.85999999,-48718235.00999999,17651345.85,1512.0,,788670585.6,0.8184921297808248
000048,京基智农,2018-03-31,2018-08-31,1018238434.86,142996362.53,26196729.97,609778391.64,,,1936094.78,3671789299.09,2525353740.19,133451371.01,1012984187.89,14504982.04,1288442952.26,18582508.36,613502224.29,390768671.0,,348330370.76,1705659041.89,2595992881.16,91344912.95,,,59457361.2,,2018-08-31,341436876.05,341436876.05,292092751.7,-11899228.25,-9894882.2,2004346.05,,,943067.69,2258778.55,-12474490.93,-10133680.72,-82110.65,2018-08-31,-78072549.46,14131853.54,1018238434.86,-80709293.54,-23424511.28,10891758.99,2422560.0,,,398595.33,,2018,1,341436876.05,341436876.05,292092751.7,-11899228.25,-9894882.2,2004346.05,,,943067.69,2258778.55,-12474490.93,-10133680.72,-82110.65,-78072549.46,14131853.54,-80709293.54,-23424511.28,10891758.99,2422560.0,,778971484.14,0.6877719646973949
000048,京基智农,2018-06-30,2018-08-31,1171114815.87,148042249.38,26196729.97,1009778391.64,,,1649726.53,4670533369.07,3919387946.64,213194256.44,537951165.99,15326209.85,1742460117.88,35810830.72,610932339.14,390768671.0,,248962254.09,2693831862.9,3604843223.46,67545835.41,,,59372004.8,,2018-08-31,736268351.51,736268351.51,630101276.13,-40973651.65,-35272758.17,5700893.48,-264418.63,,2484923.62,6372124.54,-39982752.43,-39310844.19,-4145418.25,2018-08-31,-168843943.12,53921139.09,1171114815.87,-303911366.92,443222097.61,23299367.72,2418620.0,264418.63,,398595.33,,2018,2,394831475.46,394831475.46,338008524.43,-29074423.4,-25377875.970000003,3696547.4300000006,,,1541855.9300000002,4113345.99,-27508261.5,-29177163.47,-4063307.6,-90771393.66000001,39789285.550000004,-223202073.38,466646608.89,12407608.729999999,-3940.0,,1184017370.99,0.839173524076637
000048,京基智农,2018-09-30,2018-10-31,2286185451.86,122451586.67,,1009778391.64,,,1052331.44,5100364791.82,3776986669.66,223922742.77,1099455379.39,15222230.41,1223731948.04,21433604.33,627192949.77,390768671.0,,153317999.66,2559343761.87,3983192984.96,102356782.34,,,57791992.8,,2018-10-31,1216330672.13,1216330672.13,1042029534.13,-58191306.14,-45669523.01,12521783.13,-264424.57,,2423137.77,9103604.18,-57053950.21,-50039119.55,-6373607.48,2018-10-31,817329391.62,58133738.12,2286185451.86,-105950222.43,373979311.76,42295423.6,2423608.0,,,398595.33,,2018,3,480062320.6200001,480062320.6200001,411928258.0,-17217654.490000002,-10396764.839999996,6820889.65,-5.940000000002328,,-61785.85000000009,2731479.6399999997,-17071197.78,-10728275.36,-2228189.2300000004,986173334.74,4212599.029999994,197961144.49,-69242785.85000002,18996055.880000003,4988.0,,1132229978.31,0.740532652824668
000048,京基智农,2018-12-31,2019-04-15,1787994691.32,124210000.0,228606219.45,,,,,5182504077.75,3957123227.41,210122719.53,1015258130.81,15216090.36,1683574909.5,5541835.74,653005438.43,390768671.0,,383551382.23,3782581535.4,3981909019.9,123110807.36,,,56196000.25,,2019-04-15,3436940910.61,3436940910.61,1963989657.28,437394982.71,449539375.54,12144392.83,-10106924.94,,773597.08,10291345.78,437931207.45,623660665.47,154264296.9,2019-04-15,1078635007.0,116420447.28,1255085776.5,-534218381.81,-421052859.91,56448126.65,3827856.0,10106924.94,,,,2018,4,2220610238.48,2220610238.48,921960123.15,495586288.84999996,495208898.55,-377390.30000000075,-9842500.37,,-1649540.69,1187741.5999999996,494985157.65999997,673699785.02,160637904.38,261305615.38,58286709.160000004,-428268159.38,-795032171.6700001,14152703.049999997,1404248.0,,352816219.45,0.7635542911387341
000048,京基智农,2019-03-31,2019-04-30,2340119937.13,107600000.0,,,,,,5804758384.89,4467407433.45,210441378.87,1126909572.57,14482090.17,1622276554.63,9307033.2,643945541.97,390768671.0,,262201477.41,4295237221.27,4598225979.37,108394188.55,494022222.76,,55589319.34,,2019-04-30,719930211.46,719930211.46,422570085.77,110883146.4,111201805.74,318659.34,,,-2460909.85,1579799.42,106918753.0,153317178.38,41246112.41,2019-04-30,981186606.69,13428335.22,2340119937.13,-156767165.65,-272204797.5,26988578.05,18610.0,,,,,2019,1,719930211.46,719930211.46,422570085.77,110883146.4,111201805.74,318659.34,,,-2460909.85,1579799.42,106918753.0,153317178.38,41246112.41,981186606.69,13428335.22,-156767165.65,-272204797.5,26988578.05,18610.0,,107600000.0,0.7696112632489279
000048,京基智农,2019-06-30,2019-08-31,2292904595.97,87500000.0,,,,,,6101286907.36,4730308942.85,198146799.9,1172831164.61,14502546.98,1861580892.16,12299537.48,635578820.93,390768671.0,,290443708.58,4561080619.45,4900001783.8,119049272.28,536022222.76,,56246680.72,,2019-08-31,1171741047.15,1171741047.15,767101731.54,149692595.48,158719569.99,9026974.51,,1196381.16,-10717162.5,3485013.99,140652553.83,208853047.4,41482172.08,2019-08-31,980048792.02,13146783.05,1734479406.33,-192868303.2,-301403653.51,26985984.06,15052239.0,-1196381.16,,,,2019,2,451810835.69000006,451810835.69000006,344531645.77,38809449.07999998,47517764.250000015,8708315.17,,,-8256252.65,1905214.5700000003,33733800.83000001,55535869.02000001,236059.6700000018,-1137814.6700000763,-281552.1699999999,-36101137.54999998,-29198856.00999999,-2593.990000002086,15033629.0,,87500000.0,0.7752969192685916
000048,京基智农,2019-09-30,2019-10-31,2002397807.63,65500000.0,,,,,,6453989293.42,4930117777.23,190275161.48,1333596354.71,9990403.37,2077801086.54,20093465.6,549813543.37,390768671.0,,229253411.11,4765506251.44,5377552248.6,101700636.9,933485930.0,,56821705.2,,2019-10-31,1724510114.79,1724510114.79,1157999879.83,299744880.41,321499778.17,21754897.76,,1272653.16,-19354500.57,4546955.33,206941045.67,423779586.63,94261215.06,2019-10-31,970929914.83,42401721.73,2002397807.63,-446975838.58,-309676258.25,39139697.87,15121499.0,,,,,2019,3,552769067.6399999,552769067.6399999,390898148.28999996,150052284.93000004,162780208.18,12727923.250000002,,76272.0,-8637338.07,1061941.3399999999,66288491.839999974,214926539.23,52779042.980000004,-9118877.189999938,29254938.679999996,-254107535.38,-8272604.74000001,12153713.809999999,69260.0,,65500000.0,0.7638868850086837
000048,京基智农,2019-12-31,2020-04-30,1505032201.19,43000000.0,,,,,,6471993600.37,4094259640.94,242887411.93,2134846547.5,11856376.17,2491032982.29,37348111.58,505784189.04,402491731.0,,657691464.59,3963956929.56,5303627797.17,25802756.6,688494063.89,,62141293.4,,2020-04-30,4918723380.78,4918723380.78,2339925848.82,1100831801.48,1158245286.63,57413485.15,-42585931.35,-1987553.16,-36621907.3,4193381.93,986833457.76,1526154977.5,352327387.42,2020-04-30,1013811298.53,100834081.26,1497976497.4,-389892268.15,-381028309.48,30040722.32,15254679.0,44573484.51,,,,2019,4,3194213265.99,3194213265.99,1181925968.9900002,801086921.0699999,836745508.46,35658587.39,,-3260206.32,-17267406.729999997,-353573.3999999999,779892412.09,1102375390.87,258066172.36,42881383.69999993,58432359.53000001,57083570.43000001,-71352051.23000002,-9098975.549999997,133180.0,,43000000.0,0.63261181851384
000048,京基智农,2020-03-31,2020-04-30,1626517319.84,51000000.0,,,,,,6918027244.52,4432855689.87,239977692.94,2245193861.71,14551155.89,2463767275.39,26320378.66,501191648.28,402491731.0,,543974315.84,4286698829.74,5638553301.62,103045695.92,854773246.05,,62140814.06,,2020-04-30,414257688.63,414257688.63,257138511.81,59393932.19,62075557.48,2681625.29,,,-8961521.03,295097.85,52227297.6,81765267.23,19352796.6,2020-04-30,286990215.24,103638994.71,1626517319.84,-187120159.31,21615062.06,376142.26,3029824.35,,,,,2020,1,414257688.63,414257688.63,257138511.81,59393932.19,62075557.48,2681625.29,,,-8961521.03,295097.85,52227297.6,81765267.23,19352796.6,286990215.24,103638994.71,-187120159.31,21615062.06,376142.26,3029824.35,,51000000.0,0.6407687528813091
000048,京基智农,2020-06-30,2020-08-28,2452249883.41,65000000.0,,,,,,7399585720.16,5254396229.95,124175741.71,2021013748.5,62672075.66,2051953629.61,143441681.92,216398410.62,402491731.0,,261093741.93,5111674586.39,6206498965.77,179929150.14,558254139.3,,55172065.96,,2020-08-28,834061185.07,834061185.07,507754371.2,138093760.86,144158074.77,6064313.91,,-3841553.87,-16123285.57,1264180.52,101327415.05,193741186.95,46396140.48,2020-08-28,1138074256.29,262685544.23,2446252979.91,-202716766.03,12918992.22,9072212.1,5873491.14,3594514.59,,,,2020,2,419803496.44000006,419803496.44000006,250615859.39,78699828.67000002,82082517.29000002,3382688.62,,,-7161764.540000001,969082.67,49100117.449999996,111975919.71999998,27043343.879999995,851084041.05,159046549.51999998,-15596606.719999999,-8696069.839999998,8696069.84,2843666.7899999996,,65000000.0,0.7100932982821618
000048,京基智农,2020-09-30,2020-10-31,2357504338.45,65000000.0,,,,,,8384488086.06,6207234941.36,127041200.63,2050211944.07,126909954.78,2224380704.28,704718491.14,210749958.18,402491731.0,,178564698.57,6065483109.07,6365829139.57,368266904.79,509805277.21,,64539416.98,,2020-10-31,1192172469.24,1192172469.24,747277774.58,165879175.72,174808948.55,8929772.83,,-3841553.87,-29190314.05,1963886.03,122730435.32,239499997.39,59708635.31,2020-10-31,1646574486.47,988736073.2,2357504338.45,-513364163.99,-280738185.25,312634835.57,5944891.14,,,,,2020,3,358111284.16999996,358111284.16999996,239523403.38000005,27785414.859999985,30650873.78,2865458.92,,0.0,-13067028.48,699705.51,21403020.269999996,45758810.44,13312494.830000006,508500230.18000007,726050528.97,-310647397.96000004,-293657177.47,303562623.46999997,71400.0,,65000000.0,0.7403236640863157
000048,京基智农,2020-12-31,2021-03-26,3540499621.44,65000000.0,,773000000.0,,,,9903753908.17,7122525592.99,28821502.2,2752406812.98,314885528.38,2605747673.96,1001071572.57,538178306.23,402491731.0,,1084533627.68,6233606169.38,6780783587.67,308640251.62,57024650.42,,207515984.66,,2021-03-26,4071503296.81,4071503296.81,1765058262.39,866563499.3,877714394.8,11150895.5,,-3383941.55,-40962177.85,3063961.33,818024521.23,1179767184.62,299032118.04,2021-03-26,1806061154.61,1694276359.95,3539489796.91,-269883819.01,505335963.88,319897634.84,10711551.14,3383941.55,,,,2020,4,2879330827.5699997,2879330827.5699997,1017780487.8100001,700684323.5799999,702905446.25,2221122.67,,457612.3200000003,-11771863.8,1100075.3,695294085.9100001,940267187.2299999,239323482.73000002,159486668.13999987,705540286.75,243480344.98000002,786074149.13,7262799.269999981,4766660.000000001,,838000000.0,0.719174331170966
000048,京基智农,2021-03-31,2021-04-29,1732308816.28,54000000.0,12418204.15,1132833377.28,,61065066.63,,9099152319.94,5909966785.07,31304476.29,3157881058.58,416488185.67,2093294468.16,1870064144.6,859711880.91,402491731.0,141187277.59,969648083.05,4608694144.4,4756878375.03,246151125.82,157736813.99,,71101155.41,,2021-04-29,2020310009.13,2020310009.13,769429898.05,405613994.59,408096968.68,2482974.09,,712293.03,-1254340.76,5175784.67,410141195.94,560000959.87,147585597.81,2021-04-29,-598524003.01,1164481802.47,1732308816.28,-1539829889.66,331172912.04,8480633.81,388462.0,,,,,2021,1,2020310009.13,2020310009.13,769429898.05,405613994.59,408096968.68,2482974.09,,712293.03,-1254340.76,5175784.67,410141195.94,560000959.87,147585597.81,-598524003.01,1164481802.47,-1539829889.66,331172912.04,8480633.81,388462.0,,1260316648.0600002,0.6495074021476508
000048,京基智农,2021-06-30,2021-08-30,943213628.84,103000000.0,202355104.15,1844896477.28,,65500060.09,,9066417051.25,6404577975.44,23360596.85,2638478478.96,475897257.66,2823892116.51,1799028867.43,1502410569.53,523239250.0,147835905.88,849672055.18,4384016831.14,4124017784.48,237837018.07,58105631.86,,60397982.16,,2021-08-30,2572948157.21,2572948157.21,1011754142.32,489431861.25,493770955.9,4339094.65,,-1592038.22,-2505215.4,12261031.98,508795202.36,682888915.53,182062855.66,2021-08-30,-1661946026.24,1580073090.86,943210569.93,-1572755181.15,638421980.41,642883077.93,714897.61,1592038.22,,,,2021,2,552638148.0799999,552638148.0799999,242324244.2700001,83817866.66000003,85673987.21999997,1856120.5600000005,,-2304331.25,-1250874.64,7085247.3100000005,98654006.42000002,122887955.65999997,34477257.849999994,-1063422023.23,415591288.38999987,-32925291.49000001,307249068.36999995,634402444.12,326435.61,,2215751641.52,0.7064067248656944
000048,京基智农,2021-09-30,2021-10-29,2450753767.43,90000000.0,234323136.93,1812928444.5,,66548616.45,,12241093812.61,9691538330.3,24142551.89,2525412930.42,480489103.05,3095934951.77,1570166756.43,2324164880.02,523239250.0,148306899.43,367714436.36,7698665349.4,6601836883.4,210907381.28,258547303.25,,346347712.87,,2021-10-29,2880266472.2,2880266472.2,1297523465.37,376405000.29,383403541.11,6998540.82,,-1679601.25,3705128.08,18950179.36,434476488.03,593106139.75,180346680.36,2021-10-29,682833791.31,2003141936.55,2450753767.43,-2353679962.37,581100317.05,670740229.43,726345.61,,,,,2021,3,307318314.9899998,307318314.9899998,285769323.04999983,-113026860.95999998,-110367414.78999996,2659446.17,,-87563.03000000003,6210343.48,6689147.379999999,-74318714.33000004,-89782775.77999997,-1716175.2999999821,2344779817.55,423068845.69000006,-780924781.2199998,-57321663.360000014,27857151.5,11448.0,,2203800197.88,0.7917215960159042
000048,京基智农,2021-12-31,2022-03-16,3526964972.87,65000000.0,297347404.01,1107028377.28,,65750931.85,,14832560318.32,12273413679.24,26364965.25,2532781673.83,475509430.47,4298519272.4,1184812141.82,3195855089.19,523239250.0,270445772.82,672199572.27,10985287831.5,8617102258.45,165018539.36,,,596284292.63,,2022-03-16,3221474431.12,3221474431.12,1594879699.99,389339568.12,398589314.39,9249746.27,-49127333.01,-7416869.47,9237717.43,47053245.11,339151964.74,666102180.71,233753747.91,2022-03-16,2640721394.56,2617182004.53,3515213572.87,-2562033417.56,-102964201.04,699790091.37,1710642.23,56544202.48,,,,2021,4,341207958.9200001,341207958.9200001,297356234.6200001,12934567.829999983,15185773.279999971,2251205.4499999993,,-5737268.22,5532589.35,28103065.75,-95324523.28999996,72996040.96000004,53407067.54999998,1957887603.25,614040067.9800003,-208353455.19000006,-684064518.0899999,29049861.940000057,984296.62,,1535126713.1399999,0.8274642688680561
000048,京基智农,2022-03-31,2022-04-27,3090748055.61,57000000.0,453851074.6,862761207.28,,60185359.82,,15160052207.17,12738810061.55,30043512.03,2391198633.59,460879537.1,4624221460.8,1262398937.03,3459828062.48,523239250.0,265790348.69,478501453.47,11701870470.02,8599867973.84,166622004.01,6538842.22,,684023334.23,,2022-04-27,460365527.64,460365527.64,527064905.49,-141770640.19,-138092093.41,3678546.78,,,10795573.2,18811774.56,-115297288.53,-129792600.37,-1099600.64,2022-04-27,289115016.67,603567254.64,3078996655.61,-604473233.3,-120858700.63,16968286.01,51209.64,,,,,2022,1,460365527.64,460365527.64,527064905.49,-141770640.19,-138092093.41,3678546.78,,,10795573.2,18811774.56,-115297288.53,-129792600.37,-1099600.64,289115016.67,603567254.64,-604473233.3,-120858700.63,16968286.01,51209.64,,1433797641.7,0.8402880074202603
000048,京基智农,2022-06-30,2022-08-25,1809861745.12,55000000.0,278390504.6,989639577.28,,57048258.91,,15189815000.2,13497332006.09,25193254.52,1667289739.59,429380774.38,5394645495.19,1342215230.42,3571491361.23,523239250.0,262183409.77,401725853.56,12336464144.01,8536707598.94,81475412.17,,,761834523.31,,2022-08-25,1094718617.2,1094718617.2,1094607702.56,-184210820.93,-175582531.66,8628289.27,-1148553.25,-2096258.98,15120830.48,32189101.37,-98323756.69,-159608416.09,-5296333.71,2022-08-25,-82575877.62,815766282.96,1798110345.12,-755647693.06,-878879657.07,720169485.07,51209.64,3244812.23,,,,2022,2,634353089.5600001,634353089.5600001,567542797.0699999,-42440180.74000001,-37490438.25,4949742.49,,,4325257.280000001,13377326.810000002,16973531.840000004,-29815815.72,-4196733.07,-371690894.29,212199028.32000005,-151174459.76,-758020956.44,703201199.0600001,0.0,,1380078340.7900002,0.888577774377916
000048,京基智农,2022-09-30,2022-10-31,2100782102.19,55000000.0,278390504.6,974885478.94,,56083979.4,,16450446752.63,14613657059.06,34150307.48,1802639386.09,412001220.26,5864692179.37,1090813242.79,4139308524.29,523239250.0,262812100.24,404213740.78,13468563589.01,9481170463.26,62917085.13,,,861279402.88,,2022-10-31,2185780864.03,2185780864.03,1965508472.72,-46673280.7,-29087938.47,17585342.23,-1148553.25,-2096258.98,22148584.84,48117556.52,63755496.1,-407859.48,-6168129.16,2022-10-31,681292820.58,1256521276.96,2089030702.19,-1193941749.58,-913533941.68,736224877.39,57393.71,,,,,2022,3,1091062246.8300002,1091062246.8300002,870900770.1600001,137537540.23000002,146494593.19,8957052.96,0.0,0.0,7027754.359999999,15928455.150000002,162079252.79,159200556.61,-871795.4500000002,763868698.2,440754994.0,-438294056.52,-34654284.609999895,16055392.319999933,6184.07,,1364359962.94,0.888344084437929
000048,京基智农,2022-12-31,2023-03-15,2145436872.96,227000000.0,283513321.36,1154547587.24,,56578019.41,,17536045755.1,14873630920.18,39587292.16,2622827542.76,416159223.33,6095356561.33,558753573.13,4822700854.07,523239250.0,258715127.76,1504527992.35,13561063742.61,9384264110.05,510331802.66,25000000.0,,668093162.38,,2023-03-15,5995656104.54,5995656104.54,3973013550.44,773073916.59,796096243.5,23022326.91,-4722585.29,6230263.75,35650821.79,66272432.92,861805772.32,1047236353.0,197328906.77,2023-03-15,1021171817.86,1924454682.42,2129428401.87,-1848203392.25,-558753596.61,752554662.59,633801.52,-1507678.46,,,,2022,4,3809875240.5099998,3809875240.5099998,2007505077.72,819747197.2900001,825184181.97,5436984.68,-3574032.04,8326522.73,13502236.95,18154876.4,798050276.22,1047644212.48,203497035.93,339878997.28,667933405.46,-654261642.6700001,354780345.06999993,16329785.200000048,576407.81,,1721638928.01,0.8481747326562666
000048,京基智农,2023-03-31,2023-04-29,1569088012.18,297000000.0,295589756.02,1509970111.62,,56034363.91,,13659560718.72,9774139576.57,42121922.61,3843299219.54,406360893.0,3524778277.31,434247581.16,5840914133.15,523239250.0,252719795.84,691159645.61,8130255891.95,5556333249.48,68189213.76,,,236367693.2,,2023-04-29,6663134945.61,6663134945.61,3476818239.99,1219766615.49,1222301245.94,2534630.45,-11573187.61,606877.16,12007770.81,17698273.17,1249766406.78,1687480648.76,458481751.12,2023-04-29,-379544600.52,650151951.15,1554383838.37,-621022408.97,425522445.99,21910301.71,31449.0,,,,,2023,1,6663134945.61,6663134945.61,3476818239.99,1219766615.49,1222301245.94,2534630.45,-11573187.61,606877.16,12007770.81,17698273.17,1249766406.78,1687480648.76,458481751.12,-379544600.52,650151951.15,-621022408.97,425522445.99,21910301.71,31449.0,,2158594231.5499997,0.7155529945538328
000048,京基智农,2023-06-30,2023-08-19,1170376646.01,365500000.0,461482333.1,1714127346.61,,55835814.44,,12861013050.8,9442563534.83,35304449.11,3383145066.86,394422290.66,3267050097.12,313037258.92,5983197885.47,523239250.0,246278133.74,665363472.73,7599003434.79,4834403855.42,66722785.51,,,196162264.23,,2023-08-19,8601867913.2,8601867913.2,4872862829.26,1284690162.11,1290207319.06,5517156.95,-38113388.75,-951804.85,38122406.57,48384992.64,1340493424.72,1844278760.65,543271895.5,2023-08-19,-504341477.47,800715726.18,1145172470.86,-767896689.0,287982235.46,582328619.62,35749.0,39065193.6,,,,2023,2,1938732967.590001,1938732967.590001,1396044589.2700005,64923546.619999886,67906073.11999989,2982526.5,-26540201.14,-1558682.01,26114635.759999998,30686719.47,90727017.94000006,156798111.8900001,84790144.38,-124796876.95000005,150563775.02999997,-146874280.02999997,-137540210.53000003,560418317.91,4300.0,,2596945494.15,0.7342006028244128
000048,京基智农,2023-09-30,2023-10-31,981332479.49,369007077.22,459484452.3,1699373048.24,,95923918.68,,12962781501.38,9563536228.18,42671273.33,3356573999.87,365589949.8,3528621360.64,160561072.46,6089267143.0,523239250.0,282539517.03,670469464.67,7705269106.73,4977981122.99,61144459.23,10040000.0,,205294284.06,,2023-10-31,9927819803.35,9927819803.35,6024614720.25,1257946185.35,1270830166.52,12883981.17,-67118317.86,-1012122.44,67670611.52,75324151.94,1339236667.06,1840626187.33,556061500.86,2023-10-31,-580236719.45,865053373.17,956128304.34,-840536090.75,247472712.67,609967227.13,1773994.24,,,,,2023,3,1325951890.1499996,1325951890.1499996,1151751890.9899998,-26743976.75999999,-19377152.53999996,7366824.22,-29004929.11,-60317.58999999997,29548204.949999996,26939159.299999997,-1256757.6600000858,-3652573.3200001717,12789605.360000014,-75895241.98000002,64337646.99000001,-72639401.75,-40509522.78999999,27638607.50999999,1738245.24,,2623788496.44,0.7377688366622457
000048,京基智农,2023-12-31,2024-03-20,1106729723.96,384839659.47,674951874.27,1472304928.58,,108261223.03,,12127949064.02,8220893896.09,54320429.66,3852734738.27,343786143.9,2872707801.35,176166585.0,6051793916.85,530569250.0,310272027.72,531016777.31,6582129372.13,4233819544.1,53191360.44,0.0,0.0,93389703.56,,2024-03-20,12417006232.4,12417006232.4,7608878281.09,1746300186.67,1757565419.64,11265232.97,-126867771.64,604035.92,98342967.66,106927248.47,1729480945.03,2508880918.98,727569987.78,2024-03-20,-414653912.74,966759677.49,1054983720.3,-921530463.12,261739694.29,634013504.62,4701514.96,126263735.72,,,,2023,4,2489186429.049999,2489186429.049999,1584263560.8400002,488354001.3200002,486735253.1200001,-1618748.1999999993,-59749453.78,1616158.3599999999,30672356.14,31603096.53,390244277.97,668254731.6500001,171508486.91999996,165582806.71000004,101706304.32000005,-80994372.37,14266981.620000005,24046277.49000001,2927520.7199999997,,2640357685.35,0.6778470005682111
000048,京基智农,2024-03-31,2024-04-30,898645180.2,407839659.47,680850103.52,1522072648.41,,101147188.07,,11856868924.54,7881577728.87,57408104.16,3917883091.51,332639701.33,2914382549.27,185823740.02,5948336945.53,530569250.0,304452033.51,556452589.51,6204133342.05,4076455812.46,49623896.3,,,66990880.57,,2024-04-30,1257759871.54,1257759871.54,973120679.8,54125149.43,57212823.93,3087674.5,12597963.72,-47616.97,29413996.76,27689379.49,58960567.45,97158308.27,29356994.24,2024-04-30,-186845447.07,67883909.52,851996926.68,-59383086.57,43241740.02,27518565.02,8500822.95,,,,,2024,1,1257759871.54,1257759871.54,973120679.8,54125149.43,57212823.93,3087674.5,12597963.72,-47616.97,29413996.76,27689379.49,58960567.45,97158308.27,29356994.24,-186845447.07,67883909.52,-59383086.57,43241740.02,27518565.02,8500822.95,,2711909599.4700003,0.6647267317392372
000048,京基智农,2024-06-30,2024-08-27,593568280.65,425023003.08,682236447.51,1213461601.55,,108510775.73,,11407876171.62,7312533646.06,44760844.45,4050581681.11,328474910.0,2854737707.72,153707559.29,5044840848.48,530569250.0,304767149.05,578480380.02,5941359858.87,3720228726.58,52994056.31,4000000.0,,65649784.15,,2024-08-27,2700176717.25,2700176717.25,2051089745.63,235452029.88,241213257.84,5761227.96,10331748.01,-4897180.34,61121751.97,56725990.46,242285712.79,306469481.38,46786109.92,2024-08-27,-85823750.12,100833591.72,547999919.43,-86441754.17,-334718296.58,64383532.39,2932862.55,-5434567.67,,,,2024,2,1442416845.71,1442416845.71,1077969065.8300002,181326880.45,184000433.91,2673553.46,-2266215.710000001,-4849563.37,31707755.209999997,29036610.970000003,183325145.33999997,209311173.11,17429115.680000003,101021696.94999999,32949682.200000003,-27058667.6,-377960036.59999996,36864967.370000005,-5567960.399999999,,2429231827.87,0.6410074527502141
000048,京基智农,2024-09-30,2024-10-31,906270959.02,416149390.32,683213214.24,1198089321.37,,104680833.62,,11114931393.06,6919885410.56,54846941.85,4140199040.65,320520703.43,1694823876.54,125814751.44,5611515625.67,530569250.0,299227397.51,585211633.53,5580007167.36,2927709770.34,53665967.99,8000000.0,10000000.0,52148962.62,,2024-10-31,4595020573.04,4595020573.04,3242702782.37,601798618.36,617645943.71,15847325.35,-107471154.23,-4721664.65,89050596.72,81508382.94,612699591.26,702664435.24,57918137.63,2024-10-31,635779720.24,169151388.98,860702597.8,-149941129.64,-680119713.1,285583119.96,12028768.4,,,,,2024,3,1894843855.79,1894843855.79,1191613036.7399998,366346588.48,376432685.87,10086097.39,-117802902.24000001,175515.68999999948,27928844.75,24782392.479999997,370413878.47,396194953.86,11132027.71,721603470.36,68317797.25999999,-63499375.469999984,-345401416.52000004,221199587.57,9095905.850000001,,2402132759.5499997,0.6225756296508205
000048,京基智农,2024-12-31,2025-03-31,874059988.78,445401874.81,687554901.97,888967774.66,,97081511.21,,10950030198.75,6597814787.97,60377247.09,4291838163.69,309815208.98,1718786404.76,113764115.97,5523182289.66,530282250.0,291092752.42,667166837.53,5576361219.44,2901016298.27,48525927.97,50000000.0,19342613.6,50990849.39,,2025-03-31,5960479688.87,5960479688.87,4288975054.21,713795295.65,735172926.25,21377630.6,-102610302.92,-6172012.61,113344911.38,106062201.67,785517962.54,866641091.45,51359136.42,2025-03-31,997453274.96,240754841.8,802465789.79,-237852650.8,-1012118554.67,309146529.66,3051720.88,108782315.53,,,,2024,4,1365459115.83,1365459115.83,1046272271.8400002,111996677.28999996,117526982.53999996,5530305.250000002,4860851.310000002,-1450347.96,24294314.659999996,24553818.730000004,172818371.27999997,163976656.21000004,-6559001.210000001,361673554.72,71603452.82000002,-87911521.16000003,-331998841.56999993,23563409.700000048,-8977047.52,,2119006062.65,0.6025385015580298
000048,京基智农,2025-03-31,2025-04-25,796628412.05,434857367.81,687132263.38,865545494.39,,101937770.43,,10893070456.13,6423025200.66,62512881.18,4407532374.29,302643927.46,1777342280.89,120602762.44,5438514439.77,530282250.0,287627930.02,579030313.22,5421197660.9,2934827115.32,50018240.84,50000000.0,16747856.01,50929207.54,,2025-04-25,1108082547.35,1108082547.35,875615965.13,112031779.68,114167413.76,2135634.08,795765.41,-1900043.25,20384422.05,18677648.25,119324229.43,123314939.74,-1140451.45,2025-04-25,12824454.77,55962191.75,725034213.06,-41245634.66,-49010396.84,18956670.65,14561433.8,,,,,2025,1,1108082547.35,1108082547.35,875615965.13,112031779.68,114167413.76,2135634.08,795765.41,-1900043.25,20384422.05,18677648.25,119324229.43,123314939.74,-1140451.45,12824454.77,55962191.75,-41245634.66,-49010396.84,18956670.65,14561433.8,,2089472896.01,0.5896432256201453
000048,京基智农,2025-06-30,2025-08-23,693242442.8,533457367.81,687618033.37,556484447.58,,99024696.68,,10557342631.93,6157654923.39,54529336.81,4345158371.73,300517615.4,1719810082.35,136848187.61,5342228429.3,530282250.0,282692187.02,563119090.86,5468601514.76,2688169387.62,58110998.06,0.0,16450044.9,49910388.22,,2025-08-23,2386618214.69,2386618214.69,1925569550.52,226097589.23,230049678.94,3952089.71,1001528.84,-3981087.8,41905891.66,38136091.87,236454422.27,246709577.64,-482572.87,2025-08-23,311281919.29,92569700.38,621648243.81,-15238162.55,-476861302.72,227958687.41,3722747.87,2979558.96,,,,2025,2,1278535667.3400002,1278535667.3400002,1049953585.39,114065809.54999998,115882265.17999999,1816455.63,205763.42999999993,-2081044.5499999998,21521469.609999996,19458443.619999997,117130192.84,123394637.89999999,657878.58,298457464.52000004,36607508.629999995,26007472.109999996,-427850905.88,209002016.76,-10838685.93,,1876584545.4400003,0.5832580354801189
000048,京基智农,2025-09-30,2025-10-29,644684186.19,532305119.87,687618033.37,602270838.22,,99664207.74,,10491526764.03,6211345218.07,55632429.03,4224549116.93,296624425.42,1742237645.98,132388234.65,5301966401.02,530282250.0,283528607.0,561503653.76,5475342149.14,2678365099.12,57615887.6,0.0,9044802.49,50159291.55,,2025-10-29,3670284768.44,3670284768.44,3029268173.96,297861607.49,302916789.42,5055181.93,-11217748.57,-4021020.8,59764768.35,54457875.74,294344409.54,312623501.06,-353073.44,2025-10-29,524991936.6,172634992.37,573089987.2,-88005965.81,-666361773.38,440145870.98,373153.27,,,,,2025,3,1283666553.75,1283666553.75,1103698623.44,71764018.26000002,72867110.48000002,1103092.2199999997,-12219277.41,-39933.0,17858876.690000005,16321783.870000005,57889987.27000001,65913923.42000002,129499.43,213710017.31,80065291.99000001,-72767803.26,-189500470.65999997,212187183.57000002,-3349594.6,,1921858199.2,0.5920344443446952
000048,京基智农,2025-12-31,2026-04-10,496811375.81,564966960.51,563485358.55,478636718.54,,93957074.64,,10093191345.31,5951816914.55,60952778.03,4080421652.73,300606712.44,1668963584.03,126446071.21,5194319341.62,530282250.0,277712165.81,521167780.57,5346993918.06,2389899888.83,53278953.49,0.0,22265937.11,49868726.35,,2026-04-10,4871819142.45,4871819142.45,4200481714.84,152808661.82,156194192.76,3385530.94,-48508870.93,-3856372.51,80693764.15,73835222.19,154060428.86,172019365.26,-10546106.49,2026-04-10,597311894.42,204192709.81,406756454.5,-137278555.88,-855742673.83,457091713.39,880429.14,52365243.44,,,,2025,4,1201534374.0099998,1201534374.0099998,1171213540.88,-145052945.67000002,-146722596.66000003,-1669650.9899999998,-37291122.36,164648.29000000004,20928995.800000004,19377346.449999996,-140283980.68,-140604135.8,-10193033.05,72319957.81999993,31557717.439999998,-49272590.06999999,-189380900.45000005,16945842.409999967,507275.87,,1701046112.24,0.589686325258822
000048,京基智农,2026-03-31,2026-04-30,790272290.03,662942897.62,628520078.52,722240745.17,,92315963.75,,10136402693.73,6319984595.48,60748371.17,3755669727.08,262530865.31,1411420012.04,132727587.92,5139086871.08,530202750.0,268845681.52,485964679.07,5473437002.38,2534801230.27,55404950.16,,,49539072.16,,2026-04-30,1184320960.13,1184320960.13,1221686107.85,-231088244.8,-231292651.67,-204406.87,-59098618.68,-3791246.29,15566776.32,14333370.74,-226565007.76,-222328675.29,35417.2,2026-04-30,51651041.07,32475632.97,700217368.72,-59330121.0,301139994.15,13999787.58,0.0,,,,,2026,1,1184320960.13,1184320960.13,1221686107.85,-231088244.8,-231292651.67,-204406.87,-59098618.68,-3791246.29,15566776.32,14333370.74,-226565007.76,-222328675.29,35417.2,51651041.07,32475632.97,-59330121.0,301139994.15,13999787.58,0.0,,2106019685.06,0.6234938356769613
000048,京基智农,2026-06-30,2026-08-24,607520944.72,784401930.72,544846745.13,556366595.4,,89747559.59,100000000.0,9717575995.39,6184777234.29,51565380.51,3481233380.59,253599434.55,1252737981.97,131688184.89,5048158359.58,530202750.0,263616432.56,468322725.24,5408916844.16,2150020193.8,74010235.59,,22265937.11,48884671.19,,2026-08-24,2130123927.66,2130123927.66,2302259790.94,-489244066.67,-491576193.82,-2332127.15,-40922712.32,-3250945.16,31673791.69,29955990.57,-460806179.91,-462029360.26,-3823418.04,2026-08-24,40518058.43,94792417.06,294826070.76,-148854611.25,-3593830.92,33567255.24,13600.0,44173657.48,,,,2026,2,945802967.53,945802967.53,1080573683.0900002,-258155821.87,-260283542.15,-2127720.28,18175906.36,540301.1299999999,16107015.370000001,15622619.83,-234241172.15000004,-239700684.97,-3858835.24,-11132982.64,62316784.09,-89524490.25,-304733825.07,19567467.660000004,13600.0,,1975362830.84,0.6364526747435829
000702,正虹科技,2015-12-31,2016-04-08,56703732.42,60000000.0,,,,,,628471157.34,167699511.55,3520440.69,457251205.1,2334582.04,146870922.03,6117322.08,288838615.46,266634576.0,,42690949.03,147984218.68,222604366.75,,,,,,2016-04-08,1316880091.88,1316880091.88,1191021923.08,4883278.4,4553248.44,-330029.96,,,4933667.44,,-11623829.22,2586786.02,2434391.24,2016-04-08,7335416.34,13592552.05,56079732.42,11330837.01,-14989670.15,4989670.15,2041304.52,10690580.29,,,,2015,4,,,,,,,,,,,,,,,,,,,,,60000000.0,0.266837243987118
000702,正虹科技,2016-03-31,2016-04-28,106568253.29,84000000.0,,,,,,692905384.21,246469254.95,3325004.67,443111124.59,1983415.76,163281183.02,13443359.56,284775222.46,266634576.0,,60773267.29,227181576.52,290982699.74,,,3054000.0,,,2016-04-28,231893534.73,231893534.73,211390988.48,-7925257.6,-8120693.62,-195436.02,,,961473.56,,-10038535.65,-9919974.65,206717.91,2016-04-28,30309320.64,6217907.23,105075653.29,-4530225.68,23217623.73,782376.27,303602.7,,,,,2016,1,231893534.73,231893534.73,211390988.48,-7925257.6,-8120693.62,-195436.02,,,961473.56,,-10038535.65,-9919974.65,206717.91,30309320.64,6217907.23,-4530225.68,23217623.73,782376.27,303602.7,,84000000.0,0.3557040550796213
000702,正虹科技,2016-06-30,2016-08-26,125734370.24,40000000.0,,,,,,699613849.07,250913622.31,3023983.74,445676243.02,3064068.44,148532983.63,19185282.04,278379765.55,266634576.0,,87592814.77,232053558.3,294992553.59,,,3054000.0,,,2016-08-26,569948154.76,569948154.76,512412096.84,-4398139.17,-4894596.12,-496456.95,,,1795305.51,,-7495218.48,-6098036.55,2007739.84,2016-08-26,102250203.46,14461043.69,124512770.24,-12335562.72,-21480809.26,1480809.26,1096356.8,-402301.83,,,,2016,2,338054620.03,338054620.03,301021108.36,3527118.4299999997,3226097.5,-301020.93000000005,,,833831.95,,2543317.17,3821938.1000000006,1801021.9300000002,71940882.82,8243136.459999999,-7805337.040000001,-44698432.99,698432.99,792754.1000000001,,40000000.0,0.3586458767840869
000702,正虹科技,2016-09-30,2016-10-26,83647135.04,40000000.0,,,,,,636802562.52,189354108.61,2834431.12,444614022.79,2625822.15,114366308.77,9415014.64,285039385.49,266634576.0,,71768041.34,170917492.36,237572174.76,,,,,,2016-10-26,931394945.1,931394945.1,845030528.94,-4276359.4,-4962368.97,-686009.57,,,2282705.71,,-8419834.31,-6789579.08,2529063.62,2016-10-26,66986687.41,19859543.46,83122345.04,-17941680.19,-22001600.94,2001600.94,1508726.1,,,,,2016,3,361446790.34000003,361446790.34000003,332618432.1000001,121779.76999999955,-67772.84999999963,-189552.61999999994,,,487400.19999999995,,-924615.8300000001,-691542.5300000003,521323.78,-35263516.05,5398499.770000001,-5606117.470000001,-520791.6799999997,520791.67999999993,412369.30000000005,,40000000.0,0.2973513609315179
000702,正虹科技,2016-12-31,2017-04-26,81420135.51,50000000.0,,,,,,646126685.88,185101863.38,3327208.56,457697613.94,2623921.27,132946351.65,10389605.64,284525648.42,266634576.0,,65718562.63,167340361.21,245363486.74,623652.0,,,,,2017-04-14,1229990208.36,1229990208.36,1109593262.95,2024489.66,1271257.53,-753232.13,,,2830160.87,,-3617510.52,-1464810.38,2130999.92,2017-04-14,63425570.58,29833972.15,81223295.51,-26400966.74,-11880257.19,2441434.28,2286044.92,-720650.14,,,,2016,4,298595263.2599999,298595263.2599999,264562734.01,6300849.0600000005,6233626.5,-67222.56000000006,,,547455.1600000001,,4802323.790000001,5324768.7,-398063.7000000002,-3561116.829999998,9974428.689999998,-8459286.549999997,10121343.750000002,439833.33999999985,777318.8199999998,,50000000.0,0.2864792113142615
000702,正虹科技,2017-03-31,2017-04-26,69041906.75,70000000.0,,,,,,674807786.02,223414527.24,3064104.12,448329154.66,6836892.35,157366871.93,2234849.0,284653346.6,266634576.0,,54116995.99,206080639.49,270996761.45,,,,,,2017-04-26,250206468.38,250206468.38,225089655.51,-5434717.19,-5737821.63,-303104.44,,,934835.71,,-6568910.51,-5530556.67,164816.13,2017-04-26,-24086529.11,8301938.29,69044196.75,-7438743.2,19346175.0,693825.0,536963.26,,,,,2017,1,250206468.38,250206468.38,225089655.51,-5434717.19,-5737821.63,-303104.44,,,934835.71,,-6568910.51,-5530556.67,164816.13,-24086529.11,8301938.29,-7438743.2,19346175.0,693825.0,536963.26,,70000000.0,0.3310787632693059
000702,正虹科技,2017-06-30,2017-08-24,72511368.08,50000000.0,,,,,,680050439.96,219156530.52,3184416.62,457709492.82,2934300.45,165366390.36,20000.0,255651762.51,266634576.0,,82119311.95,202250257.19,273842200.79,,,,,,2017-08-24,585043186.42,585043186.42,525425697.28,-2788379.03,-3571170.97,-782791.94,,,1887301.19,,-4384149.1,-2488655.57,947254.07,2017-08-24,553579.84,10815865.47,72056738.08,-8927290.44,-792841.68,1432841.68,4561102.04,-244938.96,,,,2017,2,334836718.03999996,334836718.03999996,300336041.77,2646338.1600000006,2166650.6599999997,-479687.49999999994,,,952465.48,,2184761.41,3041901.1,782437.94,24640108.95,2513927.1800000006,-1488547.2399999993,-20139016.68,739016.6799999999,4024138.7800000003,,50000000.0,0.32226511100101723
000702,正虹科技,2017-09-30,2017-10-26,72481800.29,40000000.0,,,,,,678621406.11,202967883.0,2860610.97,472792912.14,2914860.62,161350408.93,6849234.52,251658354.16,266634576.0,,89096406.76,186489224.09,277841920.13,,,2814000.0,,,2017-10-26,970668677.74,970668677.74,866315919.91,17253040.29,16146442.7,-1106597.59,,,2845907.14,1957983.35,6381948.02,23839744.97,7443875.25,2017-10-26,3464552.71,17023173.21,68127240.29,-5767757.03,-10792841.68,1432841.68,14064130.84,,,,,2017,3,385625491.32000005,385625491.32000005,340890222.63,20041419.32,19717613.669999998,-323805.65000000014,,,958605.9500000002,,10766097.12,26328400.54,6496621.18,2910972.87,6207307.74,3159533.409999999,-10000000.0,0.0,9503028.8,,40000000.0,0.29908853621852927
000702,正虹科技,2017-12-31,2018-04-04,62701020.68,60000000.0,,,,,,705971410.67,232108220.85,2679319.09,471183870.73,2945324.62,199401237.11,8039136.88,251339193.96,266634576.0,,89395223.44,216087176.36,299796521.42,362408.0,,,,,2018-04-04,1348404085.32,1348404085.32,1206042010.54,16113256.79,14825367.32,-1287889.47,,,3333834.47,2436302.1,6455879.22,18799975.69,3586188.36,2018-04-04,-5721567.54,36739409.78,62506420.68,-21198992.93,8203697.9,2436302.1,15846091.21,3686134.06,,,,2017,4,377735407.5799999,377735407.5799999,339726090.63,-1139783.5,-1321075.379999999,-181291.8799999999,,,487927.3300000001,478318.75,73931.20000000019,-5039769.2799999975,-3857686.89,-9186120.25,19716236.57,-15431235.899999999,18996539.58,1003460.4200000002,1781960.370000001,,60000000.0,0.32877849916006996
000702,正虹科技,2018-03-31,2018-04-26,111759651.78,50000000.0,,,,,,725387842.24,213663288.37,1810749.28,509913804.59,3120711.45,179591985.48,10249014.62,240020406.14,266634576.0,,43356461.02,197850858.3,340732468.8,,,,,,2018-04-26,282782540.77,282782540.77,260701349.44,41282933.86,40414364.05,-868569.81,,,964430.69,934835.71,-4262267.15,54600137.38,13890777.64,2018-04-26,-13155804.36,5885289.16,111759651.78,73133725.64,-10724697.93,724697.93,78652218.04,,,,,2018,1,282782540.77,282782540.77,260701349.44,41282933.86,40414364.05,-868569.81,,,964430.69,934835.71,-4262267.15,54600137.38,13890777.64,-13155804.36,5885289.16,73133725.64,-10724697.93,724697.93,78652218.04,,50000000.0,0.29455041279738997
000702,正虹科技,2018-06-30,2018-08-24,104090278.29,55000000.0,,,,,,739787772.95,239997855.48,-2116073.12,501905990.59,2983760.76,194240761.95,16032170.46,235281615.48,266634576.0,,83528895.02,224832039.83,353671835.95,,,2934000.0,,,2018-08-24,564319108.94,564319108.94,526069117.74,31487238.72,28152787.43,-3334451.29,-931184.15,,2290216.97,1359439.59,-14998721.69,42822496.48,13910527.8,2018-08-24,-11987396.06,13286955.87,103871248.29,60245778.95,-6893558.18,1893558.18,73722602.27,931184.15,,,,2018,2,281536568.1700001,281536568.1700001,265367768.3,-9795695.14,-12261576.619999997,-2465881.48,,,1325786.2800000003,424603.8800000001,-10736454.54,-11777640.900000006,19750.16000000015,1168408.2999999989,7401666.709999999,-12887946.689999998,3831139.75,1168860.25,-4929615.770000011,,55000000.0,0.32441446622316733
000702,正虹科技,2018-09-30,2018-10-26,131305325.98,55000000.0,,,,,,752365831.7,236614648.21,406308.59,515344874.9,2861380.75,168454921.09,27270745.46,233432715.04,266634576.0,,85444679.38,221876446.98,364358514.6,,,,,,2018-10-26,1046462335.1,1046462335.1,967010498.72,49255123.03,46593053.45,-2662069.58,-602715.35,,2533765.4,2546717.91,-5762303.7,55695172.27,18059852.23,2018-10-26,36120140.6,26621592.47,131305325.98,38375471.63,-5696717.91,2546717.91,74902114.5,,,,,2018,3,482143226.15999997,482143226.15999997,440941380.98,17767884.310000002,18440266.020000003,672381.71,328468.80000000005,,243548.4299999997,1187278.32,9236417.989999998,12872675.790000007,4149324.4299999997,48107536.660000004,13334636.6,-21870307.32,1196840.2699999996,653159.7300000002,1179512.2300000042,,55000000.0,0.314494143992903
000702,正虹科技,2018-12-31,2019-04-04,71475310.53,45000000.0,,,,,,719210100.22,196576705.29,2557859.56,520075535.37,2392673.67,173751130.42,1868124.0,264731381.05,266634576.0,,72553133.48,182232785.72,328135629.94,,,,,,2019-04-04,1341877249.77,1341877249.77,1229880286.57,55763801.54,52777514.58,-2986286.96,-1788308.32,,2563332.28,2629588.57,1453363.57,60785385.5,16796626.71,2019-04-04,10878757.98,43359500.42,71108510.53,14013961.63,-16290640.62,2629588.57,77186285.5,1788308.32,,,,2018,4,295414914.66999996,295414914.66999996,262869787.8499999,6508678.509999998,6184461.129999995,-324217.3799999999,-1185592.9700000002,,29566.87999999989,82870.65999999968,7215667.2700000005,5090213.229999997,-1263225.5199999996,-25241382.62,16737907.950000003,-24361510.0,-10593922.709999999,82870.65999999968,2284171.0,,45000000.0,0.2733230598817632
000702,正虹科技,2019-03-31,2019-04-26,81496132.03,65000000.0,,,,,,732899097.42,209397004.99,2247943.17,521254149.26,2132836.69,203036985.87,3023935.34,261871672.7,266634576.0,,62461108.02,195444256.23,335884373.69,,,,,,2019-04-26,284695018.19,284695018.19,264669224.96,-5143849.03,-5136956.8,6892.23,262236.0,302972.19,457981.1,505649.32,-6343795.02,-4840896.09,330396.98,2019-04-26,-25664298.25,3954584.98,81496132.03,16557573.41,19494350.68,505649.32,139194.47,,,,,2019,1,284695018.19,284695018.19,264669224.96,-5143849.03,-5136956.8,6892.23,262236.0,302972.19,457981.1,505649.32,-6343795.02,-4840896.09,330396.98,-25664298.25,3954584.98,16557573.41,19494350.68,505649.32,139194.47,,65000000.0,0.28571055105284376
000702,正虹科技,2019-06-30,2019-08-23,66813096.65,55000000.0,,,,,,721420899.12,189828990.81,2775954.41,528815953.9,2067267.36,220127546.88,3509089.01,213334383.46,266634576.0,,46536992.73,176156654.41,328864950.31,,,,,,2019-08-23,628394153.69,628394153.69,563453457.18,4526955.61,5061859.08,534903.47,-614437.27,765711.35,1394655.14,1241884.39,6944585.7,11198290.48,1181719.59,2019-08-23,-15933462.77,8212558.71,66813096.65,2879933.3,8758115.61,1241884.39,534103.43,-151274.08,,,,2019,2,343699135.50000006,343699135.50000006,298784232.2199999,9670804.64,10198815.879999999,528011.24,-876673.27,462739.16,936674.0399999999,736235.0699999998,13288380.719999999,16039186.57,851322.6100000001,9730835.48,4257973.73,-13677640.11,-10736235.07,736235.0699999998,394908.9600000001,,55000000.0,0.26313209257114156
000702,正虹科技,2019-09-30,2019-10-25,54743204.32,25000000.0,,,,,,654997486.54,124016516.59,4225986.77,526754983.18,972559.82,135631567.05,852500.0,213882832.84,266634576.0,,40837781.52,110616642.71,266695632.25,,,,,,2019-10-25,948509824.61,948509824.61,853003416.99,3279984.89,5264920.72,1984935.83,-1058709.83,1202022.33,1893598.69,1709593.07,11598093.22,19499777.13,1645699.31,2019-10-25,43319733.94,10470742.9,54743204.32,-37975451.97,-21709593.07,1709593.07,1748035.68,,,,,2019,3,320115670.91999996,320115670.91999996,289549959.81000006,-1246970.7200000002,203061.63999999966,1450032.36,-444272.56000000006,436310.9800000001,498943.55000000005,467708.68000000017,4653507.5200000005,8301486.6499999985,463979.72,59253196.70999999,2258184.1900000004,-40855385.269999996,-30467708.68,467708.68000000017,1213932.25,,25000000.0,0.18933891982565104
000702,正虹科技,2019-12-31,2020-04-03,99641836.03,25000000.0,,,,,,678689132.61,119895434.43,19366069.89,539427628.29,11163846.45,119150866.98,4099007.4,258858704.42,266634576.0,,29735346.27,106784157.43,261032188.91,660120.0,30000000.0,,,,2020-04-03,1123012450.63,1123012450.63,984643955.6,9366630.01,15340254.81,5973624.8,-3814497.18,655929.97,2577473.9,1993114.94,16057704.74,32444179.01,1911942.96,2020-04-03,92052932.04,49962439.17,97341836.03,-53056496.33,-12763114.94,1993114.94,4699140.91,3158567.21,,,,2019,4,174502626.0200001,174502626.0200001,131640538.61000001,6086645.119999999,10075334.09,3988688.9699999997,-2755787.35,-546092.3600000001,683875.21,283521.8699999999,4459611.52,12944401.880000003,266243.6499999999,48733198.10000001,39491696.27,-15081044.36,8946478.13,283521.8699999999,2951105.2300000004,,25000000.0,0.17665736589729128
000702,正虹科技,2020-03-31,2020-04-29,66801501.79,20000000.0,,,,,,690903783.49,139331627.43,20298388.42,531273767.64,8966662.98,143931549.19,6246243.52,253997709.32,266634576.0,,42232488.23,126488243.83,285776193.69,169000.0,53770200.0,,,,2020-04-29,169565284.25,169565284.25,148427015.72,-2640860.65,-2578542.12,62318.53,,550391.35,244530.56,254395.1,-1288631.05,1180704.07,721198.33,2020-04-29,925931.5,3161209.38,66801501.79,-27082466.62,-4383799.3,253799.3,90762.14,,,,,2020,1,169565284.25,169565284.25,148427015.72,-2640860.65,-2578542.12,62318.53,,550391.35,244530.56,254395.1,-1288631.05,1180704.07,721198.33,925931.5,3161209.38,-27082466.62,-4383799.3,253799.3,90762.14,,20000000.0,0.20166574675012858
000702,正虹科技,2020-06-30,2020-08-20,77621813.52,20000000.0,,,,,,710401978.94,146139600.5,29213027.24,535049351.2,27370112.52,171938814.14,16235751.06,204451162.22,266634576.0,,45072213.11,133564110.3,279447204.22,,3745800.0,,,,2020-08-20,408952555.7,408952555.7,354552130.98,1504722.91,2900278.46,1395555.55,,934398.63,444214.55,435243.75,4409075.4,9911931.86,1312482.48,2020-08-20,-23085211.52,32988556.84,76621813.52,-1600881.08,3966069.94,7096430.06,1587525.23,-934398.63,,,,2020,2,239387271.45,239387271.45,206125115.26000002,4145583.5599999996,5478820.58,1333237.02,,384007.28,199683.99,180848.65,5697706.45,8731227.79,591284.15,-24011143.02,29827347.46,25481585.54,8349869.24,6842630.76,1496763.09,,20000000.0,0.20571395467965445
000702,正虹科技,2020-09-30,2020-10-28,27889716.21,90000000.0,,,,,,812096577.34,232617649.74,39171492.97,540307434.63,50535903.94,285595417.86,18820360.28,202072909.85,266634576.0,,72687601.71,220310052.94,348206379.18,,4747200.0,,,,2020-10-28,700105553.4,700105553.4,615696003.32,439077.73,3291327.61,2852249.88,54274.58,1447604.73,900646.22,773410.43,3154205.09,14330132.51,1540810.82,2020-10-28,-115687921.66,69041211.08,26889716.21,-37163601.12,82399403.26,7434596.74,1587525.23,,,,,2020,3,291152997.7,291152997.7,261143872.34000003,-1065645.18,391049.1499999999,1456694.3299999998,,513206.1,456431.67,338166.68000000005,-1254870.3100000005,4418200.65,228328.34000000008,-92602710.14,36052654.239999995,-35562720.04,78433333.32000001,338166.68000000063,0.0,,90000000.0,0.28644086951078246
000702,正虹科技,2020-12-31,2021-04-02,62598724.96,135000000.0,,,,,,925310894.41,303561199.7,41568673.25,580181021.46,83494268.71,308061802.41,5937815.36,269387899.85,266634576.0,,69750007.01,291462202.18,426367819.58,86910.0,7715900.0,,,,2021-04-02,1068295560.24,1068295560.24,941647797.99,33539213.35,33092299.52,-446913.83,-2446544.61,437676.92,1480061.23,1023251.25,7089179.29,61922229.17,9207273.05,2021-04-02,-112245331.07,161536391.76,61598724.96,-51304535.61,127806756.4,9637286.45,74883608.22,2008867.69,,,,2020,4,368190006.84000003,368190006.84000003,325951794.66999996,33100135.62,29800971.91,-3299163.71,-2500819.19,-1009927.81,579415.01,249840.81999999995,3934974.2,47592096.660000004,7666462.23,3442590.5900000036,92495180.67999999,-14140934.490000002,45407353.14,2202689.709999999,73296082.99,,135000000.0,0.32806400695580024
000702,正虹科技,2021-03-31,2021-04-28,74398742.81,235000000.0,,,,52138023.58,,1058940324.08,450106738.77,40212885.53,568620699.78,88988318.86,361673505.28,4133835.56,281169478.31,266634576.0,64066620.03,75942331.19,386137611.07,489405016.95,,7130937.0,,,,2021-04-28,357196630.35,357196630.35,323070413.99,-5381321.68,-8237109.4,-2855787.72,,427252.63,2725465.7,2602511.29,2742802.86,284067.22,249475.6,2021-04-28,-76060591.82,29629594.33,72348742.81,-12942862.46,99753472.21,1746527.79,10652064.85,,,,,2021,1,357196630.35,357196630.35,323070413.99,-5381321.68,-8237109.4,-2855787.72,,427252.63,2725465.7,2602511.29,2742802.86,284067.22,249475.6,-76060591.82,29629594.33,-12942862.46,99753472.21,1746527.79,10652064.85,,287138023.58,0.4250539228082088
000702,正虹科技,2021-06-30,2021-08-27,129578239.46,390000000.0,,,,70921407.73,,1121481330.5,642240341.38,-2823253.5,482064242.62,104207841.36,347953668.13,4137317.56,265283083.51,266634576.0,85121663.57,88273975.34,559757840.57,521740119.24,,9778000.0,3000000.0,,,2021-08-27,720485534.25,720485534.25,690266291.27,-94379778.84,-137111374.26,-42731595.42,-99754077.47,1381643.7,6602837.37,6526903.03,-96961320.03,-124707310.46,1539988.19,2021-08-27,-145749307.96,63587146.48,127078239.46,-28897829.4,240126651.97,13193948.03,38124287.27,98372433.77,,,,2021,2,363288903.9,363288903.9,367195877.28,-88998457.16,-128874264.85999998,-39875807.7,,954391.07,3877371.67,3924391.74,-99704122.89,-124991377.67999999,1290512.5899999999,-69688716.14000002,33957552.15,-15954966.939999998,140373179.76,11447420.239999998,27472222.42,,460921407.73,0.5726714515110691
000702,正虹科技,2021-09-30,2021-10-26,107338394.16,408063285.0,,,,79611718.6,,966605561.61,677262554.37,-61526970.27,350869977.51,69293085.77,237661344.46,1363693.56,268293140.74,266634576.0,100932799.83,110594230.7,586359753.73,391676576.58,,8261345.0,23000000.0,,,2021-10-26,1039026121.61,1039026121.61,1036939455.55,-220858043.95,-322888220.67,-102030176.72,-199539797.74,1646114.24,13999314.67,13644876.7,-209573102.93,-306787099.12,1747224.56,2021-10-26,-206809849.5,66367932.96,104838394.16,-24036296.26,274085815.03,18105434.5,38365539.27,,,,,2021,3,318540587.36,318540587.36,346673164.28,-126478265.10999998,-185776846.41000003,-59298581.3,-99785720.27000001,264470.54000000004,7396477.3,7117973.669999999,-112611782.9,-182079788.66000003,207236.3700000001,-61060541.53999999,2780786.480000004,4861533.139999997,33959163.05999997,4911486.470000001,241252.0,,487675003.6,0.700660725810367
000702,正虹科技,2021-12-31,2022-04-08,102257039.41,386403466.22,,,,89954125.22,,901097829.91,622739191.43,-72233427.09,350592065.57,46377525.31,227808187.61,249000.0,263185053.99,266634576.0,105307434.46,81339974.46,521365544.24,349772879.63,195540.0,,,9373.21,,2022-04-08,1431564907.07,1431564907.07,1393852386.35,-224289996.42,-332614589.44,-108324593.02,-200283828.75,1382233.89,20869377.01,19134576.24,-212083581.87,-315391125.07,2874420.92,2022-04-08,-128868398.85,115920598.14,99256960.24,-31724259.85,198250894.22,23631650.17,70769891.75,198901594.86,,,,2021,4,392538785.4599999,392538785.4599999,356912930.79999995,-3431952.469999999,-9726368.76999998,-6294416.299999997,-744031.0099999905,-263880.3500000001,6870062.340000002,5489699.539999999,-2510478.9399999976,-8604025.949999988,1127196.3599999999,77941450.65,49552665.18,-7687963.59,-75834920.80999997,5526215.670000002,32404352.479999997,,476357591.44000006,0.6910894364180169
000702,正虹科技,2022-03-31,2022-04-30,60376448.92,371516859.96,,,,79103385.64,,828099989.65,615606657.02,-88166647.98,300659980.61,42339019.69,225189497.28,132000.0,258473643.04,266634576.0,90984303.26,84379998.86,525260060.48,307167939.97,69540.0,,,,,2022-04-30,219650105.32,219650105.32,244252024.97,-44728671.59,-61795305.85,-17066634.26,-2950034.87,553160.57,5761794.0,5515232.43,-45775365.74,-60627180.32,75243.84,2022-04-30,-26001722.14,947798.77,57376369.75,5708970.03,-21587838.16,4039838.16,7261328.8,,,,,2022,1,219650105.32,219650105.32,244252024.97,-44728671.59,-61795305.85,-17066634.26,-2950034.87,553160.57,5761794.0,5515232.43,-45775365.74,-60627180.32,75243.84,-26001722.14,947798.77,5708970.03,-21587838.16,4039838.16,7261328.8,,450620245.59999996,0.7433965278518948
000702,正虹科技,2022-06-30,2022-08-30,104828180.82,433743647.45,,,,80539154.75,,851652824.95,674529121.83,-95271493.32,272395196.44,46908387.8,210602359.48,32000.0,253809719.9,266634576.0,93229310.11,88037529.96,583025184.89,329579697.24,1011000.0,,,,,2022-08-30,497499205.48,497499205.48,527086433.89,-72882455.77,-97053935.36,-24171479.59,-3373787.77,1170945.72,9924670.68,9555811.35,-76441476.84,-95295229.0,133074.13,2022-08-30,-36151628.35,27006404.74,76143238.21,-14158633.22,27196536.94,7308581.06,13380691.52,2202842.05,,,,2022,2,277849100.16,277849100.16,282834408.91999996,-28153784.179999992,-35258629.51,-7104845.329999998,-423752.8999999999,617785.15,4162876.6799999997,4040578.92,-30666111.1,-34668048.68,57830.29000000001,-10149906.21,26058605.97,-19867603.25,48784375.1,3268742.8999999994,6119362.72,,514282802.2,0.7920235829307573
000702,正虹科技,2022-09-30,2022-10-28,99089934.33,435000000.0,,,,68986221.28,,826902831.05,661257172.6,-97928216.07,263573874.52,36964321.07,206539173.03,41820.0,247815359.38,266634576.0,78803512.04,92868407.01,581667477.2,338303468.67,,,,,,2022-10-28,837303591.2,837303591.2,841829093.31,-81111777.69,-107939980.03,-26828202.34,-5125862.93,950781.55,15758393.39,15289371.44,-83309254.82,-100301881.36,1790059.72,2022-10-28,-41520973.91,32218580.78,71119934.33,-6779194.09,20163136.48,12944009.04,25724306.69,,,,,2022,3,339804385.72,339804385.72,314742659.41999996,-8229321.920000002,-10886044.670000002,-2656722.75,-1752075.1599999997,-220164.16999999993,5833722.710000001,5733560.09,-6867777.979999989,-5006652.359999999,1656985.5899999999,-5369345.559999995,5212176.040000003,7379439.130000001,-7033400.460000001,5635427.9799999995,12343615.170000002,,503986221.28,0.7996794154886816
000702,正虹科技,2022-12-31,2023-04-29,76855319.3,430545569.43,19680128.04,,,34205207.46,,796636290.3,679381820.22,-110816969.09,228071439.17,35446331.09,220097117.54,36000.0,243011246.86,266634576.0,62052874.45,94391398.39,634846566.35,336189129.9,,,,,,2023-04-29,1161091171.96,1161091171.96,1144223502.21,-115985213.04,-155702168.4,-39716955.36,-34146156.99,402172.07,20012418.06,19392697.05,-118389309.17,-142188865.99,455966.3,2023-04-29,-80867467.22,40981510.18,48897410.88,-6028633.37,36536546.66,17850887.34,31737796.81,33743984.92,,,,2022,4,323787580.76,323787580.76,302394408.9000001,-34873435.35000001,-47762188.370000005,-12888753.02,-29020294.060000002,-548609.48,4254024.669999998,4103325.6100000013,-35080054.35000001,-41886984.63000001,-1334093.42,-39346493.31,8762929.399999999,750560.7199999997,16373410.179999996,4906878.300000001,6013490.119999997,,484430904.93,0.8528130446632756
000702,正虹科技,2023-03-31,2023-04-29,125269244.19,400000000.0,16943703.76,,,29510221.25,,770537232.71,694158610.22,-124706804.88,201085427.37,26084012.06,170557232.36,,238235177.38,266634576.0,57374899.33,63188638.39,654589652.63,328887963.87,,,,,,2023-04-29,288683523.27,288683523.27,290411363.38,-29169011.8,-43058847.59,-13889835.79,-11520873.69,590756.02,5654342.08,4885933.83,-27315786.53,-41581951.99,61436.14,2023-04-29,11177859.49,6222466.28,97311335.77,703569.63,36532496.74,5431503.26,6926035.91,,,,,2023,1,288683523.27,288683523.27,290411363.38,-29169011.8,-43058847.59,-13889835.79,-11520873.69,590756.02,5654342.08,4885933.83,-27315786.53,-41581951.99,61436.14,11177859.49,6222466.28,703569.63,36532496.74,5431503.26,6926035.91,,446453925.01,0.900876142971866
000702,正虹科技,2023-06-30,2023-08-23,164361492.47,430000000.0,15765405.24,,,29280979.72,,767373173.55,723349017.83,-135453416.89,179477572.61,18071281.43,130197865.03,,233081520.35,266634576.0,53433897.14,69113996.92,684282729.48,346490994.18,,1957784.45,,,,2023-08-23,610031120.14,610031120.14,599649384.81,-49185866.56,-73822314.36,-24636447.8,-24116698.27,-77164.06,11512920.74,12016406.27,-47317011.41,-70436902.27,1656365.26,2023-08-23,17808873.32,822572.36,146077397.84,13848318.74,65522792.88,8143207.12,16670891.1,24193862.33,,,,2023,2,321347596.87,321347596.87,309238021.42999995,-20016854.76,-30763466.769999996,-10746612.010000002,-12595824.58,-667920.0800000001,5858578.66,7130472.4399999995,-20001224.879999995,-28854950.279999994,1594929.12,6631013.83,-5399893.92,13144749.11,28990296.14,2711703.8600000003,9744855.19,,475046384.96000004,0.9426300563566269
000702,正虹科技,2023-09-30,2023-10-26,224927298.88,270000000.0,11949354.64,,,24808997.16,,806605838.74,436742986.78,-140892859.23,510755711.19,13864778.01,108727168.84,,227909206.8,346624948.0,42736206.14,63901122.57,402421049.88,404615295.09,,1498754.92,,,,2023-10-26,932817989.19,932817989.19,900147849.47,-52960361.83,-83036251.97,-30075890.14,-26582148.61,-785936.34,15677208.47,16493305.05,-51239048.73,-77435085.88,2298656.15,2023-10-26,23651539.81,1010466.56,206641690.55,19003866.25,115088870.77,13788940.08,21969932.81,,,,,2023,3,322786869.0500001,322786869.0500001,300498464.6600001,-3774495.269999996,-9213937.61,-5439442.34,-2465450.34,-708772.28,4164287.7300000004,4476898.780000001,-3922037.3200000003,-6998183.609999999,642290.8899999999,5842666.489999998,187894.20000000007,5155547.51,49566077.88999999,5645732.96,5299041.709999999,,306758351.8,0.5414577552057356
000702,正虹科技,2023-12-31,2024-04-09,248537827.46,265329236.11,7588258.9,,,11142013.33,,718154474.27,387190660.02,-96601066.16,427564880.41,5304491.16,68761330.99,385000.0,183312665.93,346624948.0,17285140.67,37143681.1,366808075.84,354166097.8,,,,157602.67,,2024-04-09,1241169009.64,1241169009.64,1190941592.01,-139850017.26,-124549474.29,15300542.97,-29166565.7,-3251166.84,17532105.66,18568593.43,-131227965.94,-112519318.18,208237.46,2024-04-09,60887195.2,31879701.55,243998173.26,30431661.31,103781904.96,17890478.89,57289105.71,32417732.54,,,,2023,4,308351020.45000005,308351020.45000005,290793742.53999996,-86889655.42999999,-41513222.32000001,45376433.11,-2584417.09,-2465230.5,1854897.1899999995,2075288.379999999,-79988917.21000001,-35084232.30000001,-2090418.69,37235655.39,30869234.990000002,11427795.059999999,-11306965.810000002,4101538.8100000005,35319172.900000006,,284059508.34,0.5391467628375874
000702,正虹科技,2024-03-31,2024-04-25,170969200.41,246750000.0,8297155.85,,,8155222.62,,680570298.24,357188601.09,-95974632.74,419356329.89,11297264.13,83157313.35,,180035492.32,346624948.0,16289916.85,37381586.48,340065176.51,316487748.94,,,,,,2024-04-25,148276697.65,148276697.65,136196768.63,-8568550.52,-7942117.1,626433.42,-57634.02,-1068874.7,2220400.47,2265472.24,-9190302.89,-7896047.16,,2024-04-25,-46823886.97,5964528.73,166667891.63,-7262922.33,-23243472.24,2265472.24,294391.4,,,,,2024,1,148276697.65,148276697.65,136196768.63,-8568550.52,-7942117.1,626433.42,-57634.02,-1068874.7,2220400.47,2265472.24,-9190302.89,-7896047.16,,-46823886.97,5964528.73,-7262922.33,-23243472.24,2265472.24,294391.4,,263202378.47,0.5248371873026393
000702,正虹科技,2024-06-30,2024-08-28,204408283.74,276750000.0,7875625.7,,,8155222.63,,714982291.12,393422594.74,-93793532.91,415353229.29,12663390.23,82339529.96,238300.0,173453831.44,346624948.0,14777115.86,36835546.54,376571539.04,362654984.27,,1547575.27,,,,2024-08-28,438451452.93,438451452.93,411085508.9,-11221651.12,-8414117.87,2807533.25,408226.7,-1389833.99,4438195.72,4448022.57,-16049572.77,-7969056.06,71564.01,2024-08-28,-46827651.19,6625764.05,202365128.41,1911246.35,3283359.65,5108640.35,709532.9,981607.29,,,,2024,2,290174755.28,290174755.28,274888740.27,-2653100.5999999996,-472000.76999999955,2181099.83,465860.72000000003,-320959.29000000004,2217795.2499999995,2182550.33,-6859269.879999999,-73008.89999999944,,-3764.219999998808,661235.3199999994,9174168.68,26526831.889999997,2843168.1099999994,415141.5,,292780848.33,0.5502550197763841
000702,正虹科技,2024-09-30,2024-10-30,194798526.17,296750000.0,3147330.33,,,7005222.62,,752278447.2,434528338.69,-91413891.55,409164000.06,12252862.77,138558517.65,,169303536.75,346624948.0,13093475.96,57836534.19,419099651.89,405681280.26,,,,,,2024-10-30,784720264.1,784720264.1,744423545.71,-22240880.35,-17053705.74,5187174.61,-1218526.02,-1369967.48,7233796.28,7337499.32,-27660546.6,-16652391.73,71564.01,2024-10-30,-70337519.14,7138296.03,192613859.07,2230586.71,16722617.68,8636382.32,1472405.24,,,,,2024,3,346268811.17,346268811.17,333338036.81000006,-11019229.230000002,-8639587.87,2379641.3600000003,-1626752.72,19866.51000000001,2795600.5600000005,2889476.75,-11610973.830000002,-8683335.670000002,0.0,-23509867.950000003,512531.98000000045,319340.35999999987,13439258.03,3527741.9700000007,762872.34,,306902552.95,0.5776163604145855
000702,正虹科技,2024-12-31,2025-04-03,267458631.14,272079514.92,6538587.03,,,3555269.83,,707460546.42,407026185.44,-62650369.64,363084730.62,10958177.91,79847699.13,739805.83,134802753.6,346624948.0,11602958.31,72987390.27,396757473.12,406429446.27,,241353.75,,87452.69,,2025-04-03,1120913208.28,1120913208.28,1063389536.71,-65250016.96,-31544320.44,33705696.52,-3582984.49,-7332967.75,9634048.76,10284231.02,-78646778.42,-30956375.77,-17822.97,2025-04-03,10795612.05,14845385.86,265319528.88,20622288.35,-10096545.62,10216647.22,3122896.71,10915952.24,,,,2024,4,336192944.17999995,336192944.17999995,318965991.0,-43009136.61,-14490614.700000003,28518521.910000004,-2364458.47,-5963000.27,2400252.4799999995,2946731.6999999993,-50986231.82,-14303984.04,-89386.98,81133131.19,7707089.829999999,18391701.64,-26819163.299999997,1580264.9000000004,1650491.47,,282173371.78,0.5753341122691522
000702,正虹科技,2025-03-31,2025-04-28,223210615.55,298000000.0,4608361.52,,,3585427.59,,697068409.62,407232842.48,-62639173.41,352474740.55,10152656.2,87527983.57,,132506764.64,346624948.0,10112440.66,51566341.1,397164991.69,402673970.15,,241353.75,,37250.62,,2025-04-28,202344528.38,202344528.38,188551954.36,-9019990.07,-9008793.84,11196.23,-393835.82,-2123513.53,2848645.56,2916145.72,-8672540.01,-8232068.01,,2025-04-28,-62941604.06,702289.87,221131971.49,-2604992.46,21359039.22,2890960.78,597297.41,,,,,2025,1,202344528.38,202344528.38,188551954.36,-9019990.07,-9008793.84,11196.23,-393835.82,-2123513.53,2848645.56,2916145.72,-8672540.01,-8232068.01,,-62941604.06,702289.87,-2604992.46,21359039.22,2890960.78,597297.41,,306193789.10999995,0.5842078580235748
000702,正虹科技,2025-06-30,2025-08-27,91771433.76,125116527.78,4063954.89,,,3605761.74,,563122809.42,266845242.59,-57551186.76,353828753.59,11561315.73,100540424.47,191304.81,129013304.95,346624948.0,8621923.0,77619208.96,256988076.94,273998293.2,,,,297393.47,,2025-08-27,498602831.86,498602831.86,461629349.99,-7995977.03,-6296794.15,1699182.88,-1016360.76,-1094798.08,6115088.21,5349044.12,-7663173.06,-5288064.36,207838.31,2025-08-27,-18444256.77,5516941.25,89631345.25,-5934882.5,-151309044.12,5349044.12,2082058.75,2089158.84,,,,2025,2,296258303.48,296258303.48,273077395.63,1024013.04,2711999.6899999995,1687986.65,-622524.94,1028715.4499999997,3266442.65,2432898.4,1009366.9500000002,2944003.6499999994,,44497347.29000001,4814651.38,-3329890.04,-172668083.34,2458083.3400000003,1484761.3399999999,,132786244.41,0.47386686904912056
000702,正虹科技,2025-09-30,2025-10-28,39278989.66,100100000.0,97332.36,,,3752763.69,,505584248.92,212280663.23,-58731343.23,352034928.92,11536802.14,86419254.29,1900968.79,126195250.32,346624948.0,7131405.34,62265265.38,202507514.92,219481731.33,,,,137884.72,,2025-10-28,796891337.2,796891337.2,740803192.07,-10479801.7,-10160775.29,319026.41,-5509548.9,-1366361.62,5818208.89,7291664.34,-13039754.09,-10176981.87,207838.31,2025-10-28,-36113832.57,11556169.22,37138626.67,-10832590.93,-181234478.05,6683144.72,4045678.29,,,,,2025,3,298288505.34000003,298288505.34000003,279173842.08000004,-2483824.669999999,-3863981.1399999987,-1380156.47,-4493188.140000001,-271563.54000000004,-296879.3200000003,1942620.2199999997,-5376581.03,-4888917.509999999,0.0,-17669575.8,6039227.970000001,-4897708.43,-29925433.930000007,1334100.5999999996,1963619.54,,103950096.05,0.41987198707922907
000702,正虹科技,2025-12-31,2026-04-21,66021904.21,128095922.1,2049685.61,,,10798830.2,,549469530.02,258271246.32,-55998450.47,347196734.17,14200497.43,104419553.37,1586688.58,122058509.58,346624948.0,18948192.13,67068869.95,241683050.79,255125729.06,,,,502.95,,2026-04-21,1018560750.31,1018560750.31,946306180.43,-14297996.45,-14916077.28,-618080.83,-6276615.79,-2006814.59,6113862.95,6138769.0,-23196006.04,-20191149.71,538073.86,2026-04-21,-31372126.13,15443210.57,63700617.83,-14335432.95,-155911350.71,7350017.38,4246877.62,8283430.38,,,,2025,4,221669413.1099999,221669413.1099999,205502988.3599999,-3818194.75,-4755301.99,-937107.24,-767066.8899999997,-640452.97,295654.0600000005,-1152895.3399999999,-10156251.95,-10014167.840000002,330235.55,4741706.440000001,3887041.3499999996,-3502842.0199999996,25323127.340000004,666872.6600000001,201199.33000000007,,140944437.91,0.4700374310302507
000702,正虹科技,2026-03-31,2026-04-30,52416834.17,169128730.34,3184310.39,,,16571184.4,,591291240.28,316417834.16,-56720492.4,331593898.52,14991733.11,107422778.43,3373409.42,119054578.99,346624948.0,25656112.5,71017372.02,294286081.78,295917987.71,,465321.1,,55741.53,,2026-04-30,270424528.74,270424528.74,253993684.52,-12572835.65,-16694877.58,-4122041.93,-12841135.74,-2338471.6,1355308.77,1204203.84,-12650092.33,-16634133.95,,2026-04-30,-64989844.93,2421616.99,50211124.77,722091.16,50778261.56,973950.01,3193708.15,,,,,2026,1,270424528.74,270424528.74,253993684.52,-12572835.65,-16694877.58,-4122041.93,-12841135.74,-2338471.6,1355308.77,1204203.84,-12650092.33,-16634133.95,,-64989844.93,2421616.99,722091.16,50778261.56,973950.01,3193708.15,,188884225.13,0.5351302583311797
000702,正虹科技,2026-06-30,2026-08-26,59541867.59,177130716.68,3624730.81,,,15843658.04,,584386259.47,316776622.39,-57088711.62,324698348.7,14271166.07,101828444.01,3373409.42,115807327.17,346624948.0,23394192.75,68214897.83,295597101.94,295951275.54,,433367.58,,8016.38,,2026-08-26,569362137.98,569362137.98,539420382.73,-20698385.47,-27638646.62,-6940261.15,-17641494.49,-2756686.42,2834331.22,2625313.79,-21674667.55,-27732817.9,328814.17,2026-08-26,-62622911.46,7147855.8,57352641.18,-3467095.49,59742031.99,2172391.15,3730760.31,20398180.91,,,,2026,2,298937609.24,298937609.24,285426698.21000004,-8125549.819999998,-10943769.040000001,-2818219.22,-4800358.749999998,-418214.81999999983,1479022.4500000002,1421109.95,-9024575.22,-11098683.95,,2366933.469999999,4726238.81,-4189186.6500000004,8963770.43,1198441.14,537052.1600000001,,196599105.53,0.5420671982898702
000735,罗牛山,2015-12-31,2016-03-31,350457180.52,6917449.0,160218665.95,1299450000.0,,,,4502601621.33,2671878885.5,108943687.6,1721779048.23,14341156.92,706625918.08,270159687.06,1396609932.97,880132000.0,,192629834.49,981309912.49,1468996162.31,31802323.14,,,,,2016-03-31,729998909.71,729998909.71,600185816.39,60829607.84,64539776.9,3710169.06,,,55188268.42,,-156046523.69,-125124406.82,12583519.29,2016-03-31,25349297.73,280522955.44,363457180.52,-168137181.21,-64279344.37,113232401.49,21605723.26,8890947.84,,33467787.99,,2015,4,,,,,,,,,,,,,,,,,,,,,1466586114.95,0.5934077918069882
000735,罗牛山,2016-03-31,2016-04-23,1874673827.19,,155219555.21,1299450000.0,,,,6199649669.65,2730120444.11,111378897.62,3358150327.92,20033329.46,795890905.15,313753665.5,1387974944.33,1151513578.0,,175878380.36,1039021707.03,3094180811.45,53016394.85,,,,,2016-04-23,168672830.97,168672830.97,122679670.5,5083658.98,7518869.0,2435210.02,,,9225142.14,,-13845175.48,-11558180.64,1686351.13,2016-04-23,-5980325.39,82455360.96,1874673827.19,-63676228.28,1593873200.34,16604548.01,788961.56,,,33467787.99,,2016,1,168672830.97,168672830.97,122679670.5,5083658.98,7518869.0,2435210.02,,,9225142.14,,-13845175.48,-11558180.64,1686351.13,-5980325.39,82455360.96,-63676228.28,1593873200.34,16604548.01,788961.56,,1454669555.21,0.4403668899994681
000735,罗牛山,2016-06-30,2016-08-13,1237406213.48,,10741592.03,838900000.0,,,,5678091871.67,2189252543.79,116516832.5,3372322495.38,40448576.3,909593222.68,372785250.93,1334105784.32,1151513578.0,,160380505.09,954259633.27,2550860786.49,49858731.08,,,,,2016-08-13,343530099.06,343530099.06,243450910.73,20289222.07,27862366.97,7573144.9,,,13826032.06,,-19269358.54,-11884758.09,3547378.38,2016-08-13,72513461.7,169170498.23,1237406213.48,-165682422.31,980117993.57,25419460.66,2497904.8,581697.26,,33467787.99,,2016,2,174857268.09,174857268.09,120771240.22999999,15205563.09,20343497.97,5137934.880000001,,,4600889.92,,-5424183.059999999,-326577.44999999925,1861027.25,78493787.09,86715137.27,-102006194.03,-613755206.7699999,8814912.65,1708943.2399999998,,849641592.03,0.3855613106073454
000735,罗牛山,2016-09-30,2016-10-22,1139701903.12,,4240220.57,824000000.0,,,,5891088755.23,2339501295.95,119244699.84,3432342759.44,39012346.13,956705479.18,472563750.03,1330247912.15,1151513578.0,,171887410.52,1118522322.96,2683717893.17,18727544.44,,,,,2016-10-22,494146656.99,494146656.99,360815754.11,80114426.13,90415438.37,10301012.24,,,15098991.34,,-40768532.29,-31554447.69,10429767.84,2016-10-22,185179547.95,339232161.76,1139701903.12,-340939336.54,945004511.19,43575384.31,7962654.1,,,33467787.99,,2016,3,150616557.93,150616557.93,117364843.38000003,59825204.059999995,62553071.400000006,2727867.34,,,1272959.2799999993,,-21499173.75,-19669689.6,6882389.46,112666086.24999999,170061663.53,-175256914.23000002,-35113482.379999995,18155923.650000002,5464749.3,,828240220.57,0.3971254539108809
000735,罗牛山,2016-12-31,2017-04-29,1142197168.01,,100530796.73,708900000.0,,,,6184656449.68,2642158816.38,110268449.22,3432229184.08,32625620.47,1062357952.52,334896398.77,1641160658.03,1151513578.0,,477430787.83,1373315128.87,2790280774.46,70065123.77,,,,,2017-03-31,891077257.45,891077257.45,629065810.69,79881376.52,89116234.77,9234858.25,,,19092442.3,,-6719798.13,65583214.38,18188767.46,2017-03-31,288813999.8,481896165.28,1125684924.94,-502981374.01,976395118.63,47146808.79,12037705.26,17649284.19,,33467787.99,,2016,4,396930600.46000004,396930600.46000004,268250056.58000004,-233049.6099999994,-1299203.600000009,-1066153.9900000002,,,3993450.960000001,,34048734.16,97137662.07000001,7758999.620000001,103634451.85000002,142664003.51999998,-162042037.46999997,31390607.439999938,3571424.4799999967,4075051.16,,809430796.73,0.42721189735877857
000735,罗牛山,2017-03-31,2017-04-29,1034653486.54,,66684541.89,708900000.0,,,,5870960498.99,2241095301.39,111564892.32,3518300305.28,39335331.87,896187891.13,468513737.29,1613235634.12,1151513578.0,,335561571.66,961789701.99,2325469428.46,72603125.41,,,,,2017-04-29,544099793.37,544099793.37,349226390.5,86105285.11,87401728.21,1296443.1,,,2604335.49,,730190970.5,112578319.65,25979213.4,2017-04-29,83571454.83,152251573.91,1033999590.99,-150767747.49,-24489041.29,6587707.96,979456.0,,,33467787.99,,2017,1,544099793.37,544099793.37,349226390.5,86105285.11,87401728.21,1296443.1,,,2604335.49,,730190970.5,112578319.65,25979213.4,83571454.83,152251573.91,-150767747.49,-24489041.29,6587707.96,979456.0,,775584541.89,0.3817254947934912
000735,罗牛山,2017-06-30,2017-08-26,837779944.56,34000000.0,99476034.49,693900000.0,,,,5842624737.83,2166561971.58,113467983.21,3562594783.04,34510429.85,798295123.9,657083339.71,1591813083.99,1151513578.0,,309519592.96,919303647.11,2151014278.57,5278841.0,,,,,2017-08-26,898107549.8,884389974.9,579232520.11,130399762.87,133599296.86,3199533.99,,,6115931.61,,105542211.56,160096253.56,40635849.8,2017-08-26,128913860.03,276649359.84,837779944.56,-342405732.22,-90925351.26,14557351.31,4482711.0,-151658.85,,33467787.99,,2017,2,354007756.42999995,340290181.53,230006129.61,44294477.760000005,46197568.650000006,1903090.8900000001,,,3511596.12,,-624648758.94,47517933.91,14656636.399999999,45342405.2,124397785.92999998,-191637984.73000002,-66436309.970000006,7969643.350000001,3503255.0,,827376034.49,0.3708199771160862
000735,罗牛山,2017-09-30,2017-10-28,789694188.81,79000000.0,168792013.32,579000000.0,,,,6189400232.69,2495718165.67,113095142.9,3580586924.12,39849918.04,790196715.97,633061083.31,1802418749.84,1151513578.0,,378372283.9,1308622652.3,2079913786.99,9380226.67,,,,,2017-10-28,1090154064.3,1068783043.8,738332337.17,148301660.29,151128353.97,2826693.68,,,8648849.21,21885391.03,132508475.89,183405948.0,56601874.58,2017-10-28,363538667.36,461559229.14,789694188.81,-611870466.86,-104171179.7,21996846.47,4482711.0,,,33467787.99,,2017,3,192046514.5,184393068.89999998,159099817.05999994,17901897.419999987,17529057.11,-372840.31000000006,,,2532917.6000000006,,26966264.33,23309694.439999998,15966024.780000001,234624807.33,184909869.3,-269464734.64,-13245828.439999998,7439495.159999998,0.0,,826792013.3199999,0.403224556797699
000735,罗牛山,2017-12-31,2018-04-21,685292034.03,79000000.0,143900000.0,535000000.0,,,,6182185453.59,2508664311.94,112738533.09,3560782608.56,35412221.96,782509042.17,549741482.59,2034210871.41,1151513578.0,,413681144.37,1285203862.66,1916335122.07,4623042.23,,,,,2018-04-21,1330080450.06,1298149934.33,900323231.15,152965189.18,155435273.05,2470083.87,,,14246348.11,28813469.48,31741099.7,239601813.59,66325461.92,2018-04-21,316662795.74,589009460.83,685029927.73,-688579125.56,-68738667.39,68307830.74,9080869.23,38305672.84,,33467787.99,,2017,4,239926385.76,229366890.52999997,161990893.98000002,4663528.8900000155,4306919.080000013,-356609.81000000006,,,5597498.8999999985,6928078.449999999,-100767376.19,56195865.59,9723587.340000004,-46875871.620000005,127450231.69000006,-76708658.69999993,35432512.31,46310984.269999996,4598158.23,,757900000.0,0.4057892359866391
000735,罗牛山,2018-03-31,2018-04-28,590366173.54,79000000.0,143900000.0,535000000.0,,,,6480922199.89,2503303038.41,113886249.22,3863732912.26,46108761.9,815639345.85,687465702.21,1945019896.08,1151513578.0,,404938053.18,1283952803.35,1843356161.99,4038381.28,,,,,2018-04-28,203453152.55,197840332.72,164260887.42,331341819.86,332489535.99,1147716.13,,,3435085.83,6162961.48,-26845204.61,333348040.93,945504.07,2018-04-28,13969929.56,122284863.8,570320889.29,-120878530.5,-7800437.5,6155437.51,1088123.82,,,33467787.99,,2018,1,203453152.55,197840332.72,164260887.42,331341819.86,332489535.99,1147716.13,,,3435085.83,6162961.48,-26845204.61,333348040.93,945504.07,13969929.56,122284863.8,-120878530.5,-7800437.5,6155437.51,1088123.82,,757900000.0,0.38625722716629557
000735,罗牛山,2018-06-30,2018-08-11,480585782.17,70000000.0,143900000.0,535000000.0,,,,6531260791.93,2544737337.71,118768118.47,3867755335.75,38551044.47,823662536.18,530375358.31,2166471656.58,1151513578.0,,451056903.13,1328120004.1,1810673569.66,15807940.67,,,,,2018-08-11,421516965.32,409088458.6,325749600.94,335364243.4,338205189.1,2840945.7,-4197158.73,,6630846.86,12278790.74,-30458167.41,337580868.19,2238184.79,2018-08-11,11356968.58,194843718.45,480585782.17,-194738925.49,-21324294.95,12609850.57,1664007.42,4197158.73,,33467787.99,,2018,2,218063812.76999998,211248125.88000003,161488713.52,4022423.539999962,5715653.110000014,1693229.5700000003,,,3195761.0300000003,6115829.26,-3612962.8000000007,4232827.25999999,1292680.7200000002,-2612960.9800000004,72558854.64999999,-73860394.99000001,-13523857.45,6454413.0600000005,575883.5999999999,,748900000.0,0.389624211737842
000735,罗牛山,2018-09-30,2018-10-27,390807079.87,90000000.0,65000000.0,535000000.0,,,,6276014795.93,2233972182.99,119909078.13,3922133534.81,34297602.35,710137928.36,548040022.81,2139777501.64,1151513578.0,,398577760.53,1020622669.16,1571771487.19,8964226.23,,,,,2018-10-27,898091207.06,878873584.45,648929071.25,389742442.47,392512987.51,2770545.04,-3817768.09,,12901809.46,20514024.24,21239188.15,410969891.57,24361216.32,2018-10-27,48691219.7,256826640.51,390807079.87,-250167733.58,-93008440.28,19209662.53,4721486.5,,,33467787.99,,2018,3,476574241.73999995,469785125.85,323179470.31,54378199.07000005,54307798.40999997,-70400.66000000015,379390.6400000006,,6270962.600000001,8235233.499999998,51697355.56,73389023.38,22123031.53,37334251.120000005,61982922.06,-55428808.09,-71684145.33,6599811.960000001,3057479.08,,690000000.0,0.35595393822824195
000735,罗牛山,2018-12-31,2019-04-25,381143287.49,80000000.0,110000000.0,620000000.0,,,,6315251499.88,2224325901.32,119204965.75,3971720632.81,35469566.3,805313596.05,172948650.09,2468435791.3,1151513578.0,,314991814.06,924857166.18,1543985674.64,18361416.5,,,,,2019-04-25,1149101808.26,1121254823.29,843903765.48,388705713.66,390772146.32,2066432.66,-27960080.89,,21927797.69,28399825.89,-4171908.09,429010250.63,34404802.89,2019-04-25,56937367.48,365541049.89,376962176.48,-379811696.19,14806577.46,28132060.45,8264706.69,24809549.15,,33467787.99,,2018,4,251010601.20000005,242381238.8399999,194974694.23000002,-1036728.8100000024,-1740841.1899999976,-704112.3800000001,-24142312.8,,9025988.23,7885801.650000002,-25411096.24,18040359.060000002,10043586.57,8246147.779999994,108714409.38,-129643962.60999998,107815017.74000001,8922397.919999998,3543220.1900000004,,810000000.0,0.35221493575707413
000735,罗牛山,2019-03-31,2019-04-25,297284630.24,80000000.0,110000000.0,620000000.0,,,,6250322999.89,2171446473.21,120604688.58,3958271838.1,38395647.4,797446032.17,196699371.34,2409934445.64,1151513578.0,,283398316.12,880131188.9,1495096484.37,15685670.56,179047.4,,6183.0,,2019-04-25,219297829.45,214068864.51,185300811.66,-13448794.71,-13649071.88,-200277.17,3023741.05,,6555511.5,8500265.58,-16614299.59,-11952589.58,936321.57,2019-04-25,-24160772.08,55540811.67,297284630.24,-53542649.16,-9974125.0,8574125.0,1598193.49,,,33467787.99,,2019,1,219297829.45,214068864.51,185300811.66,-13448794.71,-13649071.88,-200277.17,3023741.05,,6555511.5,8500265.58,-16614299.59,-11952589.58,936321.57,-24160772.08,55540811.67,-53542649.16,-9974125.0,8574125.0,1598193.49,,810000000.0,0.3474134813909962
000735,罗牛山,2019-06-30,2019-08-31,289827501.91,56000000.0,486310000.0,130000000.0,,,,6026204741.33,1982099489.2,119813514.68,3924291737.45,26866127.31,760161378.83,94325588.09,2509459206.71,1151513578.0,,333849307.03,1184767192.28,1350937634.89,17456843.76,52243.71,25000000.0,,,2019-08-31,467660527.83,457076228.67,417536593.53,-47428895.36,-46820346.43,608548.93,3604168.08,,14967379.92,15276668.9,-48710497.9,-44350044.16,4640982.36,2019-08-31,10099776.41,105641750.56,289827501.91,-49124709.64,-52290852.35,17338786.11,20458830.49,-3604168.08,,33467787.99,,2019,2,248362698.38,243007364.16000003,232235781.86999997,-33980100.65,-33171274.549999997,808826.1000000001,580427.0300000003,,8411868.42,6776403.32,-32096198.31,-32397454.58,3704660.7900000005,34260548.489999995,50100938.89,4417939.519999996,-42316727.35,8764661.11,18860637.0,,672310000.0,0.32891339977316225
000735,罗牛山,2019-09-30,2019-10-26,386666332.54,46000000.0,486310000.0,319377594.76,,,,6150717021.86,2124165002.17,119045777.82,3907506241.87,24971987.38,803728809.37,94339366.42,2486682300.18,1151513578.0,,304109496.02,1143938791.76,1485266271.84,19568457.12,13114.22,25000000.0,,,2019-10-26,697408287.09,681883180.94,594959432.29,-41235574.83,-41394762.76,-159187.93,-2386381.14,,22063455.12,22914357.31,-47117752.12,-41811454.88,4992969.13,2019-10-26,13510273.59,160993062.97,386666332.54,-101980678.9,93993450.36,47946493.69,22102206.03,,,33467787.99,,2019,3,229747759.26000005,224806952.27000004,177422838.76,6193320.530000001,5425583.670000002,-767736.8600000001,-5990549.220000001,,7096075.200000001,7637688.409999998,1592745.7800000012,2538589.2799999937,351986.76999999955,3410497.1799999997,55351312.41,-52855969.260000005,146284302.71,30607707.58,1643375.5400000028,,851687594.76,0.3453524190140103
000735,罗牛山,2019-12-31,2020-03-31,320100311.91,69000000.0,188678600.0,673322693.7,,,,6544830238.77,2336934354.29,121747706.94,4086148177.54,42083918.36,889064734.94,101416266.72,2603837029.47,1151513578.0,,370647752.75,959421693.41,1413220268.92,131108745.86,8121.49,,0.0,,2020-03-31,1182699372.52,1164257304.12,922261161.78,30038263.61,30939904.69,901641.08,-964969.42,-19041042.32,35224514.2,36944329.2,9972616.26,59608201.2,-878322.74,2020-03-31,-38177645.31,181159632.48,248358150.32,-187977438.85,97551058.0,58571258.43,26332465.59,-3093434.77,,65185221.06,,2019,4,485291085.42999995,482374123.1799998,327301729.49,71273838.44,72334667.45,1060829.01,1421411.7200000002,,13161059.080000002,14029971.890000004,57090368.379999995,101419656.08000001,-5871291.87,-51687918.900000006,20166569.50999999,-85996759.94999999,3557607.6400000006,10624764.740000002,4230259.559999999,,931001293.7,0.3570656944540078
000735,罗牛山,2020-03-31,2020-04-30,388972305.18,201924447.0,188678600.0,889961400.0,,,,6902984969.34,2662454923.85,128288996.54,4112241048.95,69426477.45,1049925356.07,132853514.64,2590149557.34,1151513578.0,,387048228.27,1083316540.67,1727427094.05,121708879.63,9706.52,,,,2020-04-30,564330334.82,562740576.15,487693703.34,22321856.43,28863146.03,6541289.6,1154320.43,1845677.32,12268792.13,12275327.61,16266452.12,31112473.96,1492310.3,2020-04-30,-89312695.59,92004982.91,388972305.18,-126929896.57,356856747.02,12706406.28,102766.1,,,69732990.67,,2020,1,564330334.82,562740576.15,487693703.34,22321856.43,28863146.03,6541289.6,1154320.43,1845677.32,12268792.13,12275327.61,16266452.12,31112473.96,1492310.3,-89312695.59,92004982.91,-126929896.57,356856747.02,12706406.28,102766.1,,1280564447.0,0.3856961786351042
000735,罗牛山,2020-06-30,2020-08-29,679705930.55,424102756.9,298698600.0,1149624272.0,,,,7447568209.15,3170691986.17,130716346.82,4146159876.16,96677003.14,1168215395.55,365559290.03,2550045477.93,1151513578.0,,295641230.72,1331058455.86,2056279795.05,168099572.95,18708.93,,,,2020-08-29,1191892705.12,1189127813.07,1014560547.44,67732206.66,78020683.64,10288476.98,,-5277144.7,29860765.25,31121666.07,50409104.48,80616427.39,5113309.19,2020-08-29,-223658014.64,408408703.05,679705930.55,-318431377.51,973437172.38,29649162.83,1176030.96,-5277144.7,,69732990.67,,2020,2,627562370.2999998,626387236.92,526866844.1000001,45410350.23,49157537.61,3747187.380000001,,-7122822.0200000005,17591973.119999997,18846338.46,34142652.36,49503953.43,3620998.8900000006,-134345319.04999998,316403720.14,-191501480.94,616580425.36,16942756.549999997,1073264.8599999999,,1872425628.9,0.4257352060602175
000735,罗牛山,2020-09-30,2020-10-31,734487617.08,811000000.0,354828600.0,1206271874.95,,,,7936877471.27,3651154847.12,143673700.81,4142048923.34,121949259.47,1294035437.05,590638139.53,2569210360.53,1151513578.0,,281749662.49,1762207262.87,2215779925.19,215047488.46,51225.48,,,,2020-10-31,1807134549.48,1802030033.44,1511464623.74,99284159.54,122529990.51,23245830.97,,-4682413.7,50103818.18,52690945.75,71489679.87,126067961.55,4239947.43,2020-10-31,-292060091.79,779821852.23,734487617.08,-682175752.68,1460365311.23,72396637.93,3028546.65,,,69732990.67,,2020,3,615241844.3600001,612902220.3700001,496904076.29999995,31551952.88000001,44509306.870000005,12957353.989999998,,594731.0,20243052.93,21569279.68,21080575.390000008,45451534.16,-873361.7600000007,-68402077.15000004,371413149.18,-363744375.16999996,486928138.85,42747475.10000001,1852515.69,,2372100474.95,0.4600240913805828
000735,罗牛山,2020-12-31,2021-04-30,224518750.9,720835957.3,175528600.0,1367511216.84,,,,8428863890.88,4138017920.32,101928643.5,4188917327.06,121084589.33,1616703782.04,838164775.89,2654179332.55,1151513578.0,,843642689.76,2083685278.66,2075654360.13,223627329.33,162014061.87,,3410040.15,,2021-04-30,2345963180.84,2333326709.68,1954162694.28,102080480.96,108111970.04,6031489.08,-1723415.11,-11306202.65,59167436.4,62723763.15,77179435.14,98601836.06,-25939556.25,2021-04-30,-268175458.95,1065892140.48,217236414.38,-1085346064.6,1322399787.61,102481250.73,54637219.75,1321921.74,,66881201.84,,2020,4,538828631.3600001,531296676.2399998,442698070.53999996,2796321.419999987,-14418020.469999999,-17214341.89,,-6623788.95,9063618.219999999,10032817.399999999,5689755.269999996,-27466125.489999995,-30179503.68,23884632.840000033,286070288.25,-403170311.91999996,-137965523.62000012,30084612.799999997,51608673.1,,2263875774.14,0.49093424379498174
000735,罗牛山,2021-03-31,2021-04-30,227914371.41,458920641.83,521588600.0,1526858790.43,,36705596.83,,8569600805.97,4237057819.38,103907653.53,4228635333.06,151285065.45,1673755682.96,881544770.71,2621403519.18,1151513578.0,38647600.47,620142781.31,1993401635.67,2107489226.06,246063042.69,122004491.08,,6904891.09,,2021-04-30,508816202.12,506379895.48,383383987.86,44805567.1,46784577.13,1979010.03,0.0,139978.21,19166143.4,19570357.36,41254466.01,47076125.58,-6496225.88,2021-04-30,-98294665.67,157264599.43,227914371.41,-108409082.07,217381704.77,26061120.69,8833771.84,,,66881201.84,,2021,1,508816202.12,506379895.48,383383987.86,44805567.1,46784577.13,1979010.03,0.0,139978.21,19166143.4,19570357.36,41254466.01,47076125.58,-6496225.88,-98294665.67,157264599.43,-108409082.07,217381704.77,26061120.69,8833771.84,,2544073629.09,0.4944288439233085
000735,罗牛山,2021-06-30,2021-08-28,610297448.81,538416729.72,335321508.13,1362129247.08,,152656571.84,,9472704637.33,4721572291.85,525990978.46,4225141367.02,130569751.69,1764834303.31,612241002.12,3005508272.98,1151513578.0,239355770.69,507462860.75,2531960217.63,2576630850.26,286479633.2,112009973.99,,67795182.49,,2021-08-28,960814811.4,954019104.7,763060072.9,31811733.08,34194557.5,2382824.42,-523683.07,25728.04,39483223.96,39937786.03,28225113.63,31149078.71,-10580076.59,2021-08-28,466854535.59,280439582.4,603825325.96,-190543300.33,110277676.32,80301225.7,16933156.27,497955.03,,150483342.84,,2021,2,451998609.28,447639209.22,379676085.03999996,-12993834.020000003,-12590019.630000003,403814.3899999999,-523683.07,-114250.16999999998,20317080.560000002,20367428.67,-13029352.379999999,-15927046.869999997,-4083850.71,565149201.26,123174982.96999997,-82134218.26000002,-107104028.45000002,54240105.010000005,8099384.43,,2388524056.77,0.4984397247269006
000735,罗牛山,2021-09-30,2021-10-27,704811868.45,361416729.72,466821508.18,1280273471.72,,136450391.27,,10716894124.43,6128650272.12,520126973.92,4068116878.39,141005245.63,2164852120.07,286381453.04,3431018893.02,1151513578.0,243057675.38,488436230.79,4036957160.48,3644264454.29,377662575.56,178006109.73,,143642084.67,,2021-10-27,1364001717.03,1356674663.69,1210122564.96,-127637599.32,-131607999.44,-3970400.12,-506674.96,-97907.35,64169308.27,65025441.04,-94734021.07,-139657199.28,-19194142.87,2021-10-27,1007104961.69,506864570.19,697393712.2,-506738041.9,-20209621.97,83332748.63,25149574.67,,,150483342.84,,2021,3,403186905.63,402655558.99,447062492.06000006,-159449332.39999998,-165802556.94,-6353224.54,17008.109999999986,-123635.39000000001,24686084.310000002,25087655.009999998,-122959134.69999999,-170806277.99,-8614066.280000001,540250426.1000001,226424987.79000002,-316194741.56999993,-130487298.28999999,3031522.9299999923,8216418.400000002,,2244962100.8900003,0.5718681365106763
000735,罗牛山,2021-12-31,2022-04-30,672739487.66,468556326.46,273267768.89,1293514227.86,,122185400.93,,11098668852.91,6748317116.98,463117536.58,3887234199.35,129684367.83,2412032228.4,219774339.17,3688088239.61,1151513578.0,223785094.27,877718517.12,4581380497.05,3384610096.55,712378421.17,29953971.86,,122131210.48,,2022-04-30,1879487522.98,1871731105.96,1791707292.69,-422671910.49,-435577437.9,-12905527.41,-192450225.77,7285900.86,81253276.67,85854591.78,-360178893.47,-433637510.19,-31557852.33,2022-04-30,1185839876.15,825450301.08,655587653.18,-629753465.57,-117735171.78,89652353.6,118652510.68,191248190.82,,63344377.22,,2021,4,515485805.95000005,515056442.27,581584727.73,-295034311.17,-303969438.46,-8935127.29,-191943550.81,7383808.21,17083968.4,20829150.740000002,-265444872.40000004,-293980310.90999997,-12363709.459999997,178734914.46000004,318585730.89000005,-123015423.67000008,-97525549.81,6319604.969999999,93502936.01,,2157523724.14,0.6080294138346721
000735,罗牛山,2022-03-31,2022-04-30,346793462.3,258000000.0,157657622.87,1680485246.37,,125506897.84,,10954243384.44,6774349563.51,453728491.98,3726165328.95,137321261.87,2441041119.22,289169009.61,3664061738.65,1151513578.0,207927236.76,647719427.08,4271618427.09,3401428121.88,652660603.11,266712350.22,,207016444.47,,2022-04-30,527137092.92,526354128.4,496512804.76,-29257749.95,-38646794.55,-9389044.6,600607.09,212832.75,24794639.65,23713643.39,-40402262.68,-50167357.23,-5895169.16,2022-04-30,162193176.49,140695950.13,329186581.55,-527982539.65,39388291.53,33573551.1,1317790.43,,,63344377.22,,2022,1,527137092.92,526354128.4,496512804.76,-29257749.95,-38646794.55,-9389044.6,600607.09,212832.75,24794639.65,23713643.39,-40402262.68,-50167357.23,-5895169.16,162193176.49,140695950.13,-527982539.65,39388291.53,33573551.1,1317790.43,,2221649767.08,0.6184224072593323
000735,罗牛山,2022-06-30,2022-08-27,577014551.96,238149333.31,217577568.96,1924711721.63,,104652275.44,,11988163267.71,7251160630.93,476515909.67,4260486727.11,161874505.32,2630182637.11,328418157.99,3314818082.55,1151513578.0,198460755.38,672587089.11,4350399204.79,3704539045.7,697503190.64,136076590.44,,156194423.49,,2022-08-27,1139446202.13,1138008373.29,1055745773.42,-21243538.62,-8005121.21,13238417.41,44409884.61,1621045.91,46497716.96,45763689.31,-34298724.53,-33716176.93,-12134149.21,2022-08-27,288197497.3,244358486.95,556098097.5,-684423871.81,296736818.83,59441499.06,9308670.5,-46030930.52,,63344377.22,,2022,2,612309109.21,611654244.89,559232968.66,8014211.329999998,30641673.339999996,22627462.009999998,43809277.519999996,1408213.16,21703077.310000002,22050045.92,6103538.1499999985,16451180.299999997,-6238980.050000001,126004320.81,103662536.82,-156441332.15999997,257348527.29999998,25867947.96,7990880.07,,2485090899.34,0.6048600164181056
000735,罗牛山,2022-09-30,2022-10-29,469915300.71,138000000.0,280804310.93,1853800400.33,,238649608.43,,12234249289.06,7455921178.57,488668806.43,4289659304.06,157705380.42,2714016466.68,405755169.39,3297643459.91,1151513578.0,340545674.13,627829010.55,4493878487.6,3836424759.39,650316020.85,254124509.64,30739531.75,164339605.72,,2022-10-29,1792188045.39,1790301162.33,1611573543.2,5947130.09,31498399.94,25551269.85,46012834.32,2621045.91,71745041.07,69213988.44,-20425698.89,-9032936.86,-20613696.51,2022-10-29,537520346.97,358912027.47,451703156.37,-904963990.78,163559147.0,86737809.14,19277594.8,,,63344377.22,,2022,3,652741843.26,652292789.04,555827769.7800001,27190668.71,39503521.15,12312852.440000001,1602949.710000001,1000000.0000000002,25247324.109999992,23450299.129999995,13873025.64,24683240.07,-8479547.3,249322849.67000002,114553540.52000004,-220540118.97000003,-133177671.82999998,27296310.08,9968924.3,,2511254319.6899996,0.6094302153248722
000735,罗牛山,2022-12-31,2023-04-15,639436140.32,60774823.42,316993265.36,2042131929.07,,244721605.9,,12671290308.16,7848642687.3,489169959.88,4333477660.98,150801180.48,3155159823.13,321223898.18,3453533650.53,1151513578.0,347016523.69,1180382906.94,4728543677.94,4236383218.66,675837386.27,11918942.31,,225624790.84,,2023-04-15,2884221700.39,2882334621.79,2408728089.5,89225683.55,114437306.49,25211622.94,-43515734.83,-20092608.74,95892702.21,99751939.38,82115620.37,121464385.66,-2709532.54,2023-04-15,573738893.48,492191850.68,593930988.68,-858552637.48,223157079.5,110336667.88,57577874.6,-47439628.19,,46426545.82,,2022,4,1092033654.9999998,1092033459.46,797154546.3,83278553.46,82938906.55,-339646.91000000015,-89528569.15,-22713654.65,24147661.14,30537950.939999998,102541319.26,130497322.52,17904163.970000003,36218546.50999999,133279823.20999998,46411353.29999995,59597932.5,23598858.739999995,38300279.8,,2664621623.75,0.6194035884605743
000735,罗牛山,2023-03-31,2023-04-15,541402752.39,121299684.61,560119616.5,2009025990.63,,263677338.76,,12214493591.99,7331365699.12,490923372.65,4392204520.22,146372616.28,2868788041.31,257370321.87,3494208470.11,1151513578.0,355838320.35,1046000930.36,4213837678.93,3819999908.89,638979997.09,213173811.2,,188675045.59,,2023-04-15,1386811845.33,1386809361.29,974638032.91,47865583.18,49609318.6,1743735.42,-97746420.98,5931.11,26519767.77,24301726.01,34650701.72,74882366.16,28203757.24,2023-04-15,-77653020.27,74729465.26,508252294.0,-257646409.51,249620735.1,28992439.47,16773274.98,,,46426545.82,,2023,1,1386811845.33,1386809361.29,974638032.91,47865583.18,49609318.6,1743735.42,-97746420.98,5931.11,26519767.77,24301726.01,34650701.72,74882366.16,28203757.24,-77653020.27,74729465.26,-257646409.51,249620735.1,28992439.47,16773274.98,,2954122630.5,0.6002185554321917
000735,罗牛山,2023-06-30,2023-08-31,818055450.92,200013666.66,534384148.65,2042589618.17,,249291705.56,,12407218253.14,7700478284.44,477582485.14,4229157483.56,140914889.48,2878186689.98,140749784.41,3595779176.43,1151513578.0,350816252.39,955329172.16,4553294237.26,4055717634.0,653724713.58,135721941.75,,207310044.83,,2023-08-31,2070480761.07,2070475642.1,1698557934.26,-115224416.41,-126821568.5,-11597152.09,-67593915.62,-3138173.02,58449692.06,54355327.69,-128686900.55,-57633611.14,68020938.96,2023-08-31,135924839.61,131476313.44,787789910.08,-209154832.9,267088914.69,109610382.69,23023517.56,70732088.64,,46426545.82,,2023,2,683668915.74,683666280.81,723919901.35,-163089999.59,-176430887.1,-13340887.51,30152505.36,-3144104.13,31929924.290000003,30053601.679999996,-163337602.26999998,-132515977.3,39817181.72,213577859.88,56746848.17999999,48491576.609999985,17468179.590000004,80617943.22,6250242.579999998,,3026279139.04,0.6206450251240785
000735,罗牛山,2023-09-30,2023-10-31,833327091.49,277337440.43,550463780.0,1979451975.13,,260747116.65,,12663732134.67,8050145822.12,460106159.56,4153480152.99,127151344.29,3074209238.48,178195203.44,3523476008.29,1151513578.0,344257317.53,962474260.22,4941571533.62,4370584426.15,651930378.13,224761118.72,,222498183.1,,2023-10-31,2836304310.72,2836299191.75,2411502316.54,-167938274.0,-197011751.67,-29073477.67,-47454986.98,-2956143.21,88161391.01,82447130.31,-181355311.06,-105453613.06,66074176.74,2023-10-31,321815649.27,198634248.64,805261790.9,-354289160.17,243804313.12,142217809.47,36725940.5,,,46426545.82,,2023,3,765823549.6499999,765823549.6500001,712944382.28,-52713857.59,-70190183.16999999,-17476325.580000002,20138928.640000008,182029.81000000006,29711698.950000003,28091802.620000005,-52668410.510000005,-47820001.92,-1946762.2199999914,185890809.65999997,67157935.19999999,-145134327.27,-23284601.569999993,32607426.78,13702422.940000001,,3068000312.2100005,0.6356850995040235
000735,罗牛山,2023-12-31,2024-04-27,900809116.8,246798821.61,471543338.19,1994970462.95,,251504610.78,8770000.0,12254057725.2,7792962805.88,424744421.46,4036350497.86,113214689.24,2797152215.22,292249186.5,3481671527.4,1151513578.0,347602986.62,1121592834.96,4660132816.9,5240640508.24,581058815.95,11613391.7,,189482922.64,,2024-04-27,4241935965.54,4241930773.42,3543833173.93,-487632911.53,-538805812.69,-51172901.16,-162726707.53,-83838265.57,111437137.27,119815367.24,-314575877.0,-465230212.0,33866580.14,2024-04-27,375293834.3,265989714.35,917310641.72,-214757533.66,100422553.79,168129898.88,44609506.07,143879665.08,,46426545.82,,2023,4,1405631654.8200002,1405631581.67,1132330857.3899999,-319694637.53,-341794061.0200001,-22099423.489999995,-115271720.55000001,-80882122.36,23275746.25999999,37368236.92999999,-133220565.94,-359776598.94,-32207596.6,53478185.03000003,67355465.71000001,139531626.51000002,-143381759.32999998,25912089.409999996,7883565.57,,2964817233.53,0.6359495752867289
000735,罗牛山,2024-03-31,2024-04-27,742804049.39,202083279.14,297521142.33,1080012390.59,,264484379.93,8770000.0,10721167287.53,6203234744.63,412781388.47,4105151154.43,91610272.98,2561707834.81,300344806.17,3431191981.53,1151513578.0,340983777.08,964158532.43,3956127226.07,3864091842.98,508049275.05,238611623.88,,157730803.16,,2024-04-27,915189376.35,915189066.73,758828520.73,94024155.05,82086245.38,-11937909.67,52300774.56,64450777.63,19231196.05,18943124.06,113916756.63,103912594.47,7734867.37,2024-04-27,-28035049.44,50069242.07,756247486.67,723146827.88,-860170858.6,113722077.06,12610594.02,,,46426545.82,,2024,1,915189376.35,915189066.73,758828520.73,94024155.05,82086245.38,-11937909.67,52300774.56,64450777.63,19231196.05,18943124.06,113916756.63,103912594.47,7734867.37,-28035049.44,50069242.07,723146827.88,-860170858.6,113722077.06,12610594.02,,1844101191.99,0.578596954815275
000735,罗牛山,2024-06-30,2024-08-24,826603564.19,202066124.97,301786339.84,1106404990.59,,24344096.78,8770000.0,10174132258.07,5495934846.32,431091248.19,4247106163.56,92168987.24,2385092288.28,323509080.66,3391478870.22,1151513578.0,109140571.78,953005847.73,3489944778.52,3570752307.96,515649273.98,203423735.9,,124782659.54,,2024-08-24,1944959461.95,1944959461.95,1527299915.77,257687137.53,263287743.81,5600606.28,137328069.79,72114624.15,31102593.48,29580037.84,265494973.49,331829860.63,54326738.74,2024-08-24,106924790.74,113954613.1,834287234.34,672750646.35,-866694769.58,136936288.04,16700936.77,-209442693.94,,46426545.82,,2024,2,1029770085.6,1029770395.22,768471395.04,163662982.48000002,181201498.43,17538515.95,85027295.22999999,7663846.520000003,11871397.43,10636913.780000001,151578216.86,227917266.16,46591871.370000005,134959840.18,63885371.029999994,-50396181.52999997,-6523910.980000019,23214210.97999999,4090342.75,,1634601552.1799998,0.5401870849438477
000735,罗牛山,2024-09-30,2024-10-26,636765031.77,97056541.68,395296296.86,1020963997.02,,21257730.43,8770000.0,10106474213.99,5359556418.93,432003973.01,4314913822.05,84803122.99,2397479988.08,312269753.09,3359049682.31,1151513578.0,105449039.84,904587446.18,3453296229.42,3589076633.31,508950914.35,376975555.23,,123133154.82,,2024-10-26,2577873979.7,2577873640.01,2044303632.32,326639324.38,333896738.37,7257413.99,147089227.76,72130084.76,41405029.13,41100598.97,311724560.38,385662526.53,37243951.6,2024-10-26,115888729.04,178776272.89,623794094.69,580363254.68,-993764455.86,167466080.75,23149213.41,,,46426545.82,,2024,3,632914517.7499998,632914178.0600002,517003716.54999995,68952186.85,70608994.56,1656807.71,9761157.969999999,15460.609999999404,10302435.650000002,11520561.129999999,46229586.889999986,53832665.899999976,-17082787.14,8963938.300000012,64821659.78999999,-92387391.67000008,-127069686.27999997,30529792.71000001,6448276.640000001,,1534574565.99,0.5303092161963837
000735,罗牛山,2024-12-31,2025-04-19,1095341506.42,79807673.49,483076692.77,1076675864.94,,22122492.08,17476705.99,10425456436.69,5710000534.04,458324770.18,4257131132.47,95034246.47,2639383818.25,300101903.02,3378786440.89,1151513578.0,104538827.97,1288191513.83,3768651630.15,3947509209.98,515123571.21,27242964.6,22599343.31,110315516.38,,2025-04-19,3332360520.26,3332360128.16,2539025830.35,241755211.25,252715790.79,10960579.54,-17421644.4,77730098.58,45990844.05,51981354.7,275915458.43,359569728.76,78128762.45,2025-04-19,371423507.41,243583829.54,1074340053.62,697616391.14,-912010486.65,163820627.27,30591966.09,-139873342.09,,46426545.82,,2024,4,754486540.5600004,754486488.1499996,494722198.03,-84884113.13,-81180947.58000001,3703165.549999999,-164510872.16,5600013.819999993,4585814.919999994,10880755.730000004,-35809101.94999999,-26092797.76999998,40884810.85,255534778.37,64807556.650000006,117253136.46000004,81753969.21000004,-3645453.4799999893,7442752.68,,1661682723.28,0.5476978939689359
000735,罗牛山,2025-03-31,2025-04-26,603705429.88,107000000.0,391813725.52,966088956.42,,16403055.23,21846373.5,10160596923.65,5435351450.67,466936406.36,4258309066.62,100430516.53,2719646860.5,354856407.83,3330464929.73,1151513578.0,100895784.18,1220750328.75,3616061723.11,3716060308.83,490230202.94,218664698.38,18307000.0,111922540.96,,2025-04-26,450809648.5,450809628.15,375306374.06,8121762.48,16733398.66,8611636.18,1899261.38,1856.04,9179890.6,9503078.45,4149543.56,7180249.68,-119255.74,2025-04-26,-50273398.8,55288937.5,585968988.56,-232988603.59,-205109062.67,12712940.66,4430717.9,,,46426545.82,,2025,1,450809648.5,450809628.15,375306374.06,8121762.48,16733398.66,8611636.18,1899261.38,1856.04,9179890.6,9503078.45,4149543.56,7180249.68,-119255.74,-50273398.8,55288937.5,-232988603.59,-205109062.67,12712940.66,4430717.9,,1481305737.17,0.5349441072717462
000735,罗牛山,2025-06-30,2025-08-23,423704686.72,114008055.55,365435884.05,961129681.96,,16926214.58,17446455.99,10038825486.38,5419668471.44,404254790.72,4214902224.22,101130421.04,2757041524.94,256475102.21,3377848881.72,1151513578.0,98746071.86,1201621103.08,3593966331.9,3653308759.05,498215197.03,290462060.6,13735148.64,115438596.66,,2025-08-23,1084305825.29,1084305793.49,935622959.35,-6717136.52,321383.85,7038520.37,202309.5,3729783.98,18653842.06,19410603.88,8896643.04,11997634.51,-7121443.58,2025-08-23,-126977281.31,99482739.35,309713400.93,-389479582.02,-269171242.16,24526304.76,8665495.65,-3932093.48,,46426545.82,,2025,2,633496176.79,633496165.34,560316585.29,-14838899.0,-16412014.81,-1573115.8099999996,-1696951.88,3727927.94,9473951.459999999,9907525.43,4747099.479999999,4817384.83,-7002187.84,-76703882.51,44193801.849999994,-156490978.42999998,-64062179.49000004,11813364.100000001,4234777.75,,1457499836.1399999,0.5398707726111027
000735,罗牛山,2025-09-30,2025-10-25,362843789.89,314210722.59,308468817.67,934346077.4,,20282741.43,17446455.99,10053666804.76,5421930055.66,410871008.39,4220865740.71,107128304.33,2730611174.25,278324812.67,3338953072.05,1151513578.0,100731054.92,1034293470.34,3622924331.51,3675706422.09,503400090.4,390066442.8,14491947.59,116805600.17,,2025-10-25,1628656825.38,1628656787.27,1405214713.36,2799265.31,16454003.35,13654738.04,2498681.53,3729783.98,27935724.89,28759689.74,13399632.7,27741265.25,-7272545.51,2025-10-25,-72563477.97,152978419.05,255695122.25,-556360769.09,-189720684.31,62041675.34,16466285.42,,,46426545.82,,2025,3,544351000.0900002,544350993.78,469591754.0099999,9516401.83,16132619.5,6616217.669999999,2296372.03,0.0,9281882.830000002,9349085.86,4502989.66,15743630.74,-151101.9299999997,54413803.34,53495679.70000002,-166881187.07000005,79450557.85000002,37515370.58,7800789.77,,1577308359.09,0.5392987614322903
000735,罗牛山,2025-12-31,2026-04-18,759474174.56,498002331.22,317144991.78,871082441.96,,54408460.44,17388705.99,9615528489.66,4835995302.04,444834310.32,4334698877.3,121862646.9,2440324501.24,163557455.26,3475050295.95,1151513578.0,101609663.42,1313169677.94,3124949948.57,3348458015.97,469889714.09,33433136.6,9739014.63,16289701.58,,2026-04-18,3376862589.27,3376862546.68,2514039154.87,153772157.06,161876045.51,8103888.45,-53454757.74,-930308.33,35550388.09,36910589.37,244625712.43,254549546.99,74836010.34,2026-04-18,-93287843.43,215853739.32,649746371.5,-182284144.53,-149021694.16,74497623.69,22238957.96,43539295.07,,46426545.82,,2025,4,1748205763.8899999,1748205759.4099998,1108824441.51,150972891.75,145422042.16,-5550849.589999999,-55953439.27,-4660092.31,7614663.200000003,8150899.629999999,231226079.73000002,226808281.74,82108555.85000001,-20724365.46000001,62875320.26999998,374076624.56000006,40698990.150000006,12455948.349999994,5772672.540000001,,1740638225.4,0.5029359860189024
000735,罗牛山,2026-03-31,2026-04-28,529996432.05,674290000.0,339226056.23,889256603.75,,61297222.35,17388705.99,9571385464.54,4972668491.51,429953755.6,4168763217.43,118699284.85,2323262251.12,168878958.11,3444264822.03,1151513578.0,104196239.04,1268402708.24,3245772731.5,3338456166.38,468156856.1,341813199.6,2115215.68,13763450.09,,2026-04-28,585787590.78,585787590.78,554439593.47,-165935659.87,-180816214.59,-14880554.72,-133733274.39,52016.18,10541897.82,10662906.41,-164732274.9,-186278809.47,-199278.94,2026-04-28,-77469920.08,57064882.29,420357622.16,-357467368.57,205548539.31,13121464.85,7462893.58,,,46426545.82,,2026,1,585787590.78,585787590.78,554439593.47,-165935659.87,-180816214.59,-14880554.72,-133733274.39,52016.18,10541897.82,10662906.41,-164732274.9,-186278809.47,-199278.94,-77469920.08,57064882.29,-357467368.57,205548539.31,13121464.85,7462893.58,,1964069882.33,0.5195348687954012
000735,罗牛山,2026-06-30,2026-08-22,410853263.23,681708778.89,315086179.29,868112387.41,,52618572.4,17388705.99,9257630570.84,4844947021.31,429185576.71,3983497972.82,94948840.87,2240065415.82,169123507.62,3440580129.61,1151513578.0,94902186.64,1290607377.29,3119761101.54,3134713055.18,424987035.04,333243188.8,,12621509.28,,2026-08-22,1241284776.39,1241284776.39,1233151366.57,-309523912.22,-325174073.59,-15650161.37,-139703820.49,-2703941.46,21885203.24,22163922.31,-304439751.91,-333612872.91,-3186588.78,2026-08-22,-137650200.21,67676119.33,294015831.31,-339673188.28,121592848.3,66225798.59,18416438.22,142407761.95,,46426545.82,,2026,2,655497185.6100001,655497185.6100001,678711773.0999999,-143588252.35000002,-144357858.99999997,-769606.6499999985,-5970546.100000009,-2755957.64,11343305.419999998,11501015.899999999,-139707477.01000002,-147334063.44000003,-2987309.84,-60180280.13000001,10611237.04,17794180.29000002,-83955691.01,53104333.74,10953544.639999999,,1917525917.9900002,0.5233463340577426
000876,新希望,2015-12-31,2016-04-28,3726966843.77,4953165675.39,11202110.14,779232000.0,,,16223015.46,35217076473.39,11081032721.46,4869427124.44,19266616627.49,327396854.99,3320324773.36,859237813.84,6737660797.37,2084117292.0,,1725496194.12,10083188801.97,9903054993.05,774744635.45,,59000000.0,800000000.0,,2016-04-28,61519649767.25,61519649767.25,57242533123.28,2211047661.7,2959663056.03,748615394.33,,,311844205.48,,1989710772.75,3142253497.48,220726601.22,2016-04-28,3187764269.63,1767305716.24,3718078187.91,-1561218524.86,-1174889204.03,1061875530.25,196286427.49,140471184.98,,524677017.63,,2015,4,,,,,,,,,,,,,,,,,,,,,5743599785.530001,0.3146494209941822
000876,新希望,2016-03-31,2016-04-30,4206355206.58,4866376365.54,11563626.46,775344000.0,,,11930121.2,36186409306.69,11270591071.15,5032401218.99,19883417016.55,326439112.34,2995182140.72,825622688.01,6780931223.75,2084117292.0,,1724889189.16,10281888873.63,10375038586.01,808257075.27,,67348000.0,800000000.0,,2016-04-30,12238633959.47,12238633959.47,11118503039.31,659509072.3,860000068.96,200490996.66,,,67667755.37,,640200226.01,905795982.55,43065672.64,2016-04-30,718631738.86,174156502.47,4183701778.9,-5362647.83,-238037212.33,75082820.59,29925743.52,,,524677017.63,,2016,1,12238633959.47,12238633959.47,11118503039.31,659509072.3,860000068.96,200490996.66,,,67667755.37,,640200226.01,905795982.55,43065672.64,718631738.86,174156502.47,-5362647.83,-238037212.33,75082820.59,29925743.52,,5653283992.0,0.31145922701610346
000876,新希望,2016-06-30,2016-08-31,3012895255.43,4641741549.59,674137112.64,153708139.8,,,9091682.04,36671467460.27,12049768338.23,5078259622.69,19543439499.35,364304631.95,3667649458.23,803460383.11,7010973600.16,4168234584.0,,2363251671.08,11682697451.94,10044050115.1,950155466.17,,120948000.0,800000000.0,,2016-08-31,27789066720.87,27789066720.87,25434026448.71,1430707386.15,1832165720.68,401458334.53,,,75465837.66,,1368677020.4,1901187701.97,90434600.54,2016-08-31,1394841525.4,780520042.64,2987111464.66,-389549396.52,-1747952694.05,1411119511.78,81475792.37,63746200.65,,524677017.63,,2016,2,15550432761.4,15550432761.4,14315523409.4,771198313.8500001,972165651.72,200967337.86999997,,,7798082.289999992,,728476794.3900001,995391719.4200001,47368927.900000006,676209786.5400001,606363540.17,-384186748.69,-1509915481.72,1336036691.19,51550048.85000001,,5469586802.030001,0.32858702344771895
000876,新希望,2016-09-30,2016-10-31,3817507378.11,2741573563.02,11382120.44,1222940410.8,2000000000.0,,13279770.04,37130512977.13,11706614601.37,5203204431.42,20220693944.34,412567857.97,3432875438.32,892554904.07,7212567617.18,4168234584.0,,2489605835.0,8261991860.32,9634362694.95,944937716.48,,172590000.0,,,2016-10-31,44337681722.02,44337681722.02,40755475523.61,2113508301.48,2712614635.16,599106333.68,,,97115074.51,,2014938380.92,2819913303.92,141038569.22,2016-10-31,2058748956.99,1247491360.05,3812768833.99,380898346.67,-2358851409.62,1611088293.93,122244930.26,,,680163868.64,,2016,3,16548615001.149998,16548615001.149998,15321449074.900002,682800915.3299999,880448914.4799998,197647999.14999998,,,21649236.85000001,,646261360.52,918725601.95,50603968.67999999,663907431.5899999,466971317.40999997,770447743.19,-610898715.5699999,199968782.1500001,40769137.89,,5975896094.26,0.31528286745137407
000876,新希望,2016-12-31,2017-04-28,3134101696.66,2081103417.92,708708263.83,846446878.0,1997315051.9,,6138711.05,37385039593.82,11835963123.26,5033648091.27,20515428379.29,462238665.42,4281734018.54,845977684.05,7494303778.03,4168234584.0,,2984442097.83,8756096352.76,9176973083.51,1004749358.69,,114715700.0,,,2017-04-28,60879523157.4,60879523157.4,56027485134.96,2469066513.75,3132438656.19,663372142.44,,,221615062.51,,2368553868.69,3253651094.1,138565989.41,2017-04-28,3111457122.98,2103175178.3,3131443980.81,-539116636.27,-3177029454.24,1831233169.75,280494118.17,215583281.68,,602697817.03,,2016,4,16541841435.380005,16541841435.380005,15272009611.349998,355558212.27,419824021.0300002,64265808.76000011,,,124499987.99999999,,353615487.77,433737790.1799998,-2472579.8100000024,1052708165.99,855683818.25,-920014982.94,-818178044.6199999,220144875.81999993,158249187.91000003,,5633573611.65,0.31659624416223875
000876,新希望,2017-03-31,2017-04-28,3220329457.03,3245093377.86,793273728.1,847206940.5,1994934316.88,,13024922.18,40125079638.87,13256724885.48,5338908702.69,21529446050.7,533140908.15,4350837728.41,1076710646.47,7768515305.2,4216015009.0,,2586710627.72,10070813848.68,10293101442.56,1072140223.45,,75542100.0,,,2017-04-28,14614442590.06,14614442590.06,13409433274.51,638932010.85,808115191.39,169183180.54,,,53876363.17,,633880641.19,875436236.2,55226769.33,2017-04-28,98070152.61,343101922.68,3217974199.34,-928975748.06,922507146.03,90804113.86,23243545.84,,,935140418.9,,2017,1,14614442590.06,14614442590.06,13409433274.51,638932010.85,808115191.39,169183180.54,,,53876363.17,,633880641.19,875436236.2,55226769.33,98070152.61,343101922.68,-928975748.06,922507146.03,90804113.86,23243545.84,,6880508363.34,0.3303850111898079
000876,新希望,2017-06-30,2017-08-30,4585527883.69,5399483257.96,97579471.96,596692294.5,1995762684.81,,1234400.15,42345596542.12,15027535177.9,5341262701.4,21976798662.82,517244534.88,4245668652.1,1106255734.54,7898561133.32,4216015009.0,,2850702792.76,12104577199.75,12001929744.03,1109826279.92,,204795875.99,,,2017-08-30,29788493938.88,29788493938.88,27498314567.89,1131121345.13,1451021901.09,319900555.96,,,128453474.98,,1151976721.63,1630318496.54,131326009.67,2017-08-30,986701975.86,807949155.4,4584606193.69,-1372093577.03,1859011978.27,278981696.73,55797868.87,92119950.0,,935140418.9,,2017,2,15174051348.820002,15174051348.820002,14088881293.38,492189334.2800001,642906709.6999999,150717375.42,,,74577111.81,,518096080.44000006,754882260.3399999,76099240.34,888631823.25,464847232.71999997,-443117828.97,936504832.24,188177582.87,32554323.029999997,,8089517709.23,0.3548783440316521
000876,新希望,2017-09-30,2017-10-31,2356819655.47,4746709061.97,147463266.05,671298068.89,1996572846.84,,311721.06,40802544677.09,14667261523.87,5528356877.79,20606926275.43,515742323.98,4561058772.64,1161119000.69,7955616050.06,4216015009.0,,3399474539.46,11664230386.1,10019459911.82,1134163920.66,,573970159.99,,,2017-10-31,45862934692.84,45862934692.84,42035743746.28,1939613277.39,2485031847.82,545418570.43,,,229790396.79,210160930.89,1897452247.69,2767545032.72,204251150.07,2017-10-31,1879175971.47,1315296550.92,2355753695.47,-1428870483.71,-1168869585.13,2642417360.47,81623470.84,,,935140418.9,,2017,3,16074440753.959995,16074440753.959995,14537429178.39,808491932.26,1034009946.7300003,225518014.46999997,,,101336921.80999999,,745475526.06,1137226536.1799998,72925140.39999999,892473995.61,507347395.5200001,-56776906.68000007,-3027881563.4,2363435663.74,25825601.970000006,,7562043243.750001,0.35946928408378026
000876,新希望,2017-12-31,2018-04-28,3070521265.39,6130678336.62,182600269.79,616535863.4,1997438679.99,,,42451633023.98,16216932626.25,5402296221.39,20832404176.34,478445095.66,5111365550.39,1183498140.5,8170695682.05,4216015009.0,,3326458699.42,13281674317.16,11066588610.97,886119772.22,,154264470.77,,,2018-04-28,62566848592.71,62566848592.71,57468202720.11,2280000493.58,2932209970.59,652209477.01,,,300469946.68,308941379.52,2275780457.37,3327964233.2,278801897.73,2018-04-28,2712191729.32,2496212235.7,3025665980.78,-2556933226.81,-166794229.81,2752445685.45,367464057.2,153509949.44,,883597563.83,,2017,4,16703913899.870003,16703913899.870003,15432458973.830002,340387216.1899998,447178122.77,106790906.58000004,,,70679549.89000002,98780448.63,378328209.6799998,560419200.48,74550747.66000003,833015757.8500001,1180915684.7799997,-1128062743.1,1002075355.3200002,110028324.98000002,285840586.36,,8927253149.8,0.3820096300438998
000876,新希望,2018-03-31,2018-04-28,4156010565.51,7321254301.55,165900644.42,906537932.55,1995058942.98,,,45001157943.68,17871965517.2,5637363085.77,21491829340.71,483294853.7,5176945969.65,1369927726.53,8057980994.37,4216015009.0,,2988272674.17,14651988594.31,12582234135.19,1047787095.97,,219251838.58,,,2018-04-28,14806709023.64,14806709023.64,13546261142.58,603709007.79,834202614.08,230493606.29,,,123229175.92,89781344.38,602658696.25,925260664.96,54907040.45,2018-04-28,10712414.31,747382655.16,4106175554.51,-222396120.2,1314145921.45,68949608.61,33298657.44,,,883597563.83,,2018,1,14806709023.64,14806709023.64,13546261142.58,603709007.79,834202614.08,230493606.29,,,123229175.92,89781344.38,602658696.25,925260664.96,54907040.45,10712414.31,747382655.16,-222396120.2,1314145921.45,68949608.61,33298657.44,,10388751821.5,0.3971445699145605
000876,新希望,2018-06-30,2018-08-31,5077539893.02,7916091108.66,42889668.32,1220385792.4,1995888320.01,,20214966.89,46147843699.92,19636349826.67,5777704449.24,20733789424.01,528388069.7,5016478533.79,1768039341.27,8357795117.73,4216015009.0,,3383944145.82,16092432305.67,12935466721.93,920981417.54,,229540686.38,,,2018-08-31,31642779555.68,31642779555.68,29050144800.48,846044679.19,1411614399.38,565569720.19,-346761515.35,,193460280.37,191426023.96,888070934.92,1615793163.87,112058818.49,2018-08-31,1239093832.81,1601274975.76,5041280472.73,-866529734.96,1630578615.12,229594712.24,125577684.99,346761515.35,,883597563.83,,2018,2,16836070532.04,16836070532.04,15503883657.9,242335671.4000001,577411785.3000001,335076113.9000001,,,70231104.45,101644679.58000001,285412238.66999996,690532498.9099998,57151778.03999999,1228381418.5,853892320.6,-644133614.76,316432693.66999984,160645103.63,92279027.55,,11175254889.39,0.4255095851142453
000876,新希望,2018-09-30,2018-10-31,4858037366.31,8318260855.26,28996895.88,1738254261.47,1996699468.98,,20456149.26,46990809274.51,19802880422.45,5843651233.3,21344277618.76,529761912.25,5074369526.08,2381282698.51,8244016998.5,4216015009.0,,3694790788.09,15747011749.0,12853406636.16,759073604.69,,,,,2018-10-31,50813902568.69,50813902568.69,46561555842.12,1450739720.37,2257856154.38,807116434.01,-408915504.2,,249096061.93,324912770.32,1635107289.84,2597541859.67,185536140.4,2018-10-31,2053074217.43,2573037496.67,4761736660.06,-1502777348.22,1178850692.19,1209659752.0,152112635.5,,,877534022.09,,2018,3,19171123013.010002,19171123013.010002,17511411041.640003,604695041.1799998,846241755.0,241546713.81999993,-62153988.849999964,,55635781.56,133486746.35999998,747036354.92,981748695.8000002,73477321.91000001,813980384.6200001,971762520.9100001,-636247613.26,-451727922.9299998,980065039.76,26534950.510000005,,12082211481.59,0.4214202889498224
000876,新希望,2018-12-31,2019-04-04,5450870659.26,8271337901.04,2003566736.95,1823288622.8,,,15500000.0,47943788133.54,20608041588.17,5760623310.71,21575123234.66,518442473.72,5394870914.2,2561597811.79,8750044772.49,4216015009.0,,4300927958.83,18361391269.62,13590595221.18,781519088.8,,569438635.1,10000000.0,,2019-04-04,69063225293.92,69063225293.92,63033328796.12,1704646781.14,2721803276.1,1017156494.96,-697730462.34,,341261399.65,439767001.89,2031060685.46,3241249871.15,268881449.89,2019-04-04,3336986800.09,3707458633.09,5370971251.78,-2391593588.15,1402622254.06,1180790718.56,304331804.54,697730462.34,,865474034.36,,2018,4,18249322725.229996,18249322725.229996,16471772954.0,253907060.77000022,463947121.7199998,210040060.95000005,-288814958.14000005,,92165337.71999997,114854231.57,395953395.6200001,643708011.48,83345309.48999998,1283912582.66,1134421136.42,-888816239.9300001,223771561.8699999,-28869033.440000057,152219169.04000002,,12098193260.789999,0.42983757417685664
000876,新希望,2019-03-31,2019-04-30,3556467666.87,7519354742.04,2002817361.41,2056165815.2,,,15500000.0,47953043461.88,20131399969.26,5974777089.26,21846866403.36,464716077.93,5715271939.51,2606223546.46,9245421957.93,4216015009.0,,3880358836.42,17652419594.32,11460550283.74,1205582682.64,7207513.97,,10000000.0,,2019-04-30,16211692429.69,16211692429.69,14701597265.88,666394021.12,913131787.84,246737766.72,-15165589.35,-16752388.0,104548089.55,110679900.34,723549454.53,1038671174.88,85031741.31,2019-04-30,20415409.81,1247128622.78,3522400776.85,-684356573.28,-1177707368.34,112914769.96,34283495.53,,,865247516.34,,2019,1,16211692429.69,16211692429.69,14701597265.88,666394021.12,913131787.84,246737766.72,-15165589.35,-16752388.0,104548089.55,110679900.34,723549454.53,1038671174.88,85031741.31,20415409.81,1247128622.78,-684356573.28,-1177707368.34,112914769.96,34283495.53,,11578337918.650002,0.4198148546142507
000876,新希望,2019-06-30,2019-08-31,3718643173.54,9219125416.17,2508169924.03,1551822927.0,,,12000000.0,51930282600.6,23198448834.08,6155941525.74,22575892240.78,592324808.71,7157365861.04,3366184524.49,9969824524.98,4216015009.0,,4487355047.2,21227720879.12,14053631599.14,862268812.76,12171532.72,570214283.84,10000000.0,,2019-08-31,35294298951.26,35294298951.26,32010499396.85,1561855272.77,2078740217.93,516884945.16,-28213568.78,-39291159.86,184126249.04,215333401.06,1661974908.64,2333704245.07,154996593.15,2019-08-31,543684173.94,2809336078.23,3638275278.5,-2229477023.0,-44768680.12,438387263.55,48295897.64,67504728.64,,865222411.84,,2019,2,19082606521.57,19082606521.57,17308902130.97,895461251.65,1165608430.0900002,270147178.44000006,-13047979.430000002,-22538771.86,79578159.49,104653500.72,938425454.1100001,1295033070.19,69964851.84,523268764.13000005,1562207455.45,-1545120449.72,1132938688.22,325472493.59000003,14012402.11,,13279118267.2,0.4467229460794802
000876,新希望,2019-09-30,2019-10-31,5674205840.72,13748767046.41,509277467.49,2766945752.0,,,12000000.0,57511027877.99,27100887268.31,6336728918.3,24073411691.38,986434107.73,7822578377.16,4135094001.62,11105350952.86,4216015009.0,,4434998994.17,23906447918.29,16384277367.87,1012274432.09,10550526.93,490416434.44,,,2019-10-31,56917315425.52,56917315425.52,50969668979.73,3071592608.13,3877598375.15,806005767.02,-12062232.62,-60071434.27,287731446.65,354416801.41,3242260465.91,4289997365.73,230862103.6,2019-10-31,2164333471.5,5456441701.38,5591551488.68,-4587738490.12,2633424274.59,882806792.51,51152890.14,,,889142533.81,,2019,3,21623016474.259995,21623016474.259995,18959169582.880005,1509737335.3600001,1798858157.22,289120821.85999995,16151336.160000002,-20780274.410000004,103605197.60999998,139083400.35000002,1580285557.2699997,1956293120.6599998,75865510.44999999,1620649297.56,2647105623.15,-2358261467.12,2678192954.71,444419528.96,2856992.5,,17024990265.9,0.47122940187757906
000876,新希望,2019-12-31,2020-04-01,5777179578.87,13620562405.56,850351706.57,4954486449.54,,,6000000.0,64217666883.55,31567801363.3,6588175571.69,26061689948.56,2510633170.64,9307812126.89,4745959274.86,13825102269.78,4216015009.0,,5512731289.21,26195904713.44,17178552679.58,1209225716.55,4594255.65,546413194.42,0.0,,2020-04-01,82050539486.67,82050539486.67,72150061066.97,5041999768.06,6180556192.22,1138556424.16,-166148031.22,-98448080.45,434054838.78,527278342.82,5272134091.2,6668704622.37,250176964.79,2020-04-01,4436893031.04,9345892451.43,5692332240.91,-8737288782.13,4694578465.55,975170675.68,525081308.02,264596111.67,,1234756072.93,,2019,4,25133224061.15,25133224061.15,21180392087.239998,1970407159.9300003,2302957817.07,332550657.1400001,-154085798.6,-38376646.18,146323392.13,172861541.40999997,2029873625.29,2378707256.64,19314861.189999998,2272559559.54,3889450750.05,-4149550292.0099993,2061154190.96,92363883.16999996,473928417.88,,19425400561.67,0.49157502748494286
000876,新希望,2020-03-31,2020-04-30,10409617907.68,13943238862.9,451628874.91,8984079309.56,5216359291.88,,6000000.0,77788547658.22,42141208355.1,7137898492.44,28509440810.68,3903171431.7,12385669357.65,4785657998.93,15820648035.33,4216015009.0,,6214004531.49,27518165824.7,25497237101.43,1945133859.46,6101856.18,628769829.73,,807818156.19,2020-04-30,20568194867.98,20568194867.98,17538049694.04,1626867776.4,2007926013.48,381058237.08,6908643.26,-31359617.01,197990872.32,227419524.24,1690460979.28,2124826167.57,75368096.65,2020-04-30,157570146.85,4960297027.32,10309999794.62,-5227032448.17,9673169150.41,218042762.55,69576305.41,,,1234756072.93,,2020,1,20568194867.98,20568194867.98,17538049694.04,1626867776.4,2007926013.48,381058237.08,6908643.26,-31359617.01,197990872.32,227419524.24,1690460979.28,2124826167.57,75368096.65,157570146.85,4960297027.32,-5227032448.17,9673169150.41,218042762.55,69576305.41,,28595306339.25,0.5417405212429993
000876,新希望,2020-06-30,2020-08-31,10136302285.94,15736033772.55,863848770.6,14724197365.12,5247722837.15,,,91293152010.34,53821380914.66,7652775047.3,29818996048.38,7950854233.41,15039010762.71,5652829977.26,19740436035.09,4216015009.0,,7755131889.78,33419014611.51,28830842008.81,2719230794.47,5420609.76,786725584.52,999250000.0,807818156.19,2020-08-31,44696040364.08,44696040364.08,38883226717.75,3163865460.0,3828903312.5,665037852.5,-2555550.61,-47300672.93,431355596.36,507683759.99,3283676864.54,4112274025.33,171269538.95,2020-08-31,658593331.58,15013815473.41,10015558784.22,-15567369290.18,19232700766.3,1233794141.66,372391578.95,49856223.54,,1234756072.93,,2020,2,24127845496.100002,24127845496.100002,21345177023.71,1536997683.6,1820977299.02,283979615.42,-9464193.87,-15941055.919999998,233364724.04000002,280264235.75,1593215885.26,1987447857.76,95901442.29999998,501023184.73,10053518446.09,-10340336842.01,9559531615.89,1015751379.1100001,302815273.53999996,,36571802745.42,0.5895445576089224
000876,新希望,2020-09-30,2020-10-31,10383269864.3,16111775598.99,1380453070.93,20131791063.38,3499499162.99,,9766429.57,104737255829.18,60944782214.7,7207446293.61,36585027320.87,11004799603.95,18069351724.08,9671602725.91,21413354652.77,4505096211.0,,8737065033.45,36879868280.7,32811925269.09,3091842770.95,32055964.28,1256354721.79,999550000.0,367303404.21,2020-10-31,74787779566.33,74787779566.33,65045270413.84,5084582826.41,5979716440.93,895133614.52,-10041861.19,-101711694.44,740674406.58,808586710.9,5369014033.4,6530638865.1,256466617.02,2020-10-31,2281308505.78,25883969040.88,10266874894.38,-25561822472.51,27865769979.73,2028290775.37,410365364.21,,,1234756072.93,,2020,3,30091739202.25,30091739202.25,26162043696.089996,1920717366.4099998,2150813128.4300003,230095762.01999998,-7486310.58,-54411021.51,309318810.22,300902950.90999997,2085337168.8599997,2418364839.7700005,85197078.07000002,1622715174.2000003,10870153567.470001,-9994453182.329998,8633069213.43,794496633.7099998,37973785.25999999,,41123518896.29,0.5818825568057385
000876,新希望,2020-12-31,2021-04-30,8799264356.2,10399072204.6,2051926912.84,22901808635.67,2808543708.55,,,109443465562.15,58072513561.91,11524617864.56,39846334135.68,11797596610.49,15649735402.26,11006466489.26,28861009355.16,4505800981.0,,10099573653.67,31918256638.16,29053741627.08,1541633064.03,2196760.08,1884106201.82,1040287446.72,1991904960.44,2021-04-30,109825224396.56,109825224396.56,98175150554.22,4944191027.81,5847677507.73,903486479.92,-39737655.1,-120680295.15,899988879.01,953627225.56,5472659508.65,6729921128.27,316475011.74,2021-04-30,5658169507.13,34250094088.62,8509218898.56,-34014513261.24,31133446337.31,2248263033.32,839782107.43,160417950.25,,1234756072.93,1800000000.0,2020,4,35037444830.229996,35037444830.229996,33129880140.380005,-140391798.59999943,-132038933.20000076,8352865.399999976,-29695793.910000004,-18968600.71000001,159314472.42999995,145040514.65999997,103645475.25,199282263.17000008,60008394.72,3376861001.35,8366125047.739998,-8452690788.730003,3267676357.580002,219972257.9500003,429416743.21999997,,38161351461.66,0.5306165449314303
000876,新希望,2021-03-31,2021-04-30,11674886362.55,17581906199.93,2361570035.04,30622767337.68,4809652863.6,4719839681.22,,129365488837.4,78341199150.53,11895612311.59,39128677375.28,11005747042.65,20120400592.39,14160375441.03,30295703314.79,4506448842.0,5798514318.31,9980313261.3,37708181164.79,38758231139.81,1748179984.45,13679832.02,1984553647.63,,1991875306.56,2021-04-30,29238415332.14,29238415332.14,26741838192.04,136811271.63,477505485.62,340694213.99,-9998704.3,-50959492.17,361275538.9,372024486.02,614963194.02,1174291671.96,121010582.01,2021-04-30,-3426409637.54,6686291486.2,11388491392.61,-6920118590.33,13227539029.23,498489057.63,38421668.99,,,1234756072.93,1800000000.0,2021,1,29238415332.14,29238415332.14,26741838192.04,136811271.63,477505485.62,340694213.99,-9998704.3,-50959492.17,361275538.9,372024486.02,614963194.02,1174291671.96,121010582.01,-3426409637.54,6686291486.2,-6920118590.33,13227539029.23,498489057.63,38421668.99,,60095736117.47,0.6055803588312287
000876,新希望,2021-06-30,2021-08-31,11674800886.3,19010984011.32,4163885409.75,32294983344.43,4824241306.54,5113375251.89,,132387884782.28,83314909835.42,11877866827.51,37195108119.35,9722917996.68,19654525975.42,15962053442.98,32537004193.25,4505211342.0,6324700984.83,9861661718.61,40581103841.76,38451094056.38,1650527056.5,22076125.34,1354503485.26,60529747.86,3751061036.0,2021-08-31,61518574560.67,61518574560.67,59181012728.29,-3415066136.23,-2955402016.55,459664119.68,-1002396508.13,-77108559.38,753564042.97,807823061.58,-2304738918.62,-1422339160.04,255813436.08,2021-08-31,-4596606685.74,10378327709.81,11348831051.22,-10459350214.73,17916417332.72,1213233167.43,108644341.05,1079505067.51,,1234756072.93,3559200000.0,2021,2,32280159228.53,32280159228.53,32439174536.25,-3551877407.86,-3432907502.17,118969905.69,-992397803.83,-26149067.209999993,392288504.07000005,435798575.56000006,-2919702112.64,-2596630832.0,134802854.07,-1170197048.1999998,3692036223.6099997,-3539231624.3999996,4688878303.490002,714744109.8000001,70222672.06,,65407469323.93,0.6293242767073172
000876,新希望,2021-09-30,2021-10-30,12702400693.04,20151694850.41,3852937685.6,34113375710.2,4835574580.18,5448590904.61,,131360170255.87,85161392104.23,11650269693.39,34548508458.25,9620051170.46,16344646655.69,19514733274.24,31946745625.2,4505211342.0,6612787783.93,8937975479.69,40227810092.26,33945320700.57,1496975029.73,37606810.94,925515534.11,77188637.15,4001030628.31,2021-10-30,94475412101.5,94475412101.5,92359416954.09,-6401188106.51,-6056864332.88,344323773.63,-2059702167.65,-53356083.76,803814467.74,912761962.51,-5001311194.65,-3958291909.29,388266894.64,2021-10-30,-931455919.96,14042772298.86,12366325626.35,-13996905670.37,18824246569.17,2278717929.5,181839138.69,,,1234756072.93,3809200000.0,2021,3,32956837540.83,32956837540.83,33178404225.799995,-2986121970.28,-3101462316.33,-115340346.05000001,-1057305659.5200001,23752475.619999997,50250424.76999998,104938900.92999995,-2696572276.0299997,-2535952749.25,132453458.55999997,3665150765.7799997,3664444589.050001,-3537555455.6400013,907829236.449997,1065484762.0699999,73194797.64,,68402173731.0,0.6483045198430264
000876,新希望,2021-12-31,2022-04-28,14869080902.03,15159358595.63,5066841059.68,32712427058.77,11334700479.8,4714341705.25,,132734202340.59,86254558563.24,12941089957.61,33538553819.74,8911758423.93,15925570801.61,19344065958.39,33736477958.71,4505211342.0,6633017924.99,9585839603.1,36889810420.34,34820201988.99,1269102008.81,20535939.74,1191121105.53,56872505.55,5800566605.61,2022-04-28,126261702581.69,126261702581.69,124235991080.56,-9590870087.26,-9502760085.95,88110001.31,-2893649821.65,-66352380.58,1117226605.91,1225015247.81,-7921132956.33,-6954675601.43,412131151.37,2022-04-28,501463191.38,17445990910.35,14292784234.11,-16947613975.48,22283284774.51,2849919777.01,674138545.69,2960002202.23,,1209971223.09,3809200000.0,2021,4,31786290480.190002,31786290480.190002,31876574126.47,-3189681980.75,-3445895753.0700006,-256213772.32,-833947654.0,-12996296.82,313412138.1700001,312253285.29999995,-2919821761.6800003,-2996383692.1400003,23864256.73000002,1432919111.3400002,3403218611.489998,-2950708305.1099987,3459038205.34,571201847.5100002,492299407.00000006,,68987668899.13,0.6498291852608922
000876,新希望,2022-03-31,2022-04-30,13947173917.88,18129416016.87,5783421131.59,34117966398.31,11824526842.73,4825617048.56,,136788881454.86,93610719556.16,11197652029.54,31980509869.16,8568014394.24,16776657477.84,21221064228.55,34081169731.34,4505211342.0,6463044967.0,11324412589.74,42209796786.43,36181882490.47,1249473630.22,58278285.71,2615510837.21,55852177.57,6000559733.56,2022-04-30,29505728853.81,29505728853.81,30227810603.62,-2879187994.66,-3463237316.3,-584049321.64,-603252670.44,-34511929.92,333870339.27,348862017.52,-2622260512.47,-3012431826.54,49833300.57,2022-04-30,-1767885694.26,3359536308.72,13044437321.86,-3844425033.15,4416300953.39,867626587.92,62059869.65,,,1209971223.09,4009200000.0,2022,1,29505728853.81,29505728853.81,30227810603.62,-2879187994.66,-3463237316.3,-584049321.64,-603252670.44,-34511929.92,333870339.27,348862017.52,-2622260512.47,-3012431826.54,49833300.57,-1767885694.26,3359536308.72,-3844425033.15,4416300953.39,867626587.92,62059869.65,,74680947438.06,0.6843445063702148
000876,新希望,2022-06-30,2022-08-31,12273198570.83,19831059413.76,9972561094.46,32462482761.69,9914461559.43,4785155549.05,,135208718542.48,96663966759.05,11824744014.06,26720007769.37,8203829483.4,16997518073.6,20884968295.81,34510985427.99,4505091074.0,6359345742.25,11702368455.13,48826886929.12,35019716983.8,1189832897.99,86905786.55,4320859010.16,52414222.33,3240397966.25,2022-08-31,62329531076.64,62329531076.64,62063554174.37,-4139743764.0,-5165108921.68,-1025365157.68,-1328087107.41,-64187529.66,760981877.24,755642004.97,-3679945484.62,-4315154203.3,140757923.12,2022-08-31,-1133527154.46,4261927323.66,10692312366.01,-4266170951.69,1848149801.11,1715829067.42,125555069.31,1392274637.07,,1209971223.09,1249200000.0,2022,2,32823802222.829998,32823802222.829998,31835743570.750004,-1260555769.3400002,-1701871605.38,-441315836.03999996,-724834436.97,-29675599.739999995,427111537.97,406779987.45000005,-1057684972.1500001,-1302722376.7600002,90924622.55000001,634358539.8,902391014.94,-421745918.53999996,-2568151152.2800007,848202479.5000001,63495199.660000004,,76965720378.39,0.7149240655563202
000876,新希望,2022-09-30,2022-10-31,11771799884.79,17264031961.68,11450309654.14,30323589930.36,10005550046.79,4781672467.23,,133893550260.8,93537260018.3,12488832494.03,27867457748.47,8049860944.19,16108595339.66,21047229004.44,33778947107.42,4538753204.0,6223570884.69,10777663408.34,47711524973.21,34223261271.15,1069824511.97,108667019.46,4096935902.38,55151282.84,2989923939.13,2022-10-31,100419281866.4,100419281866.4,96511054824.57,-2706673832.32,-3608956544.61,-902282712.29,-1347815831.73,-116223097.53,1233210684.65,1239476142.27,-2175281864.43,-2497000639.02,211014578.06,2022-10-31,3648287506.92,4952932188.56,10819095597.13,-4947651686.43,-2143111103.49,2353746897.43,174772046.64,,,1209971223.09,1000000000.0,2022,3,38089750789.759995,38089750789.759995,34447500650.200005,1433069931.6799998,1556152377.0700002,123082445.38999999,-19728724.319999933,-52035567.870000005,472228807.4100001,483834137.29999995,1504663620.19,1818153564.2800002,70256654.94,4781814661.38,691004864.9000006,-681480734.7400002,-3991260904.6,637917830.0099998,49216977.32999998,,73825154060.2,0.6985942178402667
000876,新希望,2022-12-31,2023-04-29,11512430182.35,13359392691.44,13659393321.4,27527873389.95,10095505490.77,4719055556.37,165515620.11,136679953606.42,92964979916.89,14471167612.45,29243806077.08,7576647898.07,17901083522.59,20157929735.51,35683327341.71,4538758095.0,6095819071.51,14297609782.68,49767986041.93,35549291516.96,1012935419.1,148914177.97,2732895395.82,59634114.69,3189909115.83,2023-04-29,141507728156.07,141507728156.07,132112804951.12,-1459965715.11,-1898252418.49,-438286703.38,-2777436944.05,-161179361.04,1891163996.11,1841808252.82,-893005794.68,-587015748.42,138566036.1,2023-04-29,9238252623.66,6853399141.0,9714019174.24,-8234223886.06,-5487288848.57,3083546640.43,307790458.64,2938616305.09,,1209971223.09,1200000000.0,2022,4,41088446289.67001,41088446289.67001,35601750126.54999,1246708117.2100003,1710704126.1200001,463996008.90999997,-1429621112.3200002,-44956263.50999999,657953311.4599998,602332110.55,1282276069.75,1909984890.6,-72448541.96000001,5589965116.74,1900466952.4399996,-3286572199.63,-3344177745.08,729799743.0,133018412.0,,69361220449.93,0.6801654336567124
000876,新希望,2023-03-31,2023-04-29,10315660999.04,17426041631.98,12386075819.78,28874374237.99,10191727169.26,4507750886.17,160676963.47,134777876850.78,94878747972.44,13161502912.63,26737625965.71,7180981397.26,16929181429.82,20588739823.12,35886137499.06,4538320386.0,5829763149.85,12381005604.05,50430981741.97,33457155918.43,973885469.06,137865834.96,2933147996.97,67151786.55,2989905392.62,2023-04-29,33906536604.57,33906536604.57,33512360127.82,-1685743896.01,-1989413531.99,-303669635.98,-464846810.9,-9218694.4,470955533.15,483853990.67,-1722019183.98,-1873305704.63,51856592.81,2023-04-29,-1684234045.85,1646536357.45,8158982545.0,-952632841.53,1111234227.32,864365790.24,37323168.94,,,1209971223.09,1000000000.0,2023,1,33906536604.57,33906536604.57,33512360127.82,-1685743896.01,-1989413531.99,-303669635.98,-464846810.9,-9218694.4,470955533.15,483853990.67,-1722019183.98,-1873305704.63,51856592.81,-1684234045.85,1646536357.45,-952632841.53,1111234227.32,864365790.24,37323168.94,,73385969745.18,0.7039638120838295
000876,新希望,2023-06-30,2023-08-31,11150787210.19,17997266231.04,15852231994.75,25939596845.54,8294744826.71,4446693733.14,336318277.3,135130799934.87,97015664300.66,12822909806.47,25292225827.74,6991181620.46,16789490600.65,20275114273.59,36694212664.22,4538321158.0,5693421082.55,14842822329.53,57260658708.78,33026179748.92,1585301768.92,77510307.04,4532396707.28,84528612.88,3219901928.24,2023-08-31,69452880446.14,69452880446.14,68196429382.49,-2982653024.87,-3592564407.04,-609911382.17,-884764393.43,-31980578.96,1029507937.07,1015887924.02,-2991907613.69,-3170149501.36,161590170.27,2023-08-31,1982054648.14,2458986258.75,9102514781.49,-1200623370.68,-1365191333.8,1763933423.89,109114521.65,916744972.39,,1209971223.09,1230000000.0,2023,2,35546343841.57,35546343841.57,34684069254.67,-1296909128.86,-1603150875.05,-306241746.18999994,-419917582.53,-22761884.560000002,558552403.9200001,532033933.34999996,-1269888429.71,-1296843796.73,109733577.46000001,3666288693.99,812449901.3,-247990529.1500001,-2476425561.12,899567633.6500001,71791352.71000001,,72530533631.18001,0.717938947652344
000876,新希望,2023-09-30,2023-10-28,11596575530.07,16456195696.79,15098332176.83,25438259769.16,8395219206.44,4328545200.21,329157895.75,133316384166.68,96997443914.9,11922817495.75,24396122756.03,6362259845.1,15184688206.02,20866762013.89,35872789315.4,4545774432.0,5405746387.9,17372949608.51,57761372579.44,32669857905.23,979367773.04,45494111.35,5618452663.6,93183915.07,3219890016.95,2023-10-28,106747792494.05,106747792494.05,104354631239.69,-3857507318.02,-4538419722.07,-680912404.05,-933721882.2,-83453963.84,1559093363.77,1554243360.19,-3908469563.75,-3911260783.02,276691371.13,2023-10-28,6665020924.63,2858728738.49,9834502127.26,-1718397571.52,-4774611351.37,2319860719.17,150269969.53,,,1209971223.09,1230000000.0,2023,3,37294912047.91,37294912047.91,36158201857.200005,-874854293.1500001,-945855315.0299997,-71001021.88,-48957488.7700001,-51473384.88,529585426.6999999,538355436.1700001,-916561950.06,-741111281.6599998,115101200.85999998,4682966276.49,399742479.7399998,-517774200.8399999,-3409420017.5699997,555927295.28,41155447.879999995,,69716552049.43001,0.7275733175723403
000876,新希望,2023-12-31,2024-04-30,10849989539.28,14494123699.71,11862736034.23,25634037274.46,8406540533.43,3567691193.9,345682362.19,129610605533.07,93680229245.22,11154321681.45,24776054606.4,5050240386.9,13315721502.38,18091017337.34,35867723450.67,4545775901.0,4487700118.23,16631692313.42,55110465424.83,31142146386.42,789271788.55,8287174.68,5913817378.66,27523231.36,3019882640.82,2024-04-30,141703248931.32,141703248931.32,137804076100.9,249195333.87,-955424363.87,-1204619697.74,-1377843594.78,-209766340.76,1975464582.81,2046571213.67,-4608338751.75,300269191.1,273613562.91,2024-04-30,13904015800.54,3624716494.18,8655981208.31,5502568.44,-14931594909.79,3756084133.45,305145217.47,1587609935.54,,1129656225.53,1030000000.0,2023,4,34955456437.270004,34955456437.270004,33449444861.20999,4106702651.89,3582995358.2,-523707293.69000006,-444121712.5799999,-126312376.91999999,416371219.03999996,492327853.48,-699869188.0,4211529974.12,-3077808.219999969,7238994875.910001,765987755.69,1723900139.96,-10156983558.420002,1436223414.2799997,154875247.94000003,,63965128735.729996,0.722782127742761
000876,新希望,2024-03-31,2024-04-30,10936714119.44,18867397233.37,8647261869.49,26464650532.9,8508585380.02,3948045317.75,540404928.27,126786861319.52,93855648426.47,10445213318.25,22485999574.8,4246548238.99,11525138276.06,17845296204.26,36339315668.96,4545777038.0,4345818176.54,16073379368.66,53707594763.36,28465658138.36,748251992.42,11054284.53,5027075929.91,32742243.88,3019876188.78,2024-04-30,23908453072.71,23908453072.71,24609742477.98,-1934417731.62,-2360959435.11,-426541703.49,-160242636.31,-70038002.78,441349393.61,498424184.76,-1935412469.68,-2225280270.81,50466929.81,2024-04-30,131843313.43,730904610.17,8689734369.49,-1023396257.15,988614403.95,657242808.47,90140299.71,,,1129656225.53,1030000000.0,2024,1,23908453072.71,23908453072.71,24609742477.98,-1934417731.62,-2360959435.11,-426541703.49,-160242636.31,-70038002.78,441349393.61,498424184.76,-1935412469.68,-2225280270.81,50466929.81,131843313.43,730904610.17,-1023396257.15,988614403.95,657242808.47,90140299.71,,66435940333.53,0.740263205900658
000876,新希望,2024-06-30,2024-08-31,10807791281.28,19649894189.19,9398974328.91,24753181636.86,8381522037.67,3358805604.84,869759572.78,123967335246.49,90482816429.11,10420400657.9,23064118159.48,3809248341.5,10334918293.09,15107137642.23,38865634015.45,4545777226.0,4164008870.5,15666532700.13,52413941302.93,26555613325.58,737341884.18,35656391.67,5575455087.95,49304874.08,3019875682.68,2024-08-31,49577377636.6,49577377636.6,48396271510.27,-1217476702.35,-1569726366.08,-352249663.73,18580831.38,-71724002.03,842648420.55,1024797191.6,-1316306506.72,-1310812844.93,149772908.28,2024-08-31,4652416983.44,980944547.8,9407722520.91,-1453851323.59,-2357468788.55,1440536277.56,114865262.48,53143170.65,,1129656225.53,1030000000.0,2024,2,25668924563.89,25668924563.89,23786529032.289997,716941029.27,791233069.0300002,74292039.75999999,178823467.69,-1685999.25,401299026.93999994,526373006.84000003,619105962.96,914467425.8799999,99305978.47,4520573670.009999,250039937.63,-430455066.43999994,-3346083192.5,783293469.0899999,24724962.77000001,,65542377797.47,0.7298924047145066
000876,新希望,2024-09-30,2024-10-31,9485066525.82,19158633970.81,8641072469.04,23514242434.11,8976356628.22,3667403127.25,836578411.01,119956920805.01,84989638367.42,10654726612.7,24312555824.89,3779117797.97,9092040752.57,13992868542.88,39769550821.02,4545779583.0,4002915877.85,12999385851.11,47359008731.08,22813359120.06,769295425.5,19616708.25,5239833209.89,38949489.06,2989869742.2,2024-10-31,77209149689.61,77209149689.61,72827984944.77,153257862.95,33423199.5,-119834663.45,13437236.04,-119286337.36,1345649708.26,1599143431.01,37996471.48,460866684.97,258485476.39,2024-10-31,8274120273.82,1413675945.67,8472734258.16,-1950659335.07,-6410316325.16,1955685932.08,138821363.42,,,1129656225.53,1000000000.0,2024,3,27631772053.010002,27631772053.010002,24431713434.500008,1370734565.3,1603149565.58,232415000.28000003,-5143595.34,-47562335.33,503001287.71000004,574346239.41,1354302978.2,1771679529.9,108712568.10999998,3621703290.38,432731397.8700001,-496808011.48,-4052847536.6099997,515149654.52,23956100.939999983,,63957708629.43001,0.7085013336210145
000876,新希望,2024-12-31,2025-04-26,8699013033.45,17741515610.09,10855285683.68,20763830174.53,8967992637.77,3080565121.54,811568597.9,117913645385.32,81368210423.3,10888104698.32,25657330263.7,3330266005.05,10732155456.76,8896445286.64,43476435665.46,4525938648.0,3832981994.07,11709501571.06,47135063011.94,22305554549.13,660742214.82,4273616.17,4184134254.11,32667937.34,3489866171.97,2025-04-26,103062962254.34,103062962254.34,96150529715.97,473599068.1,201622562.37,-271976505.73,-23130309.95,-170296927.8,1804175384.46,2027921959.83,614433937.76,999768535.09,281848010.14,2025-04-26,9126553532.87,2184088833.21,7270605406.88,-1087479319.95,-9367569979.64,2588394922.25,277831588.81,193427237.75,,1127461873.92,1500000000.0,2024,4,25853812564.729996,25853812564.729996,23322544771.199997,320341205.15000004,168199362.87,-152141842.28000003,-36567545.989999995,-51010590.44000001,458525676.20000005,428778528.81999993,576437466.28,538901850.12,23362533.75,852433259.0500011,770412887.54,863180015.1199999,-2957253654.4799995,632708990.1700001,139010225.39000002,,61409189227.61001,0.6900661086119738
000876,新希望,2025-03-31,2025-04-30,8334660357.63,19053637888.37,13375040858.78,19514860012.66,7949794831.34,3003348809.28,658097713.78,117943565394.65,81674860181.71,10538478770.59,25730226442.35,3122222935.15,10641037916.39,7747901261.33,44248815600.31,4525940237.0,3744580846.11,11059506127.98,49918169012.59,22554027344.39,662510058.85,12658222.09,3466865999.62,65287414.83,3489862644.98,2025-04-30,24417096879.71,24417096879.71,22367224889.49,444687554.65,505543244.48,60855689.83,-19992589.64,1770872.53,508502426.82,513792717.16,434823830.27,659454173.24,121346690.26,2025-04-30,966674184.89,476388567.27,7210603023.29,-390338743.28,-636501819.41,480043182.58,45983127.4,,,1127461873.92,1500000000.0,2025,1,24417096879.71,24417096879.71,22367224889.49,444687554.65,505543244.48,60855689.83,-19992589.64,1770872.53,508502426.82,513792717.16,434823830.27,659454173.24,121346690.26,966674184.89,476388567.27,-390338743.28,-636501819.41,480043182.58,45983127.4,,62896682400.42999,0.6924910223666584
000876,新希望,2025-06-30,2025-08-30,7071834192.0,16200229564.18,11864183531.29,19916701497.02,8011059187.64,2980800966.54,353022823.18,116568827157.58,80172306389.58,10419516714.91,25977004053.09,2769189211.85,10202025479.75,6747551513.2,44945768798.14,4525942771.0,3630391047.75,12281503171.77,48255908226.85,21288065864.8,616540499.01,10803652.74,4492323247.6,1053720917.07,3489856956.75,2025-08-30,51624580505.38,51624580505.38,47560348907.83,754863928.83,898891845.24,144027916.41,-28898336.07,-16846521.65,968289575.0,1019192574.26,701161398.28,1226343942.36,277634003.35,2025-08-30,5153487209.59,818557818.64,5774621244.02,-1170114584.23,-5461556678.53,1100864288.87,81864580.73,45744857.72,,1127461873.92,1500000000.0,2025,2,27207483625.67,27207483625.67,25193124018.34,310176374.18000007,393348600.76,83172226.58,-8905746.43,-18617394.18,459787148.18,505399857.09999996,266337568.01,566889769.1199999,156287313.09000003,4186813024.7000003,342169251.37,-779775840.95,-4825054859.12,620821106.29,35881453.330000006,,58972974746.670006,0.6877679766066577
000876,新希望,2025-09-30,2025-10-31,7419307702.02,14585742883.22,9595597962.2,23396456957.19,8571682068.78,2902753274.79,310431040.47,116870684279.36,81215967128.15,9893202736.03,25761514415.18,2690859883.31,10488749119.87,6556949346.33,44844729680.74,4502576702.0,3483936362.87,13158325888.55,45311350110.62,22231708361.94,609758332.64,9744084.35,5994400705.57,1029646153.11,3489843554.17,2025-10-31,80503632528.3,80503632528.3,74561202563.07,759989438.98,980704828.81,220715389.83,-14931682.49,-30911232.05,1467135701.05,1517089573.52,717465036.99,1536371372.99,432623114.3,2025-10-31,7835356904.17,1343800405.6,6087080583.24,-1311044969.29,-7682770190.73,1683556692.93,101917349.47,,,1127461873.92,1500000000.0,2025,3,28879052022.920006,28879052022.920006,27000853655.240005,5125510.149999976,81812983.56999993,76687473.42000002,13966653.58,-14064710.400000002,498846126.04999995,497896999.26,16303638.710000038,310027430.6300001,154989110.95,2681869694.58,525242586.9599999,-140930385.05999994,-2221213512.2,582692404.0600002,20052768.739999995,,59052233146.18,0.6949216360709987
000876,新希望,2025-12-31,2026-04-29,8626581608.13,14940098338.48,8471651483.55,23344470055.85,8631984643.37,2818194244.76,562935593.21,114232592818.92,79842548501.1,12189814011.73,22200230306.09,2122105471.01,10092765562.52,3200071507.98,46843954113.4,4502774306.0,3346150256.96,12213325058.27,43701852554.56,21307913315.59,493603828.06,14950972.08,5585041628.12,1061548758.8,2210204463.61,2026-04-29,106856298720.47,106856298720.47,100143028471.43,-1784352202.18,-1754244999.4,30107202.78,-863009430.12,-76547986.83,1971954038.78,2051072120.51,-1473654768.3,-937121892.19,598516219.24,2026-04-29,9377940842.22,2131718034.43,6796440537.47,-1550840756.37,-8259195549.77,2238263779.44,211276512.9,939557416.95,,1127461873.92,600000000.0,2025,4,26352666192.17,26352666192.17,25581825908.359985,-2544341641.16,-2734949828.21,-190608187.05,-848077747.63,-45636754.78,504818337.73,533982546.99,-2191119805.29,-2473493265.1800003,165893104.94,1542583938.0499992,787917628.8300002,-239795787.07999992,-576425359.0400009,554707086.51,109359163.43,,58206398766.01,0.6989471790040288
000876,新希望,2026-03-31,2026-04-30,8273594713.38,13709604130.84,8340822776.44,24422791353.51,9706788756.85,2824761093.59,472140870.22,116392802642.03,82460399611.11,12085144072.82,21847258958.1,2024147118.18,11866529573.64,3438842526.41,46239647093.31,4502775237.0,3314866563.85,13959841396.28,44240545154.79,23613780132.68,525046466.03,21931576.64,4458274895.32,887337500.5,3010202321.79,2026-04-30,27292162969.23,27292162969.23,25864145618.93,-897707177.46,-885261076.16,12446101.3,-601298369.79,-34934827.04,503042288.17,485381217.65,-924621680.62,-620781274.26,222846868.31,2026-04-30,438317918.18,554694386.76,6648824251.16,-501830125.83,-43116087.63,439225526.84,30254860.39,,,1127461873.92,1400000000.0,2026,1,27292162969.23,27292162969.23,25864145618.93,-897707177.46,-885261076.16,12446101.3,-601298369.79,-34934827.04,503042288.17,485381217.65,-924621680.62,-620781274.26,222846868.31,438317918.18,554694386.76,-501830125.83,-43116087.63,439225526.84,30254860.39,,59004768111.229996,0.7084664836598166
000876,新希望,2026-06-30,2026-08-29,7963127943.82,11853345484.9,8694458215.72,24832074413.13,9777822304.86,2751359027.23,392214927.75,116947326270.89,82681286380.65,13274704356.22,20991335534.02,2218069006.59,12218314950.26,3571102057.97,45474938483.43,4502775425.0,3229632933.57,15743405392.15,44121924363.37,24467177536.73,508752747.05,16924156.31,6349895219.25,547654891.47,3010201836.03,2026-08-29,55589064229.8,55589064229.8,52959719737.96,-1702193992.05,-1692436539.46,9757452.59,-928947132.21,-43385978.37,945363245.66,959437300.89,-1723145009.48,-1204265804.5,391343521.14,2026-08-29,1646425848.39,1135006527.02,6130333757.94,-923590396.76,-1337175381.74,849676767.93,85195238.27,972333110.58,,1127461873.92,1400000000.0,2026,2,28296901260.570004,28296901260.570004,27095574119.03,-804486814.5899999,-807175463.3000001,-2688648.710000001,-327648762.4200001,-8451151.329999998,442320957.48999995,474056083.24,-798523328.86,-583484530.24,168496652.82999998,1208107930.21,580312140.26,-421760270.93,-1294059294.11,410451241.09,54940377.879999995,,57909059445.840004,0.7069959529398036
000895,双汇发展,2015-12-31,2016-03-30,2426692246.83,600000000.0,320004.61,5758303.93,,,,22884467166.16,5197899254.47,894229220.89,16792338690.8,52801618.67,3384796676.51,715348798.08,11776311707.43,3300867672.0,,2317864752.96,5119302086.24,8915759358.91,44552160.88,,4185763.0,10103449.79,,2016-03-30,44696667615.26,44696667615.26,35413348537.79,4255541752.84,4416463356.26,160921603.42,,,-3786173.46,,3926798992.52,5409994053.65,1258689859.23,2016-03-30,5766324283.46,2256015981.99,2395060877.3,-3289326917.43,-2970130448.19,3290203132.32,22823333.73,108994828.89,,,,2015,4,,,,,,,,,,,,,,,,,,,,,606078308.54,0.2271365645845712
000895,双汇发展,2016-03-31,2016-04-29,1498872222.96,457000000.0,318407.94,5576834.03,,,,23304917638.67,4732866249.59,672850106.0,17899201283.08,56106000.41,2589563233.91,386178301.5,12036140904.42,3300867672.0,,1924704778.12,4656263974.26,9412457749.26,4251189.18,,4961055.0,9650671.12,,2016-04-29,12739884519.18,12739884519.18,10423626798.76,1074141362.8,1108974123.77,34832760.97,,,-5065571.54,,1015601196.47,1405635430.89,334251918.77,2016-04-29,1858341237.78,340042268.02,1464732769.97,-2637163889.26,-151505455.85,5836535.33,60722.39,,,,,2016,1,12739884519.18,12739884519.18,10423626798.76,1074141362.8,1108974123.77,34832760.97,,,-5065571.54,,1015601196.47,1405635430.89,334251918.77,1858341237.78,340042268.02,-2637163889.26,-151505455.85,5836535.33,60722.39,,462895241.96999997,0.20308444436365333
000895,双汇发展,2016-06-30,2016-08-17,1432148750.09,607000000.0,326785.54,5730325.21,,,,20478624204.0,4699733717.23,899382405.34,14879508081.43,61461884.99,2882247952.93,403340217.23,11899324005.65,3300867672.0,,1842335353.75,4625264571.16,6693218667.6,9416816.24,,5876895.0,8848552.33,,2016-08-17,25528679284.52,25527227750.49,20932734812.39,2151463456.36,2228159511.89,76696055.53,,,-13502967.47,,2027956642.62,2788172600.67,659451358.32,2016-08-17,2840813149.31,488561901.17,1400773774.74,215146020.82,-4047160422.04,4253128201.4,1129634.32,63222704.43,,,,2016,2,12788794765.34,12787343231.310001,10509108013.63,1077322093.5600002,1119185388.12,41863294.56,,,-8437395.93,,1012355446.1499999,1382537169.78,325199439.5500001,982471911.53,148519633.15000004,2852309910.0800004,-3895654966.19,4247291666.07,1068911.9300000002,,613057110.75,0.22949460229423133
000895,双汇发展,2016-09-30,2016-10-27,2727863825.14,1628000000.0,329081.98,5588494.91,,,,21541478811.47,7542652438.2,939763385.22,13059062988.05,67328122.83,3265942722.35,462903499.23,11726838517.17,3299558284.0,,2041054676.75,7469738880.3,7133260968.55,5050510.42,,5876895.0,8605981.5,,2016-10-27,38362821191.76,38352952162.31,31364388345.11,3277067649.66,3393859077.9,116791428.24,,,-11580465.18,,3058796268.89,4168401657.0,981251152.47,2016-10-27,3938869686.79,661623195.51,2536314912.07,1259351779.08,-5052830330.55,6263591421.13,1884289.0,,,,,2016,3,12834141907.240002,12825724411.819996,10431653532.720001,1125604193.2999997,1165699566.0100002,40095372.70999999,,,1922502.290000001,,1030839626.27,1380229056.33,321799794.15,1098056537.48,173061294.33999997,1044205758.26,-1005669908.5100002,2010463219.73,754654.6799999999,,1633917576.89,0.35014552641501245
000895,双汇发展,2016-12-31,2017-04-28,3303688588.09,1055000199.99,341855.36,5825999.87,,,,21351919400.65,6283171611.23,865954773.85,14202793015.57,70951919.14,3219714749.87,532599950.74,11574188890.19,3299558284.0,,2308776897.74,6176433020.39,7783553832.08,5412685.6,,,8440201.5,,2017-03-23,51845061670.83,51822365961.66,42439540448.01,4405056392.24,4561541599.11,156485206.87,,,-17763442.59,,4106447817.34,5557562242.55,1300457688.13,2017-03-23,5545999256.67,895774108.27,2976208156.96,1764104943.2,-6741393824.8,7350790285.79,14572716.32,172934238.42,,,,2016,4,13482240479.07,13469413799.350006,11075152102.900002,1127988742.58,1167682521.2099996,39693778.63000001,,,-6182977.41,,1047651548.4500003,1389160585.5500002,319206535.6600001,1607129569.88,234150912.76,504753164.1200001,-1688563494.25,1087198864.6599998,12688427.32,,1061168055.22,0.29426729716105643
000895,双汇发展,2017-03-31,2017-04-28,4364632888.87,2806391287.14,339480.06,5602714.66,,,,22830241994.71,6857891533.19,878865882.37,15093484579.15,77521600.02,2507313440.87,597158877.29,11339325059.11,3299558284.0,,1608375685.51,6752601049.06,9378800350.42,4468801.08,,,7723156.4,,2017-04-28,12228209871.35,12211896658.68,10149369546.21,878616646.21,912552977.37,33936331.16,,,14813653.32,,818735143.06,1106661585.38,265343969.56,2017-04-28,1540787645.54,163874703.7,4002953670.82,-2153689769.42,1639408132.88,79579755.8,184934.28,,,,,2017,1,12228209871.35,12211896658.68,10149369546.21,878616646.21,912552977.37,33936331.16,,,14813653.32,,818735143.06,1106661585.38,265343969.56,1540787645.54,163874703.7,-2153689769.42,1639408132.88,79579755.8,184934.28,,2812333481.8599997,0.30038628301789544
000895,双汇发展,2017-06-30,2017-08-15,2690843089.16,2747000000.0,334278.56,5514733.84,,,68300000.0,20331689558.35,7223869825.27,925012539.82,12182807193.26,77250076.85,3320718967.8,708210959.04,11095288379.66,3299558284.0,,1638176085.44,7051564554.13,7017850858.46,8287998.1,,,7501262.88,,2017-08-15,24045231882.5,23997162774.64,19534171971.85,1904054872.23,1983290938.09,79236065.86,,,42774750.76,,1793880630.44,2458531478.76,593867553.77,2017-08-15,2236389323.47,259715172.04,2427385612.5,-722267817.18,-2062928453.38,4048502838.77,583813.6,124981884.25,,,,2017,2,11817022011.15,11785266115.96,9384802425.64,1025438226.02,1070737960.7199999,45299734.7,,,27961097.439999998,,975145487.3800001,1351869893.38,328523584.21,695601677.9299998,95840468.34,1431421952.2400002,-3702336586.26,3968923082.97,398879.31999999995,,2752849012.4,0.35530100951709825
000895,双汇发展,2017-09-30,2017-10-31,5068440765.73,2257000000.0,327726.78,5243628.55,,,68300000.0,22203845940.87,7833155835.83,937814471.41,13432875633.63,71185494.22,2784665092.53,161895019.21,11624941125.34,3299558284.0,,1870858274.55,7674686148.42,8431651087.75,5004083.08,,,7084094.86,,2017-10-31,37335947729.0,37266733711.94,30031611150.88,3151038717.0,3295472648.69,144433931.69,,,62982052.84,70779879.87,3023574122.91,4102094064.31,950348960.81,2017-10-31,4459164189.62,401805743.9,4636675296.69,-559141976.21,-2239539476.31,4073887646.75,637232.0,,,,,2017,3,13290715846.5,13269570937.300003,10497439179.030003,1246983844.77,1312181710.6000001,65197865.83,,,20207302.080000006,,1229693492.4699998,1643562585.5499997,356481407.03999996,2222774866.15,142090571.85999998,163125840.9699999,-176611022.92999983,25384807.98000002,53418.40000000002,,2262571355.3300004,0.35278374101000803
000895,双汇发展,2017-12-31,2018-03-27,6162804240.18,1942107168.85,320950.78,5135212.55,,,68300000.0,23089066159.71,7621737898.53,850244111.39,14617084149.79,68785210.07,2928255410.86,158186690.22,11499807659.66,3299558284.0,,1848353162.03,7407039052.28,10016534867.96,5318333.85,,,3053448.99,,2018-03-27,50574851529.3,50443861236.89,40907132171.75,4319299922.47,4510532603.91,191232681.44,,,55120256.41,87407990.68,3962729985.77,5547101709.08,1248654226.69,2018-03-27,5650043807.98,526605944.19,5743776320.98,-401700454.55,-2480595949.89,4150808042.36,79156002.49,331477844.44,,,,2017,4,13238903800.300003,13177127524.949997,10875521020.869999,1168261205.4700003,1215059955.2199998,46798749.75,,,-7861796.430000007,16628110.810000002,939155862.8600001,1445007644.77,298305265.8800001,1190879618.3599997,124800200.29000002,157441521.66000003,-241056473.57999992,76920395.61000013,78518770.49,,1947563332.1799998,0.3301016093855625
000895,双汇发展,2018-03-31,2018-04-25,5914926990.38,1642107168.85,309254.18,4793439.72,,,68300000.0,23488935007.21,6899689810.52,897944766.43,15691300430.26,69140398.45,3006646756.12,204266206.51,11303393266.51,3299558284.0,,1657229583.57,6685055832.74,10592016781.43,10597592.65,,,2484125.03,,2018-04-25,12059922916.93,11994416709.36,9629030078.21,1063891434.59,1112816234.98,48924800.39,,,13093698.77,20437769.81,1010469410.4,1404992986.66,293109564.96,2018-04-25,1260796863.35,143397751.79,5480448254.54,-1143295800.79,-380876034.44,32105518.22,1677.0,,,,,2018,1,12059922916.93,11994416709.36,9629030078.21,1063891434.59,1112816234.98,48924800.39,,,13093698.77,20437769.81,1010469410.4,1404992986.66,293109564.96,1260796863.35,143397751.79,-1143295800.79,-380876034.44,32105518.22,1677.0,,1647209862.75,0.29374213042873676
000895,双汇发展,2018-06-30,2018-08-15,3826852041.87,2040602118.85,326312.45,5057842.94,,,67950000.0,21544460558.83,7219364156.42,925513306.31,13399583096.1,69678421.77,4080783559.9,217700225.5,11159914298.56,3299558284.0,,1755094186.3,7009100122.02,8789855267.47,6196813.71,,,1962458.31,,2018-08-15,23732111598.2,23621389338.87,18575792566.35,2385332323.73,2458736676.57,73404352.84,-243645901.05,,27075144.91,41050905.34,2213119832.11,3073374904.8,626213289.19,2018-08-15,1918813073.35,240583724.32,3518378484.27,-461024099.55,-3683483664.61,3740929973.39,1225564.14,243645901.05,,,,2018,2,11672188681.27,11626972629.509998,8946762488.14,1321440889.1399999,1345920441.5900002,24479552.450000003,,,13981446.14,20613135.530000005,1202650421.71,1668381918.14,333103724.2300001,658016210.0,97185972.53,682271701.24,-3302607630.17,3708824455.17,1223887.14,,2045986274.24,0.33509143274701964
000895,双汇发展,2018-09-30,2018-10-31,3833059504.51,2484000000.0,338386.05,5075790.72,,,67950000.0,23787611399.13,8205657413.81,906912409.79,14675041575.53,68329687.07,3818578615.06,376011087.87,10891871729.01,3299558284.0,,1900132730.94,7994148662.33,11166478247.29,7949770.27,,,,,2018-10-31,36629481790.85,36496556852.09,28678892478.93,3655707197.72,3749645194.95,93937997.23,-284414023.79,,138030966.83,159100059.4,3460948479.57,4702513601.39,961882622.64,2018-10-31,3955104937.77,401428781.2,3513962727.15,-2499915513.19,-3690945935.48,3881883502.86,1500245.82,,,,,2018,3,12897370192.649998,12875167513.219997,10103099912.580002,1270374873.9899998,1290908518.3799996,20533644.39,-40768122.74000001,,110955821.92000002,118049154.06,1247828647.46,1629138696.5900002,335669333.4499999,2036291864.42,160845056.88,-2038891413.64,-7462270.869999886,140953529.47000027,274681.68000000017,,2489414176.77,0.3449550808665939
000895,双汇发展,2018-12-31,2019-03-16,2800713026.56,3130575449.85,1129518.63,17338134.55,,,67950000.0,22864524601.32,9159341367.5,663643319.99,13041539913.83,66116743.94,4244810831.87,111511869.18,11158559254.58,3299558284.0,,1950862639.54,8928881624.09,10265776407.59,6753169.6,,,,,2019-03-16,48892313312.51,48738766073.83,38226512894.27,4911892293.45,5034944951.92,123052658.47,-390496305.2,,163203095.81,198992109.55,4611169396.64,6295718467.37,1244651764.16,2019-03-16,4876193203.92,518810335.48,2481081039.77,-2210170296.89,-5934704438.52,5216296793.48,101126504.31,390496305.2,,,,2018,4,12262831521.660004,12242209221.740005,9547620415.339996,1256185095.73,1285299756.9700003,29114661.239999995,-106082281.40999997,,25172128.97999999,39892050.150000006,1150220917.0700002,1593204865.9799995,282769141.5200001,921088266.1500001,117381554.28000003,289745216.3000002,-2243758503.0400004,1334413290.6199994,99626258.49000001,,3149043103.03,0.40059181317818515
000895,双汇发展,2019-03-31,2019-04-30,1564178885.44,3100306461.9,330846.21,4797270.01,,,67950000.0,24123542964.92,8785224428.07,1071974499.25,14266344037.6,35136297.84,5270518676.25,150175374.51,10938218197.78,3299558284.0,,2165501469.71,8562894349.63,11697369270.85,8954879.9,3845791294.12,,,,2019-04-30,11971932910.57,11957927236.47,9432831398.52,1286818447.23,1331668646.75,44850199.52,-15774361.95,680481.8,22770160.56,29139353.35,1226595435.38,1593209483.24,260504278.47,2019-04-30,344397195.93,120674398.6,1364674067.26,-2142305477.07,681546080.95,35852894.7,2986.7,,,,,2019,1,11971932910.57,11957927236.47,9432831398.52,1286818447.23,1331668646.75,44850199.52,-15774361.95,680481.8,22770160.56,29139353.35,1226595435.38,1593209483.24,260504278.47,344397195.93,120674398.6,-2142305477.07,681546080.95,35852894.7,2986.7,,3105434578.1200004,0.36417637495641947
000895,双汇发展,2019-06-30,2019-08-14,1636526123.81,3174942466.45,338435.33,4907312.25,,,67050000.0,24675960809.8,10030541882.31,1094768127.03,13550650800.46,40986742.79,7203684926.66,151136595.43,10755811238.82,3299558284.0,,3215930583.18,9772922164.54,12427201729.89,8802481.73,2868391734.4,126792676.99,,,2019-08-14,25437448401.71,25415558312.5,20426570763.7,2399323241.75,2488053811.43,88730569.68,-73348022.18,816022.72,56554620.2,68266687.96,2243750954.0,3013081156.78,523590670.65,2019-08-14,1553074843.25,238078689.14,1429325888.38,-941004096.41,-1665099596.44,1891129875.47,431955.56,72531999.46,,,,2019,2,13465515491.14,13457631076.03,10993739365.18,1112504794.52,1156385164.6799998,43880370.160000004,-57573660.230000004,135540.91999999993,33784459.64,39127334.60999999,1017155518.6199999,1419871673.5400002,263086392.17999998,1208677647.32,117404290.53999999,1201301380.6599998,-2346645677.3900003,1855276980.77,428968.86,,3180188214.0299997,0.4064904284629271
000895,双汇发展,2019-09-30,2019-10-29,2178809716.22,3605151827.34,1136248.02,16311391.82,,,67000000.0,26538138386.47,10569651704.08,778754403.66,15189732278.73,47637050.39,7760567676.56,161247793.68,10684444009.22,3319282190.0,,2386002844.08,10304683852.88,14380887150.27,12545372.71,3379385251.61,130905988.87,,,2019-10-29,41994340169.22,41968478986.29,33794587523.82,3943102020.36,4109966981.22,166864960.86,-85835522.1,-87242.46,102564841.92,101567646.02,3748568266.04,5001583304.94,887331116.42,2019-10-29,2684390417.73,361358835.93,1915060426.35,-1439399852.86,-1811966251.95,2024815222.1,697860.27,,,,,2019,3,16556891767.510002,16552920673.79,13368016760.119999,1543778778.6100001,1621913169.79,78134391.18,-12487499.919999987,-903265.1799999999,46010221.72,33300958.060000002,1504817312.04,1988502148.1599994,363740445.77,1131315574.48,123280146.79000002,-498395756.4499999,-146866655.51,133685346.62999988,265904.71,,3622599467.1800003,0.3982815806503123
000895,双汇发展,2019-12-31,2020-03-25,3455331419.03,3277465169.5,67979596.11,16188598.83,,,,28633340531.12,11517949718.79,627690854.16,16487699958.17,54434108.35,8801425418.16,174313486.48,10575391363.86,3319282190.0,,3083517445.67,11283570251.07,16303245417.83,20868724.5,3052713858.41,137182676.99,,,2020-03-25,60348305743.59,60309731762.99,48976782883.71,5437612565.07,5665988893.71,228376328.64,-334907147.33,141773.61,97447155.7,122075794.19,5169704549.37,6851675858.99,1172504439.47,2020-03-25,4423615424.35,667924000.16,3146198954.68,-1374708552.69,-2384831286.18,2050953743.59,9406132.89,334765373.72,,,,2019,4,18353965574.369995,18341252776.699997,15182195359.89,1494510544.7099996,1556021912.4900002,61511367.77999997,-249071625.23,229016.07,-5117686.219999999,20508148.17,1421136283.33,1850092554.0500002,285173323.0500001,1739225006.6200004,306565164.22999996,64691300.16999984,-572865034.2299998,26138521.49000001,8708272.620000001,,3361633364.44,0.40225658289055644
000895,双汇发展,2020-03-31,2020-04-29,5331094435.9,3844835134.4,67984045.03,15701904.22,,,,31215956315.87,12582740748.44,676465557.89,17956750009.54,48838814.1,8754676457.8,229605861.68,10411488842.15,3319282190.0,,2997101898.34,12089667337.87,19021337217.42,11852982.8,3349802541.84,137382676.99,186736319.57,,2020-04-29,17591649888.68,17581630130.4,14599212048.68,1464652220.36,1513426924.09,48774703.73,-189702788.43,-1720111.01,17166159.49,27512035.87,1389504948.56,1893991857.04,374271640.68,2020-04-29,1785116837.13,154530587.73,4951423819.58,-414043797.41,431823559.4,16620950.68,168.2,,,,,2020,1,17591649888.68,17581630130.4,14599212048.68,1464652220.36,1513426924.09,48774703.73,-189702788.43,-1720111.01,17166159.49,27512035.87,1389504948.56,1893991857.04,374271640.68,1785116837.13,154530587.73,-414043797.41,431823559.4,16620950.68,168.2,,3928521083.65,0.4030868258885605
000895,双汇发展,2020-06-30,2020-08-12,4598960020.84,5515708862.5,1209788.35,15889174.46,,,66406816.67,29999503876.88,13776209613.58,424753853.81,15798540409.49,66534304.65,9367822679.79,247445946.7,10323722004.41,3319282190.0,,1941077909.12,13185027792.49,17743398878.5,21281371.37,2613237197.21,4000000.0,97696272.69,,2020-08-12,36373403361.03,36347557588.18,30182062651.8,3040933153.21,3111318304.54,70385151.33,-473124433.64,-1487030.38,39222483.68,57181319.59,2823082672.29,3888554542.69,769870402.29,2020-08-12,1768934499.82,407190861.02,4269592607.82,120087212.36,-768776674.71,2490666832.97,3614176.76,474611464.02,,,,2020,2,18781753472.35,18765927457.78,15582850603.119999,1576280932.8500001,1597891380.45,21610447.6,-283421645.21,233080.63000000012,22056324.19,29669283.720000003,1433577723.73,1994562685.65,395598761.60999995,-16182337.310000181,252660273.29,534131009.77000004,-1200600234.1100001,2474045882.29,3614008.5599999996,,5532807825.31,0.45921458135169496
000895,双汇发展,2020-09-30,2020-10-28,7462727680.85,4212333390.22,1160855.41,15201230.23,,,65956091.67,37072612408.71,11966782137.66,442460396.32,24663369874.73,123943927.73,6286197350.76,328233743.44,10227675008.0,3464661213.0,,1871053489.51,11438833615.23,24621172122.91,61590349.36,9048650976.68,4000000.0,72548961.4,,2020-10-28,55763697598.02,55726638773.94,45945655612.44,4938309156.77,5037120331.01,98811174.24,-629264985.51,-3695584.65,20855562.86,76003126.78,4573995980.09,6298054835.94,1235075082.51,2020-10-28,6113238255.13,718385453.1,7084502188.83,-6388834098.29,4210952343.57,3206794119.82,4014149.01,,,,,2020,3,19390294236.989998,19379081185.760002,15763592960.640003,1897376003.5600004,1925802026.4700003,28426022.909999996,-156140551.87,-2208554.27,-18366920.82,18821807.189999998,1750913307.8000002,2409500293.2499995,465204680.22,4344303755.31,311194592.08000004,-6508921310.65,4979729018.280001,716127286.8500004,399972.25,,4228695475.8599997,0.32279306367005506
000895,双汇发展,2020-12-31,2021-03-31,8485885001.2,2382649141.34,1170765.56,15098464.11,,,66216080.56,34703881761.96,10571162795.18,369675244.18,23763043722.6,148164853.7,6377695426.57,323388219.78,10303818090.88,3464661213.0,,1712284564.46,9994949792.45,22073939430.04,120060994.51,5735620003.05,4000000.0,170555854.91,,2021-03-31,73935193285.13,73862643466.6,62129532328.07,6255513991.33,6369802327.8,114288336.47,-838771542.13,-2918559.78,32513153.29,98647306.89,5775426464.86,8003571535.99,1603156126.62,2021-03-31,8821926787.69,1156976110.17,8130072298.82,-3652258132.87,-187950243.53,5776113807.49,19561563.24,841690101.91,,,,2020,4,18171495687.11001,18136004692.660004,16183876715.629997,1317204834.5599995,1332681996.79,15477162.230000004,-209506556.62,777024.8700000001,11657590.43,22644180.11,1201430484.7699995,1705516700.0500002,368081044.1099999,2708688532.5600004,438590657.07000005,2736575965.42,-4398902587.1,2569319687.6699996,15547414.229999999,,2398918371.01,0.3046103853075992
000895,双汇发展,2021-03-31,2021-04-28,9979126646.9,3569086455.54,13312764.15,14101800.07,,195770981.42,65966700.83,37157150245.73,11589156360.36,363745886.81,25204247998.56,110732651.7,5794105746.72,493492464.21,10142428027.35,3464661213.0,344753041.85,1671149609.58,10805022252.19,24205932266.44,254822195.88,6423242670.73,,167470501.92,,2021-04-28,18317771682.02,18284212024.49,15606789036.41,1441074393.04,1451874316.56,10799923.52,-215866613.65,152734.48,6395124.01,23531214.57,1295236126.85,1872590013.33,425313074.19,2021-04-28,1403883284.47,454966312.59,9544484904.85,-1279542411.65,1287413029.26,71483349.68,247177.66,,,,,2021,1,18317771682.02,18284212024.49,15606789036.41,1441074393.04,1451874316.56,10799923.52,-215866613.65,152734.48,6395124.01,23531214.57,1295236126.85,1872590013.33,425313074.19,1403883284.47,454966312.59,-1279542411.65,1287413029.26,71483349.68,247177.66,,3792272001.1800003,0.31189572622544687
000895,双汇发展,2021-06-30,2021-08-13,5204437023.71,2790945687.73,14384913.32,14025645.23,,209347758.45,65805850.0,31818858038.68,10970169138.16,368971353.13,20479717547.39,128469240.25,7757773186.61,1052651325.74,9961060595.67,3464661213.0,358509359.8,2343253488.0,10179449250.6,18157216793.2,522662159.37,3439838846.55,39180383.98,138984482.87,,2021-08-13,34909906881.06,34841777479.44,29811367332.3,2537093120.84,2553118510.68,16025389.84,-653919048.74,-5917008.59,2242072.21,58348628.95,2304620625.75,3141038420.24,589318687.44,2021-08-13,1275059449.61,1301541502.89,4963006584.89,931083391.51,-5376797114.87,5984543493.81,7728277.31,659836057.33,,,,2021,2,16592135199.039997,16557565454.95,14204578295.89,1096018727.8000002,1101244194.12,5225466.32,-438052435.09000003,-6069743.07,-4153051.8,34817414.38,1009384498.9000001,1268448406.9099998,164005613.25000006,-128823834.86000013,846575190.3000002,2210625803.16,-6664210144.13,5913060144.13,7481099.649999999,,3028704004.73,0.3447694170804093
000895,双汇发展,2021-09-30,2021-10-27,8200568649.33,5529346439.21,16046872.19,13242884.05,,208332136.76,65705688.89,35353424914.41,13591204128.34,366771404.07,21395449382.0,173409463.17,7252432797.7,2422502586.74,10030139379.79,3464661213.0,356545673.21,2089723629.76,12809622053.12,20248895963.61,326315185.23,2016353930.09,34303054.18,142614240.36,,2021-10-27,51044489630.05,50958105407.72,43051475597.91,3452886928.22,3466712368.99,13825440.77,-1615712918.12,-3964448.62,8790809.66,98894622.95,3080334893.35,4312909282.36,826134304.25,2021-10-27,2013953011.72,2594464939.74,7858140331.26,429118663.2,-2718822632.84,6060346038.64,9647385.44,,,,,2021,3,16134582748.990005,16116327928.279999,13240108265.610004,915793807.3799996,913593858.31,-2199949.0700000003,-961793869.3799999,1952559.9699999997,6548737.45,40545994.0,775714267.5999999,1171870862.12,236815616.80999994,738893562.1100001,1292923436.8499997,-501964728.31,2657974482.0299997,75802544.82999992,1919108.13,,5766968332.21,0.384438117699885
000895,双汇发展,2021-12-31,2022-03-29,7839214998.41,2337955989.2,13076835.54,12830284.38,,215796687.72,65515916.45,33977361889.46,10827651325.11,340973836.42,22808736727.93,185852877.1,5668922729.5,3097334463.83,10835284270.95,3464661213.0,356417813.57,2143865676.81,9974398405.32,17520013440.57,213601311.62,1464488345.16,30556600.43,152921948.77,,2022-03-29,66797549317.92,66682260352.97,56445024738.08,4865939674.32,4883632939.9,17693265.58,-1298315292.14,-7177010.03,-10713623.63,130835191.63,4434109385.35,6238605042.69,1332386318.06,2022-03-29,6034052782.54,3933359511.72,7573680105.43,-592352615.53,-6001946659.51,6067012075.48,14569220.19,1305492302.17,,,,2021,4,15753059687.869995,15724154945.25,13393549140.169998,1413052746.1,1416920570.9099998,3867824.8099999987,317397625.9799998,-3212561.41,-19504433.29,31940568.679999992,1353774492.0000005,1925695760.33,506252013.80999994,4020099770.8199997,1338894571.98,-1021471278.73,-3283124026.67,6666036.839999199,4921834.75,,2579659796.8399997,0.3186725137853863
000895,双汇发展,2022-03-31,2022-04-27,9199298565.97,6367950523.64,14928106.69,12118298.35,,221896771.89,65015017.22,38658274809.25,14028960927.59,361319348.07,24267994533.59,204578281.29,5743972960.74,2930491505.04,11626457701.97,3464661213.0,362839457.56,1917131243.51,13189293617.66,21750483056.22,112433008.13,2458216349.76,30556600.43,137807133.3,,2022-04-27,13791190544.84,13761901622.19,11153245379.54,1460456811.71,1475355564.13,14898752.42,-61434950.92,4348110.17,-27739771.59,24793624.54,1368973762.25,1903740033.62,429451047.81,2022-04-27,-228133419.21,839966084.15,8918058288.85,-2342070740.62,3914636874.74,206429240.11,761775.33,,,,,2022,1,13791190544.84,13761901622.19,11153245379.54,1460456811.71,1475355564.13,14898752.42,-61434950.92,4348110.17,-27739771.59,24793624.54,1368973762.25,1903740033.62,429451047.81,-228133419.21,839966084.15,-2342070740.62,3914636874.74,206429240.11,761775.33,,6616893700.570001,0.36289671478648616
000895,双汇发展,2022-06-30,2022-08-17,5758981468.58,3549910997.78,81190895.21,12224143.29,,227048276.43,,33933386823.83,12518689865.93,377126724.14,21037570233.76,200017106.76,6927514925.41,2982308271.97,13070980353.16,3464661213.0,375647846.23,2931078027.3,11744125592.97,15737461362.5,76021996.49,621933539.77,,167717194.93,,2022-08-17,27962908581.15,27902038703.88,22896099107.27,2730375334.05,2767081462.56,36706128.51,-59516567.15,2562473.81,-20161699.53,64251196.63,2595931085.52,3467839227.1,715696425.19,2022-08-17,1551453141.58,1770018338.84,5428905803.07,91104257.73,-3787563702.2,4624571119.76,9833840.27,56954093.34,,,,2022,2,14171718036.310001,14140137081.69,11742853727.73,1269918522.3400002,1291725898.4299998,21807376.089999996,1918383.7700000033,-1785636.3599999999,7578072.059999999,39457572.09,1226957323.27,1564099193.48,286245377.38000005,1779586560.79,930052254.6899999,2433174998.35,-7702200576.94,4418141879.650001,9072064.94,,3870374312.71,0.3689195520306463
000895,双汇发展,2022-09-30,2022-10-26,8947320942.06,8882333835.65,81464122.26,11920168.88,,224391050.29,,39431281907.03,18764879759.96,372109424.03,20294292723.04,310360157.86,6729299179.71,2113275228.84,14852957658.87,3464661213.0,370681574.97,3171127837.87,18000872481.67,20046225998.82,60402563.85,1847806731.18,,175304229.65,,2022-10-26,44639574829.1,44533397599.34,36933267141.77,4065709842.0,4125317780.17,59607938.17,-107819773.97,1003186.53,-14404405.36,96654297.38,3880038733.04,5149056146.72,1043278759.32,2022-10-26,4035345671.14,2849591964.25,8611149157.42,-2691651743.99,-307187933.17,6751651707.6,118848510.63,,,,,2022,3,16676666247.949997,16631358895.459995,14037168034.499996,1335334507.9499998,1358236317.6100001,22901809.660000004,-48303206.82,-1559287.28,5757294.170000002,32403100.749999993,1284107647.52,1681216919.6200004,327582334.13,2483892529.56,1079573625.41,-2782756001.72,3480375769.0299997,2127080587.8400002,109014670.36,,9200109177.08,0.47588814901334736
000895,双汇发展,2022-12-31,2023-03-29,5768851029.71,3147345427.65,81472996.16,12285534.11,,206565239.05,,36411979719.78,14229511445.34,329662290.03,21852805984.41,340454276.63,6121265080.48,2725774466.24,15164822690.31,3464661213.0,347035472.85,3918611725.99,13500865734.18,16075782073.93,35157826.46,1031167727.91,,253404276.54,,2023-03-29,62730570471.06,62575635903.48,52319230316.51,5620885670.8,5717174331.98,96288661.18,-279327958.12,2565260.94,-60585033.67,133892893.99,5216721795.58,7140766623.16,1442686468.99,2023-03-29,7565466114.96,3549039091.99,5236336215.58,-3488329063.97,-6415193443.84,6771480260.67,165068602.69,276762697.18,,,,2022,4,18090995641.96,18042238304.140007,15385963174.740005,1555175828.8000002,1591856551.8099995,36680723.010000005,-171508184.15,1562074.41,-46180628.31,37238596.61,1336683062.54,1991710476.4399996,399407709.66999996,3530120443.82,699447127.7399998,-796677319.98,-6108005510.67,19828553.069999695,46220092.06,,3447669196.9700003,0.39079202929496676
000895,双汇发展,2023-03-31,2023-04-26,7618286621.39,9979189241.05,81976011.75,11830370.7,,205033172.97,,42856315012.67,19168190794.6,346976980.18,23341147237.89,337477412.62,6094837753.85,2681724135.49,15179006361.95,3464661213.0,348679855.36,2921355728.37,18442224035.6,22485406125.79,39406082.5,3923343886.28,,164097748.17,,2023-04-26,15708743890.94,15665690305.85,12962995660.72,1488153816.4,1505468506.55,17314690.15,-95090400.83,1568362.75,-71192681.85,33839258.79,1400595257.49,1935714563.14,435706162.96,2023-04-26,-5555218.09,1025346112.14,7179843041.07,-5280814640.51,7229511534.23,117743815.34,1512856.32,,,,,2023,1,15708743890.94,15665690305.85,12962995660.72,1488153816.4,1505468506.55,17314690.15,-95090400.83,1568362.75,-71192681.85,33839258.79,1400595257.49,1935714563.14,435706162.96,-5555218.09,1025346112.14,-5280814640.51,7229511534.23,117743815.34,1512856.32,,10278028796.47,0.44726642477154493
000895,双汇发展,2023-06-30,2023-08-16,3188751874.28,6483512993.48,12740307.44,12450122.35,,205596356.47,,36843092787.44,15287264973.44,330518420.91,21225309393.09,308607679.7,7756037525.53,1989398392.57,15981033811.11,3464661213.0,342220295.41,3122665749.54,14544451804.85,16401230856.49,25619041.71,1405767013.67,,134085002.76,,2023-08-16,30522025302.6,30426569045.24,25163521728.52,2836676897.72,2871934369.48,35257471.76,-214627993.82,-79565.21,-90893460.55,76020559.9,2666112236.43,3665719374.1,801129279.36,2023-08-16,351807184.61,1576555986.55,2797830855.79,-2587516688.13,-205631478.98,3646919245.64,3572134.09,214707559.03,,,,2023,2,14813281411.659998,14760878739.390001,12200526067.800001,1348523081.3199997,1366465862.93,17942781.61,-119537592.99,-1647927.96,-19700778.700000003,42181301.11000001,1265516978.9399998,1730004810.9599998,365423116.40000004,357362402.7,551209874.41,2693297952.38,-7435143013.209999,3529175430.2999997,2059277.7699999998,,6714299779.74,0.4149289274284679
000895,双汇发展,2023-09-30,2023-10-25,4609180831.96,11269105527.13,63727490.05,961544993.2,,204071950.91,,41834081626.04,21366134921.78,350939979.03,20117006725.23,274372890.63,7780949825.06,1855993535.25,16241326864.05,3464661213.0,336317500.42,2970722346.56,19654743038.99,21317728328.31,28953244.47,3921298355.01,,129705604.37,,2023-10-25,46345074602.33,46192701097.69,38028056196.47,4327222307.85,4382901337.73,55679029.88,-266513714.63,-629439.24,-47150130.9,128038908.16,4114288590.0,5614402189.96,1231750286.5,2023-10-25,2451145083.33,2056070177.38,4189134509.67,-6675228889.9,3173544401.4,6350879942.97,4255568.91,,,,,2023,3,15823049299.730003,15766132052.45,12864534467.95,1490545410.1300006,1510966968.2499995,20421558.120000005,-51885720.81,-549874.03,43743329.65,52018348.25999999,1448176353.5700002,1948682815.8600001,430621007.14,2099337898.7199998,479514190.83000016,-4087712201.7699995,3379175880.38,2703960697.3300004,683434.8200000003,,12498449961.289999,0.51073512531659
000895,双汇发展,2023-12-31,2024-03-27,2834162998.73,5982978796.66,66126819.02,961786699.45,,210406510.41,,36675370401.01,15529083608.97,303501473.09,20842785318.95,279261155.51,8266656574.16,882393205.78,17074640075.5,3464661213.0,338143502.67,3735596797.92,14015667058.01,16376412407.8,6778157.61,613282123.26,,136892101.28,,2024-03-27,60097373661.0,59892963176.51,49679284453.56,5052741772.33,5101622486.54,48880714.21,-487739218.13,-3311777.67,-14742465.11,182054097.28,4732071610.46,6637316179.73,1543500523.58,2024-03-27,3387718636.44,2411672123.21,2303933516.28,-3178160909.79,-3145814129.24,6386883648.51,22266826.73,491050995.8,,,,2023,4,13752299058.669998,13700262078.82,11651228257.089996,725519464.4799995,718721148.8100004,-6798315.670000002,-221225503.5,-2682338.4299999997,32407665.79,54015189.120000005,617783020.46,1022913989.7699995,311750237.0799999,936573553.1100001,355601945.8299999,3497067980.1099997,-6319358530.639999,36003705.53999996,18011257.82,,7221298825.54,0.4234199529322912
000895,双汇发展,2024-03-31,2024-04-23,6071348591.71,10901901873.02,15157645.5,811039197.79,,207352971.3,,41395818052.9,18962545816.67,318421703.49,22114850532.74,305744308.33,7137195929.21,387781527.27,17413433324.74,3464661213.0,332011821.92,2551517354.07,17578954682.59,21284598969.58,38332204.54,3474924897.22,,121789289.63,,2024-04-23,14307929362.72,14268777130.09,11503670173.64,1271715274.34,1286635504.74,14920230.4,-107206591.36,2305323.1,37708990.22,52842799.99,1244885441.32,1751387037.25,463144708.54,2024-04-23,1446221593.71,578166297.07,5514370814.38,-3143783018.22,4906068695.82,99825860.01,377044.4,,,,,2024,1,14307929362.72,14268777130.09,11503670173.64,1271715274.34,1286635504.74,14920230.4,-107206591.36,2305323.1,37708990.22,52842799.99,1244885441.32,1751387037.25,463144708.54,1446221593.71,578166297.07,-3143783018.22,4906068695.82,99825860.01,377044.4,,11935451687.61,0.45807877965927934
000895,双汇发展,2024-06-30,2024-08-14,3732420495.36,7137309116.18,14401637.0,811039206.04,,206594282.24,,36219097916.03,15276711519.76,228144919.03,20714241477.24,312858414.44,7097669417.97,394134081.09,17174485975.14,3464661213.0,328107023.22,2762232596.15,13892832438.9,16349694611.81,49374965.97,2159679496.53,,121197290.58,,2024-08-14,27672408063.44,27593213220.68,22545326329.93,2296351131.43,2331276050.23,34924918.8,-139385855.86,1227336.38,81761996.22,111855002.73,2230901671.59,3152760759.92,821680854.02,2024-08-14,3577589221.24,802962687.74,3239188107.74,-1114610004.46,-1534740268.48,2584354797.12,4800423.79,138158519.48,,,,2024,2,13364478700.72,13324436090.59,11041656156.29,1024635857.0899999,1044640545.49,20004688.4,-32179264.500000015,-1077986.7200000002,44053006.0,59012202.74,986016230.2700002,1401373722.67,358536145.47999996,2131367627.5299997,224796390.66999996,2029173013.7599998,-6440808964.299999,2484528937.1099997,4423379.39,,8169344241.46,0.42178608520779226
000895,双汇发展,2024-09-30,2024-10-30,6008492275.92,9687715583.49,14729687.7,810583098.5,,205589103.94,,38222512909.0,18054486833.16,234305003.59,19933721072.25,300143305.91,6247575661.83,404422069.96,17014194584.82,3464661213.0,322617187.37,2538158300.9,16664738404.53,18516435482.53,10457897.35,2661268132.37,100000.0,146225960.93,,2024-10-30,44112196339.2,43999316268.87,35979245465.94,3804459384.15,3857780731.0,53321346.85,-225622377.06,2555085.54,109088891.46,153015429.65,3675869464.8,5122597420.49,1265623835.0,2024-10-30,6912997807.76,1051576328.04,5586858651.14,-2105489247.8,-1531272476.29,4922250292.81,15293019.14,,,,,2024,3,16439788275.759998,16406103048.190002,13433919136.010002,1508108252.7200003,1526504680.77,18396428.050000004,-86236521.19999999,1327749.1600000001,27326895.239999995,41160426.92,1444967793.21,1969836660.5699997,443942980.98,3335408586.5200005,248613640.29999995,-990879243.3399999,3467792.190000057,2337895495.6900005,10492595.350000001,,10718617473.630001,0.4723521678478871
000895,双汇发展,2024-12-31,2025-03-26,5749628439.7,7098148362.6,15347847.06,810375894.55,,200825940.91,,37285159827.29,15959779861.19,206880360.27,21118499605.83,299384018.68,6927950505.95,289359705.82,16893266348.4,3464661213.0,314561789.4,2481286355.3,14617521129.79,17846257098.62,9438936.26,2271045223.94,100000.0,167930666.41,,2025-03-26,59715249829.28,59561224544.07,49024286561.98,4989048074.6,5054867594.95,65819520.35,-338655440.26,3229438.0,137975581.96,186472897.25,4812760810.76,6659115216.13,1604207260.2,2025-03-26,8415760882.42,1387547994.34,5394052203.25,-1157061932.96,-4178392709.99,4964201954.34,47439656.82,335426002.26,,,,2024,4,15603053490.080002,15561908275.199997,13045041096.04,1184588690.4500003,1197086863.9499998,12498173.5,-113033063.19999999,674352.46,28886690.500000015,33457467.599999994,1136891345.96,1536517795.6400003,338583425.20000005,1502763074.6599998,335971666.29999995,948427314.8399999,-2647120233.7,41951661.52999973,32146637.68,,8124698045.120001,0.42804643818392896
000895,双汇发展,2025-03-31,2025-04-30,9243792816.66,13173604631.88,13681566.18,610060953.52,,201877864.97,,42997624801.4,20521257939.5,220963945.36,22255402916.54,303925984.35,6259416459.11,357793764.19,16629663377.94,3464661213.0,310972294.19,2059706847.93,19375017843.16,23770386133.16,12291887.15,3768925222.99,6896538.43,146172784.97,,2025-04-30,14295249466.28,14269036952.76,11846774819.0,1137224432.64,1151308017.73,14083585.09,-71795728.55,-222410.72,26234280.81,38065117.22,1060815760.89,1526864005.76,375800404.49,2025-04-30,835901146.43,402967801.29,8635976895.72,-3418372344.36,5821456521.71,77451716.34,22432384.47,,,,,2025,1,14295249466.28,14269036952.76,11846774819.0,1137224432.64,1151308017.73,14083585.09,-71795728.55,-222410.72,26234280.81,38065117.22,1060815760.89,1526864005.76,375800404.49,835901146.43,402967801.29,-3418372344.36,5821456521.71,77451716.34,22432384.47,,13999225016.55,0.4772649194992703
000895,双汇发展,2025-06-30,2025-08-13,5094915936.51,9433483978.6,12035412.7,410601244.7,,198739958.9,,38096073365.78,17042450925.15,210984843.29,20842637597.34,308838274.34,6335974614.31,301760511.41,16496888256.89,3464661213.0,305288100.35,2472993594.86,16102496749.68,18957506545.85,115407107.16,501964931.44,8005633.23,141977065.65,,2025-08-13,28503089516.28,28413967234.35,23504872518.04,2323162303.94,2351217599.96,28055296.02,-143436451.55,129901.68,58181511.13,81266748.75,2215104020.36,3072118038.34,727355549.26,2025-08-13,2914204684.54,514554421.08,4594455674.26,-2941348608.6,-776276245.12,2708577425.25,31302531.38,143306549.87,,,,2025,2,14207840049.999998,14144930281.589998,11658097699.04,1185937871.3,1199909582.23,13971710.93,-71640723.00000001,352312.4,31947230.320000004,43201631.53,1154288259.4700003,1545254032.5800002,351555144.77,2078303538.1100001,111586619.78999996,477023735.7600002,-6597732766.83,2631125708.91,8870146.91,,10054860594.900002,0.44735452815613463
000895,双汇发展,2025-09-30,2025-10-29,6061647376.96,12304361026.77,412239409.12,9924041.86,,195969213.23,,40642770592.82,20190065896.47,226701470.29,20226003226.06,309237362.15,5547120346.46,162175334.9,16378006864.59,3464661213.0,298872072.04,2299852327.47,19645080922.8,21033375337.67,908770522.23,600879556.7,68978331.94,151271279.65,,2025-10-29,44652698143.97,44523390229.82,36428936081.32,3958690910.0,4002462833.02,43771923.02,-249468319.86,-1498141.77,65927904.12,116931474.01,3814753839.19,5187293251.05,1188178955.49,2025-10-29,5995465900.37,683155654.84,5498788998.62,-5679073203.65,-215232890.92,5016029694.98,96935347.8,,,,,2025,3,16149608627.690002,16109422995.470001,12924063563.279999,1635528606.06,1651245233.06,15716627.000000004,-106031868.31,-1628043.45,7746392.989999995,35664725.260000005,1599649818.83,2115175212.71,460823406.23,3081261215.83,168601233.76000005,-2737724595.0499997,561043354.2,2307452269.7299995,65632816.42,,12922493690.980001,0.4967689358273425
000895,双汇发展,2025-12-31,2026-03-25,4969475416.63,9720261935.02,414225075.9,9808690.36,,202290586.81,,39442365327.59,17876611256.28,203222086.6,21362531984.71,304051730.67,5547612648.04,135168635.64,16181246471.23,3464661213.0,303182891.79,2521181320.54,17340312929.67,19923514865.93,917100378.5,300097232.88,67901927.73,149683424.08,,2026-03-25,59459718486.96,59274045475.32,48574081515.83,5104609986.02,5160033428.17,55423442.15,-400979685.91,-2602488.02,86469582.19,149496882.26,4939376972.88,6669693668.48,1512573085.81,2026-03-25,7352441262.38,900176633.66,4341719771.98,-5547968681.6,-2859673720.14,5064337400.92,134191946.16,403582173.93,,,,2025,4,14807020342.989998,14750655245.5,12145145434.510002,1145919076.0200005,1157570595.15,11651519.129999995,-151511366.05,-1104346.25,20541678.07,32565408.249999985,1124623133.69,1482400417.4299994,324394130.31999993,1356975362.0100002,217020978.81999993,131104522.04999924,-2644440829.22,48307705.940000534,37256598.36,,10346586288.09,0.4532337527885347
000895,双汇发展,2026-03-31,2026-04-29,5697327219.17,13118370788.99,422661116.74,8935538.93,,259130667.51,,43538224158.73,20673836094.1,206871132.28,22657516932.35,306595565.99,5829377333.84,136465228.38,15963967243.33,3464661213.0,394920923.4,2021508696.41,20078741530.57,24144383650.76,928330803.77,971695778.3,159905039.73,166565238.25,,2026-04-29,14598383763.62,14548592028.29,11682139821.57,1291771313.1,1305799305.32,14027992.22,-156904408.88,4921825.85,22105205.81,34716153.2,1275519840.97,1718243970.98,412437708.53,2026-04-29,1003388713.16,196658775.39,5099935917.19,-3585708145.94,3341652334.73,70211112.67,2027440.72,,,,,2026,1,14598383763.62,14548592028.29,11682139821.57,1291771313.1,1305799305.32,14027992.22,-156904408.88,4921825.85,22105205.81,34716153.2,1275519840.97,1718243970.98,412437708.53,1003388713.16,196658775.39,-3585708145.94,3341652334.73,70211112.67,2027440.72,,13809098112.17,0.4748433472786605
000895,双汇发展,2026-06-30,2026-08-29,3909303015.69,11780316039.99,489056525.28,8764258.7,,193288351.03,,40870480734.86,19764514245.32,206360216.51,20899606273.03,299965420.55,6823034960.68,160006123.55,15737185997.66,3464661213.0,392264473.48,2639003995.78,19236614157.12,21648049674.93,944732416.28,,133677149.17,157618755.25,,2026-08-29,28184350360.58,28085667789.56,22708502561.43,2305589624.18,2329953266.38,24363642.2,-313714984.73,3051277.28,50013488.52,76439664.37,2286357028.3,3060598827.11,725504497.41,2026-08-29,1616936000.15,353954612.22,3237136877.05,-1862950578.26,-856572009.46,2877408510.15,22248082.46,310663707.45,,,,2026,2,13585966596.960001,13537075761.27,11026362739.86,1013818311.0799999,1024153961.0600002,10335649.979999999,-156810575.85000002,-1870548.5699999998,27908282.710000005,41723511.17,1010837187.3300002,1342354856.13,313066788.88,613547286.9900001,157295836.83000004,1722757567.68,-4198224344.19,2807197397.48,20220641.740000002,,12471425175.000002,0.4835889837836453
001201,东瑞股份,2015-12-31,2017-12-15,19690363.89,48320000.0,31261511.86,26000000.0,,,5312536.2,403659163.4,243545418.1,,160113745.3,23735775.83,74885518.53,11732550.29,198044183.85,61738000.0,,74799643.42,192093959.97,125497139.51,4775415.4,,,1312217.3,,2017-12-15,558277238.44,558277238.44,480005473.02,19262607.61,19262607.61,,,,9149743.65,,18510107.61,2445906.25,2151204.16,2017-12-15,60153313.43,48357432.03,18418945.89,-40995832.03,-10914674.4,11818223.45,,68500.0,,6191694.8,,2015,4,,,,,,,,,,,,,,,,,,,,,105581511.86,0.6033442076444635
001201,东瑞股份,2016-12-31,2017-12-15,32971485.08,44000000.0,9771510.66,22200000.0,,,8541025.54,464064239.59,196032426.93,,268031812.66,34403126.05,95113360.96,26603143.56,209249569.6,95000000.0,,54159567.04,137381648.93,149097293.84,2727473.3,,,1073361.99,,2017-12-15,620746814.59,620746814.59,465801986.58,92918067.36,92918067.36,,,,10116834.3,,94602967.36,73808064.23,2858104.44,2017-12-15,86343659.56,63837548.38,21249485.08,-47930048.38,-35583071.99,10041630.1,,817600.0,,6191694.8,,2016,4,,,,,,,,,,,,,,,,,,,,,75971510.66,0.42242519506177495
001201,东瑞股份,2017-06-30,2017-12-15,81846750.59,103000000.0,20271545.9,40200000.0,,,1155237.33,538557597.84,232908712.05,,305648885.79,40641305.01,76428713.27,55539058.54,226294654.79,95000000.0,,29493875.14,161603700.61,172470035.33,5407864.0,,,1069660.85,,2017-12-15,319058745.41,319058745.41,250747846.24,42617073.13,42617073.13,,,,4888367.49,,35411373.13,35174666.3,1285396.48,2017-12-15,40177984.77,64665360.94,50124750.59,-48365360.94,37062641.68,8799712.57,,224500.0,,6191694.8,,2017,2,,,,,,,,,,,,,,,,,,,,,163471545.9,0.43246760046488997
001201,东瑞股份,2017-12-31,2020-06-05,111696796.92,113000000.0,17945827.8,49500000.0,,,,611180491.77,288377190.86,,322803300.91,48923583.76,83772259.96,28243026.93,266242702.46,95000000.0,,62358730.19,208643695.8,217705077.99,2983238.47,,,,,2020-06-05,634193424.52,634193424.52,495192442.74,51684284.95,51684284.95,,-774578.75,,11003664.77,10556800.31,47610284.95,60488046.31,4304888.89,2020-06-05,97882404.49,103446275.39,79974796.92,-83167120.41,44010027.76,15705231.9,3979154.98,774600.0,,11684098.19,,2017,4,,,,,,,,,,,,,,,,,,,,,180445827.8,0.4718363801580931
001201,东瑞股份,2018-12-31,2020-06-05,57381706.5,123000000.0,22353940.35,30000000.0,,,23774413.12,620721137.99,293908966.92,,326812171.07,40848808.27,110279588.99,25263635.2,307846453.18,95000000.0,,44687515.94,201132932.72,190055271.54,2667855.24,,,,,2020-06-05,613623415.5,613623415.5,509981897.82,8060745.66,8060745.66,,-1465223.45,,10596350.99,10526342.21,4334908.72,12858858.18,3470499.43,2020-06-05,9556175.77,66908995.75,57381706.5,-66877679.68,34728413.49,16099685.89,31316.07,1465223.45,,11684098.19,,2018,4,,,,,,,,,,,,,,,,,,,,,175353940.35,0.47349598544642274
001201,东瑞股份,2019-12-31,2020-06-05,167996235.56,88160931.93,15028302.08,15028302.08,,,22866484.81,853322008.39,283711528.39,,569610480.0,38529784.71,121163048.1,86482436.85,321392225.53,95000000.0,,42127111.17,160773162.5,306783134.06,24621467.32,,,,,2020-06-05,871976957.12,871976957.12,512150493.13,261873923.97,261873923.97,,-15177.35,266023.93,10855615.8,11773011.57,258037962.44,271859584.1,5678480.91,2020-06-05,331006463.52,125648705.25,167996235.56,-124822472.37,-95569462.09,35914623.25,,15177.35,,11684098.19,,2019,4,,,,,,,,,,,,,,,,,,,,,118217536.09,0.3324788597979454
001201,东瑞股份,2020-06-30,2020-12-03,500281116.65,330285486.09,,,,,25661406.36,1356087424.69,512429021.26,,843658403.43,40645036.21,143540720.17,85160040.44,439240491.88,95000000.0,,43777348.8,401599550.49,685274674.8,5673160.31,,,,,2020-12-03,604114171.18,604114171.18,218792854.12,322846348.97,322846348.97,,-53133.66,-3644880.56,4017727.16,4291958.15,321690345.33,333233068.46,5098308.66,2020-12-03,271700023.4,112913281.81,477344097.2,-105350901.26,142998739.5,48138460.5,,53133.66,,11684098.19,,2020,2,,,,,,,,,,,,,,,,,,,,,330285486.09,0.3778731458830102
001201,东瑞股份,2020-09-30,,,,,,,,,,,,,,,,,,,,,,,,,,,2021-10-28,1024837083.03,1024837083.03,383538137.28,543422361.47,543422361.47,,-53133.66,-5327591.35,5434392.45,5971585.22,,562852170.28,8315451.32,2021-10-28,456669026.74,227278684.66,540041260.69,-219717764.21,135093762.6,58025437.4,,,,,,2020,3,420722911.85,420722911.85,164745283.15999997,220576012.5,220576012.5,,0.0,-1682710.7899999996,1416665.29,1679627.0699999994,,229619101.82,3217142.66,184969003.34000003,114365402.85,-114366862.95,-7904976.900000006,9886976.899999999,,,0.0,
001201,东瑞股份,2020-12-31,2021-04-06,488450597.9,320301125.0,,,,,28799371.96,1743340201.13,541241717.49,,1202098483.64,62201342.16,164609739.48,190121925.92,611831623.0,95000000.0,,77895353.17,420884090.13,695095237.93,34968225.4,,,,,2021-04-06,1366478265.82,1366478265.82,546948601.82,681286429.18,681286429.18,,-170860.96,-3451282.65,6866729.19,7316840.36,682929906.32,709240093.07,12532599.04,2021-04-06,615974334.4,446741885.29,463794436.42,-441314335.57,121138202.03,62687997.97,83711.2,170860.96,,11684098.19,,2020,4,341641182.78999996,341641182.78999996,163410464.54000008,137864067.70999992,137864067.70999992,,-117727.29999999999,1876308.6999999997,1432336.7400000002,1345255.1400000006,,146387922.79000008,4217147.719999999,159305307.65999997,219463200.63000003,-221596571.35999998,-13955560.569999993,4662560.57,,,320301125.0,0.31046247722571724
001201,东瑞股份,2021-03-31,,,,,,,,,,,,,,,,,,,,,,,,,,,2022-04-28,409335635.62,409335635.62,180899127.07,185196223.67,185196223.67,,,357.0,1876782.79,3120735.53,183984818.75,189496454.44,3690980.9,2022-04-28,157151504.56,149783148.08,268260198.09,-149783148.08,-202902594.81,2502594.81,,,,,,2021,1,409335635.62,409335635.62,180899127.07,185196223.67,185196223.67,,,357.0,1876782.79,3120735.53,183984818.75,189496454.44,3690980.9,157151504.56,149783148.08,-149783148.08,-202902594.81,2502594.81,,,0.0,
001201,东瑞股份,2021-06-30,2021-08-26,898151615.58,210204999.99,2468163.41,,,54132949.81,30531864.74,3583202647.79,465524956.39,,3117677691.4,72669320.82,207804125.15,465860490.78,666120790.76,177338000.0,150044755.36,50865790.76,290636851.34,2091659974.87,20475884.73,950431589.04,,,,2021-08-26,654703962.23,654703962.23,336015616.87,231778907.76,231778907.76,,-3188015.67,-51753.77,-1818989.75,6888898.92,231184118.39,240741017.38,5442487.52,2021-08-26,187310683.06,372683858.21,893489588.66,-1322693723.65,1565078192.83,121835734.88,,3188015.67,,11684098.19,,2021,2,245368326.61,245368326.61,155116489.8,46582684.09,46582684.09,,,-52110.77,-3695772.54,3768163.39,47199299.639999986,51244562.94,1751506.6199999996,30159178.5,222900710.12999997,-1172910575.5700002,1767980787.6399999,119333140.07,,,266806113.21,0.12991867950229394
001201,东瑞股份,2021-09-30,2021-10-28,652545851.83,230198263.89,2256302.99,,,69572969.63,31263847.68,3644701563.47,522427621.64,,3122273941.83,85687378.5,265599842.02,585680147.14,714320782.33,177338000.0,178830914.3,63520829.63,317749568.72,1905360356.23,74428196.46,945545661.65,,,,2021-10-28,839251405.3,839251405.3,473238671.17,236375158.19,236375158.19,,-2831733.82,-626217.5,-133167.37,10936187.71,236162022.12,251416716.57,8784636.24,2021-10-28,159113366.54,611293295.55,646740341.39,-1533478473.74,1557311012.17,133194483.64,,,,11684098.19,,2021,3,184547443.06999993,184547443.06999993,137223054.3,4596250.430000007,4596250.430000007,,356281.8500000001,-574463.73,1685822.38,4047288.790000001,4977903.730000019,10675699.189999998,3342148.7200000007,-28197316.52000001,238609437.33999997,-210784750.0899999,-7767180.659999847,11358748.760000005,,,302027536.51,0.14333892982519367
001201,东瑞股份,2021-12-31,2022-04-28,972652914.19,100106504.22,1428671.3,30003875.0,,72369682.97,29856608.17,3670731764.62,573253220.67,,3097478543.95,101181417.72,279189964.35,1084578638.63,910708851.93,177338000.0,181179821.21,208085054.03,339282642.22,1288623766.24,12401552.19,,,,,2022-04-28,1051843098.16,1051843098.16,656015265.41,211579760.31,211579760.31,,-12365075.18,1034314.14,1046994.67,14165462.72,199243653.7,233612042.35,12733742.05,2022-04-28,144842324.3,1121833927.99,965600972.43,-1093454205.99,1450418417.7,137258497.68,40220.0,12365075.18,,7116358.91,,2021,4,212591692.86,212591692.86,182776594.23999995,-24795397.879999995,-24795397.879999995,,-9533341.36,1660531.6400000001,1180162.04,3229275.01,-36918368.42000002,-17804674.22,3949105.8100000005,-14271042.23999998,510540632.44000006,440024267.75,-106892594.47000003,4064014.0400000066,,,203908733.49,0.15616864904029404
001201,东瑞股份,2022-03-31,2022-04-28,432786809.7,220215333.34,36198.45,300578094.1,,77036749.5,29812592.9,3899874555.59,834630011.67,,3065244543.92,108200538.29,311960432.2,1228136819.08,938884753.87,177338000.0,200484377.8,81939706.65,319214767.33,1334183981.19,10137757.97,544072678.09,,,,2022-04-28,228526374.67,228526374.67,199800705.36,-32234000.03,-32234000.03,,-3707650.88,-319544.58,1152359.1,4538646.32,-38323833.13,-28563858.88,1190596.03,2022-04-28,-51575769.09,320749456.22,422394739.37,-864648145.63,373017681.66,3520622.29,1957.27,,,7116358.91,,2022,1,228526374.67,228526374.67,199800705.36,-32234000.03,-32234000.03,,-3707650.88,-319544.58,1152359.1,4538646.32,-38323833.13,-28563858.88,1190596.03,-51575769.09,320749456.22,-864648145.63,373017681.66,3520622.29,1957.27,,597866375.39,0.2140145791288744
001201,东瑞股份,2022-06-30,2022-08-03,426139114.85,220206388.91,2141598.99,488446841.5,,76431373.87,30537932.71,4193888159.78,1190970802.55,,3002917357.23,111376064.73,349048977.84,1417557945.59,1206067650.33,212805600.0,201681789.2,244711471.47,489724511.39,1169457075.96,15865058.05,343925938.36,,,,2022-08-03,461123751.2,461123751.2,402279705.39,-59093586.72,-59093586.72,,985198.33,-256490.28,3934776.72,8026947.9,-70924463.26,-50158211.15,4458789.62,2022-08-03,-94277262.8,632366455.57,415742738.18,-971914007.37,516333035.92,45236722.82,1957.27,-985198.33,,7116358.91,,2022,2,232597376.53,232597376.53,202479000.02999997,-26859586.689999998,-26859586.689999998,,4692849.21,63054.30000000002,2782417.62,3488301.58,-32600630.130000003,-21594352.27,3268193.59,-42701493.70999999,311616999.35,-107265861.74000001,143315354.26,41716100.53,0.0,,787226203.27,0.2839777211923732
001201,东瑞股份,2022-09-30,2022-10-29,262181271.56,279726944.48,2035514.34,563510428.37,,77828947.92,31485424.93,4467725194.02,1400513941.56,249594.79,3066961657.67,132980821.13,391970281.28,1091633856.63,1914181163.42,212805600.0,209535329.38,313452277.29,624004798.55,1043301671.02,7298591.89,324222388.89,,,,2022-10-29,807242596.58,807242596.58,611772723.02,4950713.72,4950308.51,-405.21,1008668.61,-471879.05,6894043.89,12386329.94,-12217878.92,19810706.69,7901306.75,2022-10-29,-56005017.6,973830745.99,251780618.04,-1290343332.44,632527995.65,53980714.85,335786.13,,,7116358.91,,2022,3,346118845.38000005,346118845.38000005,209493017.63,64044300.44,64043895.23,,23470.280000000028,-215388.77,2959267.1699999995,4359382.039999999,58706584.34,69968917.84,3442517.13,38272245.199999996,341464290.41999996,-318429325.07000005,116194959.72999996,8743992.030000001,333828.86,,923101835.11,0.31347360921718553
001201,东瑞股份,2022-12-31,2023-04-28,324321449.43,374788435.44,30212482.65,566778531.6,,79279182.75,26436083.83,4716141698.71,1610232744.76,986164.37,3104922789.58,191455292.92,415914122.7,388520249.68,2928544995.27,212805600.0,232345274.27,393712750.98,835723925.5,888799421.93,2891406.0,100238356.16,,0.0,,2023-04-28,1216779704.12,1216779704.12,891175049.96,42911283.57,42897447.94,-13835.63,-6087276.28,655382.61,15228718.72,21602577.82,23374313.15,64599725.51,12883140.72,2023-04-28,12403775.66,1293052016.49,305631050.99,-1391938934.48,719565237.38,67706716.62,329429.75,6087276.28,,0.0,,2022,4,409537107.53999984,409537107.53999984,279402326.94000006,37960569.85,37947139.43,-13430.42,-7095944.890000001,1127261.66,8334674.830000001,9216247.88,35592192.07,44789018.81999999,4981833.970000001,68408793.26,319221270.5,-101595602.03999996,87037241.73000002,13726001.770000003,-6356.380000000005,,1051058632.44,0.34143010274700714
001201,东瑞股份,2023-03-31,2023-04-28,436655614.81,658970295.15,31460568.16,728447817.24,,81881019.98,26622357.09,4919551084.6,2004543675.04,959373.21,2914048036.35,174721090.79,319887229.97,673794151.39,2938694470.85,212805600.0,238978394.6,345223631.63,1067560331.75,813288783.83,2296728.64,,,,,2023-04-28,325337397.85,325337397.85,382837378.22,-190874874.23,-190901665.39,-26791.16,-44874513.7,-21884.69,12521735.86,15087785.92,-191802396.56,-187165158.14,1390606.83,2023-04-28,-21533520.54,391585479.53,417299154.66,-291735572.35,424937196.56,12919978.7,0.0,,,,,2023,1,325337397.85,325337397.85,382837378.22,-190874874.23,-190901665.39,-26791.16,-44874513.7,-21884.69,12521735.86,15087785.92,-191802396.56,-187165158.14,1390606.83,-21533520.54,391585479.53,-291735572.35,424937196.56,12919978.7,0.0,,1500759700.53,0.4074647545209881
001201,东瑞股份,2023-06-30,2023-08-31,522064199.4,853164408.86,38708960.2,900947817.24,,86586663.89,45966035.05,5244625844.35,2463358115.02,6455139.72,2774812589.61,154206380.95,322895570.15,785562875.04,3030590877.32,212805600.0,242759961.73,417516316.42,1332029317.04,955756521.49,479796.32,50128305.56,,,,2023-08-31,555832713.86,555832713.86,640298650.23,-330110541.32,-330141565.97,-31024.65,-68120868.34,193506.96,26449331.95,30307206.47,-334496762.42,-324456814.28,2909006.77,2023-08-31,-61026254.3,597929244.49,498668789.58,-548190040.4,802254033.29,27038428.25,,68120868.34,,,,2023,2,230495316.01,230495316.01,257461272.01,-139235667.09,-139239900.58000004,-4233.490000000002,-23246354.64,215391.65,13927596.09,15219420.549999999,-142694365.86,-137291656.14,1518399.94,-39492733.76,206343764.96000004,-256454468.04999995,377316836.72999996,14118449.55,,,1879407850.1900003,0.4696918689964812
001201,东瑞股份,2023-09-30,2023-10-31,295436540.1,834665924.35,40565881.88,1003586381.67,,89465523.42,46490034.21,5165911650.5,2470163325.62,6463166.19,2689285158.69,130675223.79,383436487.32,850521284.65,3006768658.82,212805600.0,247210867.43,331362781.14,1234980793.57,849961343.31,5629379.29,110909825.35,,,,2023-10-31,807115839.52,807115839.52,834520654.35,-415637972.24,-415660970.42,-22998.18,-88212767.97,517297.67,40165179.95,46133014.92,-421391415.87,-406999218.26,4182605.91,2023-10-31,-98619824.94,790936371.01,269636262.98,-803243271.73,865868308.66,43906015.23,19380.0,,,,,2023,3,251283125.65999997,251283125.65999997,194222004.12,-85527430.92000002,-85519404.44999999,8026.470000000001,-20091899.629999995,323790.70999999996,13715848.000000004,15825808.450000003,-86894653.44999999,-82542403.98000002,1273599.1400000001,-37593570.64,193007126.51999998,-255053231.33000004,63614275.370000005,16867586.979999997,,,1968283711.3200002,0.4781660029708245
001201,东瑞股份,2023-12-31,2024-04-30,1175058480.07,764580980.54,165378632.72,964305334.59,,90709777.05,117557574.48,6094797681.93,2588479276.0,6474135.32,3499844270.61,118901349.42,463556650.77,760594933.54,3173820883.73,257784001.0,247509316.61,364345852.96,1321204573.32,1700006105.79,14012812.38,0.0,,40188.73,,2024-04-30,1037067905.17,1037067905.17,1051147855.27,-516090568.51,-516102597.56,-12029.05,-102117934.41,-502248.71,58173970.44,66528126.33,-515015931.68,-508284886.07,2543554.32,2024-04-30,-178422334.05,922676127.47,1152451236.43,-823907880.04,1849150399.53,61743616.62,23143.69,102117934.41,,0.0,,2023,4,229952065.64999998,229952065.64999998,216627200.91999996,-100452596.26999998,-100441627.13999999,10969.130000000001,-13905166.439999998,-1019546.38,18008790.489999995,20395111.409999996,-93624515.81,-101285667.81,-1639051.5900000003,-79802509.11000001,131739756.46000004,-20664608.309999943,983282090.87,17837601.39,3763.6899999999987,,1984974724.8999999,0.424703068269909
001201,东瑞股份,2024-03-31,2024-04-30,904602473.76,907213382.76,158375001.22,961820731.67,,90612243.43,106525229.44,6051329920.17,2651949526.88,7965628.18,3391414765.11,161060195.9,519366136.72,852098726.7,3134624402.28,257784001.0,246806072.34,312236039.77,1400390629.18,1555579713.06,21139538.89,73308172.23,,104.83,,2024-04-30,279958027.16,279958027.16,245821618.49,-83048627.61,-83057134.75,-8507.14,-7324254.16,-119183.16,15966651.64,19469793.81,-83414331.25,-80181553.0,1814737.97,2024-04-30,-91714152.82,178403363.91,881955606.98,-252456171.99,73674695.36,18410938.72,13190.0,,,0.0,,2024,1,279958027.16,279958027.16,245821618.49,-83048627.61,-83057134.75,-8507.14,-7324254.16,-119183.16,15966651.64,19469793.81,-83414331.25,-80181553.0,1814737.97,-91714152.82,178403363.91,-252456171.99,73674695.36,18410938.72,13190.0,,2118021359.0800002,0.4382424296584211
001201,东瑞股份,2024-06-30,2024-08-29,759839898.5,959702356.16,164118499.28,915837203.87,,91798419.24,96128922.18,6049448709.16,2678171530.08,7786056.7,3363491122.38,215514775.57,516276700.27,896275212.24,3167677440.58,257784001.0,245127903.18,331647656.86,1483904778.88,1417051133.85,28644439.87,73736137.04,,,,2024-08-29,635266895.45,635266895.45,529385082.47,-110045118.23,-110233196.85,-188078.62,-24141.78,-595130.75,30817872.35,38221914.09,-110985313.2,-104282758.03,3788875.81,2024-08-29,-78576479.19,314944366.61,737423246.53,-389240791.64,52789280.93,36637574.04,27135.6,24141.78,,,,2024,2,355308868.29,355308868.29,283563463.98,-26996490.620000005,-27176062.099999994,-179571.47999999998,7300112.38,-475947.58999999997,14851220.71,18752120.280000005,-27570981.950000003,-24101205.03,1974137.84,13137673.629999995,136541002.70000002,-136784619.64999998,-20885414.43,18226635.32,13945.599999999999,,2131456478.55,0.4427133213022777
001201,东瑞股份,2024-09-30,2024-10-31,688148997.56,956084641.65,164831659.07,911424029.59,,89917180.63,144173841.38,6114453597.29,2732488488.86,7508642.59,3374456465.84,229349650.49,594695231.83,989670544.94,3186514840.42,257784001.0,245808897.13,342104003.72,1497604430.53,1363634087.11,22547239.09,10603863.03,,,,2024-10-31,1065858645.18,1065858645.18,843072084.65,-76976963.6,-77442456.33,-465492.73,-426281.23,-925527.28,45333962.7,54596400.95,-77576095.2,-69107514.77,5258046.11,2024-10-31,-30843362.33,491375458.32,664881053.58,-502627630.92,45900810.4,54071457.95,27135.6,,,,,2024,3,430591749.7299999,430591749.7299999,313687002.17999995,33068154.63000001,32790740.519999996,-277414.11,-402139.44999999995,-330396.53,14516090.350000001,16374486.86,33409218.0,35175243.260000005,1469170.3000000003,47733116.86,176431091.70999998,-113386839.28000003,-6888470.530000001,17433883.910000004,0.0,,2122257510.94,0.44689005246046387
001201,东瑞股份,2024-12-31,2025-04-26,506816510.4,879108591.11,201780239.45,853923997.93,,117409040.57,103663737.16,6072477253.45,2679485113.29,7208898.29,3385783241.87,244795239.73,683071925.53,531590698.81,3648318702.22,257784001.0,291996862.87,400416754.63,1518289070.6,1259784124.42,17472746.55,427185.8,,58328.58,,2025-04-26,1520183818.53,1520183818.53,1195813643.97,-65650187.57,-66415424.6,-765237.03,-4845541.83,-838253.1,64466835.2,75446885.33,-64727571.65,-53487769.87,6994367.85,2025-04-26,58139420.3,586273687.95,483512916.1,-586648488.94,-140429251.69,71714007.03,27135.6,4845541.83,,,,2024,4,454325173.35,454325173.35,352741559.32000005,11326776.029999994,11027031.729999997,-299744.30000000005,-4419260.6,87274.18000000005,19132872.5,20850484.379999995,12848523.550000004,15619744.899999999,1736321.7399999993,88982782.63,94898229.63000005,-84020858.02000004,-186330062.09,17642549.08,0.0,,2052221869.0599997,0.4412507451991994
001201,东瑞股份,2025-03-31,2025-04-26,534490228.95,888807397.43,211181031.24,970563041.89,,116474068.32,89657927.24,6202451299.47,2815967211.51,6450474.78,3380033613.18,262357573.37,753831915.58,273781037.44,3886042955.21,257784001.0,289885180.96,411031973.68,1555062495.33,1395658940.13,18536078.6,30472678.95,,,,2025-04-26,494355745.16,494355745.16,403176858.1,-5557561.31,-5748993.24,-191431.93,-1930999.53,-50252.77,18970687.72,20315774.53,-6350481.47,-3719301.32,1499849.24,2025-04-26,54666642.38,94988192.78,511170837.21,-124888578.61,97879857.34,16878663.09,,,,,,2025,1,494355745.16,494355745.16,403176858.1,-5557561.31,-5748993.24,-191431.93,-1930999.53,-50252.77,18970687.72,20315774.53,-6350481.47,-3719301.32,1499849.24,54666642.38,94988192.78,-124888578.61,97879857.34,16878663.09,,,2187025538.88,0.45400875807773367
001201,东瑞股份,2025-06-30,2025-08-30,545351802.69,919088833.85,230740276.43,920637997.34,,118032329.01,84212247.42,6170657411.54,2775301499.54,6443974.85,3388911937.15,230592840.51,773914507.39,106859945.99,4009064171.67,257784001.0,287640934.51,386079896.73,1570207554.8,1440041609.76,18325848.69,30573651.55,,,,2025-08-30,1094576131.99,1094576131.99,905176248.39,3320762.66,3122830.8,-197931.86,-663894.13,896295.88,38670277.01,41036005.67,2611363.39,4655452.98,685386.33,2025-08-30,122749926.37,132287728.59,515260159.69,-162427175.64,71424492.86,32819935.29,,663894.13,,,,2025,2,600220386.8299999,600220386.8299999,501999390.28999996,8878323.969999999,8871824.04,-6499.929999999993,1267105.4,946548.65,19699589.29,20720231.14,8961844.86,8374754.300000001,-814462.91,68083283.99000001,37299535.81,-37538597.02999999,-26455364.480000004,15941272.2,,,2188499436.63,0.44975783201799446
001201,东瑞股份,2025-09-30,2025-10-31,550091194.11,936151240.64,217558985.03,902489108.8,,119518987.75,91495302.91,6206949829.93,2806441961.47,3449095.97,3397058772.49,219415699.24,892426377.51,121680521.97,3964802964.08,257784001.0,285709827.1,407588958.43,1612609722.73,1521746692.03,17058354.8,,46943869.9,0.0,,2025-10-31,1599797382.05,1599797382.05,1308652412.63,11467598.0,11274787.26,-192810.74,-663894.13,1080351.55,58262120.22,61461434.35,11352395.26,14961182.87,1924158.74,2025-10-31,135705523.17,187903218.68,472398793.1,-188037047.19,41217401.02,49782547.13,3995.36,,,,,2025,3,505221250.05999994,505221250.05999994,403476164.2400001,8146835.34,8151956.46,5121.119999999995,0.0,184055.67000000004,19591843.21,20425428.68,8741031.87,10305729.889999999,1238772.4100000001,12955596.799999982,55615490.09,-25609871.550000012,-30207091.839999996,16962611.840000004,,,2175718322.2200003,0.45214510159842064
001201,东瑞股份,2025-12-31,2026-04-28,457915504.55,938110720.79,406487449.84,671584427.25,,116118250.37,70462450.9,6055851327.98,2827163933.4,3428056.33,3225259338.25,230039174.27,870117531.16,41178912.59,4022914855.59,257784001.0,285222237.65,501120721.22,1890194540.51,1392923380.61,8681910.8,,46943869.9,360234.26,,2026-04-28,2134622591.44,2134622591.44,1872855344.02,-160511755.11,-160545686.62,-33931.51,-37142416.27,-1006064.58,78175380.42,81362432.54,-159086861.71,-154918783.89,2105515.4,2026-04-28,173923717.31,224811370.64,379210314.31,-231936566.62,-46289752.48,66710547.7,13281.54,37142416.27,,,,2025,4,534825209.3900001,534825209.3900001,564202931.3899999,-171979353.11,-171820473.88,158879.22999999998,-36478522.14,-2086416.13,19913260.200000003,19900998.190000005,-170439256.97,-169879966.76,181356.65999999992,38218194.140000015,36908151.95999998,-43899519.43000001,-87507153.5,16928000.57,9286.18,,2132300848.25,0.46684830592481436
001201,东瑞股份,2026-03-31,2026-04-28,698076113.88,1215742988.9,354356500.57,806648860.08,,116436915.85,57205397.67,6203420609.84,3163305389.92,3412616.23,3036702603.69,214983124.65,805749535.5,61698827.14,3964659657.64,257784001.0,284601187.5,466775401.77,2105919103.4,1594822459.17,8629739.92,7212045.6,,,,2026-04-28,622769008.9,622769008.9,635534013.63,-188556734.56,-188572174.66,-15440.1,-60976595.22,-878606.38,22398690.17,21412302.99,-187525691.09,-186288744.83,1237658.52,2026-04-28,33212588.28,55959590.36,672491155.38,-63332006.39,323400259.18,20810470.38,,,,,,2026,1,622769008.9,622769008.9,635534013.63,-188556734.56,-188572174.66,-15440.1,-60976595.22,-878606.38,22398690.17,21412302.99,-187525691.09,-186288744.83,1237658.52,33212588.28,55959590.36,-63332006.39,323400259.18,20810470.38,,,2493185265.4,0.5099292130703336
001201,东瑞股份,2026-06-30,2026-08-29,455159047.3,1290081984.84,279221671.01,739892822.16,,117866022.79,59897031.0,5949804816.6,3146186574.62,47661473.97,2755956768.01,215186789.85,839799532.14,68271722.79,3908367070.84,257784001.0,283594746.26,480134614.74,2092418727.45,1392935256.71,8005655.73,20032054.79,,,,2026-08-29,1038915109.83,1038915109.83,1107603336.86,-425039308.53,-425069152.6,-29844.07,-117608272.8,-712705.04,45115782.91,42768288.49,-423235826.61,-419854635.07,2803711.81,2026-08-29,-138368481.14,88555099.8,428511414.08,-109542191.74,297211772.65,36659677.32,8734.52,117608272.8,,,,2026,2,416146100.93000007,416146100.93000007,472069323.2299999,-236482573.96999997,-236496977.94000003,-14403.97,-56631677.58,165901.33999999997,22717092.739999995,21355985.500000004,-235710135.52,-233565890.23999998,1566053.29,-171581069.42,32595509.439999998,-46210185.349999994,-26188486.53000003,15849206.940000001,,,2427062500.7999997,0.528788199209849
001366,播恩集团,2018-12-31,2021-07-01,204863944.94,131720000.0,1600000.0,3800000.0,,,,504877010.72,257730029.23,,247146981.49,,95900926.15,2133536.08,103879387.62,114600000.0,,79582833.97,252276951.86,357142816.79,6181307.67,,19252900.0,,,2021-07-01,1240772431.27,1240772431.27,927192138.16,28216616.1,28216616.1,,-3439009.11,,8565658.67,8989521.93,43474216.1,40177540.02,11603750.27,2021-07-01,84267345.73,18518150.95,145411044.94,-16644604.61,-44182417.65,25298536.57,2473546.34,3439000.0,,,,2018,4,,,,,,,,,,,,,,,,,,,,,137120000.0,0.5104808176202236
001366,播恩集团,2019-12-31,2021-07-01,134981575.61,23000000.0,,,,,,409264776.82,111472644.48,,297792132.34,164236.92,79587735.84,9667110.08,103159656.11,114600000.0,,52933869.36,111472644.48,254593206.26,6597500.0,,3266655.0,,,2021-07-01,1026349622.93,1026349622.93,762076582.89,59075150.85,59075150.85,,-160361.25,-2342393.92,-3406.86,2816163.2,61080525.21,73880946.01,15251420.26,2021-07-01,105229517.72,22447460.1,112130220.61,-20114178.85,-118396163.2,14276163.2,591148.48,160361.25,,2488939.12,,2019,4,,,,,,,,,,,,,,,,,,,,,23000000.0,0.2723729252884793
001366,播恩集团,2020-12-31,2021-07-01,249323720.38,51000000.0,,,,,,552840229.02,187345509.66,,365494719.36,,94351950.97,34208753.62,94961856.92,120330000.0,,72259307.29,185995509.66,379156269.48,11702895.68,,5664200.0,,,2021-07-01,1510017516.15,1510017516.15,1213403304.6,91997226.58,91997226.58,,-131322.72,-10693737.43,-4419995.46,524269.76,93736288.2,113639842.64,22063312.61,2021-07-01,152417818.62,36235323.9,243459520.38,-31702749.09,10614230.24,37385769.76,217876.38,131322.72,,,,2020,4,,,,,,,,,,,,,,,,,,,,,51000000.0,0.33887821440219834
001366,播恩集团,2021-06-30,2022-01-18,147043733.32,,,,,721198.31,,520123918.18,123261779.13,,396862139.05,,98747721.52,49315925.48,89679953.69,120330000.0,1136146.07,83430609.31,121640580.82,297930524.06,11016590.0,,4240000.0,,,2022-01-18,934441207.87,934441207.87,786655266.44,42952119.69,42952119.69,,-93252.72,-519888.32,-1430962.28,327672.89,42481519.69,51312413.36,8178564.55,2022-01-18,10080291.53,47799294.73,141743733.32,-47695550.73,-64100527.86,12360672.89,103744.0,93300.0,,,,2021,2,,,,,,,,,,,,,,,,,,,,,721198.31,0.23698540832598786
001366,播恩集团,2021-12-31,2023-02-14,130833898.73,,,,,543777.09,,565483694.75,121620423.05,,443863271.7,,136196923.04,38588305.81,127439674.12,120330000.0,562527.48,73705854.5,120566170.96,294218086.95,19336149.0,,2940000.0,,,2023-02-14,1770921679.98,1770921679.98,1493038445.85,89953252.34,89953252.34,,-268355.71,395228.21,-2833597.47,344453.83,80422580.06,104307563.32,13278456.32,2023-02-14,49197336.42,100757827.6,127693898.73,-100654083.6,-64308874.47,12377453.83,103744.0,-126872.5,,,,2021,4,,,,,,,,,,,,,,,,,,,,,543777.09,0.21507326237544006
001366,播恩集团,2022-03-31,,,,,,,,,,,,,,,,,,,,,,,,,,,2023-04-25,301263110.63,301263110.63,262041019.15,1213158.32,1213158.32,,,-992449.29,-387571.91,13967.43,443304.15,1895617.58,708567.81,2023-04-25,-82191319.03,14614299.96,53430728.27,-14614027.96,22542176.53,81823.47,272.0,,,,,2022,1,301263110.63,301263110.63,262041019.15,1213158.32,1213158.32,,,-992449.29,-387571.91,13967.43,443304.15,1895617.58,708567.81,-82191319.03,14614299.96,-14614027.96,22542176.53,81823.47,272.0,,0.0,
001366,播恩集团,2022-06-30,2023-02-14,114256166.38,11009533.33,250347.06,60606326.31,,,,663050122.96,201741215.97,,461308906.99,,143103973.36,79302327.89,131118211.87,120330000.0,381314.94,101564607.16,141083264.66,335225824.35,27482746.4,,1376360.0,62422.54,,2023-02-14,696995573.83,696995573.83,607915146.64,17445635.29,17445635.29,,-21187.85,-2530643.46,-686226.82,86690.79,15507092.29,18751986.13,1336932.78,2023-02-14,-21000773.51,64477917.73,112679806.38,-64471688.73,70458369.89,777280.48,6229.0,2551831.31,,,,2022,2,395732463.20000005,395732463.20000005,345874127.49,16232476.969999999,16232476.969999999,,,-1538194.17,-298654.91,72723.35999999999,15063788.139999999,16856368.549999997,628364.97,61190545.519999996,49863617.769999996,-49857660.769999996,47916193.36,695457.01,5957.0,,71866206.7,0.3042623913096997
001366,播恩集团,2022-09-30,,,,,,,,,,,,,,,,,,,,,,,,,,,2023-10-30,1191187904.58,1191187904.58,1040992086.88,49778739.59,49778739.59,,-21187.85,-2425793.19,-1064501.78,199949.91,,56639456.76,6796544.8,2023-10-30,5952088.35,89174729.01,128694110.45,-89168500.01,84216623.38,1641987.77,6229.0,,,,,2022,3,494192330.7499999,494192330.7499999,433076940.24,32333104.300000004,32333104.300000004,,0.0,104850.27000000002,-378274.9600000001,113259.12000000001,,37887470.629999995,5459612.02,26952861.86,24696811.28000001,-24696811.28000001,13758253.489999995,864707.29,0.0,,0.0,
001366,播恩集团,2022-12-31,2023-02-14,150755832.56,11010725.0,235998.62,79267052.71,,,,738593191.57,217169422.58,,521423768.99,,169844405.69,104762626.45,126471776.42,120330000.0,254178.49,86661915.29,137859594.87,368512835.17,31877745.28,,2833300.0,95900.88,,2023-02-14,1709388797.19,1709388797.19,1488637126.55,77190947.29,77190947.29,,-84866.69,-649737.24,-1598490.04,313209.02,64643866.99,87529863.64,10708043.77,2023-02-14,43726136.35,113644250.6,147722532.56,-110919750.6,87222248.08,2627579.85,2724500.0,734603.93,,,,2022,4,518200892.61000013,518200892.61000013,447645039.66999996,27412207.700000003,27412207.700000003,,-63678.840000000004,1776055.95,-533988.26,113259.11000000002,,30890406.880000003,3911498.9699999997,37774048.0,24469521.58999999,-21751250.58999999,3005624.700000003,985592.0800000001,2718271.0,,90513776.33,0.2940311731257244
001366,播恩集团,2023-03-31,2023-04-25,433951090.32,11016900.0,116733.69,79157606.4,,,,1058730623.57,199728046.43,,859002577.14,,165462062.02,117265930.67,123188358.62,160680000.0,310567.02,63239154.68,120532090.03,678418546.1,33241068.31,,2647000.0,,,2023-04-25,390742547.86,390742547.86,335564814.7,18523771.86,18523771.86,,,-1711691.68,-595398.04,113425.0,13451916.09,21597474.27,3425683.97,2023-04-25,-29483473.92,30441416.39,431104090.32,-30425416.39,343290448.07,971551.93,16000.0,,,,,2023,1,390742547.86,390742547.86,335564814.7,18523771.86,18523771.86,,,-1711691.68,-595398.04,113425.0,13451916.09,21597474.27,3425683.97,-29483473.92,30441416.39,-30425416.39,343290448.07,971551.93,16000.0,,90291240.09,0.18864859670963754
001366,播恩集团,2023-06-30,2023-08-25,378705045.34,,31087.8,79252155.77,,79605.75,,997514048.76,161001274.69,,836512774.07,,147219301.01,131463625.3,119849310.73,160680000.0,256730.22,50738067.46,81635588.17,608216352.64,29842198.45,,3012000.0,124247.79,,2023-08-25,753944242.55,753944242.55,649445551.61,24928395.89,24928395.89,,82140.13,-2067862.71,-2622632.84,117253.33,19784913.17,27840099.01,3081230.91,2023-08-25,-15870688.81,42599166.66,375493045.34,-42583011.66,286224213.25,30756091.49,16155.0,2067862.71,,,,2023,2,363201694.68999994,363201694.68999994,313880736.91,6404624.030000001,6404624.030000001,,,-356171.03,-2027234.7999999998,3828.3300000000017,6332997.080000002,6242624.740000002,-344453.06000000006,13612785.110000001,12157750.269999996,-12157595.269999996,-57066234.81999999,29784539.56,155.0,,79362849.32,0.16140251346849613
001366,播恩集团,2023-09-30,2023-10-30,343946631.35,,96685.62,79252155.76,,80031.0,,1019203425.17,173493210.28,,845710214.89,,160572446.49,164823693.11,119205044.01,160680000.0,206549.95,55564858.74,94108565.77,596899729.54,30471768.52,,1443000.0,796518.28,,2023-10-30,1107353129.49,1107353129.49,952631865.95,34125836.71,34125836.71,,82140.13,-1816737.93,-4473330.8,159377.83,24892968.12,38691411.25,4760002.54,2023-10-30,-10594085.91,79695329.42,342303631.35,-79679174.42,284854359.12,31625945.62,16155.0,,,,,2023,3,353408886.94000006,353408886.94000006,303186314.34000003,9197440.82,9197440.82,,0.0,251124.78000000003,-1850697.96,42124.499999999985,5108054.949999999,10851312.239999998,1678771.63,5276602.9,37096162.760000005,-37096162.760000005,-1369854.1299999952,869854.1300000027,0.0,,79428872.38000001,0.17022432028332507
001366,播恩集团,2023-12-31,2024-04-29,352057680.78,0.0,9948906.65,64909237.25,,,,1046090038.37,185827191.27,,860262847.1,,148379257.92,250915023.98,113603220.72,160680000.0,514555.65,52484997.8,120892879.02,567689356.47,7836332.72,,1418800.0,822453.92,,2024-04-29,1435549854.38,1435549854.38,1231474236.36,48706441.82,48706441.82,,-182800.5,-1864674.05,-6052602.87,124784.71,33558174.71,55892537.68,7369113.82,2024-04-29,45944481.35,128445870.43,347011054.03,-125163631.43,278507671.55,32522712.12,3282239.0,2047474.55,,,,2023,4,328196724.8900001,328196724.8900001,278842370.40999985,14580605.11,14580605.11,,-264940.63,-47936.12000000011,-1579272.0700000003,-34593.11999999998,8665206.59,17201126.43,2609111.2800000003,56538567.260000005,48750541.010000005,-45484457.010000005,-6346687.569999993,896766.5,3266084.0,,74858143.9,0.17763976756680794
001366,播恩集团,2024-03-31,2024-04-29,259027631.09,,9851145.98,64909237.25,,,,1017126300.83,160551695.59,,856574605.24,,155234025.18,216497792.98,173074822.35,160680000.0,363155.76,36329660.18,95623283.34,509392515.81,8942227.23,,,509442.22,,2024-04-29,240606647.15,240606647.15,205354552.38,-3688241.86,-3688241.86,,0.0,-1439601.89,-1154626.78,0.0,-3979523.46,-3943626.68,-278603.84,2024-04-29,-67451156.85,31666784.73,251823968.62,-26940408.73,-795519.83,795519.83,4726376.0,,,,,2024,1,240606647.15,240606647.15,205354552.38,-3688241.86,-3688241.86,,0.0,-1439601.89,-1154626.78,0.0,-3979523.46,-3943626.68,-278603.84,-67451156.85,31666784.73,-26940408.73,-795519.83,795519.83,4726376.0,,74760383.23,0.157848337476856
001366,播恩集团,2024-06-30,2024-08-30,241846111.34,20021388.88,10051501.7,63078686.02,,,,1014480737.49,177540549.14,,836940188.35,,145923242.69,233919394.67,169979017.92,160680000.0,332947.77,40412005.27,114445638.12,492321153.92,9387956.31,,,311981.31,,2024-08-30,462294702.7,462294702.7,392195097.06,-4041058.75,-4041058.75,,71369.69,-2070492.24,-1974735.84,95582.83,-6112014.5,-3421899.1,589075.91,2024-08-30,-60243935.34,55235464.11,233553262.42,-50508878.91,-2704977.36,20972943.82,4726585.2,2070492.24,,,,2024,2,221688055.54999998,221688055.54999998,186840544.68,-352816.89000000013,-352816.89000000013,,71369.69,-630890.3500000001,-820109.06,95582.83,-2132491.04,521727.5800000001,867679.75,7207221.50999999,23568679.38,-23568470.179999996,-1909457.5299999998,20177423.990000002,209.20000000018626,,93151576.6,0.17500632843878916
001366,播恩集团,2024-09-30,2024-10-29,216176807.48,30431355.55,10051501.7,63078686.02,,,,1032459661.03,206023568.01,,826436093.02,,146860259.26,200257400.35,216716252.53,160680000.0,242143.83,54265720.58,142933081.99,494561661.26,11401427.75,,,255989.97,,2024-10-29,726552636.05,726552636.05,624565723.44,-14545154.08,-14545154.08,,56265.06,-2932167.83,-2298544.37,365077.73,-16649070.68,-14375455.69,45813.06,2024-10-29,-77245145.22,73816750.99,207331792.92,-69089865.79,6655749.9,22012216.56,4726885.2,,,,,2024,3,264257933.34999996,264257933.34999996,232370626.38000005,-10504095.33,-10504095.33,,-15104.630000000005,-861675.5900000001,-323808.53,269494.89999999997,-10537056.18,-10953556.59,-543262.8500000001,-17001209.879999995,18581286.879999995,-18580986.88000001,9360727.26,1039272.7399999984,300.0,,103561543.27000001,0.19954636077933277
001366,播恩集团,2024-12-31,2025-04-28,291418921.27,83090138.23,10055605.69,58095427.1,,,,1083621562.23,271006580.27,,812614981.96,,155837200.31,79568564.65,358873211.24,160680000.0,121071.92,49137118.46,212903778.17,531201208.02,3249017.13,,0.0,408512.0,,2025-04-28,1016952687.64,1016952687.64,876196675.51,-28713852.78,-28713852.78,,-5121484.29,-3993793.67,118902.72,3316728.49,-31292425.43,-32923921.0,-4382841.55,2025-04-28,-30845919.38,88975678.63,285377968.77,-84011230.44,53224064.56,23060643.98,4964448.19,9115277.96,,,,2024,4,290400051.59000003,290400051.59000003,251630952.06999993,-14168698.700000001,-14168698.700000001,,-5177749.35,-1061625.8399999999,2417447.0900000003,2951650.7600000002,-14643354.75,-18548465.310000002,-4428654.609999999,46399225.84,15158927.64,-14921364.649999991,46568314.660000004,1048427.4200000018,237562.99000000022,,151241171.02,0.2500933810437398
001366,播恩集团,2025-03-31,2025-04-28,245845355.15,150139908.09,10336960.96,60243289.61,,,,1138078953.82,330357979.39,0.0,807720974.43,,167501216.97,64083436.27,378493725.22,160680000.0,30267.98,55645050.84,270111739.78,574954928.7,8687388.79,,,113510.71,,2025-04-28,286187230.31,286187230.31,246181215.95,-5117308.18,-5117308.18,,-73479.2,-3816085.42,821761.57,1609334.0,-5615970.41,-6019932.02,-907690.04,2025-04-28,-88894891.83,24274810.24,240108242.65,-24273210.24,67898375.95,1539623.61,1600.0,,,,,2025,1,286187230.31,286187230.31,246181215.95,-5117308.18,-5117308.18,,-73479.2,-3816085.42,821761.57,1609334.0,-5615970.41,-6019932.02,-907690.04,-88894891.83,24274810.24,-24273210.24,67898375.95,1539623.61,1600.0,,220720158.66000003,0.2902768549415156
001366,播恩集团,2025-06-30,2025-08-26,221045210.66,149624829.66,11953799.44,59049625.6,,,,1128820372.73,330845702.06,,797974670.67,,153927022.45,63149363.75,390924612.45,160680000.0,,52085630.09,271796076.46,552851198.28,9541725.89,,,25102.65,,2025-08-26,613563376.28,613563376.28,539190312.53,-14640311.29,-14640311.29,,128312.38,-4733733.54,2446376.21,3525966.59,-15361432.74,-18162854.91,-3599568.3,2025-08-26,-95142412.01,43198217.49,212955098.16,-43196617.49,65916158.89,3452801.11,1600.0,4605421.16,,,,2025,2,327376145.96999997,327376145.96999997,293009096.58,-9523003.11,-9523003.11,,201791.58000000002,-917648.1200000001,1624614.6400000001,1916632.5899999999,-9745462.33,-12142922.89,-2691878.26,-6247520.180000007,18923407.250000004,-18923407.250000004,-1982217.0600000024,1913177.4999999998,0.0,,220628254.7,0.2930897687998534
001366,播恩集团,2025-09-30,2025-10-30,203590700.29,143109379.01,12330164.11,68469625.6,,,,1145565170.46,342911314.82,,802653855.64,,151566541.35,71388328.6,395087438.65,160680000.0,0.0,65830240.68,274441689.22,563367382.15,4902403.49,,,120063.79,,2025-10-30,976322217.73,976322217.73,854560506.26,-9961126.32,-9961126.32,,148042.8,-6403879.31,4149500.69,5336336.11,-10949057.17,-12136118.56,-2250787.17,2025-10-30,-94128122.26,64247562.11,194390587.79,-64245962.11,67386703.39,5272256.61,1600.0,,,,,2025,3,362758841.45000005,362758841.45000005,315370193.73,4679184.969999999,4679184.969999999,,19730.419999999984,-1670145.7699999996,1703124.48,1810369.5200000005,4412375.57,6026736.35,1348781.13,1014289.75,21049344.619999997,-21049344.619999997,1470544.5,1819455.5000000005,0.0,,223909168.72,0.29933811158234186
001366,播恩集团,2025-12-31,2026-04-28,293335038.32,160048511.24,13533380.77,82542485.5,,,,1186152875.88,390562037.36,,795590838.52,,150652799.31,69154318.73,402323550.74,160680000.0,0.0,52079176.73,308019551.86,588857146.64,2209368.78,,,247210.35,,2026-04-28,1360443883.4,1360443883.4,1190010863.35,-19773382.91,-19773382.91,,-13400740.58,-11156540.71,5862774.38,7183075.37,-24350184.12,-24448919.82,-4570927.17,2026-04-28,-28207821.07,73457112.84,284418257.98,-70452020.84,97700131.12,7094124.8,3005092.0,24557281.29,,,,2025,4,384121665.6700001,384121665.6700001,335450357.0899999,-9812256.59,-9812256.59,,-13548783.38,-4752661.400000001,1713273.69,1846739.2599999998,-13401126.950000001,-12312801.26,-2320140.0,65920301.190000005,9209550.730000004,-6206058.730000004,30313427.730000004,1821868.1899999995,3003492.0,,256124377.51000002,0.32926787541634905
001366,播恩集团,2026-03-31,2026-04-28,255146615.62,176050366.88,14159725.86,95762485.5,,,31077175.15,1252613879.16,447873838.86,,804740040.3,,168383970.48,78304572.62,393462776.68,160680000.0,,57998915.96,321034178.21,646192293.56,2254205.27,9550000.0,214837.5,0.0,,2026-04-28,344922838.59,344922838.59,296655527.9,9149201.78,9149201.78,,-24387.69,-3910466.01,2468803.04,2783730.04,2524164.86,11356183.57,2206773.8,2026-04-28,-71249766.78,22251915.5,245514997.78,-25895125.25,58241631.83,2452810.27,15906790.25,,,,,2026,1,344922838.59,344922838.59,296655527.9,9149201.78,9149201.78,,-24387.69,-3910466.01,2468803.04,2783730.04,2524164.86,11356183.57,2206773.8,-71249766.78,22251915.5,-25895125.25,58241631.83,2452810.27,15906790.25,,285972578.24,0.35755139417770393
001366,播恩集团,2026-06-30,2026-08-25,259804336.52,211428344.07,25377710.9,131452945.4,,,28830887.62,1301772077.3,496003906.9,,805768170.4,,156099165.72,63411375.92,396847182.34,160680000.0,,46624920.17,335720073.88,699273684.24,8228224.95,7000000.0,3086837.5,,,2026-08-25,668644021.15,668644021.15,576979773.18,10177331.88,10177331.88,,-321264.92,-7179927.44,5293525.74,5706522.87,2839840.26,10786674.11,523659.69,2026-08-25,-138745182.1,36954552.77,244500718.68,-36521550.79,135349193.59,5199761.5,16955835.25,7501192.36,,,,2026,2,323721182.56,323721182.56,280324245.28,1028130.1000000015,1028130.1000000015,,-296877.23,-3269461.4300000006,2824722.7,2922792.83,315675.3999999999,-569509.4600000009,-1683114.1099999999,-67495415.32,14702637.270000003,-10626425.54,77107561.76,2746951.23,1049045.0,,368259000.37,0.38102208178313335
002100,天康生物,2015-12-31,2016-04-19,731956548.45,619317740.0,,,,,,3805261766.08,1420041774.94,33270741.03,2351949250.11,60713519.26,771642243.65,159823625.66,1269870527.16,963384608.0,,152186254.31,1268744714.61,2065782845.79,,,,19094660.5,,2016-04-19,4167289410.3,4167289410.3,3257801979.73,245793190.35,244813646.07,-979544.28,,,37914146.48,,167815737.01,240410500.38,25137733.59,2016-04-19,512185756.96,202443052.16,674533929.47,-188246054.27,-243941905.27,86209457.27,4130813.51,47395352.41,,,,2015,4,,,,,,,,,,,,,,,,,,,,,619317740.0,0.37317847292352235
002100,天康生物,2016-03-31,2016-04-28,638079114.16,464000000.0,,,,,,3882445810.93,1362647865.94,71085084.73,2448712860.26,64256257.14,736950441.74,204520802.85,1348293807.43,963384608.0,,164460691.28,1214037586.05,2018474113.27,,,,21753004.5,,2016-04-28,962437096.19,962437096.19,727845137.71,96557711.33,96283812.68,-273898.65,,,3986732.77,,95794075.16,104071202.51,8566081.08,2016-04-28,183192982.36,36874508.55,638079114.16,-113874508.55,-163195908.1,7878168.1,,,,,,2016,1,962437096.19,962437096.19,727845137.71,96557711.33,96283812.68,-273898.65,,,3986732.77,,95794075.16,104071202.51,8566081.08,183192982.36,36874508.55,-113874508.55,-163195908.1,7878168.1,,,464000000.0,0.35097666066679545
002100,天康生物,2016-06-30,2016-08-24,488087743.03,393500000.0,,,,,,3687247155.24,1187694697.58,71057406.86,2428495050.8,60123533.57,602843259.91,238790988.55,1331333305.37,963384608.0,,173006218.82,1038160083.63,1809973170.81,,,,19094660.5,,2016-08-24,2163773417.62,2163773417.62,1669420340.13,191946054.83,191644478.31,-301576.52,,,8082273.28,,189073522.39,204604206.6,16090833.05,2016-08-24,186226708.94,120318833.48,388065124.05,-120216164.73,-352479349.63,126661609.63,102668.75,14723158.61,,,,2016,2,1201336321.4299998,1201336321.4299998,941575202.4200001,95388343.50000001,95360665.63,-27677.869999999995,,,4095540.5100000002,,93279447.22999999,100533004.08999999,7524751.970000001,3033726.5799999833,83444324.93,-6341656.180000007,-189283441.53,118783441.53,,,393500000.0,0.32210878402662807
002100,天康生物,2016-09-30,2016-10-28,786470771.06,685000000.0,,,,,,4082141296.49,1453861567.51,72845918.31,2555433810.67,55252224.06,470761185.26,269572135.23,1314568309.7,963384608.0,,157043425.43,1304595185.0,2197507614.72,,,,19094660.5,,2016-10-28,3256474259.73,3256474259.73,2452797434.23,318884814.7,317221749.63,-1663065.07,,,12629744.43,,313628557.71,345728726.21,34009764.62,2016-10-28,374368403.61,253894317.37,786470771.06,-253756547.43,-66097633.57,131779893.57,137769.94,,,,,2016,3,1092700842.1100001,1092700842.1100001,783377094.0999999,126938759.86999997,125577271.32,-1361488.55,,,4547471.149999999,,124555035.32,141124519.60999998,17918931.569999997,188141694.67000002,133575483.89,-133540382.7,286381716.06,5118283.939999998,35101.19,,685000000.0,0.35615170125543977
002100,天康生物,2016-12-31,2017-04-29,848089883.82,840000000.0,,,,,,4490817872.34,1786571256.12,75250701.59,2628995914.63,52656998.24,893382458.78,322134965.06,1303123461.66,963384608.0,,151894776.18,1656713433.0,2541045679.85,15471000.0,,,22489849.36,,2017-04-20,4444138122.88,4444138122.88,3354250230.22,392541388.03,389883106.24,-2658281.79,,,21281883.41,,355500084.59,381041648.28,36307918.52,2017-04-20,316051716.97,280256906.92,746415257.34,-337188999.93,93018610.83,139213649.17,2598804.12,20899045.24,,,,2016,4,1187663863.15,1187663863.15,901452795.9899998,73656573.32999998,72661356.61000001,-995216.72,,,8652138.98,,41871526.879999995,35312922.06999999,2298153.900000006,-58316686.639999986,26362589.550000012,-83432452.5,159116244.4,7433755.599999994,2461034.18,,840000000.0,0.39782759107732046
002100,天康生物,2017-03-31,2017-04-29,622779669.35,685000000.0,,,,,,4453599016.06,1643004875.03,74298732.62,2736295408.41,62756247.03,989185551.25,323603626.95,1295748056.96,963384608.0,,163635102.48,1513415283.28,2512105330.82,,,,22489849.36,,2017-04-29,1039393448.53,1039393448.53,801814668.24,107299493.78,106347524.81,-951968.97,,,3231037.63,,101565230.49,116685117.22,10517139.22,2017-04-29,-14031872.75,45662712.36,622779669.35,-45660194.15,-165618147.57,5618147.57,2518.21,,,,,2017,1,1039393448.53,1039393448.53,801814668.24,107299493.78,106347524.81,-951968.97,,,3231037.63,,101565230.49,116685117.22,10517139.22,-14031872.75,45662712.36,-45660194.15,-165618147.57,5618147.57,2518.21,,685000000.0,0.3689162111598295
002100,天康生物,2017-06-30,2017-08-23,1055301189.31,1064000000.0,,,,,,4685603190.98,1894737651.1,68455728.0,2722409811.88,65807099.28,777753778.6,374345109.45,1299859628.22,963384608.0,,163152537.63,1770665701.2,2659322832.02,15471000.0,,2000000.0,21195758.3,,2017-08-23,2269473254.95,2269473254.95,1784201217.76,189752358.05,187957384.46,-1794973.59,,,10666242.94,,180883451.09,176070832.1,1931484.23,2017-08-23,213309644.91,126662596.14,1055301189.31,-128007303.61,121908964.19,102091035.81,82653.18,25676857.53,,,,2017,2,1230079806.4199998,1230079806.4199998,982386549.52,82452864.27000001,81609859.65,-843004.6200000001,,,7435205.31,,79318220.60000001,59385714.879999995,-8585654.99,227341517.66,80999883.78,-82347109.46000001,287527111.76,96472888.24000001,80134.96999999999,,1064000000.0,0.40437433002168355
002100,天康生物,2017-09-30,2017-10-24,1043807399.9,919000000.0,,,,,,4715024529.94,1791394342.25,70371232.23,2853258955.46,71508775.75,544301028.12,294668449.19,1504026755.68,963384608.0,,195896642.03,1667207290.45,2577717757.49,,,18490000.0,21195758.3,,2017-10-24,3466099894.67,3466099894.67,2684160872.52,320601501.63,318272032.28,-2329469.35,,,17915922.73,24406105.5,309535047.98,312911337.56,11786755.29,2017-10-24,476463191.19,245596446.23,1043807399.9,-238947988.58,-41797686.53,120797686.53,82653.18,,,,,2017,3,1196626639.7200003,1196626639.7200003,899959654.76,130849143.57999998,130314647.81999996,-534495.76,,,7249679.790000001,,128651596.89000002,136840505.46,9855271.059999999,263153546.28,118933850.08999999,-110940684.97000001,-163706650.72,18706650.72,0.0,,919000000.0,0.3799331967150542
002100,天康生物,2017-12-31,2018-04-21,1814080821.31,832000000.0,,,936381380.74,,,5872850839.57,2817673297.8,69248699.01,2985928842.76,67480520.37,901045019.68,386280880.61,1556586622.22,963384608.0,,185816090.41,1762925273.87,3575393511.14,,,26821000.0,23470233.0,45176510.25,2018-04-21,4630025738.72,4630025738.72,3546745449.88,407149786.08,403777059.56,-3372726.52,,,21779513.01,30493431.99,394376014.93,425750023.48,24831827.96,2018-04-21,649327329.99,585118093.1,1696041933.14,-546136247.29,846435593.1,126872297.89,33475913.96,7301121.06,,,,2017,4,1163925844.0500002,1163925844.0500002,862584577.3600001,86548284.44999999,85505027.28000003,-1043257.1699999999,,,3863590.280000001,6087326.489999998,84840966.94999999,112838685.92000002,13045072.670000002,172864138.8,339521646.87,-307188258.7099999,888233279.63,6074611.359999999,33393260.78,,1768381380.74,0.4797794758918661
002100,天康生物,2018-03-31,2018-04-23,1592516145.03,907000000.0,,,936333666.78,,,6014309304.9,2898776792.0,74351214.32,3041181298.58,66052293.3,1050145680.58,434938363.37,1527110892.73,963384608.0,,195465329.65,1844261380.13,3700531912.52,,,22821000.0,23470233.0,45176510.25,2018-04-23,996366411.62,996366411.62,789434700.85,55252455.82,54354971.14,-897484.68,,,9923497.93,10194761.03,54249567.43,57807653.03,3559303.01,2018-04-23,-170628029.67,58221757.24,1592516145.03,-115741885.58,64805238.97,10194761.03,2139299.03,,,,,2018,1,996366411.62,996366411.62,789434700.85,55252455.82,54354971.14,-897484.68,,,9923497.93,10194761.03,54249567.43,57807653.03,3559303.01,-170628029.67,58221757.24,-115741885.58,64805238.97,10194761.03,2139299.03,,1843333666.78,0.48197999887340315
002100,天康生物,2018-06-30,2018-08-22,1823887401.7,1035000000.0,,,936285917.03,,,6193423964.13,3113841713.14,81798643.21,2997783607.78,65308865.34,954314872.29,335733758.08,1671364968.39,963384608.0,,264300409.14,2064706656.12,3833682039.43,,,10490000.0,23470233.0,45176510.25,2018-08-22,2286098674.6,2286098674.6,1851169259.68,108064818.61,101774504.68,-6290313.93,-17586232.2,,23403780.52,26951355.91,97469338.09,110762315.11,9022945.21,2018-08-22,37256860.74,181351480.12,1712320157.69,-197027280.28,176048644.09,26951355.91,,17586232.2,,,,2018,2,1289732262.98,1289732262.98,1061734558.83,52812362.79,47419533.54000001,-5392829.25,,,13480282.59,16756594.88,43219770.660000004,52954662.08,5463642.200000001,207884890.41,123129722.88,-81285394.7,111243405.12,16756594.88,,,1971285917.03,0.5027657933921864
002100,天康生物,2018-09-30,2018-10-26,1975705387.34,1329000000.0,,200000000.0,936104441.72,,,6784314014.98,3555703633.42,79442530.07,3149167851.49,73102790.13,803586249.41,507595649.83,1666017937.15,963402312.0,,234873489.62,2306957449.81,4258629395.02,,,,23470233.0,45170081.63,2018-10-26,3710834344.65,3710834344.65,2932726876.18,259315165.73,250668738.67,-8646427.06,-25733129.42,,37238086.01,44659465.94,247724717.06,271720181.13,20960392.25,2018-10-26,79249874.1,383086952.53,1924315985.87,-417183952.56,566208131.19,130791868.81,,,,,,2018,3,1424735670.0500002,1424735670.0500002,1081557616.4999998,151250347.12,148894233.98999998,-2356113.130000001,-8146897.2200000025,,13834305.489999998,17708110.029999997,150255378.97,160957866.01999998,11937447.04,41993013.35999999,201735472.40999997,-220156672.28,390159487.1,103840512.9,,,2465104441.7200003,0.5241065825621992
002100,天康生物,2018-12-31,2019-04-26,2148179275.72,2675203032.32,,600000000.0,976192129.43,,,8508742207.44,5229930251.35,69207204.47,3209604751.62,72574140.01,2501764113.23,558658875.93,1714913682.69,963405009.0,,202025405.71,3546600248.13,5857658521.18,,,5000000.0,27954930.57,45168997.4,2019-04-26,5273032350.33,5273032350.33,4163433587.26,313726252.74,301057649.92,-12668602.82,-12834207.94,,73901581.93,86059072.76,290230728.41,333228449.87,33356352.55,2019-04-26,-1178441646.71,593051419.38,1979266065.27,-789102239.22,2250768018.06,151845701.85,17718463.76,12834207.94,,,,2018,4,1562198005.6799998,1562198005.6799998,1230706711.0800004,54411087.01000002,50388911.25000003,-4022175.76,12898921.480000002,,36663495.92000001,41399606.82000001,42506011.350000024,61508268.74000001,12395960.3,-1257691520.81,209964466.85000002,-371918286.66,1684559886.87,21053833.03999999,,,4251395161.75,0.6146537436258178
002100,天康生物,2019-03-31,2019-04-27,2201512152.94,2414113434.91,,1277000000.0,986109466.49,,,9486857083.03,5807689083.66,448158183.95,3231009815.42,50482871.01,2402963628.4,662638445.72,2479469136.37,963414473.0,,217803246.28,3437649141.48,5971303638.2,,,,27954930.57,45165504.98,2019-04-27,1204813855.9,1204813855.9,985532170.18,28920108.83,24117.73,-28895991.1,,-5919154.48,42340616.21,46999127.85,27206552.91,6117132.26,6244014.4,2019-04-27,97896377.87,413277902.23,2154174340.52,-307236069.8,384247967.18,21662435.41,,,,,,2019,1,1204813855.9,1204813855.9,985532170.18,28920108.83,24117.73,-28895991.1,,-5919154.48,42340616.21,46999127.85,27206552.91,6117132.26,6244014.4,97896377.87,413277902.23,-307236069.8,384247967.18,21662435.41,,,4677222901.4,0.6121826262196717
002100,天康生物,2019-06-30,2019-08-28,2145086691.29,1621450000.0,,1825000000.0,654999921.17,,,9214314959.73,5249147480.24,431221010.26,3533946469.23,58280381.76,2128629125.09,559359156.02,2634352111.17,1005249697.0,,211675739.68,2667455238.48,5575641977.77,,11856148.2,,27954930.56,29761917.2,2019-08-28,2714170240.43,2714170240.43,2189967988.19,80011586.86,28493223.2,-51518363.66,,-12443413.14,83442377.15,94229977.41,73630128.0,23802969.83,-4981226.18,2019-08-28,542238516.56,515289507.74,2025879990.62,-462755609.98,-32868981.23,194115948.91,,12443413.14,,,,2019,2,1509356384.5299997,1509356384.5299997,1204435818.0100002,51091478.03,28469105.47,-22622372.559999995,,-6524258.66,41101760.940000005,47230849.559999995,46423575.09,17685837.57,-11225240.58,444342138.68999994,102011605.50999999,-155519540.18,-417116948.41,172453513.5,,,4101449921.17,0.569673112236855
002100,天康生物,2019-09-30,2019-10-26,2146718068.9,882800000.0,,1871000000.0,607680413.08,,,8939886091.88,4605194844.18,521470682.43,3813220565.27,81611685.0,1385429172.83,638817570.39,2896743951.72,1012408036.0,,281054603.25,2026840494.03,4969829014.21,,3023150.0,,27954930.57,27158610.74,2019-10-26,5179810282.95,5179810282.95,4106426430.01,301704024.67,232156798.82,-69547225.85,,-21937632.21,127516404.8,140527162.88,292765346.04,230125369.12,-3532196.32,2019-10-26,1414261767.27,594293458.79,2095091964.94,-494619700.9,-803816166.7,240413134.38,,,,,,2019,3,2465640042.52,2465640042.52,1916458441.8200002,221692437.81,203663575.62,-18028862.189999998,,-9494219.07,44074027.64999999,46297185.47,219135218.04000002,206322399.29000002,1449029.8599999999,872023250.71,79003951.04999995,-31864090.919999957,-770947185.47,46297185.47,,,3361480413.08,0.5151290292571903
002100,天康生物,2019-12-31,2020-04-24,2001458308.06,2707960027.13,400000000.0,1402500000.0,183996043.58,,,11154464066.4,5989645710.31,572016156.03,4592802200.06,197889129.42,3097205560.05,616220642.19,3215173098.2,1065709511.0,,250973027.91,4300955352.67,6694423165.08,9585916.18,87171450.0,,30729057.03,7774162.17,2020-04-24,7476316392.02,7476316392.02,5600336958.89,644486713.22,592392660.52,-52094052.7,,-1515573.81,174611011.2,193097207.86,636015341.32,590684692.4,-2464486.98,2020-04-24,306979542.98,1352778703.71,1857630090.26,-1361940504.95,933324986.96,262932007.85,2762284.48,1515573.81,,,,2019,4,2296506109.0700006,2296506109.0700006,1493910528.88,342782688.55,360235861.7,17453173.14999999,,20422058.400000002,47094606.39999999,52570044.98000002,343249995.28000003,360559323.28,1067709.3399999999,-1107282224.29,758485244.9200001,-867320804.0500001,1737141153.66,22518873.47,,,4694456070.71,0.5369729710593889
002100,天康生物,2020-03-31,2020-04-29,2262522903.11,2560760027.13,400000000.0,1398500000.0,171744500.59,,,11609154321.49,6094070828.28,564609569.71,4950473923.5,211892015.71,3140380270.12,746589972.35,3147056902.75,1068219162.0,,373905686.98,4423890410.47,7089640743.24,,9351607.5,,30729057.03,7683273.61,2020-04-29,1983537035.47,1983537035.47,1366933380.22,334552715.62,325628705.24,-8924010.38,,-16559388.08,55081412.53,57376108.72,336526313.84,333864097.17,5294011.26,2020-04-29,510611919.66,83975700.0,2140851075.19,-18897425.16,-208493509.37,57293509.37,,,,,,2020,1,1983537035.47,1983537035.47,1366933380.22,334552715.62,325628705.24,-8924010.38,,-16559388.08,55081412.53,57376108.72,336526313.84,333864097.17,5294011.26,510611919.66,83975700.0,-18897425.16,-208493509.37,57293509.37,,,4531004527.72,0.524936671485115
002100,天康生物,2020-06-30,2020-08-26,1977325644.87,1981360000.0,741500000.0,1016500000.0,122427421.74,,,11106418614.82,5261399767.49,555275101.14,5289743746.19,278246104.31,3060637870.63,510817691.29,3382355269.84,1073774325.0,,289498974.68,4025591981.54,6509142089.98,,9095966.64,,32474475.4,4655175.37,2020-08-26,4703279226.34,4703279226.34,3194485317.39,833796729.94,817055675.05,-16741054.89,,-21213481.05,94409030.4,104476058.39,856324136.19,829284084.0,11415692.93,2020-08-26,1223192384.23,307268547.97,1839748793.62,-178272638.61,-1062801042.26,291701015.13,,21213481.05,,,,2020,2,2719742190.87,2719742190.87,1827551937.1699998,499244014.32000005,491426969.80999994,-7817044.51,,-4654092.970000001,39327617.870000005,47099949.67,519797822.3500001,495419986.83,6121681.67,712580464.5699999,223292847.97000003,-159375213.45000002,-854307532.89,234407505.76,,,3861787421.74,0.4737260452680381
002100,天康生物,2020-09-30,2020-10-29,2725948476.64,1950400000.0,741500000.0,1146500000.0,110349525.16,,,12075369583.87,5472542489.52,622060443.24,5980766651.11,297935203.19,2667113351.36,424487279.47,3603114421.29,1075134941.0,,325968537.73,4117876166.74,7311552692.01,,6328062.0,,32474475.4,4195925.92,2020-10-29,8620752350.59,8620752350.59,5929065246.49,1477586003.68,1514841362.12,37255358.44,,-32308036.21,124754901.05,138714358.52,1494796448.36,1540695224.14,25404126.94,2020-10-29,2097715885.13,485774073.77,2591541584.44,-366921531.3,-996882859.65,324822832.52,,,,,,2020,3,3917473124.25,3917473124.25,2734579929.1,643789273.74,697785687.0699999,53996413.33,,-11094555.16,30345870.64999999,34238300.13000001,638472312.1699998,711411140.1400001,13988434.010000002,874523500.9000001,178505525.79999995,-188648892.69,65918182.610000014,33121817.389999986,,,3948749525.16,0.4531987573142354
002100,天康生物,2020-12-31,2021-04-23,2067234276.03,4763467064.66,327000000.0,1294000000.0,104876518.25,,,15729293585.91,8861606062.86,634203089.85,6233484433.2,351598831.07,6020026015.04,539193048.79,3670917562.76,1075149857.0,,529681001.84,7371935813.87,10696877559.26,1300888.04,20275610.0,107700000.0,107250028.68,4190886.69,2021-04-23,11986808944.23,11986808944.23,8589540590.29,1720414461.95,1785305643.78,64891181.83,,-10707064.58,178501785.19,196298597.29,1714886723.42,1808131903.09,22425541.61,2021-04-23,-600857389.57,929742254.2,1950427659.97,-806411461.85,1500066421.13,404409025.28,,10707064.58,,,,2020,4,3366056593.6399994,3366056593.6399994,2660475343.8,242828458.26999998,270464281.6600001,27635823.39,,21600971.630000003,53746884.14,57584238.76999998,220090275.06000018,267436678.9499998,-2978585.330000002,-2698573274.7000003,443968180.43000007,-439489930.55,2496949280.78,79586192.75999999,,,6489343582.91,0.5633823295661579
002100,天康生物,2021-03-31,2021-04-29,1863051896.54,3648467064.66,767000000.0,1445000000.0,103096827.34,254280507.35,,15942521786.11,8728099084.97,663259573.74,6551163127.4,311249679.08,6006578427.97,448659458.94,3868119332.58,1075360543.0,292197824.49,406757216.83,6837650910.52,10554737155.99,,10696456.2,47700000.0,98859834.4,4119769.88,2021-04-29,3339230680.67,3339230680.67,2631632287.77,301009811.74,312204675.61,11194863.87,,-35020071.04,52898623.63,59151019.49,306009521.5,326216805.51,13843938.13,2021-04-29,585028585.93,198136050.0,1732129657.41,-220175569.0,-583151019.49,59151019.49,,,,,,2021,1,3339230680.67,3339230680.67,2631632287.77,301009811.74,312204675.61,11194863.87,,-35020071.04,52898623.63,59151019.49,306009521.5,326216805.51,13843938.13,585028585.93,198136050.0,-220175569.0,-583151019.49,59151019.49,,,6217844399.35,0.547472928189717
002100,天康生物,2021-06-30,2021-08-27,1782457686.98,2140067545.76,631500000.0,1937000000.0,95580269.52,259883778.76,,14288854416.64,7526314450.88,723700164.48,6038839801.28,361598698.64,4778543861.47,775310020.9,3824812942.82,1076289704.0,376092072.25,502843502.68,5147879953.82,8485301017.36,,40534213.82,12000000.0,69648001.12,3814221.75,2021-08-27,7916638583.45,7916638583.45,6657144826.31,241396816.85,305018802.34,63621985.49,-92260807.02,-44678592.51,105134652.17,105632520.2,263802491.88,354635395.48,35861884.87,2021-08-27,2907019096.74,972589210.9,1595539161.99,-1030327761.88,-2231579832.84,555680313.94,55427.88,92260807.02,,23058853.88,,2021,2,4577407902.78,4577407902.78,4025512538.5400004,-59612994.890000015,-7185873.2700000405,52427121.620000005,,-9658521.469999999,52236028.54,46481500.71,-42207029.620000005,28418589.97000003,22017946.739999995,2321990510.81,774453160.9,-810152192.88,-1648428813.3500001,496529294.45000005,,,5064031594.040001,0.5267262323083981
002100,天康生物,2021-09-30,2021-10-25,3011280484.53,2655000000.0,758000000.0,2003000000.0,95197384.44,326069014.0,,14125593187.89,7737927143.58,754251868.66,5633414175.65,337182742.88,3004604027.87,1080753427.91,3847205154.08,1076334342.0,409276284.11,482735110.61,5230889620.68,7955111809.0,6021148.97,5755959.55,12000000.0,54818934.79,3798657.47,2021-10-25,12328880018.57,12328880018.57,11047933026.64,-192859153.56,-101197342.94,91661810.62,-92260807.02,-44314129.87,149251162.29,162419311.11,-167803668.03,-36727106.21,43439870.12,2021-10-25,3629302404.17,1098483771.9,2767644090.16,-1242949423.18,-1569136550.8,600669486.14,55427.88,,,23058853.88,,2021,3,4412241435.12,4412241435.12,4390788200.329999,-434255970.40999997,-406216145.28,28039825.130000003,0.0,364462.6400000006,44116510.11999999,56786790.91000001,-431606159.90999997,-391362501.69,7577985.25,722283307.4300003,125894561.00000012,-212621661.30000007,662443282.0400002,44989172.19999993,0.0,,5837266398.44,0.5477948458981386
002100,天康生物,2021-12-31,2022-04-27,3424083819.49,4005583413.98,741551067.79,1964000000.0,94619464.84,294579388.56,,17138964178.56,9406312500.69,634880297.3,7097771380.57,356189940.08,5250970727.05,894542974.34,4340602519.67,1353856588.0,489356659.26,465229274.08,6971347502.28,10612336529.71,1281100.43,,,90466542.24,3773317.74,2022-04-27,15710847198.02,15710847198.02,14207103275.68,-702793114.97,-695346457.57,7446657.4,-385236949.34,-24623453.5,191921432.35,206087415.39,-732892485.51,-616883508.08,31895114.12,2022-04-27,1532960475.93,1752333010.44,3311778070.56,-1775197087.6,1603587022.26,701735709.91,3354517.86,409860402.84,,22242295.89,,2021,4,3381967179.450001,3381967179.450001,3159170249.040001,-509933961.41,-594149114.6300001,-84215153.22,-292976142.32,19690676.369999997,42670270.06,43668104.27999997,-565088817.48,-580156401.87,-11544755.999999996,-2096341928.24,653849238.54,-532247664.41999984,3172723573.06,101066223.76999998,3299089.98,,7100333335.170001,0.5488261952526182
002100,天康生物,2022-03-31,2022-04-29,2322436762.83,3807240000.0,558657974.04,2254000000.0,92665425.92,341743818.3,,17090267464.43,9486468553.49,602607484.14,7001191426.8,408396979.41,5811482596.45,964363817.91,4243715950.49,1354100500.0,487731654.29,564080343.27,6720954878.66,10487274978.67,,,,77377184.61,3688160.03,2022-04-29,3391929405.09,3391929405.09,3144319839.04,-69605796.25,-108566710.19,-38960913.94,47726621.31,-44418554.09,58883141.56,65260259.74,-70071738.5,-87755749.48,10771066.79,2022-04-29,-808347021.44,127769859.28,2175960504.84,-204891989.28,-122578555.0,83118555.0,,,,22242295.89,,2022,1,3391929405.09,3391929405.09,3144319839.04,-69605796.25,-108566710.19,-38960913.94,47726621.31,-44418554.09,58883141.56,65260259.74,-70071738.5,-87755749.48,10771066.79,-808347021.44,127769859.28,-204891989.28,-122578555.0,83118555.0,,,7054307218.26,0.555080169063135
002100,天康生物,2022-06-30,2022-08-24,2447127799.33,3234640000.0,752086333.75,2045000000.0,91227495.96,350932652.86,,16228737642.33,8595334036.36,607086457.88,7026317148.09,440498634.68,5134646185.48,448094434.67,4899265898.08,1354276302.0,472419458.63,432482724.83,6030856512.21,9449040010.88,,,,66365214.26,3626780.43,2022-08-24,8008625554.64,8008625554.64,7462126920.38,-97480353.54,-162090754.94,-64610401.4,54816890.1,-38799538.46,111415680.24,143703405.05,-101226723.17,-116799470.87,23086908.83,2022-08-24,389762424.56,543981576.49,2338557366.56,-585361428.25,-777621700.31,161561700.31,,-16017351.64,,22242295.89,,2022,2,4616696149.55,4616696149.55,4317807081.34,-27874557.290000007,-53524044.75,-25649487.46,7090268.789999999,5619015.630000003,52532538.67999999,78443145.31,-31154984.67,-29043721.39,12315842.04,1198109446.0,416211717.21000004,-380469438.97,-655043145.31,78443145.31,,,6473886482.57,0.529636637537382
002100,天康生物,2022-09-30,2022-10-28,5922633407.11,3147000000.0,602726082.86,2888269363.22,90707582.96,358269098.03,,18963552324.99,9306975161.02,1761991743.13,7894585420.84,385068981.37,3932182075.79,578095613.14,4833095351.29,1354338905.0,498523098.47,518669908.46,5885817913.72,12148298629.23,,,,66042215.89,3604922.5,2022-10-28,12885513743.09,12885513743.09,11631990452.6,257958881.22,192139917.2,-65818964.02,54816890.1,-40392190.07,158866422.86,187969164.65,261005373.4,248619458.85,25813766.77,2022-10-28,1833785122.11,732375213.43,5811695832.7,-777460915.19,1443593555.22,205827459.91,,,,22242295.89,,2022,3,4876888188.45,4876888188.45,4169863532.2200003,355439234.76,354230672.14,-1208562.6200000048,0.0,-1592651.6099999994,47450742.62000002,44265759.599999994,362232096.57,365418929.72,2726857.9400000013,1444022697.55,188393636.93999994,-192099486.94000006,2221215255.5299997,44265759.599999994,,,7086972127.07,0.4907822649217125
002100,天康生物,2022-12-31,2023-04-29,3319501233.59,3214507773.0,726683502.99,3133000000.0,,302534524.48,,19362390662.8,9732545903.13,1714681121.7,7915163637.97,359004790.46,6042166848.74,425136476.02,5126103459.79,1354339175.0,542713962.09,611108463.07,6208053487.12,12396071112.9,46901212.47,650939452.06,,105897272.75,3604828.14,2023-04-29,16989111174.58,16989111174.58,15265879387.49,280779316.85,190001303.05,-90778013.8,-106531808.98,-50361902.8,202986522.95,248553966.37,263955296.26,256835468.1,26030973.95,2023-04-29,327985506.08,1430099750.96,3200955965.2,-2072423690.36,1633616078.92,260851914.08,27891535.45,106531808.98,,22242295.89,,2022,4,4103597431.49,4103597431.49,3633888934.8899994,22820435.630000025,-2138614.149999976,-24959049.779999994,-161348699.08,-9969712.729999997,44120100.089999974,60584801.72,2949922.8599999845,8216009.25,217207.1799999997,-1505799616.03,697724537.5300001,-1294962775.1699998,190022523.70000005,55024454.17000002,,,7376725800.469999,0.5026520780736367
002100,天康生物,2023-03-31,2023-04-29,3890870268.58,3818000000.0,1083465140.78,2878000000.0,,321554453.32,,20374771227.3,10605359900.89,1730023440.86,8039387885.55,379262172.95,6783848235.26,548691693.24,5146462778.11,1354581052.0,561639359.35,521127043.16,7315031840.16,12990493336.65,33686000.0,,,77814583.52,3520378.12,2023-04-29,3890843979.48,3890843979.48,3549707162.09,-14282251.76,-17149045.31,-2866793.55,,-21500860.35,53758859.75,70835550.29,-13686317.97,10831007.05,21100463.83,2023-04-29,-523750573.77,93011418.87,3802570554.95,474080713.81,651284449.71,70835550.29,,,,342959059.06,,2023,1,3890843979.48,3890843979.48,3549707162.09,-14282251.76,-17149045.31,-2866793.55,,-21500860.35,53758859.75,70835550.29,-13686317.97,10831007.05,21100463.83,-523750573.77,93011418.87,474080713.81,651284449.71,70835550.29,,,8101019594.099999,0.5205143057842023
002100,天康生物,2023-06-30,2023-08-26,3844717202.03,2653600000.0,1525875485.38,2552607302.77,,372967090.84,,18512179084.88,9595855172.58,1688967815.37,7227356096.93,363076431.92,5123273275.0,836875324.47,5080782352.2,1354788857.0,558376403.05,546257969.4,6572496615.66,10980343198.32,41917626.47,100000000.0,4218800.0,80196266.34,3449421.23,2023-08-26,8963149801.46,8963149801.46,8673203407.28,-447288636.14,-520364408.37,-73075772.23,-47383933.55,-40164295.23,106693745.22,139179255.51,-440325695.22,-482145468.3,21841669.65,2023-08-26,1558665809.03,455588713.87,3713557410.96,-295946890.83,-750117472.44,492474775.21,51781.18,47383933.55,,215097618.37,,2023,2,5072305821.98,5072305821.98,5123496245.190001,-433006384.38,-503215363.06,-70208978.68,,-18663434.879999995,52934885.47,68343705.21999998,-426639377.25,-492976475.35,741205.8200000003,2082416382.8,362577295.0,-770027604.64,-1401401922.15,421639224.91999996,,,7105049878.99,0.5183536270139859
002100,天康生物,2023-09-30,2023-10-31,3844797066.03,1104603346.66,2274712195.48,1773371027.06,,453641426.75,,16616785831.78,7819698251.14,1642886661.33,7154200919.31,363420100.66,3235000195.84,795929369.79,5208288708.92,1355019352.0,577342480.71,638837082.74,5466965264.17,8962014010.2,41930735.9,,8414800.0,60640441.17,3371340.34,2023-10-31,14705995884.82,14705995884.82,14102713411.33,-504382106.12,-588801239.44,-84419133.32,-49364048.98,-50654794.28,157199184.77,199671196.92,-512007860.22,-533516873.58,21611408.89,2023-10-31,3299011956.09,722123226.21,3748443456.09,-427675222.04,-2323849243.16,566823617.22,51781.18,,,215097618.37,,2023,3,5742846083.360001,5742846083.360001,5429510004.049999,-57093469.98000002,-68436831.07000005,-11343361.089999989,-1980115.4299999997,-10490499.050000004,50505439.55000001,60491941.41,-71682165.0,-51371405.27999997,-230260.7599999979,1740346147.0600002,266534512.34000003,-131728331.21000004,-1573731770.7199998,74348842.01000005,0.0,,5606327995.950001,0.47059030129549123
002100,天康生物,2023-12-31,2024-04-29,2821543685.04,3319416995.67,1488373925.56,1225360197.17,,362927544.01,,16751659614.41,8836902688.33,1504156310.88,6410600615.2,320756122.27,4554052219.74,814699980.31,5333720373.83,1365251515.0,623646061.49,697115170.84,7087194350.58,8960844383.94,19335938.65,473078.96,5297615.0,81314703.09,,2024-04-29,19025806286.59,19025806286.59,18469448818.72,-1363316030.34,-1516427334.32,-153111303.98,-500193049.85,-53203203.11,191951718.64,245538688.85,-1378079973.6,-1446037620.65,23459155.92,2024-04-29,1751811265.78,1001328224.16,2672585099.42,-774995141.66,-1505186989.9,591725574.91,885491.57,500193049.85,,178477452.07,,2023,4,4319810401.77,4319810401.77,4366735407.390001,-858933924.2199999,-927626094.8799999,-68692170.66,-450829000.87,-2548408.829999998,34752533.869999975,45867491.93000001,-866072113.3799999,-912520747.0700002,1847747.0300000012,-1547200690.3100002,279204997.9499999,-347319919.61999995,818662253.2599998,24901957.689999938,833710.3899999999,,6396078662.41,0.5275240120524165
002100,天康生物,2024-03-31,2024-04-30,2683793806.31,3181805433.42,1705759482.17,1560100974.71,,409415192.49,,17166609324.11,9227027848.72,1527768759.2,6411812716.19,295548779.62,4740191546.93,932015224.15,5225077026.3,1365251515.0,652150650.08,653572967.88,7095293961.89,9357175806.52,269784.0,472630.28,21082795.0,66013031.64,,2024-04-30,3776851559.41,3776851559.41,3309034521.0,54063760.85,60176209.17,6112448.32,-1061930.7,-19011981.18,41544182.38,46516782.0,56677250.28,90552171.4,17724158.5,2024-04-30,-333850669.38,201275053.21,2548274731.17,-187478990.29,397019291.42,46516782.0,,,,178477452.07,,2024,1,3776851559.41,3776851559.41,3309034521.0,54063760.85,60176209.17,6112448.32,-1061930.7,-19011981.18,41544182.38,46516782.0,56677250.28,90552171.4,17724158.5,-333850669.38,201275053.21,-187478990.29,397019291.42,46516782.0,,,6857081082.79,0.5374985633162228
002100,天康生物,2024-06-30,2024-08-29,2862751583.55,2696058721.89,1602065146.92,1480680000.0,,494538627.12,,16652519915.24,8501486397.07,1538860375.83,6612173142.34,292697549.84,4324528777.21,842659427.57,5275821292.65,1365251515.0,631357615.02,580497806.69,6364536497.2,8897743168.88,17969934.0,522505.12,23788021.93,64233941.19,,2024-08-29,7993043517.91,7993043517.91,7074450248.55,276682923.94,279765790.58,3082866.64,96341988.33,-16973222.79,81933976.23,95463022.93,270475996.0,317343745.96,14031521.47,2024-08-29,773337830.28,501868775.76,2703283474.63,-512345232.41,-230294222.66,129739498.53,33066.65,-79368765.54,,178477452.07,,2024,2,4216191958.5,4216191958.5,3765415727.55,222619163.09,219589581.40999997,-3029581.68,97403919.03,2038758.3900000006,40389793.85,48946240.93000001,213798745.72,226791574.55999997,-3692637.0299999993,1107188499.6599998,300593722.54999995,-324866242.12,-627313514.08,83222716.53,,,6273342495.929999,0.5105225179337355
002100,天康生物,2024-09-30,2024-10-29,3650405232.45,2537021478.74,1090031838.11,1639514970.0,,480087220.34,,16921978404.92,8441565786.49,1534586667.04,6945825951.39,280753800.16,2995707795.88,361581003.77,5810834455.61,1365251515.0,608222219.8,612285051.23,6162799255.8,9115407832.64,29230334.0,10545452.98,14849491.93,150544894.23,,2024-10-29,13087153128.58,13087153128.58,11518612004.77,565624390.53,554495769.58,-11128620.95,95718626.13,-29898067.63,117201764.27,137878753.27,544531450.78,587400584.34,17492247.88,2024-10-29,2145466965.45,533745497.87,3482161346.18,-552997731.87,-782892986.82,172155228.87,33066.65,,,178477452.07,,2024,3,5094109610.67,5094109610.67,4444161756.22,288941466.59,274729979.00000006,-14211487.59,-623362.200000003,-12924844.84,35267788.03999999,42415730.34,274055454.78,270056838.38000005,3460726.4099999983,1372129135.17,31876722.110000014,-40652499.45999998,-552598764.1600001,42415730.34,0.0,,5746655507.19,0.49885217818477107
002100,天康生物,2024-12-31,2025-04-29,3101780923.63,3233318333.91,865902294.41,2057354970.0,,322123514.3,,17562512271.12,9042959631.29,1503912726.78,7015639913.05,272429943.75,4593611881.23,233094837.82,5889854376.07,1365251515.0,579262294.03,611864737.84,6494865978.89,9847752197.03,38224334.0,5523951.18,10591650.0,139259448.37,,2025-04-29,17175805190.11,17175805190.11,15090298865.63,605052882.38,596421188.04,-8631694.34,-22737961.15,-109418167.84,154621942.75,178940936.76,558836996.66,631109922.65,14391247.6,2025-04-29,1161865306.32,626462554.36,2953562549.9,-750018757.17,-130869098.67,207597522.61,6352672.95,22737961.15,,165816290.24,,2024,4,4088652061.5300007,4088652061.5300007,3571686860.8599987,39428491.850000024,41925418.45999992,2496926.6099999994,-118456587.28,-79520100.21000001,37420178.480000004,41062183.48999998,14305545.879999995,43709338.30999994,-3101000.2799999993,-983601659.1300001,92717056.49000001,-197021025.29999995,652023888.1500001,35442293.74000001,6319606.3,,6478699112.62,0.5149012562491045
002100,天康生物,2025-03-31,2025-04-30,3254919831.21,3122728564.33,1160223329.1,1984174931.12,,298171401.32,,17798535319.33,9148712017.42,1527235336.97,7122587964.94,277446217.62,4892343648.07,237709810.84,5768284179.51,1365251515.0,536759710.1,487277210.89,6700619328.21,10244239958.97,29974334.0,15488965.94,3862500.0,111713085.82,,2025-04-30,4180253944.24,4180253944.24,3685986705.54,148142983.18,171441542.03,23298558.85,-536573.35,-21136956.4,37230855.89,39756510.02,128426493.9,154716821.76,1092034.48,2025-04-30,124044426.3,72139359.2,3078254392.88,-72139359.2,72786775.88,39756510.02,,,,165816290.24,,2025,1,4180253944.24,4180253944.24,3685986705.54,148142983.18,171441542.03,23298558.85,-536573.35,-21136956.4,37230855.89,39756510.02,128426493.9,154716821.76,1092034.48,124044426.3,72139359.2,-72139359.2,72786775.88,39756510.02,,,6565298225.869999,0.5140148811843013
002100,天康生物,2025-06-30,2025-08-30,2973403052.34,2055093135.38,1240194101.22,1630283474.27,,300603536.92,,16242486937.34,7638847601.84,1575352094.33,7028287241.17,279414186.06,3784887775.87,287882470.85,5663754827.16,1365251515.0,510889430.07,512932132.67,5543641728.36,8776473163.57,19494171.74,35560065.33,5062000.0,92893845.2,,2025-08-30,8846725199.5,8846725199.5,7778921232.32,338289250.51,409618129.4,71328878.89,-3186193.54,-25977698.18,75253847.04,80437905.0,314216916.15,403950602.49,11366210.93,2025-08-30,1619025461.36,179118903.51,2809635083.3,-178432203.52,-1584520724.44,380793238.3,686699.99,29163891.72,,165816290.24,,2025,2,4666471255.26,4666471255.26,4092934526.7799997,190146267.32999998,238176587.36999997,48030320.04,-2649620.19,-4840741.780000001,38022991.150000006,40681394.98,185790422.24999997,249233780.73000002,10274176.45,1494981035.06,106979544.30999999,-106292844.32000001,-1657307500.3200002,341036728.28000003,,,5226174247.790001,0.47030036910659195
002100,天康生物,2025-09-30,2025-10-30,3778630042.58,2225002284.81,1009824580.92,2160540457.25,,290380457.94,,16816842550.61,8049365331.34,1597050938.86,7170426280.41,300717580.19,3067743989.93,243603927.55,5654051247.05,1365251515.0,493083783.62,648604160.24,5434542104.08,9405897554.03,20076717.54,130804873.91,6687280.0,78744143.15,,2025-10-30,13610370203.12,13610370203.12,12129821528.94,411749486.05,504865088.26,93115602.21,-4094463.56,-38433637.16,102972612.94,112841990.57,381756447.68,502001579.92,10528434.89,2025-10-30,2350579030.51,243060965.55,3560019371.52,-242374265.56,-1220770492.85,493635228.87,686699.99,,,165816290.24,,2025,3,4763645003.620001,4763645003.620001,4350900296.620001,73460235.54000002,95246958.86000001,21786723.319999993,-908270.02,-12455938.979999997,27718765.89999999,32404085.569999993,67539531.53000003,98050977.43,-837776.0399999991,731553569.1500003,63942062.04000002,-63942062.03999999,363750231.59000015,112841990.57,0.0,,5685747780.919999,0.47864902743279975
002100,天康生物,2025-12-31,2026-04-29,2080650501.44,3113591224.68,1066029859.41,1875527549.25,,313037886.48,,17391195009.72,8854474669.2,1595444408.89,6941275931.63,330361180.72,5565452646.59,255429810.07,5621161711.95,1365251515.0,507725510.58,601576925.83,6494788633.18,9949972555.7,39165624.22,349973574.63,103063912.5,105309844.05,,2026-04-29,16981074699.26,16981074699.26,15306380317.77,210634875.2,300308190.47,89673315.27,-46098106.21,-131543845.6,138352205.78,159995645.74,150924111.22,322209571.62,27801208.75,2026-04-29,380861739.93,378950382.13,1410828991.97,-1287447164.53,-636101105.81,442613863.34,4152333.55,46098106.21,,165816290.24,,2025,4,3370704496.1399994,3370704496.1399994,3176558788.83,-201114610.85000002,-204556897.78999996,-3442286.9399999976,-42003642.65,-93110208.44,35379592.84,47153655.17000002,-230832336.46,-179792008.3,17272773.86,-1969717290.5800002,135889416.57999998,-1045072898.97,584669387.04,-51021365.53000003,3465633.5599999996,,6368186519.82,0.5091354943838651
002100,天康生物,2026-03-31,2026-04-30,2830800392.93,2859605224.49,922206174.42,2551527549.25,,278087266.16,,18043261397.55,9601554311.72,1582739358.66,6858967727.17,310898947.83,5345121891.67,275528945.68,5494477030.08,1365251515.0,476006196.06,714831830.27,6603728107.98,10789449984.81,9231984.0,426280026.99,198415860.4,92293329.26,,2026-04-30,3916826741.94,3916826741.94,3765570499.79,-163281842.86,-172508165.96,-9226323.1,-3364170.8,-20238406.54,34963193.83,35202406.67,-162022821.05,-154989363.3,8819858.75,2026-04-30,731371733.74,35668974.73,2452321421.63,83987836.91,226132859.01,35202406.67,,,,165816290.24,,2026,1,3916826741.94,3916826741.94,3765570499.79,-163281842.86,-172508165.96,-9226323.1,-3364170.8,-20238406.54,34963193.83,35202406.67,-162022821.05,-154989363.3,8819858.75,731371733.74,35668974.73,83987836.91,226132859.01,35202406.67,,,6611426214.32,0.5321407311110476
002100,天康生物,2026-06-30,2026-08-27,2534658402.03,2150983883.0,899806961.65,3139777413.48,,342915651.1,50000000.0,19180201075.9,10656134868.28,2181910372.14,6342155835.48,418100651.24,4323142042.07,564084075.66,7485977484.68,1365251515.0,471984126.98,784122949.86,6856589495.33,8960020321.98,24672804.0,361954389.06,,87578290.93,,2026-08-27,8325389560.74,8325389560.74,8206630230.08,-441468238.37,-494200330.27,-52732091.9,-4786473.14,-39257194.51,64081928.64,64255731.16,-445686964.32,-471166232.74,5289150.72,2026-08-27,1495953985.65,152407323.5,2140707339.51,-453116554.7,-312959083.41,171614883.41,272348.28,44043667.65,,719757031.48,,2026,2,4408562818.799999,4408562818.799999,4441059730.29,-278186395.51,-321692164.30999994,-43505768.8,-1422302.3399999999,-19018787.97,29118734.810000002,29053324.489999995,-283664143.27,-316176869.44,-3530708.0300000003,764582251.9100001,116738348.77000001,-537104391.61,-539091942.4200001,136412476.74,,,6533483909.2300005,0.5555799350648871
002124,天邦食品,2015-12-31,2016-04-12,318401305.18,539014459.22,,5000000.0,,,,1967302260.76,841834676.42,36102433.59,1089365150.75,82661801.7,346830060.17,27823805.01,687062188.68,289399941.0,,85244169.77,828602735.93,874598256.55,22860000.0,,,,,2016-04-12,2141293716.15,2141293716.15,1711022625.16,110264908.87,107602966.74,-2661942.13,,,52098786.49,,45330763.3,108202760.83,18186280.65,2016-04-12,220548411.25,99217506.68,314229111.47,-86183478.67,-28201098.78,78581829.75,239617.91,4038400.68,,54727399.8,,2015,4,,,,,,,,,,,,,,,,,,,,,544014459.22,0.4279132359126075
002124,天邦食品,2016-03-31,2016-04-26,215187526.82,414014518.0,,5000000.0,,,,2000801698.4,820257110.63,20305904.22,1160238683.55,104009873.99,357551654.18,24931470.16,649649774.04,289399941.0,,148874201.97,810423481.23,878828868.88,15500000.0,,,,,2016-04-26,413351155.03,413351155.03,295328531.32,69036368.83,68231296.13,-805072.7,,,5112233.11,,38412520.3,67169653.83,2456476.24,2016-04-26,21424010.85,26624856.14,215187526.82,-6779778.75,-118083431.03,5097949.03,30599.0,,,45139207.59,,2016,1,413351155.03,413351155.03,295328531.32,69036368.83,68231296.13,-805072.7,,,5112233.11,,38412520.3,67169653.83,2456476.24,21424010.85,26624856.14,-6779778.75,-118083431.03,5097949.03,30599.0,,419014518.0,0.40996422148478917
002124,天邦食品,2016-06-30,2016-08-22,184499111.23,411014894.25,,5000000.0,,,,2070460772.95,817619100.19,15824694.72,1237016978.04,125997674.97,385263854.78,41403867.51,677851761.65,636679870.0,,157401135.16,807863480.77,878352464.23,15500000.0,,,,,2016-08-22,1079838590.76,1079838590.76,713808356.82,203300372.44,202701650.36,-598722.08,,,10699546.43,,172304572.02,202784833.2,3920754.77,2016-08-22,114745837.84,68999743.97,182624467.92,-60519566.58,-186344965.46,70359483.46,65699.0,7182944.02,,45139207.59,,2016,2,666487435.73,666487435.73,418479825.50000006,134264003.61,134470354.23000002,206350.62,,,5587313.319999999,,133892051.72000001,135615179.37,1464278.5299999998,93321826.99000001,42374887.83,-53739787.83,-68261534.43,65261534.42999999,35100.0,,416014894.25,0.3948971701719581
002124,天邦食品,2016-09-30,2016-10-25,158093856.04,476900000.0,,5000000.0,,,,2280775829.05,891288755.65,16503847.31,1372983226.09,159302805.77,418496581.03,88923262.37,674695695.51,636679870.0,,198183587.41,881599155.43,1015083978.85,15500000.0,,,,,2016-10-25,1792699587.92,1792699587.92,1191460348.61,341501690.65,341487695.26,-13995.39,,,15331475.84,,309632221.94,345958494.76,9228861.04,2016-10-25,104592614.54,150025930.8,154925394.03,-139368500.41,-125085618.01,75000136.01,93699.0,,,45139207.59,,2016,3,712860997.1600001,712860997.1600001,477651991.78999984,138201318.20999998,138786044.89999998,584726.69,,,4631929.41,,137327649.92,143173661.56,5308106.27,-10153223.299999997,81026186.83000001,-78848933.83,61259347.45,4640652.550000012,28000.0,,481900000.0,0.3907831468124791
002124,天邦食品,2016-12-31,2017-04-25,172474643.13,572649895.0,,5000000.0,,,,2490092177.57,1065671566.04,20040851.29,1404379760.24,183520999.42,488254199.41,177296876.42,740421647.48,636679870.0,,170528553.35,1055566832.54,983446493.29,12000000.0,,,,,2017-04-25,2370462254.75,2370462254.75,1614184946.46,372889328.34,372738932.46,-150395.88,,,20952519.02,,337388486.8,375022935.64,11066540.61,2017-04-25,513017984.25,659066674.24,161229834.89,-629101921.1,-37726445.76,80631881.54,7973174.75,13496353.95,,45139207.59,,2016,4,577762666.8299999,577762666.8299999,422724597.85000014,31387637.689999998,31251237.199999988,-136400.49,,,5621043.18,,27756264.860000014,29064440.879999995,1837679.5700000003,408425369.71,509040743.44,-489733420.69000006,87359172.25,5631745.530000001,7879475.75,,577649895.0,0.42796470574031287
002124,天邦食品,2017-03-31,2017-04-25,1633452229.64,802665028.17,,5000000.0,,,,4328621016.18,1385848132.4,19162471.85,2923610411.93,212463446.58,615929456.79,302096112.97,714833483.65,773085399.0,,225651127.94,1375842918.87,2699276568.67,12000000.0,,,,,2017-04-25,558342967.52,558342967.52,402383102.03,52723203.38,51991505.88,-731697.5,,,5711381.29,,53725597.66,55662392.6,2726295.73,2017-04-25,-65874404.85,150823172.65,1630362372.27,-157523172.65,1692607006.43,3757754.02,,,,45139207.59,,2017,1,558342967.52,558342967.52,402383102.03,52723203.38,51991505.88,-731697.5,,,5711381.29,,53725597.66,55662392.6,2726295.73,-65874404.85,150823172.65,-157523172.65,1692607006.43,3757754.02,,,807665028.17,0.32015926717072785
002124,天邦食品,2017-06-30,2017-08-22,732003079.91,211898435.8,,5000000.0,,,,3909943838.09,966579977.07,23582730.58,2919781130.44,252738583.27,678455444.03,280262620.45,1076135200.85,773085399.0,,271829023.95,952699652.12,1777562443.42,12000000.0,,,,,2017-08-22,1346138594.91,1346138594.91,1013135637.09,135569962.73,134873366.1,-696596.63,,,6771641.86,,113594382.36,121380138.53,7590333.22,2017-08-22,29425684.0,338237939.29,729279054.23,-416097053.4,955789844.0,109305366.45,79345.0,372729.74,,53328812.55,,2017,2,787795627.3900001,787795627.3900001,610752535.0600001,82846759.35,82881860.22,35100.869999999995,,,1060260.5700000003,,59868784.7,65717745.93,4864037.49,95300088.85,187414766.64000002,-258573880.74999997,-736817162.4300001,105547612.43,,,216898435.8,0.2472107061113626
002124,天邦食品,2017-09-30,2017-10-30,565646652.01,231873481.29,,13295192.1,,,,4012483005.18,982756000.78,21582674.02,3008144330.38,303319349.04,760537884.77,350838440.58,1118856673.6,773085399.0,,314804714.62,962432467.51,1713828081.04,12000000.0,,,,,2017-10-30,2263965597.46,2263965597.46,1714091731.36,219987344.0,219089619.0,-897725.0,,,7077116.87,13836470.79,198930772.61,214288812.82,14074515.92,2017-10-30,20618767.48,512915928.02,561097626.33,-604983032.07,984427654.65,110581724.8,79345.0,,,53328812.55,,2017,3,917827002.55,917827002.55,700956094.2699999,84417381.27000001,84216252.9,-201128.37,,,305475.0099999998,,85336390.25000001,92908674.28999999,6484182.7,-8806916.52,174677988.72999996,-188885978.67000008,28637810.649999976,1276358.349999994,0.0,,245168673.39,0.24492465127236435
002124,天邦食品,2017-12-31,2018-04-28,429520904.13,455000000.0,5000000.0,9417458.81,,,,4443158630.63,1395351818.13,17945873.12,3029860939.38,359565577.44,997538751.06,172992834.47,1429290254.07,773085399.0,,307056316.44,1377367895.19,1685175894.37,15572000.0,,,,,2018-04-28,3061060630.82,3061060630.82,2313338846.59,262140967.26,259287796.18,-2853171.08,,,9200239.37,17396231.21,234851104.6,256096049.56,17784820.09,2018-04-28,334798271.65,986923928.53,417781533.49,-1279151851.19,1201266738.25,114268423.57,136432.16,1649500.61,,57288079.66,,2017,4,797095033.3600001,797095033.3600001,599247115.2300003,42153623.25999999,40198177.18000001,-1955446.08,,,2123122.499999999,3559760.420000002,35920331.98999998,41807236.74000001,3710304.17,314179504.16999996,474008000.51,-674168819.12,216839083.60000002,3686698.769999996,57087.16,,469417458.81,0.31404501484840114
002124,天邦食品,2018-03-31,2018-04-28,600972619.32,1043000000.0,5000000.0,9022640.46,,,,5165482135.02,2089520388.77,15361755.11,3060599991.14,417100026.8,1174816847.17,420449495.04,1458370284.92,773085399.0,,417403726.13,2072082199.52,2067733373.18,18552000.0,,,,,2018-04-28,843300297.75,843300297.75,682702416.68,32178832.76,31294234.15,-884598.61,,,6529910.28,7538782.75,29416563.63,37144195.85,3946682.49,2018-04-28,1491835.53,411970396.37,586244275.17,-413850053.54,581264845.84,6735154.16,65000.0,,,57288079.66,,2018,1,843300297.75,843300297.75,682702416.68,32178832.76,31294234.15,-884598.61,,,6529910.28,7538782.75,29416563.63,37144195.85,3946682.49,1491835.53,411970396.37,-413850053.54,581264845.84,6735154.16,65000.0,,1057022640.46,0.4045160420948604
002124,天邦食品,2018-06-30,2018-08-29,730535586.41,1720000000.0,5000000.0,12034731.07,,,,6090919081.58,3042341556.02,15671986.42,3032905539.14,485477154.45,1308392304.94,706914070.55,1558765038.89,1159628098.0,,456518588.91,3021742833.27,2544733304.12,17052000.0,,,,,2018-08-29,1862321767.47,1862321767.47,1611402107.89,80574836.78,79362194.66,-1212642.12,-3224403.24,,21502478.7,23804787.94,-53450540.84,99600929.24,15987446.49,2018-08-29,-72155216.33,888807496.53,687044457.76,-868964566.24,1210123592.16,56001004.34,483659.0,3224403.24,,57288079.66,,2018,2,1019021469.72,1019021469.72,928699691.2100002,48396004.019999996,48067960.51,-328043.5100000001,,,14972568.419999998,16266005.190000001,-82867104.47,62456733.38999999,12040764.0,-73647051.86,476837100.15999997,-455114512.7,628858746.32,49265850.18000001,418659.0,,1737034731.07,0.499488092892347
002124,天邦食品,2018-09-30,2018-10-30,431042692.99,1756528584.0,,11529638.13,,,60000100.0,6428541874.51,3337273764.61,17157649.71,3074110460.19,528128116.99,1528677778.83,853466348.34,1618075625.22,1159628098.0,,540674634.12,3252356998.65,2533331044.8,28607696.84,,,,,2018-10-30,3178982630.14,3178982630.14,2700631256.11,120842195.47,118706714.37,-2135481.1,-7455102.81,,41112631.7,43465794.41,-16767930.7,149850659.4,24160841.0,2018-10-30,99339555.06,1332987748.72,385849657.86,-1371033933.61,1239114043.07,118719137.43,701328.82,,,57288079.66,,2018,3,1316660862.6699998,1316660862.6699998,1089229148.22,40267358.69,39344519.71000001,-922838.98,-4230699.569999999,,19610153.000000004,19661006.469999995,36682610.14,50249730.16000001,8173394.51,171494771.39,444180252.19000006,-502069367.3699999,28990450.909999847,62718133.09,217669.81999999995,,1768058222.13,0.519133861108181
002124,天邦食品,2018-12-31,2019-04-24,478561333.51,1731618005.0,73811851.17,10801723.58,,,340305441.8,6228766400.88,3831852961.65,16394516.97,2380518922.26,515083186.51,1490719743.15,769289593.02,2056479550.13,1159628098.0,,487031946.58,3468022303.44,2333011772.99,111821333.94,,2512290.0,,,2019-04-24,4518950572.98,4518950572.98,3990566827.94,-571964274.51,-575163816.13,-3199541.62,-316062091.78,,65066385.75,67985738.14,-660591874.39,-490391579.06,26649610.98,2019-04-24,189959340.22,1708914819.96,431910079.82,-1709718551.96,1533238996.39,139315263.1,25593781.71,316062091.78,,50345840.09,,2018,4,1339967942.8399997,1339967942.8399997,1289935571.83,-692806469.98,-693870530.5,-1064060.52,-308606988.96999997,,23953754.049999997,24519943.730000004,-643823943.6899999,-640242238.46,2488769.9800000004,90619785.16,375927071.24,-338684618.35000014,294124953.3200002,20596125.669999987,24892452.89,,1816231579.75,0.6151864936062839
002124,天邦食品,2019-03-31,2019-04-24,516582158.6,1882118005.0,100814453.23,9835373.44,,,394682770.76,6174409586.88,4114325759.7,15509392.77,2044574434.41,402465977.49,1357753672.4,900190212.03,2047242839.37,1159628098.0,,483416504.49,3697254739.46,2275593245.71,96974626.5,,,,,2019-04-24,1245086754.5,1245086754.5,1321280389.55,-335287082.36,-336196101.91,-909019.55,-565596.64,-1587483.43,31476081.2,31357213.65,-282065636.07,-271516088.91,940895.49,2019-04-24,-44905739.77,230875111.01,468353460.96,-214205165.01,296090178.12,21054387.15,90946.0,,,50345840.09,,2019,1,1245086754.5,1245086754.5,1321280389.55,-335287082.36,-336196101.91,-909019.55,-565596.64,-1587483.43,31476081.2,31357213.65,-282065636.07,-271516088.91,940895.49,-44905739.77,230875111.01,-214205165.01,296090178.12,21054387.15,90946.0,,1992767831.67,0.6663512845734317
002124,天邦食品,2019-06-30,2019-08-22,746170712.9,1902118005.0,122930520.83,9204481.99,,,452896692.24,6021063523.4,3990606540.35,17404544.21,2013052438.84,378358259.41,877109461.28,780781516.03,2287047093.37,1159628098.0,,331096672.24,3512437341.28,2025660062.96,115519831.8,,,,,2019-08-22,2940561453.19,2940561453.19,2839722813.66,-367337476.18,-368178474.91,-840998.73,-2338727.87,-3179809.56,65910740.13,64138932.47,-307114623.62,-291964397.78,3177569.45,2019-08-22,88233804.22,342506454.71,621009454.76,-324499666.37,425376127.12,42491967.32,249746.0,5518537.43,,50852708.12,,2019,2,1695474698.69,1695474698.69,1518442424.11,-32050393.819999993,-31982373.0,68020.82000000007,-1773131.23,-1592326.1300000001,34434658.93000001,32781718.82,-25048987.550000012,-20448308.869999945,2236673.96,133139543.99000001,111631343.69999999,-110294501.36000001,129285949.0,21437580.17,158800.0,,2034253007.82,0.6627743628415611
002124,天邦食品,2019-09-30,2019-10-18,731935849.92,2001951815.0,141548565.21,8797284.67,,,505078008.92,6805271521.45,4391373324.85,20734062.94,2393164133.66,619015939.86,939455140.43,723705360.2,2571514354.56,1159628098.0,,355811629.94,3860530727.46,2379207203.73,153088842.76,,,,,2019-10-18,4454306585.01,4454306585.01,3980384499.44,11940662.5,13628143.92,1687481.42,-1812267.46,-5744058.54,99566449.68,97374291.88,-104519169.51,121756138.58,30604282.94,2019-10-18,62168365.07,795123829.03,602768727.41,-682548055.18,790810269.2,62566241.85,402746.0,,,50852708.12,,2019,3,1513745131.8200002,1513745131.8200002,1140661685.7800002,379278138.68,381806618.83000004,2528480.15,526460.4100000001,-2564248.98,33655709.550000004,33235359.409999996,202595454.11,413720536.35999995,27426713.490000002,-26065439.15,452617374.32,-358048388.80999994,365434142.08000004,20074274.53,153000.0,,2152297664.88,0.6452899507401771
002124,天邦食品,2019-12-31,2020-04-29,869839169.74,2046254113.66,149899243.19,8004427.65,,,572382874.93,7534383259.18,4636152895.52,16358933.14,2881871430.52,954021401.61,1053649903.42,594002982.44,3135053912.78,1159628098.0,,357536807.85,4035635713.66,2194856781.25,162695312.12,,76703714.29,120000000.0,,2020-04-29,6006883384.85,6006883384.85,5185627760.07,100402423.01,100011405.21,-391017.8,-4047051.07,-6092532.4,139691944.93,135340429.07,3095127.25,228183974.84,26536480.31,2020-04-29,531939239.51,1235068168.56,734506800.07,-1023462840.34,793805092.89,83969993.99,2262239.49,4047051.07,,54180781.91,,2019,4,1552576799.8400002,1552576799.8400002,1205243260.6299996,88461760.51,86383261.28999999,-2078499.22,-2234783.61,-348473.86000000034,40125495.25,37966137.19,107614296.76,106427836.26,-4067802.6300000027,469770874.44,439944339.53,-340914785.1600001,2994823.689999938,21403752.139999993,1859493.4900000002,,2204157784.5,0.6153327666031915
002124,天邦食品,2020-03-31,2020-04-29,1075991648.92,2101258277.77,145608369.17,257172455.47,,,541760427.77,8313302849.56,4938984275.48,16164670.25,3358153903.83,1437649237.3,987131445.43,617557041.33,3198773152.39,1159628098.0,,489569434.6,4116847694.41,2422121452.45,152297491.53,,87006519.38,,,2020-04-29,1887600942.78,1887600942.78,1217376697.07,476277806.84,476150381.96,-127424.88,-794600.92,-2646996.67,37998627.31,37504866.73,480560257.15,486432833.09,1776729.91,2020-04-29,415236595.76,452320614.47,967861906.83,-452457996.48,241547541.71,23688585.84,92941.99,,,54180781.91,,2020,1,1887600942.78,1887600942.78,1217376697.07,476277806.84,476150381.96,-127424.88,-794600.92,-2646996.67,37998627.31,37504866.73,480560257.15,486432833.09,1776729.91,415236595.76,452320614.47,-452457996.48,241547541.71,23688585.84,92941.99,,2504039102.41,0.5941061410677955
002124,天邦食品,2020-06-30,2020-08-19,1664561848.02,2230057779.27,202892461.57,493378707.46,,,682231711.11,10229075627.1,5794369842.48,16420370.03,4418285414.59,2075688239.34,1229742861.29,569194258.65,3525811745.49,1159628098.0,,575763986.29,4595433535.97,3394063536.09,124573029.86,,74158919.38,20000000.0,,2020-08-19,4610429952.57,4610429952.57,2541860940.15,1534881799.82,1534186848.17,-694951.65,-19212404.73,-20345215.7,76148107.89,75764254.76,1542743771.95,1555218504.63,400268.47,2020-08-19,1959266465.37,1766028872.64,1489036490.97,-1820454897.19,615570634.67,57283982.6,176876.85,39557620.43,,54180781.91,,2020,2,2722829009.79,2722829009.79,1324484243.0800002,1058603992.98,1058036466.21,-567526.77,-18417803.81,-17698219.03,38149480.58,38259388.03000001,1062183514.8000001,1068785671.5400002,-1376461.44,1544029869.61,1313708258.17,-1367996900.71,374023092.9599999,33595396.760000005,83934.86,,2926328948.3,0.5664607491148969
002124,天邦食品,2020-09-30,2020-10-26,3072418578.54,1340902110.56,206013799.98,777834221.29,,,628808475.38,13714988783.19,5357579861.99,16486197.26,8340922723.94,3005120061.01,1459940698.75,814073804.14,3811057881.59,1313709019.0,,792057388.6,3926301509.21,5172148524.06,322698899.32,4165217.86,136949255.1,20000000.0,,2020-10-26,8025501034.46,8025501034.46,4273702853.79,2824370401.67,2824229658.27,-140743.4,-20961432.18,-22818196.02,111585218.18,115150862.57,2827937217.82,2857267042.63,9697967.78,2020-10-26,3601161778.2,3775459125.91,2862569572.82,-4038340750.46,2564297397.32,77553585.11,221276.85,,,54180781.91,,2020,3,3415071081.8900003,3415071081.8900003,1731841913.6399999,1289488601.8500001,1290042810.1,554208.25,-1749027.4499999993,-2472980.3200000003,35437110.29000001,39386607.80999999,1285193445.8700001,1302048538.0,9297699.309999999,1641895312.83,2009430253.2699997,-2217885853.27,1948726762.65,20269602.509999998,44400.0,,2324750131.83,0.39063683876698496
002124,天邦食品,2020-12-31,2021-04-21,2126068400.24,1342802176.57,255064004.36,793661725.91,,,700184982.68,15501961361.98,6703982551.75,16770663.15,8781208147.08,2591216816.44,2555122110.73,935444020.85,5459848970.52,1313709019.0,,1028767139.71,5060328467.73,5771399004.78,178477886.1,,96364492.87,21903938.49,,2021-04-21,10764148563.64,10764148563.64,6219339568.67,3244986853.52,3245772487.98,785634.46,-4509968.48,-31140985.35,147730837.97,153946719.57,3312316209.24,3348151994.27,6157415.23,2021-04-21,4453081509.46,5054652042.61,1920164687.11,-5738849287.26,2470838503.22,114976845.4,282448.46,35650953.83,,54180781.91,,2020,4,2738647529.1799994,2738647529.1799994,1945636714.88,420616451.8499999,421542829.71000004,926377.86,16451463.7,-8322789.330000002,36145619.78999999,38795857.0,484378991.4199996,490884951.63999987,-3540552.549999999,851919731.2600002,1279192916.6999998,-1700508536.8000002,-93458894.10000038,37423260.29000001,61171.610000000015,,2391527906.8399997,0.4324602800386369
002124,天邦食品,2021-03-31,2021-04-28,2871416036.89,1757677891.27,625532786.89,758443929.68,,2422007586.74,462951964.46,18755452088.52,9900736347.59,21816307.96,8832899432.97,1789404373.37,3156037626.2,1168318430.69,5432432426.37,1313709019.0,2621590614.18,1136428670.01,6108158881.59,7116235323.45,245367198.63,,129897740.37,21305323.39,,2021-04-28,3408300974.8,3408300974.8,2963452950.63,195385721.19,195809901.18,424179.99,-33606.25,-7497131.23,60286310.99,64567213.8,123933405.59,316179484.77,6527355.52,2021-04-28,824409265.41,730992560.42,2642063442.94,-426477285.66,323893440.02,20064146.41,4256511.37,,,9041574.32,,2021,1,3408300974.8,3408300974.8,2963452950.63,195385721.19,195809901.18,424179.99,-33606.25,-7497131.23,60286310.99,64567213.8,123933405.59,316179484.77,6527355.52,824409265.41,730992560.42,-426477285.66,323893440.02,20064146.41,4256511.37,,5563662194.58,0.5278857742730781
002124,天邦食品,2021-06-30,2021-08-31,2076649698.54,3016970986.23,800730158.27,1559686470.25,,2519542243.18,528277754.26,21481505585.05,14222655015.26,61625743.03,7197224826.76,2129058357.99,3889786330.02,2170683277.69,6193975117.67,1839192626.0,3049669655.22,1523313420.29,9525453354.11,6912052620.22,223888259.88,,129897740.37,121135471.52,,2021-08-31,5606148883.5,5606148883.5,5311770098.67,-650538562.95,-648619262.3,1919300.65,-253465601.08,-7616584.45,137470384.07,147991364.87,-783973170.36,-455667077.04,21260738.6,2021-08-31,-122674761.85,1408450764.9,1804400956.34,-934277282.99,941393029.41,846308397.16,4492058.71,261082185.53,,430211434.68,,2021,2,2197847908.7,2197847908.7,2348317148.04,-845924284.1400001,-844429163.48,1495120.66,-253431994.83,-119453.21999999974,77184073.07999998,83424151.07000001,-907906575.95,-771846561.81,14733383.080000002,-947084027.26,677458204.4800001,-507799997.33,617499589.39,826244250.75,235547.33999999985,,7896929857.93,0.6620883698746992
002124,天邦食品,2021-09-30,2021-10-30,1741713678.56,2751765284.89,851364089.42,1506111389.58,,2698556562.02,544153974.62,20479890612.64,15266260907.84,61143027.63,5152486677.17,1714044504.57,2920997041.23,2203585481.12,6047575723.66,1839192626.0,3202163265.3,1525349473.75,10433822291.71,6383312829.0,223216380.34,,159967824.35,121683908.95,,2021-10-30,8426957332.99,8426957332.99,9063132589.7,-2696142851.28,-2695170014.54,972836.74,-844845521.13,-6457262.66,243317879.99,256502507.96,-2796704428.87,-2456033972.77,22382127.04,2021-10-30,-865785403.63,1810578820.22,1454642394.99,-651747820.18,1051919556.17,890842129.89,8130750.15,,,430211434.68,,2021,3,2820808449.49,2820808449.49,3751362491.0300007,-2045604288.3300002,-2046550752.24,-946463.9099999999,-591379920.05,1159321.79,105847495.92000002,108511143.09,-2012731258.5099998,-2000366895.73,1121388.4399999976,-743110641.78,402128055.31999993,282529462.81000006,110526526.75999999,44533732.73000002,3638691.4400000004,,7807797325.91,0.7454268773495208
002124,天邦食品,2021-12-31,2022-04-28,1870807492.47,2582340621.92,980202378.16,1366566589.97,,3022882458.29,389426797.13,18491186457.13,14780489303.25,257657339.09,3453039814.79,1166489666.49,1774319396.43,2834216050.04,5977795664.03,1839192626.0,3749778588.93,2033037753.84,9901727611.73,3998017460.45,25613594.51,,298756287.32,1069835.69,,2022-04-28,10506630781.93,10506630781.93,12371990320.68,-4461798357.13,-4472905407.13,-11107050.0,-1149416316.32,-44863922.44,351874931.62,363301150.24,-4905406271.07,-4098482607.61,74272070.75,2022-04-28,-555707470.19,2315614936.9,1649178692.32,-571308966.04,855972560.73,923420604.21,8172586.12,1149416316.32,,349768218.63,,2021,4,2079673448.9400005,2079673448.9400005,3308857730.9799995,-1765655505.85,-1777735392.5900002,-12079886.74,-304570795.18999994,-38406659.78,108557051.63,106798642.28,-2108701842.1999998,-1642448634.8400002,51889943.71,310077933.43999994,505036116.68000007,80438854.13999999,-195946995.43999994,32578474.320000052,41835.96999999974,,7951992048.34,0.7993261729049735
002124,天邦食品,2022-03-31,2022-04-28,1175418468.32,2449672182.47,1164587919.21,1236272519.58,,3066270341.35,280136484.5,18612454808.87,15572642472.06,260112522.53,2779699814.28,947645049.08,2526880279.04,2466727733.35,6578922271.24,1839192626.0,3762072052.85,3003280580.38,10886513728.21,4113825698.88,19729971.74,,278574233.36,116347234.49,,2022-04-28,1639594622.68,1639594622.68,1859957872.4,-673650083.21,-671194899.77,2455183.44,-5325348.21,-1456771.13,92931620.34,94810983.39,-664872166.78,-647744318.97,283501.08,2022-04-28,-91557968.08,329694656.47,897236421.7,-339392692.82,-320981489.91,41339857.56,1416913.65,,,349768218.63,,2022,1,1639594622.68,1639594622.68,1859957872.4,-673650083.21,-671194899.77,2455183.44,-5325348.21,-1456771.13,92931620.34,94810983.39,-664872166.78,-647744318.97,283501.08,-91557968.08,329694656.47,-339392692.82,-320981489.91,41339857.56,1416913.65,,7916802962.610001,0.8366785914042172
002124,天邦食品,2022-06-30,2022-08-29,1233172763.37,2429325453.02,1408535447.01,935345412.87,,2825085731.62,269445265.89,19168203087.34,15080744229.0,75923944.34,4011534914.0,939419483.74,2591199350.59,2238143194.62,6099433092.0,1839192626.0,3402500664.01,3186898660.25,10987171519.57,4767112387.88,8161786.15,1816416.0,129976126.59,118090818.62,,2022-08-29,3926069348.97,3926069348.97,3824923619.66,583222938.79,584799661.8,1576723.01,-27994509.45,-40914598.03,212391085.0,225597116.29,-823849095.85,626019347.87,1253311.69,2022-08-29,305882427.26,394121397.2,956555532.22,-144018195.62,-854580395.86,98319816.2,30297913.5,68909107.48,,349768218.63,,2022,2,2286474726.29,2286474726.29,1964965747.2599998,1256873022.0,1255994561.57,-878460.4299999999,-22669161.24,-39457826.9,119459464.66,130786132.89999999,-158976929.07000005,1273763666.8400002,969810.6099999999,397440395.34,64426740.72999996,195374497.2,-533598905.95,56979958.64,28880999.85,,7598292044.5199995,0.786758370635188
002124,天邦食品,2022-09-30,2022-10-18,1066858012.06,2556262450.72,1470350520.02,888499662.26,,2630191693.2,358900023.56,19129673675.97,14624543210.75,76558994.47,4428571470.75,1155724296.01,2528521854.84,1297159671.82,7389933151.76,1839192626.0,3171429149.81,2259819672.86,10655466327.49,4334900049.87,6702598.16,,179976126.59,196628663.3,,2022-10-18,6833654193.02,6833654193.02,6044843661.02,1000026470.34,1002238243.48,2211773.14,-31543570.56,-32022347.55,324138617.12,336219662.54,-466397517.79,1040813762.53,947634.94,2022-10-18,239312584.03,864574353.44,785516497.89,-380792653.07,-722376727.63,147817713.19,30809095.04,,,349768218.63,,2022,3,2907584844.0500007,2907584844.0500007,2219920041.3600006,416803531.5500001,417438581.68000007,635050.1300000001,-3549061.1099999994,8892250.48,111747532.12,110622546.25000003,357451578.06,414794414.65999997,-305676.75,-66569843.22999999,470452956.24000007,-236774457.45,132203668.23000002,49497896.989999995,511181.5399999991,,7545304326.2,0.7644951742758068
002124,天邦食品,2022-12-31,2023-04-29,970464846.67,2542442298.34,1352907283.1,1038200000.0,,2423748726.76,276305455.34,19556360265.29,15570964560.87,70642941.15,3914752763.27,1143939495.54,2631545098.91,1311339437.32,7756902763.4,1839192626.0,3120582803.96,3308481969.02,11726205303.6,4321760122.54,38386160.82,,480976126.59,1116151.16,,2023-04-29,9570942144.13,9570942144.13,8203900101.89,489496697.3,476959608.15,-12537089.15,-640967335.53,-36217136.71,537697937.47,542983265.3,-1000727139.58,510242950.64,-817115.07,2023-04-29,658267768.09,1097459299.95,460861635.17,-546683486.21,-1300062564.54,287261794.18,31267414.45,640967335.53,,322907819.72,,2022,4,2737287951.1099987,2737287951.1099987,2159056440.87,-510529773.04,-525278635.33000004,-14748862.290000001,-609423764.97,-4194789.16,213559320.35000002,206763602.75999993,-534329621.79,-530570811.89,-1764750.0099999998,418955184.06000006,232884946.51,-165890833.14000005,-577685836.91,139444080.99,458319.41000000015,,7357298308.200001,0.7962097419787485
002124,天邦食品,2023-03-31,2023-04-29,1263076387.41,2643552447.21,1224822415.7,869347236.18,,2532522038.38,267909280.34,19695631410.72,16375998584.44,68564950.89,3251067875.39,971891309.33,3144180128.64,1300501896.76,7758224772.58,1839192626.0,3024636927.75,3747369840.41,12602641903.32,4780424819.05,22660565.5,,360976126.59,1193230.48,,2023-04-29,2173950218.46,2173950218.46,2333594111.31,-663780161.59,-664388151.85,-607990.26,-159777858.34,24087674.14,123062623.24,121190435.95,-690164997.7,-672933914.85,-1469514.59,2023-04-29,245854537.22,168441350.78,738486076.05,351528662.69,-319741930.83,42509368.6,157391.8,,,322907819.72,,2023,1,2173950218.46,2173950218.46,2333594111.31,-663780161.59,-664388151.85,-607990.26,-159777858.34,24087674.14,123062623.24,121190435.95,-690164997.7,-672933914.85,-1469514.59,245854537.22,168441350.78,351528662.69,-319741930.83,42509368.6,157391.8,,7270244137.47,0.831453343279303
002124,天邦食品,2023-06-30,2023-08-31,1093504163.95,2830998625.02,1239464054.52,881732013.51,,2488455145.84,315812733.62,19188685361.2,16460903585.82,68615391.6,2659166383.78,1147560073.92,2870043259.56,1082868930.31,7886395619.54,1839192626.0,2941060889.71,3782103151.97,12670455083.37,4186924619.35,66567320.93,,429976126.59,1536690.3,,2023-08-31,4736454156.79,4736454156.79,5089494229.38,-1256324742.99,-1256882292.54,-557549.55,-240176322.11,25504394.15,238126274.95,234925474.77,-1300087173.4,-1255182341.63,129557.09,2023-08-31,87336201.19,229275673.01,802478006.75,306229995.66,-51993244.76,84249861.94,15738356.62,214671927.96,,322907819.72,,2023,2,2562503938.33,2562503938.33,2755900118.07,-592544581.4,-592494140.6899999,50440.70999999996,-80398463.77000001,1416720.009999998,115063651.71,113735038.82000001,-609922175.7,-582248426.7800001,1599071.6800000002,-158518336.03,60834322.22999999,-45298667.02999997,267748686.07,41740493.339999996,15580964.819999998,,7440649838.89,0.857844259571026
002124,天邦食品,2023-09-30,2023-10-28,675742795.18,2690804199.57,1289735249.56,688758248.36,,2401194085.37,300862573.12,18651537231.68,16232900547.35,69006251.53,2349630432.8,991627943.05,2981389006.2,1097353591.16,7887283094.05,1839192626.0,2828853986.72,3535398164.17,12739287608.89,3924407634.27,37575365.43,,429976126.59,1500291.49,,2023-10-28,7268524282.87,7268524282.87,7667960148.73,-1565859135.15,-1567005824.77,-1146689.62,-216790943.08,22136367.11,356088184.97,356545947.09,-1681974571.99,-1629429460.18,255185.26,2023-10-28,259161467.74,300425002.85,417020996.49,216110206.15,-519275531.94,124959690.86,15738356.62,,,333382698.83,,2023,3,2532070126.08,2532070126.08,2578465919.3499994,-309534392.1600001,-310123532.23,-589140.0700000001,23385379.03,-3368027.039999999,117961910.02000004,121620472.31999996,-381887398.5899999,-374247118.54999995,125628.17000000001,171825266.55,71149329.84000003,-90119789.51000002,-467282287.18,40709828.92,0.0,,7070491782.86,0.8703250753926117
002124,天邦食品,2023-12-31,2024-04-30,1254495157.12,2708305745.4,1408198805.45,584341543.27,,1492131098.22,316646832.97,17194018853.3,14912732664.95,64444028.26,2216842160.09,863232195.94,2021627943.11,1168286627.69,7680491972.83,2221933832.0,2009215992.2,3382097236.21,12411905317.32,3625107591.57,31396030.88,,229976126.59,1377427.61,,2024-04-30,10231927988.44,10231927988.44,11145508848.92,-2883405410.6,-2889114323.49,-5708912.89,-473490741.81,29166712.37,491617543.67,487137770.2,-2987045393.0,-2852726789.54,923894.82,2024-04-30,264405194.03,600090056.28,975787571.09,-23566514.94,274085122.22,176745840.39,37168483.22,473490741.81,,260864540.16,,2023,4,2963403705.5700006,2963403705.5700006,3477548700.1900005,-1317546275.4499998,-1322108498.7199998,-4562223.27,-256699798.73,7030345.260000002,135529358.7,130591823.11000001,-1305070821.01,-1223297329.36,668709.5599999999,5243726.289999992,299665053.42999995,-239676721.09,793360654.1600001,51786149.52999999,21430126.6,,6192977192.340001,0.8673209441135307
002124,天邦食品,2024-03-31,2024-04-30,286731024.69,2513338942.73,1173343319.16,638045774.43,,1242135539.86,234546186.73,14978906432.86,12094244288.82,63707062.54,2820955081.5,747937244.13,2234654248.39,1002653962.07,7579248499.02,2221933832.0,1918118298.09,1355937668.51,9874640841.12,2813592746.63,22722916.7,,229976126.59,1648657.98,,2024-04-30,2050233784.89,2050233784.89,2132142551.58,603731515.18,602994549.46,-736965.72,-6930087.84,4561772.8,109249399.11,108308914.36,-454924681.67,605554306.97,116676.58,2024-04-30,-1800092563.11,136382770.7,58776390.12,1514952366.56,-631872171.06,44302628.0,530752.53,,,260864540.16,,2024,1,2050233784.89,2050233784.89,2132142551.58,603731515.18,602994549.46,-736965.72,-6930087.84,4561772.8,109249399.11,108308914.36,-454924681.67,605554306.97,116676.58,-1800092563.11,136382770.7,1514952366.56,-631872171.06,44302628.0,530752.53,,5566863576.18,0.8074183748346428
002124,天邦食品,2024-06-30,2024-08-30,81387780.09,2699659289.37,675295442.5,605131621.18,,1344123205.87,361531888.44,14458935373.97,11335538400.07,65329432.21,3058067541.69,779594426.93,2145516925.79,998696835.88,7495463097.89,2221933832.0,1786579990.63,1212074244.39,8925182997.62,2474248985.04,16616920.04,,229541787.42,2560279.73,,2024-08-30,4317859352.28,4317859352.28,3953158452.53,841050652.34,840055974.82,-994677.52,46455205.67,5234759.49,205688263.93,201721502.25,-281157645.84,841251989.45,132699.21,2024-08-30,-1674195460.93,153445890.72,58753084.49,1502142327.35,-744990041.93,90320072.48,783833.34,-51689965.16,,260864540.16,,2024,2,2267625567.3899994,2267625567.3899994,1821015900.9500003,237319137.1600001,237061425.36,-257711.80000000005,53385293.510000005,672986.6900000004,96438864.82000001,93412587.89,173767035.83000004,235697682.48000002,16022.62999999999,125897102.17999983,17063120.02000001,-12810039.210000038,-113117870.87,46017444.480000004,253080.80999999994,,5324209558.92,0.7839815385354747
002124,天邦食品,2024-09-30,2024-10-31,112173486.3,2556595699.32,754627500.47,568880514.57,,1094782431.07,423642068.87,13872398932.89,10244567763.68,69447312.56,3558383856.65,744630816.46,1995758942.85,977107046.6,7363583984.75,2221933832.0,1537476672.55,1050382195.24,8059952969.2,2306266699.75,16432958.93,,227087664.94,2472365.63,,2024-10-31,7146352456.9,7146352456.9,6028115368.71,1341408547.69,1342881750.52,1473202.83,46455205.67,5674483.18,301152698.95,295314065.88,133191730.15,1331032119.13,-3224.51,2024-10-31,-1380793437.47,207707400.68,89186276.33,1448230396.29,-954031192.87,126901365.33,1133412.24,,,260864540.16,,2024,3,2828493104.62,2828493104.62,2074956916.1799998,500357895.35,502825775.6999999,2467880.35,0.0,439723.6899999995,95464435.01999998,93592563.63,414349375.99,489780129.68000007,-135923.72,293402023.46000004,54261509.96000001,-53911931.05999994,-209041150.94000006,36581292.849999994,349578.9,,4974886145.43,0.7384856659067962
002124,天邦食品,2024-12-31,2025-03-31,150433107.3,2788434657.52,831474717.37,527957550.01,,1137995906.49,347271679.02,13664910129.28,9918133799.69,71535115.53,3675241214.06,925417942.47,1872434039.37,1409910160.08,6668489622.67,2221933832.0,1477420832.73,939036052.21,7809548832.17,2202507363.45,24785839.85,,0.0,2124512.72,,2025-03-31,9643705640.1,9643705640.1,8052580174.18,1458528670.75,1458850502.24,321831.49,11719555.72,2589245.92,402014604.02,396171042.89,256932669.28,1524325258.05,113811.74,2025-03-31,-964085897.57,315768858.79,123355362.52,1340382789.68,-1228767783.64,160457371.61,1347263.74,-11719555.72,,229133601.52,,2024,4,2497353183.200001,2497353183.200001,2024464805.4700003,117120123.05999994,115968751.72000003,-1151371.34,-34735649.95,-3085237.26,100861905.07,100856977.00999999,123740939.13,193293138.91999984,117036.25,416707539.9,108061458.11000001,-107847606.6099999,-274736590.7700001,33556006.280000016,213851.5,,5285862831.389999,0.7258103936181967
002124,天邦食品,2025-03-31,2025-04-25,370812735.11,2880109664.99,726926714.65,543486725.4,,1044702113.53,275596694.27,13744779547.61,9867798507.83,74421370.84,3802559668.94,876664503.76,1972037392.28,1428946947.05,6516082326.37,2221933832.0,1400130991.85,986806271.81,7916114957.83,2548474973.01,29219477.36,,,2114856.11,,2025-04-25,2443365069.41,2443365069.41,2057439552.21,126941575.83,126527831.14,-413744.69,0.0,-896350.31,89390953.58,87967353.22,102189472.35,119249539.41,-11894.07,2025-04-25,324861645.54,55134194.61,279398770.57,-54982702.61,-113833438.98,31963020.02,151492.0,,,229133601.52,,2025,1,2443365069.41,2443365069.41,2057439552.21,126941575.83,126527831.14,-413744.69,0.0,-896350.31,89390953.58,87967353.22,102189472.35,119249539.41,-11894.07,324861645.54,55134194.61,-54982702.61,-113833438.98,31963020.02,151492.0,,5195225218.57,0.7179306494985476
002124,天邦食品,2025-06-30,2025-08-29,233775390.17,2866368587.58,723292665.05,429074714.34,,1091241353.15,261967735.65,13597155886.29,9494613073.81,74923620.24,4027619192.24,845193734.45,2123863029.23,1439190830.19,6410800532.2,2221933832.0,1379025372.29,965943351.29,7627127774.39,2545683658.46,20468808.6,,,2775373.05,,2025-08-29,4693113773.59,4693113773.59,3877914724.69,352037516.55,352126021.26,88504.71,-161013.25,-639993.06,181400148.65,178613677.12,239853705.08,336751582.83,95328.06,2025-08-29,488861410.64,140201076.47,185404514.96,-139996050.27,-286807884.79,66641585.5,205026.2,801006.31,,229133601.52,,2025,2,2249748704.1800003,2249748704.1800003,1820475172.48,225095940.72000003,225598190.12,502249.4,-161013.25,256357.25,92009195.07000001,90646323.9,137664232.73000002,217502043.42,107222.13,163999765.09999996,85066881.86,-85013347.66000001,-172974445.81,34678565.480000004,53534.20000000001,,5109977320.120001,0.6982793426221883
002124,天邦食品,2025-09-30,2025-10-31,215756547.72,3054934338.91,568038670.15,429091246.56,,1039387650.38,204818267.19,13487791692.15,9478248879.92,74407238.48,3935135573.75,755446750.87,2274295458.45,1480038266.34,6268128382.75,2221933832.0,1311491588.45,1057852812.28,7722473966.41,2700204999.74,16273171.98,,,5047429.28,,2025-10-31,6718701570.57,6718701570.57,5711644079.73,259552453.54,259124576.49,-427877.05,-8571778.78,-1799355.72,267765416.79,263998619.21,125705359.28,234959432.46,33858.61,2025-10-31,691601066.72,246846059.47,152402331.56,-245316604.34,-417226236.7,98830471.08,1529455.13,,,229133601.52,,2025,3,2025587796.9799995,2025587796.9799995,1833729355.0399995,-92485063.01000002,-93001444.76999998,-516381.76,-8410765.53,-1159362.66,86365268.13999999,85384942.09,-114148345.80000001,-101792150.36999997,-61469.45,202739656.08000004,106644983.0,-105320554.07,-130418351.90999997,32188885.58,1324428.93,,5091451906.0,0.702727999976187
002124,天邦食品,2025-12-31,2026-04-29,224745117.06,3091573078.37,402349261.09,421420852.75,,1010426377.61,301277950.24,12063001508.67,9631056506.76,66062535.11,2365882466.8,694093006.52,1780191500.9,793898813.4,6422022590.68,2221933832.0,1210630148.53,1205927980.12,7792794966.48,2215065853.85,5272103.33,,,5422494.47,,2026-04-29,8688946995.47,8688946995.47,7945483306.91,-1309290808.99,-1318063389.41,-8772580.42,-963427362.44,-2713783.21,360935451.7,355964624.75,-1369891716.25,-1269412709.58,-51008.34,2026-04-29,910887153.15,309548590.75,162976032.88,-307350895.58,-563895106.87,131037117.53,2197695.17,963427362.44,,,,2025,4,1970245424.8999996,1970245424.8999996,2233839227.1800003,-1568843262.53,-1577187965.9,-8344703.37,-954855583.6600001,-914427.49,93170034.91,91966005.53999999,-1495597075.53,-1504372142.04,-84866.95,219286086.42999995,62702531.28,-62034291.23999998,-146668870.17000002,32206646.450000003,668240.04,,4925769569.82,0.798396360958581
002124,天邦食品,2026-03-31,2026-04-29,193233778.93,3094523529.44,448501874.88,368069752.87,,954240242.89,265430611.42,11121651147.65,9376643668.41,86278081.99,1658729397.25,642797548.8,1378347919.94,781170350.66,6037589089.23,2221933832.0,1160015459.06,1309346736.96,7695650574.98,1790843467.2,6635284.2,,,4371696.53,,2026-04-29,1869918754.61,1869918754.61,1736679201.8,-707463733.71,-705715433.05,1748300.66,-579083498.7,-97334940.35,77153326.47,76474133.51,-828867117.8,-714454523.13,-15173.0,2026-04-29,112847381.61,37980239.79,129863030.36,-35899411.29,-110050087.91,29494248.85,2080828.5,,,,,2026,1,1869918754.61,1869918754.61,1736679201.8,-707463733.71,-705715433.05,1748300.66,-579083498.7,-97334940.35,77153326.47,76474133.51,-828867117.8,-714454523.13,-15173.0,112847381.61,37980239.79,-35899411.29,-110050087.91,29494248.85,2080828.5,,4865335400.08,0.8430981644655596
002124,天邦食品,2026-06-30,2026-08-25,155067364.18,3059477293.84,441994152.59,410737889.96,,927400946.79,235872291.58,10342509617.23,9433943635.44,85290607.14,823275374.65,488564845.97,1031787004.33,772851993.7,5890492648.77,2221933832.0,1108943100.6,1367960102.83,7766572728.51,1402626435.04,6539891.2,,,3838430.4,,2026-08-25,3656225064.84,3656225064.84,3547028044.8,-1542868728.51,-1542107902.7,760825.81,-1088598043.54,-97875859.96,154174693.09,152402468.93,-1672088519.33,-1562716881.3,-20614.63,2026-08-25,270877293.76,49840903.18,94622273.96,-51494277.7,-287715624.28,60609762.82,2090709.72,1186473903.5,,,,2026,2,1786306310.2300003,1786306310.2300003,1810348843.0000002,-835404994.8,-836392469.6500001,-987474.8499999999,-509514544.8399999,-540919.6099999994,77021366.62,75928335.42,-843221401.53,-848262358.17,-5441.630000000001,158029912.14999998,11860663.39,-15594866.410000004,-177665536.36999997,31115513.97,9881.219999999972,,4839610283.18,0.9121522710236225
002157,正邦科技,2015-12-31,2016-04-22,1527180977.27,1171973637.0,447395313.02,1560009460.0,546341636.0,,174237885.26,9763515971.75,6211783350.48,420488095.82,3131244525.45,253533314.9,1505444658.9,328129193.27,4452593926.24,672058047.0,,1518582398.0,3878274175.32,4090426723.12,41463506.36,,559167396.42,266192.01,,2016-04-22,16416267218.4,16416267218.4,14892818402.7,311434963.37,335896603.94,24461640.57,,,197603017.22,,186944884.0,281187804.67,32166531.86,2016-04-22,734968815.16,940963114.1,1308389088.6,-1422396964.7,1721155109.56,219788877.81,77361292.04,20754171.59,,60190879.45,,2015,4,,,,,,,,,,,,,,,,,,,,,3725720046.02,0.636224016886266
002157,正邦科技,2016-03-31,2016-04-22,919009380.56,1575037396.0,,1905900000.0,113606096.46,,163851611.18,9441134807.67,5667373531.92,414454233.64,3359307042.11,293960317.58,1617456805.62,406066442.02,4410390444.05,671688047.0,,1262170503.04,3433919382.04,3675360727.95,41463506.36,,326756514.43,,,2016-04-22,4010121627.09,4010121627.09,3421293732.37,228062516.66,222028654.48,-6033862.18,,,66414279.5,,217365751.39,207899464.63,1650461.73,2016-04-22,79484526.44,170836960.11,919009380.56,-169928017.37,-311310539.71,66032593.97,3310242.74,,,60190879.45,,2016,1,4010121627.09,4010121627.09,3421293732.37,228062516.66,222028654.48,-6033862.18,,,66414279.5,,217365751.39,207899464.63,1650461.73,79484526.44,170836960.11,-169928017.37,-311310539.71,66032593.97,3310242.74,,3594543492.46,0.6002852037782378
002157,正邦科技,2016-06-30,2016-08-15,928190963.44,1483400000.0,309751067.21,1249950000.0,116276141.23,,107711537.29,9951442458.39,5806009489.99,398053413.48,3747379554.92,319444058.3,1580834090.45,301722662.01,4624706368.51,671489047.0,,1553560129.29,4278561398.35,3926212682.75,166305436.91,,403508867.53,3079080.5,,2016-08-15,8694272503.05,8694272503.05,7282635206.22,609695681.07,598460345.7,-11235335.37,,,118375975.25,,565354142.09,557623992.0,6291126.85,2016-08-15,636400585.32,551725598.97,817485542.0,-553295236.34,-574132138.35,123037677.91,3293906.42,88023488.95,0.0,45878177.05,0.0,2016,2,4684150875.959999,4684150875.959999,3861341473.8500004,381633164.4100001,376431691.22,-5201473.1899999995,,,51961695.75,,347988390.70000005,349724527.37,4640665.119999999,556916058.8800001,380888638.86,-383367218.97,-262821598.64000005,57005083.94,-16336.320000000298,,3159377208.44,0.5834339608822225
002157,正邦科技,2016-09-30,2016-10-26,798203859.25,1415300000.0,,1658200000.0,116305126.57,,99294913.27,9885123228.28,5488337937.91,407340801.94,3989444488.43,449605480.14,1416677828.76,485869261.68,4700316730.73,2014467141.0,,1391683042.99,3561106868.18,3560699315.33,49569885.44,,352328006.38,,,2016-10-26,13887703142.7,13887703142.7,11720609104.15,906118395.36,931021734.72,24903339.36,,,160886396.79,,855269041.88,891863339.85,15393772.92,2016-10-26,560655535.0,726382701.5,798203859.25,-786881314.55,-284082692.57,230671407.03,4364930.74,,,45878177.05,,2016,3,5193430639.650002,5193430639.650002,4437973897.929999,296422714.28999996,332561389.02,36138674.73,,,42510421.53999999,,289914899.78999996,334239347.85,9102646.07,-75745050.32000005,174657102.52999997,-233586078.20999992,290049445.78000003,107633729.12,1071024.3200000003,,3189805126.57,0.5552118887307957
002157,正邦科技,2016-12-31,2017-04-18,2202653514.47,1639400000.0,565135259.83,1235575000.0,116450053.27,,67107288.86,12258947946.55,6039834291.77,410020672.66,5809092982.12,503828508.76,2075499134.14,898792507.75,4918756895.51,2290757173.0,,1520010549.91,4565327588.59,5190383887.17,84314572.25,,217788293.64,1714434.1,,2017-04-11,18920144828.29,18920144828.29,16311908036.99,1045955649.01,1038283619.28,-7672029.73,,,204123034.96,,972662300.14,1037105151.58,32883470.31,2017-04-11,1690945009.59,2109187286.31,2114499902.87,-2065551496.22,1180571648.46,306534764.48,22981941.25,75818327.13,,38482259.25,,2016,4,5032441685.59,5032441685.59,4591298932.84,139837253.64999998,107261884.55999994,-32575369.09,,,43236638.17000002,,117393258.25999999,145241811.73000002,17489697.39,1130289474.59,1382804584.81,-1278670181.67,1464654341.03,75863357.45000002,18617010.509999998,,3556560313.1,0.49268781612452917
002157,正邦科技,2017-03-31,2017-04-18,1309052445.13,1601900000.0,,2062700000.0,116537009.29,,53756769.48,12462269218.26,6113922391.24,415824479.09,5932522347.93,651197368.48,2417566750.46,1395630366.07,4819973783.24,2290757173.0,,1422649133.3,3828105897.81,4858955922.03,77080773.59,,198881690.16,,,2017-04-18,4621801851.55,4621801851.55,4058917383.85,123429365.81,129233172.23,5803806.42,,,45564429.63,,120409552.37,125448365.12,3859463.91,2017-04-18,-381646884.97,599658865.12,1309052445.13,-595337990.38,171537410.77,45564429.63,4320874.74,,,38482259.25,,2017,1,4621801851.55,4621801851.55,4058917383.85,123429365.81,129233172.23,5803806.42,,,45564429.63,,120409552.37,125448365.12,3859463.91,-381646884.97,599658865.12,-595337990.38,171537410.77,45564429.63,4320874.74,,3781137009.29,0.49059463282030064
002157,正邦科技,2017-06-30,2017-08-31,1732231602.64,2179841022.17,,2688950000.0,116623965.31,,92731607.2,14402976534.35,7957646218.95,452175314.82,5993155000.58,808837723.85,3279327905.04,1645031730.02,5035822848.55,2290757173.0,,1894575269.98,5003350692.09,6030842453.19,151366831.14,,384305888.81,,,2017-08-31,9038878645.64,9038878645.64,7865956667.5,274808177.11,284478799.27,9670622.16,,,132767740.83,,271665595.6,301337337.39,12511436.62,2017-08-31,-449790420.81,1117635170.25,1732231602.64,-1099662464.86,1167184578.6,150738848.4,17972705.39,3339382.12,,38482259.25,,2017,2,4417076794.089999,4417076794.089999,3807039283.65,151378811.3,155245627.03999996,3866815.74,,,87203311.19999999,,151256043.23000002,175888972.26999998,8651972.709999999,-68143535.83999997,517976305.13,-504324474.4799999,995647167.8299999,105174418.77000001,13651830.65,,4985414987.4800005,0.5525001169009489
002157,正邦科技,2017-09-30,2017-10-30,1534200826.53,2499641022.17,,3052825000.0,116710921.33,,120222570.43,15990365725.35,9291859762.09,462959274.77,6235546688.49,1038454373.76,3473153862.7,2704410505.59,5148247910.55,2333655173.0,,2137262873.2,5946378055.83,6159854397.5,37404773.92,,509551808.64,,,2017-10-30,14728816798.51,14728816798.51,12910821169.81,408167465.02,424700547.13,16533082.11,,,179008367.99,166551879.69,404842512.5,447643885.28,18181629.0,2017-10-30,202042662.6,2588217590.82,1534200826.53,-2570009686.94,1787667893.7,191200013.47,18207903.88,,,38482259.25,,2017,3,5689938152.870001,5689938152.870001,5044864502.309999,133359287.90999997,140221747.86,6862459.949999999,,,46240627.16000001,,133176916.89999998,146306547.89,5670192.380000001,651833083.41,1470582420.5700002,-1470347222.0800002,620483315.1000001,40461165.06999999,235198.48999999836,,5669176943.5,0.5810911346048414
002157,正邦科技,2017-12-31,2018-04-18,1407695506.07,2587491022.17,1063137077.61,2086700000.0,526118012.08,,98411184.45,16615741931.41,9914053141.9,385956526.68,6315732262.83,979661685.79,3328850269.85,2225847649.3,6663455142.66,2333655173.0,,1896069132.72,7145866892.21,5740386159.42,212385128.47,,370276116.56,,,2018-04-18,20614922289.5,20614922289.5,18218385286.4,525746485.85,556509794.75,30763308.9,,,193914769.77,184446950.01,525257622.49,610701821.42,31979057.15,2018-04-18,917568764.31,4127794754.54,1313593300.66,-4185505101.59,2466825935.26,363046615.56,34121654.59,29203377.12,,38482259.25,,2017,4,5886105490.99,5886105490.99,5307564116.590002,117579020.83000004,131809247.62,14230226.79,,,14906401.780000001,17895070.319999993,120415109.99000001,163057936.14,13797428.149999999,715526101.7099999,1539577163.7199998,-1615495414.65,679158041.5600002,171846602.09,15913750.710000005,,6263446111.860001,0.5966662928941326
002157,正邦科技,2018-03-31,2018-04-18,1406706046.47,3250679482.59,,3520911539.0,526124400.0,,106550697.35,16828495722.13,10077061692.5,371323084.19,6380110945.44,1288179188.53,3277376527.18,2269634470.87,6636693293.83,2333655173.0,,1465449483.12,5866441817.19,5656601037.05,204069713.06,,334210511.06,,,2018-04-18,4958690434.55,4958690434.55,4485818091.35,64378682.61,48145240.12,-16233442.49,,,76849435.35,72286139.93,68609574.02,62020852.55,3514497.49,2018-04-18,-501378763.19,329661242.88,1406706046.47,-329598324.88,924089789.21,84506344.04,62918.0,,,38482259.25,,2018,1,4958690434.55,4958690434.55,4485818091.35,64378682.61,48145240.12,-16233442.49,,,76849435.35,72286139.93,68609574.02,62020852.55,3514497.49,-501378763.19,329661242.88,-329598324.88,924089789.21,84506344.04,62918.0,,7297715421.59,0.5988094158201168
002157,正邦科技,2018-06-30,2018-08-08,1594683234.47,3677448189.42,,3900011539.0,526474972.59,,400026456.14,19094206107.38,12593642207.08,345691103.57,6154872796.73,1369093018.43,3576462086.13,3044446235.66,6830621468.34,2330797173.0,,2210643173.86,7710292956.47,6730285828.11,322116453.19,,533173117.97,,,2018-08-08,12221667566.6,12221667566.6,11358315327.84,-190942216.12,-222781713.79,-31839497.67,-16111912.48,,178508970.58,169744142.97,-173189846.0,-196328665.81,10328129.43,2018-08-08,-410038711.41,1120335369.59,1430808369.75,-1119924094.8,1553075625.22,186539727.26,411274.79,16111912.48,,38482259.25,,2018,2,7262977132.05,7262977132.05,6872497236.49,-255320898.73000002,-270926953.90999997,-15606055.180000002,,,101659535.23000002,97458003.03999999,-241799420.01999998,-258349518.36,6813631.9399999995,91340051.77999997,790674126.7099999,-790325769.92,628985836.01,102033383.21999998,348356.79,,8103934701.01,0.6595530673680378
002157,正邦科技,2018-09-30,2018-10-18,1491426744.28,3733955879.0,855418095.01,3408873077.0,527320854.12,,364262866.67,19920887987.32,13301324724.74,340225186.25,6279338076.33,1337681499.39,3684479431.98,3682704489.89,7108351578.44,2330797173.0,,2495668050.43,8945613303.91,6676314006.23,307946058.21,,,,,2018-10-18,17584896578.38,17584896578.38,15965073356.4,35165827.13,15756139.25,-19409687.88,-16111912.48,,276542398.28,245091581.41,63569440.25,58271968.17,15339185.33,2018-10-18,144860430.88,2001052686.4,1224727069.25,-1996725710.81,1668896798.44,402835415.35,4326975.59,,,38482259.25,,2018,3,5363229011.780001,5363229011.780001,4606758028.559999,226108043.25,238537853.04,12429809.790000003,0.0,,98033427.69999996,75347438.44,236759286.25,254600633.98000002,5011055.9,554899142.29,880717316.8100002,-876801616.01,115821173.22000003,216295688.09000003,3915700.8,,8525567905.13,0.6677074201313983
002157,正邦科技,2018-12-31,2019-04-20,1583755201.54,3693565150.0,958686446.85,3344693847.0,526842561.27,,344504390.2,21325625654.01,14506185032.72,340866563.6,6478574057.69,1108738256.73,4233572247.72,3073089912.0,9236059656.64,2363870773.0,,3017405740.94,9777431501.22,6987542900.37,84856319.82,,1348919158.53,,,2019-04-20,22112983900.32,22112983900.32,19850982915.16,193423364.82,192548113.6,-875251.22,-27887605.7,,329022757.89,314305899.3,222759198.26,257816866.94,10643586.25,2019-04-20,1330734874.23,3154972126.66,1143296740.06,-3148312573.17,1647626559.01,568621958.74,4705793.57,27887605.7,,38482259.25,,2018,4,4528087321.939999,4528087321.939999,3885909558.76,158257537.69,176791974.35,18534436.66,-11775693.219999999,,52480359.610000014,69214317.89000002,159189758.01,199544898.76999998,-4695599.08,1185874443.35,1153919440.2599998,-1151586862.3600001,-21270239.430000067,165786543.39,378817.98000000045,,8523788005.120001,0.680223186323835
002157,正邦科技,2019-03-31,2019-04-20,1463452248.59,3887090388.29,1403137692.0,2983220770.0,527062473.71,,484384949.34,21350100202.43,14921446806.91,352199856.35,6076453539.17,1008727298.17,4167795024.72,3426812078.53,9106533207.59,2363870773.0,,2949362605.17,10408398173.45,6923892364.03,51018579.5,,,,,2019-04-20,5193960152.29,5193960152.29,5075673763.72,-414225569.52,-410392276.77,3833292.75,,,122086653.26,104916885.06,-358730805.14,-353015621.72,5052370.85,2019-04-20,-197189325.47,403836690.66,987190675.44,-395088780.56,436323917.03,103445010.36,4167910.1,,,38482259.25,,2019,1,5193960152.29,5193960152.29,5075673763.72,-414225569.52,-410392276.77,3833292.75,,,122086653.26,104916885.06,-358730805.14,-353015621.72,5052370.85,-197189325.47,403836690.66,-395088780.56,436323917.03,103445010.36,4167910.1,,8800511324.0,0.6988935258117285
002157,正邦科技,2019-06-30,2019-08-22,2186479237.43,3612890388.29,1706658370.85,3011605770.0,527226321.63,,702350714.69,23079030187.3,15574118338.68,337920434.89,7166991413.73,1253003117.35,4433459237.64,3845825248.28,9156023843.85,2430347788.0,,3067795111.0,10819808203.15,7880545577.33,116240787.31,,1312619125.75,,,2019-08-22,11376577145.86,11376577145.86,10389597767.08,-274922364.51,-242172942.25,32749422.26,,-14347600.09,200488079.94,176458301.37,-191272687.37,-148860780.36,12616287.8,2019-08-22,33655302.77,901680214.64,1749746871.43,-889231440.54,1462045869.34,319018383.1,4268774.1,14347600.09,,38482259.25,,2019,2,6182616993.570001,6182616993.570001,5313924003.36,139303205.01,168219334.51999998,28916129.51,,,78401426.67999999,71541416.31,167458117.76999998,204154841.36,7563916.950000001,230844628.24,497843523.97999996,-494142659.97999996,1025721952.31,215573372.74,100863.99999999953,,8858380850.769999,0.674816845087805
002157,正邦科技,2019-09-30,2019-10-24,1397595698.98,3973476388.29,2213388370.85,2427472693.0,527418201.81,,872674048.02,25953261286.18,18115314400.54,285424961.56,7552521924.08,1812897300.45,5666568440.42,3846860763.13,9321079664.03,2438610963.0,,3779082718.51,13763179555.79,9955189781.12,153476017.2,,1457067822.19,,,2019-10-24,17564216491.49,17564216491.49,15539061139.21,50253149.28,82154433.77,31901284.49,-10263422.3,-4084177.79,328650296.07,279851089.3,172598108.72,212719000.0,12792478.08,2019-10-24,44936722.44,2209455375.14,828123794.83,-2193822022.78,1833678485.23,413118351.32,7453352.36,,,38482259.25,,2019,3,6187639345.630001,6187639345.630001,5149463372.129999,325175513.78999996,324327376.02,-848137.7700000033,,10263422.3,128162216.13,103392787.93,363870796.09000003,361579780.36,176190.27999999933,11281419.669999994,1307775160.5,-1304590582.2400002,371632615.8900001,94099968.21999997,3184578.2600000007,,9141755653.949999,0.6979976119681855
002157,正邦科技,2019-12-31,2020-04-21,2955346402.22,4498468304.52,2286590000.0,2324352812.65,527610081.99,,1217646115.35,30832450719.87,20857846922.8,581334469.85,9393269327.22,5095156713.98,5137669559.77,3698411039.57,9895455567.71,2450030655.0,,3274275090.33,16242956656.94,10747207879.48,86117455.51,,1617499496.83,,,2020-04-21,24517770453.37,24517770453.37,20658208087.86,1647054637.52,1693023015.87,45968378.35,-10263422.3,-45300820.62,376563428.85,345979985.12,1043841165.36,1830300788.23,11307574.38,2020-04-21,3923605316.93,5710680811.17,2508989375.41,-5470604269.09,2912668736.41,651007158.63,14018556.64,55564242.92,,38482259.25,,2019,4,6953553961.879997,6953553961.879997,5119146948.650002,1596801488.24,1610868582.1,14067093.860000003,0.0,-41216642.83,47913132.78000003,66128895.81999999,871243056.64,1617581788.23,-1484903.6999999993,3878668594.49,3501225436.03,-3276782246.31,1078990251.1799998,237888807.31,6565204.28,,9637021199.16,0.6764900757421187
002157,正邦科技,2020-03-31,2020-04-21,3829434616.69,6522621603.09,2146522308.0,2246428462.0,527801962.17,,2103564696.61,36272436559.35,25233258206.68,724144790.49,10315033562.18,5195245245.61,9312877105.54,4191955506.71,9962244056.12,2498970356.0,,3358726457.46,19834180756.57,15361453412.72,141425348.23,,1748858976.01,500000000.0,,2020-04-21,7134956714.87,7134956714.87,5325722670.8,905617024.79,920927345.43,15310320.64,,,144394019.79,115040682.92,996462730.32,1012769996.76,3548324.75,2020-04-21,-1938920258.02,1050894945.95,3383398405.52,-310551814.35,3123896161.89,131340096.56,209684.99,,,38482259.25,,2020,1,7134956714.87,7134956714.87,5325722670.8,905617024.79,920927345.43,15310320.64,,,144394019.79,115040682.92,996462730.32,1012769996.76,3548324.75,-1938920258.02,1050894945.95,-310551814.35,3123896161.89,131340096.56,209684.99,,11443374335.26,0.6956593104902843
002157,正邦科技,2020-06-30,2020-08-28,6000363790.96,8439566387.57,1659989808.0,3025579712.0,1729972832.35,,1982656366.43,43577900187.2,30395864263.33,1031670191.81,12150365732.06,6459830581.39,12820663191.07,4346579088.03,10009541405.26,2501011501.0,,5658392773.21,23113720858.06,21027986067.76,165405124.74,,2802972757.49,500000000.0,378241010.0,2020-08-28,16550567108.67,16550567108.67,12106419801.05,2417217048.16,2455206988.06,37989939.9,,-49186471.26,348253827.16,301261684.86,2599070675.22,2646772957.82,10856233.46,2020-08-28,-1807777125.58,3362253886.01,4799285175.32,-2621411413.81,6719496819.77,562048826.58,709025.59,49186471.26,,38482259.25,,2020,2,9415610393.8,9415610393.8,6780697130.249999,1511600023.37,1534279642.63,22679619.259999998,,,203859807.37000003,186221001.94,1602607944.8999996,1634002961.0600002,7307908.710000001,131143132.44000006,2311358940.0600004,-2310859599.46,3595600657.8800006,430708730.02000004,499340.6,,14855108739.92,0.6975063996373576
002157,正邦科技,2020-09-30,2020-10-28,7363246160.06,9870548387.57,1147807100.0,3544222945.0,1748410360.87,,2421289769.55,50785880764.85,34285864519.22,1148102593.28,15351913652.35,9475341719.85,12179753850.1,3511090874.13,11543189975.76,2512724612.0,,6569514312.76,26316853372.26,24257609005.82,226199858.07,,2745071900.26,200000000.0,378241010.0,2020-10-28,32605248562.59,32605248562.59,23767367628.86,5433011803.46,5507341439.87,74329636.41,,-49186471.26,550579935.08,537088083.55,5813654511.83,5900443526.04,17605883.45,2020-10-28,2926068201.54,7734054306.58,6251546095.19,-6980041713.5,7797575811.01,833756340.58,13879146.47,,,38482259.25,,2020,3,16054681453.92,16054681453.92,11660947827.810001,3015794755.3,3052134451.81,36339696.51,,0.0,202326107.92000002,235826398.68999994,3214583836.61,3253670568.22,6749649.989999998,4733845327.12,4371800420.57,-4358630299.690001,1078078991.2399998,271707514.0,13170120.88,,16310988793.439999,0.6751062303708236
002157,正邦科技,2020-12-31,2021-04-29,13042684881.89,11528776595.09,624899094.26,5233550221.91,1391686363.53,,1960584646.42,59259566548.38,34701465987.35,1305999765.48,23252100795.55,9105673094.82,13447839992.8,1192740920.5,14880891477.35,3093414643.0,,4481558693.57,25846288609.48,31607646638.79,147980274.76,,1043027553.62,238852525.49,289310399.82,2021-04-29,49166305434.56,49166305434.56,38177828040.67,5744137065.25,5964275265.1,220138199.85,,-93801298.51,842596436.91,918281904.51,5995118950.74,6300643890.24,26345279.67,2021-04-29,4553054241.7,10349438246.89,11710627338.49,-9567667851.69,14216273234.39,1139204457.76,15469257.36,93801298.51,,38482259.25,,2020,4,16561056871.969997,16561056871.969997,14410460411.809998,311125261.78999996,456933825.2300005,145808563.44,,-44614827.25000001,292016501.8299999,381193820.96000004,181464438.90999985,400200364.1999998,8739396.220000003,1626986040.1599998,2615383940.3099995,-2587626138.1900005,6418697423.379999,305448117.17999995,1590110.8899999987,,18778912274.79,0.5855842019873607
002157,正邦科技,2021-03-31,2021-04-29,9696154333.87,10973752406.07,997099290.26,4918509870.22,1313509563.27,2820680048.25,1860503507.21,69729793156.28,44690347878.72,1283778121.76,23755667155.8,8273057753.05,20575759955.71,2521571060.12,14896321584.76,3147955224.0,4151610921.65,10525379837.88,33676816616.16,38557573379.6,247678156.08,,5371670367.01,,289310399.82,2021-04-29,12705330076.23,12705330076.23,10166640668.32,211639955.91,223745820.13,12105864.22,,,276242127.67,274218105.61,686985526.9,704040311.23,5050738.07,2021-04-29,-3657782405.25,1533489461.68,6588157470.62,-1453855109.54,-10806293.99,276216743.46,5384352.14,,,38482259.25,,2021,1,12705330076.23,12705330076.23,10166640668.32,211639955.91,223745820.13,12105864.22,,,276242127.67,274218105.61,686985526.9,704040311.23,5050738.07,-3657782405.25,1533489461.68,-1453855109.54,-10806293.99,276216743.46,5384352.14,,21023551178.07,0.6409075067605461
002157,正邦科技,2021-06-30,2021-08-31,8990006160.17,16317763074.71,1289726873.48,5175639116.49,1426903173.08,2820680048.25,1707787499.64,68113340729.09,46703665495.87,1841995757.41,19567679475.81,8140099800.28,20601647692.9,3939028264.92,15052807712.03,3147330171.0,3905383971.69,5270534784.21,35444682679.57,35095009164.75,451793635.22,,920704754.8,,288806111.98,2021-08-31,26679187654.42,26679187654.42,23877096621.48,-1430084825.85,-1419603329.68,10481496.17,-202867525.61,-77924490.65,586495561.62,605696499.88,-894261058.05,-870630144.5,11980516.33,2021-08-31,-3843211408.08,4615939452.94,4186742768.25,-4531807532.56,851284942.44,2230597053.6,6155054.55,280792016.26,,38482259.25,,2021,2,13973857578.189999,13973857578.189999,13710455953.16,-1641724781.76,-1643349149.81,-1624368.0500000007,,,310253433.95,331478394.27,-1581246584.9499998,-1574670455.73,6929778.26,-185429002.82999992,3082449991.2599993,-3077952423.0200005,862091236.4300001,1954380310.1399999,770702.4100000001,,27030712286.010002,0.6856757427539257
002157,正邦科技,2021-09-30,2021-10-30,6069817695.41,13992510012.69,1596923803.78,4903858980.41,1824701474.76,5944331702.43,1498533585.83,59536151421.14,44788996721.72,1476572329.34,13270582370.08,5946691848.49,14798367486.59,4121268353.79,15840660537.1,3146289696.0,7661310449.27,5060378791.42,30474350820.67,24616658462.02,397214751.54,,1416910528.22,,288806111.98,2021-10-30,39970700212.84,39970700212.84,41001989559.59,-7627138679.51,-7843798937.63,-216660258.12,-1222491377.24,-77924490.65,849867226.01,883600677.53,-6780619166.58,-6973765665.19,17643967.58,2021-10-30,-1784232468.1,5656290875.95,2445178234.78,-5598725152.06,-1882701265.33,2853659285.88,6538858.06,,,38482259.25,,2021,3,13291512558.419998,13291512558.419998,17124892938.109997,-6197053853.66,-6424195607.95,-227141754.29,-1019623851.63,0.0,263371664.39,277904177.65,-5886358108.53,-6103135520.69,5663451.249999998,2058978939.98,1040351423.0100002,-1066917619.5,-2733986207.77,623062232.2800002,383803.5099999998,,28262325974.07,0.7522991603017255
002157,正邦科技,2021-12-31,2022-04-30,5132797432.18,13850951232.08,4110232288.37,3502846225.86,1783741690.88,5481296385.79,594660016.74,46567004290.34,43121436505.68,1407320079.31,2038247705.35,2396942471.98,7329308698.11,3822801178.04,16457095523.45,3137748530.0,7248199045.89,5098163635.96,31572663344.35,15103815559.18,436866590.75,,839417985.08,,288795437.5,2022-04-30,47670223670.25,47670223670.25,59672432811.04,-18818823949.01,-19114599869.18,-295775920.17,-380485140.58,-131740314.35,1178100486.1,1258913732.41,-18068887368.36,-18088067794.8,35275310.08,2022-04-30,-2204291113.41,6492152052.69,1817115004.65,-1033963222.52,-6655024596.71,3600000434.62,5187079671.67,512225454.93,,,,2021,4,7699523457.410004,7699523457.410004,18670443251.450005,-11191685269.499998,-11270800931.55,-79115662.05000001,842006236.6600001,-53815823.69999999,328233260.0899999,375313054.8800001,-11288268201.78,-11114302129.61,17631342.5,-420058645.30999994,835861176.7399998,4564761929.540001,-4772323331.38,746341148.7399998,5180540813.61,,28729067822.980003,0.9260083864708739
002157,正邦科技,2022-03-31,2022-04-30,3072658752.65,12148429693.73,4011103064.74,3686013757.31,1867710281.25,5479456385.79,789735399.61,41931871860.66,40686688167.03,592283007.48,652900686.15,2031725710.6,6016739003.31,4053627011.54,16150911572.16,3129860280.0,7032145654.75,4224259509.2,28681176659.82,11336186789.88,345468160.08,,1077652678.56,,288795437.5,2022-04-30,6489838002.48,6489838002.48,7090278436.91,-2433277802.95,-2663778564.34,-230500761.39,-398330421.91,,299164401.68,309481031.18,-2314173077.21,-2541164560.4,3187901.5,2022-04-30,-1360823060.19,179234762.0,706202491.19,-177889455.24,427857088.5,288693824.76,1345306.76,,,,,2022,1,6489838002.48,6489838002.48,7090278436.91,-2433277802.95,-2663778564.34,-230500761.39,-398330421.91,,299164401.68,309481031.18,-2314173077.21,-2541164560.4,3187901.5,-1360823060.19,179234762.0,-177889455.24,427857088.5,288693824.76,1345306.76,,27192713182.82,0.9703046003343766
002157,正邦科技,2022-06-30,2022-08-31,1876327422.24,11820961602.54,4084689961.86,3205619809.36,1819342419.48,4783777609.03,992288721.36,37528063318.96,38610063285.28,-1156378649.59,74378683.27,1629570056.94,4939709314.31,4119509505.44,15771259097.56,3090512993.0,5903338776.57,4728626986.26,27599573117.92,8798493829.57,308767328.46,,1757751213.42,49500000.0,288317890.15,2022-08-31,10077503579.74,10077503579.74,11907343446.81,-4285653965.83,-4874844033.8,-589190067.97,,-35631740.55,583602549.18,598590462.02,-4008754591.31,-4589765653.45,7641459.4,2022-08-31,-1198393581.24,459007399.97,249887146.91,-450339903.87,81190788.03,619552297.0,6267383.5,35631740.55,,,,2022,2,3587665577.26,3587665577.26,4817065009.9,-1852376162.88,-2211065469.46,-358689306.58000004,,,284438147.49999994,289109430.84,-1694581514.1,-2048601093.0499997,4453557.9,162429478.95000005,279772637.97,-272450448.63,-346666300.47,330858472.24,4922076.74,,25714391402.27,1.0288317560414408
002157,正邦科技,2022-09-30,2022-10-31,1445060665.26,12445043038.13,3381220040.35,2669597085.75,1609180487.66,3618736481.79,1403803627.01,30663617457.57,34902329175.65,-1326026838.75,-2912684879.33,1260339978.68,2509541104.23,3700138029.34,14805648926.68,3133358560.0,4124020498.98,4192006305.5,25418904852.53,5600897099.65,241123332.13,,1565034686.7,49500000.0,241186182.55,2022-10-31,13375513543.92,13375513543.92,17356390085.35,-7643894115.32,-8383437078.14,-739542962.82,,-33990451.21,854098337.11,867554470.96,-7035741493.38,-7769143341.96,7698633.92,2022-10-31,-2700114420.57,464755997.83,277857465.61,-455501774.09,1615858850.01,634642416.77,6854110.14,,,,,2022,3,3298009964.1800003,3298009964.1800003,5449046638.539999,-3358240149.49,-3508593044.34,-150352894.85000002,,1641289.3399999961,270495787.93000007,268964008.94000006,-3026986902.07,-3179377688.51,57174.51999999955,-1501720839.3300002,5748597.859999955,-5161870.219999969,1534668061.98,15090119.76999998,586726.6399999997,,23723777133.68,1.1382326049411884
002157,正邦科技,2022-12-31,2023-04-29,783797683.11,12704455992.0,5335002184.95,2148006999.02,1637231327.71,2040334765.23,302412880.08,23473398887.35,34828989930.15,-2625792981.29,-8729798061.51,908641722.76,2360273080.69,4063051307.29,10762259903.65,3137029665.0,2459764748.34,5199991724.55,27483953341.71,4221130470.5,104328738.64,,1327705460.75,49500000.0,238294664.52,2023-04-29,14415038850.39,14415038850.39,18386196965.68,-13385634289.45,-14344339190.82,-958704901.37,-3566450059.09,-327913624.29,1434052435.28,1431875729.34,-11541042986.98,-12453474715.93,6322317.92,2023-04-29,-5467628075.78,1323561238.84,291324140.32,-452309967.42,4393711875.32,841907339.99,234671813.04,3894363683.38,,,,2022,4,1039525306.4699993,1039525306.4699993,1029806880.3300018,-5741740174.130001,-5960902112.679999,-219161938.54999995,,-293923173.08000004,579954098.17,564321258.3799999,-4505301493.599999,-4684331373.97,-1376316.0,-2767513655.2099996,858805241.01,3191806.669999957,2777853025.3099995,207264923.22000003,227817702.9,,23865031268.91,1.4837642429754654
002157,正邦科技,2023-03-31,2023-04-29,836103402.62,12661913242.0,5335002184.95,2138483405.72,1650404407.63,1909177286.47,301489860.25,22193350249.89,34840655769.28,-2725855985.52,-9921449533.87,693156561.63,1692462175.64,4081434163.12,10469949026.96,3138569154.0,2292828518.67,4993838084.1,27640519871.13,3631463632.51,104328738.64,,1304116348.51,471730000.0,237101836.44,2023-04-29,2255605183.13,2255605183.13,2880313489.62,-1178637052.52,-1268721336.15,-90084283.63,,,191589449.07,191315032.48,-1131324397.55,-1219399592.01,2233393.5,2023-04-29,-286348393.13,1305576.7,466222994.73,-1232616.46,462783437.75,8062101.9,72960.24,,,,,2023,1,2255605183.13,2255605183.13,2880313489.62,-1178637052.52,-1268721336.15,-90084283.63,,,191589449.07,191315032.48,-1131324397.55,-1219399592.01,2233393.5,-286348393.13,1305576.7,-1232616.46,462783437.75,8062101.9,72960.24,,23694980526.770004,1.56986914445027
002157,正邦科技,2023-06-30,2023-08-31,641874764.34,12519014580.18,6037960268.95,1459663369.59,1196218390.69,2090868363.08,256770541.01,21606321730.48,34592359935.31,-2935023638.7,-10051014566.13,695025880.06,1467527759.72,3997189893.06,10488641071.4,3312486675.0,2431712688.96,4786822969.13,28386804616.31,2993899141.45,96598780.17,,1294058868.98,546730000.0,136881427.33,2023-08-31,4152400878.39,4152400878.39,4662819900.01,-1993948974.66,-2100085118.2,-106136143.54,-254783849.39,-44345668.0,483548388.91,464218473.05,-1882909513.84,-1983571945.69,6225321.17,2023-08-31,-257099084.05,11293838.77,439978016.65,-11243903.15,417044789.69,12887142.24,49935.62,44345668.0,,,,2023,2,1896795695.2599998,1896795695.2599998,1782506410.3900003,-815311922.1400001,-831363782.05,-16051859.910000011,,,291958939.84000003,272903440.57000005,-751585116.29,-764172353.6800001,3991927.67,29249309.079999983,9988262.07,-10011286.690000001,-45738648.06,4825040.34,-23024.620000000003,,23303724972.489998,1.6010295674950825
002157,正邦科技,2023-09-30,2023-10-28,488219662.24,12853095588.75,6029077645.91,1677794624.47,461605643.03,1943464820.4,250750541.01,20896842737.42,33980615534.57,-2962569469.78,-10121203327.37,602292407.85,1599395285.84,3968140543.09,10215701884.56,3550147589.0,2238976696.46,4601379586.23,28447050933.64,2906055303.3,89824786.47,,1292460340.98,546730000.0,,2023-10-28,5785649051.58,5785649051.58,6425553388.0,-2818526005.0,-2941078989.5,-122552984.5,-254783849.39,-42641369.45,724065279.41,707435067.11,-2618971092.28,-2735047053.67,7249596.14,2023-10-28,-640384052.05,336158602.12,260544634.17,-336102957.27,945740108.79,36404086.59,55644.85,,,,,2023,3,1633248173.19,1633248173.19,1762733487.9899998,-824577030.3399999,-840993871.3,-16416840.959999993,0.0,1704298.549999997,240516890.49999994,243216594.06,-736061578.4400003,-751475107.98,1024274.9699999997,-383284967.99999994,324864763.35,-324859054.12,528695319.09999996,23516944.35,5709.229999999996,,22965038322.56,1.6261124209793125
002157,正邦科技,2023-12-31,2024-04-30,2442176752.15,355231652.27,358437968.51,187309225.0,,1417819719.59,2020111297.66,17494129821.88,9441416017.57,-1945281037.02,9997994841.33,499686776.82,1229603283.67,3267735832.9,7076197975.72,9250147589.0,1713025874.2,1622289687.36,4591258071.34,4294606566.09,69242896.99,,201699791.32,,,2024-04-30,6991677730.61,6991677730.61,7992645594.32,8528709536.15,7776362362.18,-752347173.97,-1064609942.0,-1030710387.49,789420056.42,788395136.77,-4883198637.99,8659063096.1,21880177.15,2024-04-30,-1383413577.41,652163252.99,2331623598.49,-472788836.51,3896416166.6,49329723.6,189385802.53,2095320329.49,,,,2023,4,1206028679.0299997,1206028679.0299997,1567092206.3199997,11347235541.15,10717441351.68,-629794189.47,-809826092.61,-988069018.04,65354777.00999999,80960069.65999997,-2264227545.7099996,11394110149.77,14630581.009999998,-743029525.3600001,316004650.87,-136685879.24,2950676057.81,12925637.009999998,189330157.68,,2318798565.37,0.5396905198314906
002157,正邦科技,2024-03-31,2024-04-30,3038256867.8,330241652.27,324375890.66,137809225.0,,1370945227.65,2019623717.5,17991001578.79,9072571509.99,-1962957613.14,10881387681.94,602222550.79,1263912446.17,3297357585.74,6884162605.35,9250147589.0,1650756935.61,1629421218.86,4320212713.44,4946145150.18,67117416.73,,149506337.96,,,2024-04-30,1441845444.21,1441845444.21,1236090692.18,-48804484.37,-66508467.11,-17703982.74,-216230484.71,-51727770.77,21541268.28,23142051.26,-317378600.55,-27881808.79,1102439.18,2024-04-30,-282675730.92,8288847.76,2903761812.6,-8288847.76,884367978.87,632021.13,,,,,,2024,1,1441845444.21,1441845444.21,1236090692.18,-48804484.37,-66508467.11,-17703982.74,-216230484.71,-51727770.77,21541268.28,23142051.26,-317378600.55,-27881808.79,1102439.18,-282675730.92,8288847.76,-8288847.76,884367978.87,632021.13,,,2163371995.58,0.5042838482481076
002157,正邦科技,2024-06-30,2024-08-30,2828898247.43,320241652.27,233600270.6,134935340.0,,1375690162.37,2057658111.88,18333752865.19,9289233940.13,-1760055111.66,10804574036.72,716745623.04,1779473024.62,3367414974.7,6759970415.63,9250147589.0,1603597800.21,1739371342.52,4482293838.93,5292034343.29,67365101.19,,143484997.1,,,2024-08-30,3222865895.41,3222865895.41,2888057522.19,-127492197.73,-142644675.24,-15152477.51,,-42081779.99,41720379.44,48928955.02,-270106762.64,50137396.24,3856780.69,2024-08-30,-540760286.3,114295265.51,2746509712.11,-114284319.51,1084377012.76,1112987.24,10946.0,42081779.99,,,,2024,2,1781020451.1999998,1781020451.1999998,1651966830.01,-78687713.36000001,-76136208.13000001,2551505.2299999986,,9645990.780000001,20179111.159999996,25786903.76,47271837.910000026,78019205.03,2754341.51,-258084555.37999994,106006417.75,-105995471.75,200009033.89,480966.11,,,2064467425.2399998,0.5066738931431392
002157,正邦科技,2024-09-30,2024-10-31,2532787026.53,280217115.37,195580757.88,134935340.0,,1288588111.65,2106411392.09,18660637056.23,8779397653.54,-1751653118.9,11632892521.59,835022360.54,2077389251.8,3446841500.04,6685296476.73,9250147589.0,1496876993.64,1667031194.57,4019084158.91,5628644754.25,55029695.8,,138824962.8,,,2024-10-31,5837407151.0,5837407151.0,5104858890.8,300670820.02,296548868.01,-4121952.01,,-9120057.59,132244860.51,144697298.3,-296381608.73,531248963.47,3567897.33,2024-10-31,-944579753.03,245215333.7,2472662878.47,-245192172.7,1358284864.04,3026027.44,23161.0,,,,,2024,3,2614541255.59,2614541255.59,2216801368.61,428163017.75,439193543.25,11030525.5,,32961722.400000002,90524481.07000001,95768343.28,-26274846.090000033,481111567.23,-288883.35999999987,-403819466.73,130920068.18999998,-130907853.18999998,273907851.28,1913040.2,12215.0,,1899321324.9,0.47047684530196304
002157,正邦科技,2024-12-31,2025-04-25,3320661467.66,173409522.08,375761892.35,47873210.11,,1231210634.81,2135034839.76,19000407899.71,8819090138.55,-1238919499.07,11420237260.23,857459191.56,2009091991.93,3512360253.85,6602700612.63,9250147589.0,1483001485.56,1671831295.83,5264658570.35,5883107160.3,100422107.83,,4345572.39,,,2025-04-25,8869716323.34,8869716323.34,7555046924.04,216402083.36,188538813.09,-27863270.27,-38873487.42,-133118486.27,159104715.63,180827737.47,-332552919.92,499475672.95,7670417.73,2025-04-25,174436414.86,573173922.02,3202425514.15,-590624502.92,1300960900.01,3517279.28,2227798.04,171991973.69,,,,2024,4,3032309172.34,3032309172.34,2450188033.24,-84268736.65999997,-108010054.91999999,-23741318.259999998,,-123998428.67999999,26859855.11999999,36130439.16999999,-36171311.19,-31773290.52000004,4102520.4000000004,1119016167.8899999,327958588.32,-345432330.21999997,-57323964.02999997,491251.83999999985,2204637.04,,1828255259.35,0.4641526742530935
002157,正邦科技,2025-03-31,2025-04-25,3208647640.49,168409522.08,375480816.35,47873210.11,,1185363373.94,2137598974.97,19410357005.94,8717242457.7,-1016265535.35,11709380083.59,945526887.18,2149057592.08,3046833147.43,7131184853.29,9250147589.0,1431619481.33,1705041761.37,5211192526.92,6214544499.87,100256198.21,,66329619.96,,,2025-04-25,3002269512.4,3002269512.4,2510951862.57,170612608.99,105728572.89,-64884036.1,-100341455.12,-61326779.29,43872542.27,51799360.09,26370163.14,183561295.47,209517.05,2025-04-25,-60276325.68,181319476.69,3108232401.26,-179822075.97,146023678.34,,,,,,,2025,1,3002269512.4,3002269512.4,2510951862.57,170612608.99,105728572.89,-64884036.1,-100341455.12,-61326779.29,43872542.27,51799360.09,26370163.14,183561295.47,209517.05,-60276325.68,181319476.69,-179822075.97,146023678.34,,,,1777126922.48,0.4491026339717673
002157,正邦科技,2025-06-30,2025-08-30,3417981048.29,138409522.08,364289361.81,47873210.11,,1166060917.92,2164752302.08,19945560418.51,9113263254.21,-1007098904.08,11839396068.38,1037150551.76,2345036537.6,2944492045.86,7295324449.76,9250147589.0,1447997017.61,1953534018.19,5568398635.26,6596888034.27,94464153.56,,134595753.03,,,2025-08-30,6837805084.01,6837805084.01,5827241441.54,201662461.9,171035724.48,-30626737.42,-115235408.41,-81905597.9,103943763.52,122765498.31,59810810.81,299620711.58,540236.36,2025-08-30,19824183.87,373142951.17,3168599193.55,-371645550.45,317852555.95,6567711.87,,197141006.31,,,,2025,2,3835535571.61,3835535571.61,3316289578.97,31049852.909999996,65307151.58999999,34257298.68,-14893953.289999992,-20578818.610000007,60071221.24999999,70966138.22,33440647.67,116059416.10999998,330719.31,80100509.55,191823474.48000002,-191823474.48,171828877.60999998,,,,1716633011.92,0.45690685360500843
002157,正邦科技,2025-09-30,2025-10-29,3287059303.58,138409522.08,364289361.81,47873210.11,,1120741787.86,2243998101.4,19809790684.28,9408842422.77,-1339368299.53,11740316561.04,1052974361.85,2404115598.15,3087467924.5,7247088252.4,9250147589.0,1402858195.89,2105074911.96,5819108677.26,6353045136.08,152545826.87,,231640561.64,,,2025-10-29,10657928460.92,10657928460.92,9339591173.02,8265639.65,-120835548.17,-129101187.82,-303089959.7,-93402399.24,177070994.74,204656116.45,-188496228.5,56793296.03,1542814.97,2025-10-29,282953581.99,681352845.82,2960356461.99,-679853881.1,246409596.72,6567711.87,1564.0,,,,,2025,3,3820123376.91,3820123376.91,3512349731.4800005,-193396822.25,-291871272.65,-98474450.39999999,-187854551.29,-11496801.339999989,73127231.22000001,81890618.13999999,-248307039.31,-242827415.54999998,1002578.61,263129398.12,308209894.65000004,-308208330.65000004,-71442959.22999999,0.0,,,1671313881.86,0.4749592044017083
002157,正邦科技,2025-12-31,2026-04-29,3119765329.84,7511989.94,581691256.51,5185459.08,,1222267063.46,1809942904.26,19613402584.78,9827607341.99,-1101946806.06,10887742048.85,1032960934.65,2291954594.84,2889542117.67,7851958948.29,9250147589.0,1427568462.93,2495122505.15,6640870248.89,5876023404.79,67154782.55,,315142392.04,115795.47,,2026-04-29,14794917436.1,14794917436.1,13614701246.35,-546432242.8,-756756580.78,-210324337.98,-193294697.83,-237481308.02,235326248.82,270571124.09,-595589759.52,-487291702.2,8838416.9,2026-04-29,829904493.98,1005397657.05,2733447695.13,-1003745273.99,-290120135.63,25557796.31,6322860.98,430776005.85,,,,2025,4,4136988975.1800003,4136988975.1800003,4275110073.33,-554697882.4499999,-635921032.61,-81223150.16,109795261.86999997,-144078908.78000003,58255254.07999998,65915007.639999986,-407093531.02,-544084998.23,7295601.930000001,546950911.99,324044811.2299999,-323891392.89,-536529732.35,18990084.439999998,6321296.98,,1816655768.9900002,0.5010659063112396
002157,正邦科技,2026-03-31,2026-04-29,2630601151.05,7511989.94,581691256.51,5185459.08,,1286860361.32,1983685347.5,19308538496.5,10094807802.41,-1232114913.89,10445845607.98,984464247.16,2209586644.21,2599187615.19,8223898707.5,9250147589.0,1468266856.9,2342429571.72,6673079018.68,5525859829.6,55448468.97,,314194024.92,111613.38,,2026-04-29,3762452229.74,3762452229.74,3614535276.95,-414341894.69,-544494651.68,-130152756.99,-335840041.06,-7829586.97,35184878.48,47288280.65,-342926367.41,-438322164.84,527007.35,2026-04-29,-259427546.95,328693102.38,2283297979.95,-328693102.38,141060605.05,,,,,,,2026,1,3762452229.74,3762452229.74,3614535276.95,-414341894.69,-544494651.68,-130152756.99,-335840041.06,-7829586.97,35184878.48,47288280.65,-342926367.41,-438322164.84,527007.35,-259427546.95,328693102.38,-328693102.38,141060605.05,,,,1881249066.85,0.5228157379306494
002157,正邦科技,2026-06-30,2026-08-25,1696625010.89,7511989.94,689949049.67,5185459.08,,1207198221.51,2012934611.48,18918859157.43,10114150318.67,-1342599749.82,10147308588.58,988482434.32,1981125964.07,2633568156.48,8381683351.54,9250147589.0,1434841915.39,2294430855.43,6742538014.44,4958788825.93,81212344.72,,295729272.7,117778.67,,2026-08-25,7719903615.58,7719903615.58,7734477399.5,-736491907.97,-977106781.78,-240614873.81,-365793923.75,-20691794.81,90374051.46,108721775.66,-750038713.5,-898981482.09,5318774.42,2026-08-25,-406996851.35,694359800.14,1311211795.15,-1194359800.14,188529232.43,,,386485718.56,,,,2026,2,3957451385.84,3957451385.84,4119942122.55,-322150013.28000003,-432612130.1,-110462116.82000001,-29953882.689999998,-12862207.84,55189172.98,61433495.01,-407112346.09,-460659317.25000006,4791767.07,-147569304.40000004,365666697.76,-865666697.7600001,47468627.379999995,,,,1909844720.2,0.534606776999969
002311,海大集团,2015-12-31,2016-03-29,1167080740.39,162228068.65,797087686.67,,,,2016739.5,8184667625.29,3087469260.42,96589788.32,5000608576.55,22301181.98,1634550257.19,193400315.67,2775885221.95,1537363254.0,,657769284.42,2954575983.39,3771424642.98,118150360.21,,,43395315.43,,2016-03-29,25567402483.2,25567402483.2,23159446103.63,779978258.9,791892139.45,11913880.55,,,102403882.66,,729504640.3,924760965.94,197033290.0,2016-03-29,1414063050.71,479297609.65,1131653746.73,-613785742.09,-542646738.66,354496315.74,47515394.67,26581702.75,,170185371.36,,2015,4,,,,,,,,,,,,,,,,,,,,,959315755.3199999,0.3772259793274873
002311,海大集团,2016-03-31,2016-04-19,1134564922.22,240105018.92,797862492.45,,,,2016739.5,9016580614.51,3868581813.48,102108472.23,5045890328.8,22034362.35,1707457390.97,181638385.54,2813256303.86,1537363254.0,,670189416.58,3765796318.81,4468032337.78,143124504.3,,,53748404.61,,2016-04-19,4003598841.52,4003598841.52,3658106677.56,39209968.14,42922802.43,3712834.29,,,12629826.54,,36532913.51,48145659.8,9011800.9,2016-04-19,425881911.34,137050749.6,1120738461.11,-535457938.45,97669679.53,5698267.52,4051872.78,,,177979376.8,,2016,1,4003598841.52,4003598841.52,3658106677.56,39209968.14,42922802.43,3712834.29,,,12629826.54,,36532913.51,48145659.8,9011800.9,425881911.34,137050749.6,-535457938.45,97669679.53,5698267.52,4051872.78,,1037967511.37,0.42905198532295663
002311,海大集团,2016-06-30,2016-08-23,882227625.96,452104460.77,798651744.25,,,,2426379.47,10153117817.38,4901630067.03,157181695.85,5094306054.5,17512109.51,2127527425.62,190248541.39,2861456369.77,1541505854.0,,1038069571.41,4801077968.7,5462124749.72,175787701.12,,,61903074.94,,2016-08-23,11620378224.28,11620378224.28,10326558100.57,384541050.94,402295307.63,17754256.69,,,29364574.67,,361639564.91,465785255.35,91450977.35,2016-08-23,440238325.11,372037749.47,870867913.31,-657209741.24,-44929981.88,396414131.3,6782175.04,25782549.12,,179185192.9,,2016,2,7616779382.76,7616779382.76,6668451423.01,345331082.8,359372505.2,14041422.400000002,,,16734748.130000003,,325106651.40000004,417639595.55,82439176.44999999,14356413.77000004,234986999.87000003,-121751802.79000002,-142599661.41,390715863.78000003,2730302.2600000002,,1250756205.02,0.482770923690006
002311,海大集团,2016-09-30,2016-10-27,826247343.42,685969944.48,799455711.41,,,,2426379.47,9989348133.01,4182062218.82,173425137.71,5633860776.48,17912668.15,1677954118.97,297240540.11,2850076137.35,1541740754.0,,1060428438.18,4077768410.05,5206183390.95,125999845.07,,,76136608.64,,2016-10-27,19972991191.8,19972991191.8,17756275203.03,879981432.24,906703373.9,26721941.66,,,50437777.37,,837095590.05,1031919830.48,175410057.05,2016-10-27,571513728.04,505015447.84,1018980533.73,-850444717.55,164936804.96,417786491.48,9576825.22,,,179515729.13,,2016,3,8352612967.519999,8352612967.519999,7429717102.459999,495440381.3,504408066.27,8967684.969999999,,,21073202.699999996,,475456025.1399999,566134575.13,83959079.70000002,131275402.92999995,132977698.36999995,-193234976.30999994,209866786.84,21372360.180000007,2794650.1800000006,,1485425655.8899999,0.41865216459923865
002311,海大集团,2016-12-31,2017-04-27,1544038368.64,1608616105.38,,,,,2388168.77,10287890139.45,4479778290.82,158519570.46,5649592278.17,19186575.33,2057360267.29,209254285.27,3112968819.59,1541428454.0,,939144383.1,4336719545.41,5313678313.71,73406510.31,,,64036794.03,,2017-04-27,27185309985.32,27185309985.32,24625416153.34,855810234.81,872580254.18,16770019.37,,,70268699.78,,816352234.72,1003995669.6,171398030.44,2017-04-27,1142154547.73,668716071.19,1537093788.38,-996353298.75,242931699.35,478351249.16,11690727.5,19195235.31,,181675925.85,,2016,4,7212318793.52,7212318793.52,6869140950.310001,-24171197.430000067,-34123119.72000003,-9951922.290000001,,,19830922.410000004,,-20743355.329999924,-27924160.879999995,-4012026.6100000143,570640819.69,163700623.35000008,-145908581.20000005,77994894.38999999,60564757.68000001,2113902.2799999993,,1608616105.38,0.4354418865382142
002311,海大集团,2017-03-31,2017-04-27,1291183250.66,2121432864.88,,,,,2388168.77,12072956071.81,6174477148.92,178187958.44,5720290964.45,19360396.68,2732721242.18,272469010.96,3138903003.15,1581811454.0,,908316071.43,6046605308.52,6916154134.68,123280450.62,,,71485556.31,,2017-04-27,5466140158.09,5466140158.09,4923065002.5,57814687.6,68800682.75,10985995.15,,,16937628.22,,53005262.14,68335064.67,7790036.28,2017-04-27,-271051793.43,258895409.54,1282862050.26,-792003287.42,807352797.31,15594364.9,2156978.15,,,181408518.33,,2017,1,5466140158.09,5466140158.09,4923065002.5,57814687.6,68800682.75,10985995.15,,,16937628.22,,53005262.14,68335064.67,7790036.28,-271051793.43,258895409.54,-792003287.42,807352797.31,15594364.9,2156978.15,,2121432864.88,0.5114304327949328
002311,海大集团,2017-06-30,2017-08-18,912905766.53,2236038579.11,,,,,,12529698507.82,6624626903.3,169348754.8,5735722849.72,16932403.91,3148670974.05,279980777.83,3277248924.11,1575965054.0,,1259075334.58,6502659237.24,7240235218.59,125743223.47,,,89821224.47,,2017-08-18,14532337762.58,14532337762.58,12933371072.44,518711606.53,534633046.45,15921439.92,,,34670477.51,,498007805.62,643091252.36,113000859.99,2017-08-18,-197605526.93,448361291.38,892041048.53,-856582071.01,411731794.06,513941506.64,2990932.66,33657211.37,,180522598.15,,2017,2,9066197604.49,9066197604.49,8010306069.940001,460896918.92999995,465832363.7,4935444.77,,,17732849.29,,445002543.48,574756187.69,105210823.71,73446266.5,189465881.84,-64578783.59000003,-395621003.24999994,498347141.74,833954.5100000002,,2236038579.11,0.5287139909364504
002311,海大集团,2017-09-30,2017-10-31,823549650.44,2467353415.18,,,,,2035094.01,12699672306.88,6161432986.16,188678006.79,6349561313.93,14203915.4,2364718250.09,249536246.66,3479794107.97,1575965054.0,,1416291690.3,6001002217.63,7149876654.06,162215361.77,,,115608421.28,,2017-10-31,26502344335.43,26502344335.43,23594015649.87,1149352865.16,1169686352.52,20333487.36,,,40265545.84,68930970.94,1116367861.35,1419705481.98,254999938.43,2017-10-31,-155852116.66,826325360.13,804070969.86,-1191552760.25,622994786.2,531999685.25,18663616.1,,,179547305.72,,2017,3,11970006572.85,11970006572.85,10660644577.429998,630641258.6300001,635053306.0699999,4412047.4399999995,,,5595068.330000006,,618360055.7299999,776614229.62,141999078.44,41753410.27000001,377964068.75,-334970689.24,211262992.14000005,18058178.610000014,15672683.440000001,,2467353415.18,0.4851647221497256
002311,海大集团,2017-12-31,2018-04-20,1392046440.33,2303898763.7,,,,,101574138.86,13160456702.93,6323527228.56,362234787.13,6474694687.24,17121846.74,3383848292.19,331973573.26,3760863514.36,1575237054.0,,1228192300.58,6008417555.06,6886704232.23,125906914.12,,,97919123.92,,2018-04-20,32556634127.38,32556634127.38,28979578692.42,1207225209.35,1226459713.57,19234504.22,,,80452779.18,99628632.1,1162756461.48,1477126651.42,255604928.97,2018-04-20,494221455.85,1217177723.12,1374275559.37,-1071445483.52,426392739.22,591778280.22,13252851.86,45468955.72,,294540631.48,,2017,4,6054289791.950001,6054289791.950001,5385563042.549999,57872344.18999982,56773361.04999995,-1098983.1400000006,,,40187233.34,30697661.159999996,46388600.130000114,57421169.44000006,604990.5399999917,650073572.51,390852362.9899999,120107276.73000002,-196602046.98000002,59778594.97000003,-5410764.240000002,,2303898763.7,0.4804945125614183
002311,海大集团,2018-03-31,2018-04-27,1485207033.79,3128898073.21,,,,,103154840.87,14957002282.25,8008250774.23,369391420.1,6579360087.92,24894516.58,3847138664.75,403810221.65,3788220133.16,1579545054.0,,1175598475.74,7745382693.92,8340757157.42,242558861.57,,,109829214.43,,2018-04-27,7259881518.56,7259881518.56,6539044578.49,100553917.47,110095258.75,9541341.28,,,23441865.51,28535936.61,93390698.04,124482544.69,10386752.05,2018-04-27,147825655.92,401030193.81,1447936152.83,-889659770.42,826590573.89,24544475.92,2366430.18,,,292892234.39,,2018,1,7259881518.56,7259881518.56,6539044578.49,100553917.47,110095258.75,9541341.28,,,23441865.51,28535936.61,93390698.04,124482544.69,10386752.05,147825655.92,401030193.81,-889659770.42,826590573.89,24544475.92,2366430.18,,3128898073.21,0.5354181689023122
002311,海大集团,2018-06-30,2018-08-29,2043017099.13,3303500615.38,22446215.02,830830000.0,,,82127414.66,16449037885.3,9200897460.6,399110410.06,6849030014.64,56431256.27,3858288286.15,609579197.24,3932583074.85,1581514354.0,,1490546851.16,8105652368.91,9314342938.31,268855381.33,,,166564504.51,,2018-08-29,17680900759.05,17680900759.05,15634988732.94,600431019.44,623324518.66,22893499.22,-50021031.71,,85181429.7,79500831.48,576825369.07,746978888.21,121427290.02,2018-08-29,295193557.44,828420751.36,2041011666.17,-1079472619.8,1455570069.18,463473901.29,10035902.52,50021031.71,,383479605.07,,2018,2,10421019240.489998,10421019240.489998,9095944154.45,499877101.97,513229259.90999997,13352157.94,,,61739564.19,50964894.870000005,483434671.03000003,622496343.52,111040537.97,147367901.52,427390557.55,-189812849.38,628979495.2900001,438929425.37,7669472.34,,4156776830.4,0.5593577888724155
002311,海大集团,2018-09-30,2018-10-26,1607263902.71,4136219803.22,23030165.24,843960000.0,,,82850616.23,17751153876.01,9747224795.23,457841970.2,7546087110.58,52245882.17,3735678910.19,640023342.68,4173389857.54,1581937704.0,,1802470060.02,8618963743.23,10295983612.99,252314738.98,,,201192320.54,,2018-10-26,30833476824.35,30833476824.35,27200133962.16,1271059241.46,1308144084.63,37084843.17,-87216636.7,,170853765.68,130716386.3,1237598921.07,1591073347.25,273902506.75,2018-10-26,-47576286.96,1282153909.49,1605017735.95,-2001220228.43,2279563006.01,541641920.46,17451431.28,,,385974390.02,,2018,3,13152576065.3,13152576065.3,11565145229.22,670628222.02,684819565.9700001,14191343.950000003,-37195604.99,,85672335.98,51215554.81999999,660773551.9999999,844094459.04,152475216.73000002,-342769844.4,453733158.13,-921747608.6300001,823992936.8300002,78168019.17000002,7415528.760000002,,5003209968.459999,0.5491037294427941
002311,海大集团,2018-12-31,2019-04-16,1735409838.58,2715954867.69,31352957.13,1842910000.0,,,115622929.75,17365663861.06,9141737827.16,477986956.94,7745939076.96,56828507.31,4843780132.17,724011706.23,4555480833.77,1581211084.0,,1512857075.94,6951110533.71,9292227937.0,311209297.18,,,160521969.41,,2019-04-16,42156628800.11,42156628800.11,37615586184.77,1437281732.28,1483940160.9,46658428.62,-66011371.18,,219052330.92,189458281.87,1394557560.67,1768468338.9,282262891.74,2019-04-16,1035764006.33,1865168774.84,2158167759.86,-2005551963.96,1740053196.16,614429249.87,6105301.75,66011371.18,,380610061.82,,2018,4,11323151975.760002,11323151975.760002,10415452222.609997,166222490.81999993,175796076.26999998,9573585.449999996,21205265.520000003,,48198565.23999998,58741895.57000001,156958639.60000014,177394991.6500001,8360384.99000001,1083340293.29,583014865.3499999,-4331735.529999971,-539509809.8500001,72787329.40999997,-11346129.530000001,,4590217824.82,0.5264260497209686
002311,海大集团,2019-03-31,2019-04-24,2137078741.06,3844532473.74,31352957.13,2036425000.0,,,117435977.08,19206841913.53,10819423186.45,478492224.04,7908926503.04,47573837.54,5057495759.0,932927599.2,4584160378.69,1581300934.0,,1324866451.79,8479623891.11,10704432305.1,403273493.1,29835661.44,,183477539.54,,2019-04-24,8874920365.4,8874920365.4,7988814715.87,122489585.76,123418115.17,928529.41,,-22353589.7,42457938.33,61775326.68,120051433.64,154042998.55,23331043.04,2019-04-24,-678764341.96,537177868.56,2129834951.6,-605568575.76,1261687316.61,61467698.0,749823.09,,,379734838.46,,2019,1,8874920365.4,8874920365.4,7988814715.87,122489585.76,123418115.17,928529.41,,-22353589.7,42457938.33,61775326.68,120051433.64,154042998.55,23331043.04,-678764341.96,537177868.56,-605568575.76,1261687316.61,61467698.0,749823.09,,5912310430.87,0.5633108886489249
002311,海大集团,2019-06-30,2019-07-30,1787627584.05,4108144612.41,92891257.13,1533735000.0,,,74713980.09,19821725148.83,11190201395.84,540432645.55,8091091107.44,69954594.36,5051249047.99,1127454267.33,4967150746.49,1580870934.0,,1707119940.85,9371255947.37,10737662178.42,226146496.47,57660801.09,,218906032.34,,2019-07-30,21064293070.43,21064293070.43,18560301691.38,673919802.59,715806118.72,41886316.13,276218.93,-42868835.77,116737959.18,128039388.62,663223064.28,864769517.17,141601734.21,2019-07-30,328358268.89,1206181225.6,1774273810.85,-1242030166.58,528231196.7,599321513.8,7782266.62,42592616.84,,380687664.43,,2019,2,12189372705.03,12189372705.03,10571486975.510002,551430216.83,592388003.5500001,40957786.720000006,,-20515246.070000004,74280020.85000001,66264061.940000005,543171630.64,710726518.6199999,118270691.17000002,1007122610.85,669003357.04,-636461590.8199999,-733456119.9099998,537853815.8,7032443.53,,5734770869.54,0.5645422541085185
002311,海大集团,2019-09-30,2019-10-22,948460825.26,3203118665.65,48574921.57,834020000.0,,,75682793.2,18260777455.45,8818987413.43,576329131.46,8865460910.56,75681100.85,3664636044.79,853011248.99,5510010307.31,1580870934.0,,1802398473.7,7691904489.85,8752153889.81,354269236.09,276946503.99,,209964724.73,,2019-10-22,35512563178.71,35512563178.71,31262089555.27,1412473274.71,1502168400.45,89695125.74,713687.27,-68687247.53,177336431.34,184991506.42,1371802969.33,1807467290.19,294110496.41,2019-10-22,2001184630.69,1821786647.78,1035425469.42,-1930147405.18,-1203418799.47,683346586.71,7326618.53,,,386235043.91,,2019,3,14448270108.279999,14448270108.279999,12701787863.89,738553472.12,786362281.73,47808809.60999999,437468.34,-25818411.759999998,60598472.16,56952117.79999998,708579905.05,942697773.0200001,152508762.20000002,1672826361.8000002,615605422.1800001,-688117238.6000001,-1731649996.17,84025072.91000009,-455648.08999999985,,4085713587.2200003,0.482946984866624
002311,海大集团,2019-12-31,2020-04-21,1849735912.84,3020892004.18,48838331.24,821661042.98,,,85596111.44,18854315218.31,9112324910.55,638200576.75,9103789731.01,165272087.28,4463319035.43,657751195.76,6298328342.41,1580357494.0,,1917055340.85,7905859730.27,8734939894.77,265676908.84,28583495.35,,187961887.41,,2020-04-21,47612587464.5,47612587464.5,42223411917.1,1648762579.59,1789507106.05,140744526.46,-50187230.29,-23069181.57,211949889.53,226706748.45,1580784060.76,2098217734.81,304514610.16,2020-04-21,3246980705.08,2324812735.79,1824265608.78,-2116968082.32,-1487644042.37,740985630.07,24536424.57,50187230.29,,349068366.52,,2019,4,12100024285.79,12100024285.79,10961322361.829998,236289304.87999988,287338705.5999999,51049400.72000001,-50900917.56,45618065.96,34613458.19,41715242.03,208981091.43000007,290750444.6199999,10404113.75,1245796074.3899999,503026088.01,-186820677.13999987,-284225242.89999986,57639043.360000014,17209806.04,,3891391378.3999996,0.48330182268835425
002311,海大集团,2020-03-31,2020-04-21,6072688203.59,5278922404.57,48929110.0,1067051410.9,2344652448.42,,85812621.05,25147659313.15,14573972361.75,696506531.39,9877180420.01,258808242.65,4842892829.72,821685549.22,6252013747.87,1580357494.0,,1820884535.02,10801173645.07,14592713681.76,380224751.63,9686641.24,,203076980.65,469090115.85,2020-04-21,10491833608.9,10491833608.9,9226929268.34,303687270.44,369131548.02,65444277.58,1430195.24,-14876007.7,59401291.11,54222678.16,305340906.2,453490539.53,64651067.17,2020-04-21,-264442060.74,607607933.76,6048550176.25,-773776314.22,5266870512.47,47404977.63,5213118.18,,,352095545.62,,2020,1,10491833608.9,10491833608.9,9226929268.34,303687270.44,369131548.02,65444277.58,1430195.24,-14876007.7,59401291.11,54222678.16,305340906.2,453490539.53,64651067.17,-264442060.74,607607933.76,-773776314.22,5266870512.47,47404977.63,5213118.18,,8739555373.89,0.5795359393201697
002311,海大集团,2020-06-30,2020-07-28,2973019092.61,5158957160.15,64942742.98,985637000.0,2354817326.03,,36731382.93,25903877313.48,14862430225.31,731419607.17,10310027481.0,264181454.68,5339401262.26,660174576.3,7090492799.79,1580189187.0,,2101685333.77,11167960935.23,14536920306.41,402192122.29,1521805928.32,,249686256.5,484110122.95,2020-07-28,25885924574.92,25885924574.92,22596393678.36,1104013700.24,1271236685.89,167222985.65,-383379.76,-27432291.76,114934156.06,114095221.35,1100863250.08,1531575118.16,224515243.48,2020-07-28,285356705.39,1440071289.6,3227102923.11,-3258514911.34,4377176716.67,738905711.2,5854450.8,27815671.52,,364478916.62,,2020,2,15394090966.019999,15394090966.019999,13369464410.02,800326429.8,902105137.8700001,101778708.07000001,-1813575.0,-12556284.060000002,55532864.95,59872543.19,795522343.8799999,1078084578.63,159864176.31,549798766.13,832463355.8399999,-2484738597.12,-889693795.8000002,691500733.57,641332.6200000001,,8564354229.16,0.5737531121480338
002311,海大集团,2020-09-30,2020-10-27,2425646336.78,6258127912.73,68794117.63,1145191900.0,1890455431.2,,44189113.23,28164316331.3,15541271214.24,860303469.62,11762741647.44,276385871.53,5238485688.08,887043258.07,7276735424.58,1601479269.0,,2265542788.03,11955832820.34,16122734100.08,551046537.62,1569329768.68,,305636236.46,228427606.76,2020-10-27,43805859787.98,43805859787.98,38357248153.71,2073455342.08,2344088908.09,270633566.01,,-54863339.86,178282745.91,166971169.74,2033390327.9,2778062264.73,391600878.27,2020-10-27,-409352458.03,2334027064.13,2811176272.54,-4244926736.81,5656854787.12,759444353.55,42466928.29,,,365481350.86,,2020,3,17919935213.060005,17919935213.060005,15760854475.349998,969441641.8399999,1072852222.2,103410580.35999998,,-27431048.099999998,63348589.849999994,52875948.390000015,932527077.8200002,1246487146.57,167085634.79,-694709163.42,893955774.5300002,-986411825.4699998,1279678070.4499998,20538642.349999905,36612477.49,,9362569361.56,0.5518071531162443
002311,海大集团,2020-12-31,2021-04-20,2056471632.75,4735948585.16,142405690.99,1161404700.0,,,36320489.48,27526958371.19,12568266409.83,985903096.95,13972788864.41,286202211.97,7255350539.93,1591741924.42,7703538937.81,1661210751.0,,2060550537.54,10848913123.6,14264467204.21,373627286.7,336719309.28,,314566716.35,,2021-04-20,60323862405.94,60323862405.94,53291779659.43,2522730419.35,2849811147.83,327080728.48,-56901585.79,-43414958.12,236239259.96,226613261.69,2459587964.11,3346791680.73,434503577.1,2021-04-20,485259232.03,3390357467.37,2010888021.43,-4320546114.6,4014150758.04,844897007.11,69020919.72,56901585.79,,342738904.21,,2020,4,16518002617.96,16518002617.96,14934531505.720001,449275077.27,505722239.7399998,56447162.47000003,,11448381.740000002,57956514.05000001,59642091.94999999,426197636.21000004,568729416.0,42902698.83000004,894611690.06,1056330403.2399998,-75619377.79000044,-1642704029.08,85452653.56000006,26553991.43,,6039758976.15,0.456580281786021
002311,海大集团,2021-03-31,2021-04-20,2597855698.34,7442296308.01,316244588.12,1559807450.0,,1273626678.96,2193032.0,33196469633.69,18081536330.15,1109524522.03,14005408781.51,324557513.83,8689829326.39,1736966609.74,8173541681.79,1661210751.0,1798687785.88,2190268266.04,14838552145.75,17533605680.1,508550368.49,79033527.57,62073340.43,355430516.2,,2021-04-20,15713132477.82,15713132477.82,13883043080.05,707280316.86,803953797.53,96673480.67,-17940520.33,-15820863.57,79948974.1,63928171.27,691739925.38,928055709.74,124220681.01,2021-04-20,-834854929.29,1130328826.95,2553400133.76,-888716606.53,2264584227.8,63928171.28,52581430.99,,,347093560.45,,2021,1,15713132477.82,15713132477.82,13883043080.05,707280316.86,803953797.53,96673480.67,-17940520.33,-15820863.57,79948974.1,63928171.27,691739925.38,928055709.74,124220681.01,-834854929.29,1130328826.95,-888716606.53,2264584227.8,63928171.28,52581430.99,,10591975025.09,0.5446825077989512
002311,海大集团,2021-06-30,2021-07-27,1987656605.96,6637199077.17,399684872.8,1706775750.0,,1431129362.43,30951309.78,36341013308.11,20874008839.16,1122614019.96,14344390448.99,436616234.72,10123260963.52,1463465708.29,9286073935.97,1661161061.0,2009791171.52,3996266210.21,17191406090.08,19166345446.25,630691361.12,235089900.65,173487674.99,1030035354.32,,2021-07-27,38191235359.27,38191235359.27,34137214209.1,1532586043.98,1676181793.47,143595749.49,-31038302.66,-25919629.22,179306310.12,144901738.34,1496856775.18,2054158962.35,372251883.38,2021-07-27,580302587.32,2356120052.66,1947869795.33,-2657790026.53,2019809155.56,157288896.84,7815239.42,55660618.39,,373076195.01,,2021,2,22478102881.449997,22478102881.449997,20254171129.05,825305727.12,872227995.94,46922268.82000001,-13097782.330000002,-10098765.649999999,99357336.02000001,80973567.07,805116849.8000001,1126103252.61,248031202.37,1415157516.6100001,1225791225.7099998,-1769073420.0000002,-244775072.24000025,93360725.56,-44766191.57,,10174789062.400002,0.5743925922533832
002311,海大集团,2021-09-30,2021-10-20,2747836839.91,5971407009.96,432719544.74,3046035700.0,,1508401151.54,30442676.79,36296432763.97,20067712191.28,1554016949.62,14674703623.07,477997589.73,8740501689.2,1626353466.67,10157010868.4,1661161061.0,2130621660.31,3940071484.74,14928762344.04,17955967231.89,580005182.87,163188327.46,211740500.81,1076685265.05,,2021-10-20,64313902856.38,64313902856.38,58456733089.75,1746473858.81,1967483737.74,221009878.93,-33689083.52,-54716744.45,293631586.99,238358667.65,1703773814.51,2598081435.3,620458071.56,2021-10-20,2251937435.67,3677698699.87,2702679591.41,-3478646093.14,1924922885.42,871798494.6,12587804.72,,,373418723.2,,2021,3,26122667497.11,26122667497.11,24319518880.65,213887814.82999992,291301944.27,77414129.44,-2650780.860000003,-28797115.230000004,114325276.87,93456929.31,206917039.32999992,543922472.9500003,248206188.17999995,1671634848.35,1321578647.21,-820856066.6099997,-94886270.13999987,714509597.76,4772565.300000001,,10958563406.240002,0.5528838693812469
002311,海大集团,2021-12-31,2022-04-12,1739655125.14,3782336144.35,563923844.74,4411107883.25,,1578746388.19,53886898.67,35695097401.96,19721521102.75,1472249227.12,14501327072.09,508486715.64,8970187858.27,1531493842.31,11271964642.07,1661161061.0,2331346912.43,4458795316.62,13038426471.94,16150446945.66,450825044.08,2507784.13,407090978.58,398722254.96,,2022-04-12,86091961539.13,86091961539.13,78792870336.77,1636237735.85,1851282160.1,215044424.25,-72194585.99,-87397171.55,402888653.32,319824182.96,1564048490.25,2515181421.91,657772217.77,2022-04-12,3137948250.69,4659257785.73,1681109971.07,-4223214299.48,778666106.33,941106454.09,15390950.11,72194585.99,,364614702.18,,2021,4,21778058682.750008,21778058682.750008,20336137247.020004,-110236122.96000004,-116201577.6400001,-5965454.680000007,-38505502.46999999,-32680427.099999994,109257066.32999998,81465515.30999997,-139725324.26,-82900013.39000034,37314146.21000004,886010815.02,981559085.8599997,-744568206.3400002,-1146256779.0900002,69307959.49000001,2803145.3899999987,,10336114260.53,0.5524994337644559
002311,海大集团,2022-03-31,2022-04-12,2316057837.63,6473163967.58,705711677.53,5481593600.0,,1704646786.35,54566630.11,41734466079.35,25448880227.93,1504117511.99,14781468339.43,471341812.84,10286147826.24,2093368906.69,11478765549.84,1661161061.0,2487527577.37,5078762693.96,17619420768.55,20855021700.24,795108963.72,207668540.12,1343538671.66,795864116.87,,2022-04-12,19953219403.77,19953219403.77,18351992450.09,200704938.91,232006065.64,31301126.73,-811489.48,-18817578.16,147181580.77,115404923.7,184262785.31,372389773.42,128129170.78,2022-04-12,-1046616499.85,1872236967.28,2285874630.1,-2436270357.27,4048101043.47,123037626.2,3588841.86,,,366560019.18,,2022,1,19953219403.77,19953219403.77,18351992450.09,200704938.91,232006065.64,31301126.73,-811489.48,-18817578.16,147181580.77,115404923.7,184262785.31,372389773.42,128129170.78,-1046616499.85,1872236967.28,-2436270357.27,4048101043.47,123037626.2,3588841.86,,14365116031.460001,0.6097808985873663
002311,海大集团,2022-06-30,2022-08-30,2699441274.89,4185508855.34,797142492.13,5560150661.32,,1698563710.93,48687554.11,43388023698.5,26684507613.32,1495039258.4,15208476826.78,483039835.86,10981109204.2,2265662486.74,12419706152.51,1661161061.0,2504922099.58,7846332375.9,18798423795.93,21541780617.81,607637231.71,118939454.69,2786029456.83,843215247.94,,2022-08-30,46325511713.26,46325511713.26,42266923964.54,918530907.67,1027415254.84,108884347.17,2535049.08,-52864155.6,304956404.09,247072854.02,905109382.97,1410323967.3,354300220.58,2022-08-30,2378555493.95,2823736722.17,2636229794.34,-3122230795.82,1642005131.25,304750595.86,11011646.03,50329106.52,,366560019.17,,2022,2,26372292309.49,26372292309.49,23914931514.45,717825968.76,795409189.2,77583220.44,3346538.56,-34046577.44,157774823.31999996,131667930.32000001,720846597.6600001,1037934193.8799999,226171049.79999998,3425171993.7999997,951499754.8900001,-685960438.5500002,-2406095912.22,181712969.66000003,7422804.17,,12241365719.720001,0.6150201216526608
002311,海大集团,2022-09-30,2022-10-21,4895106203.86,5934913658.84,905208861.92,6216120401.45,,1694194394.65,48956600.04,47411876888.81,29518183212.39,1538168244.37,16355525432.05,505353194.34,9979915114.52,2440867958.87,13187831689.36,1661161061.0,2479507496.64,9021996084.67,20955622623.12,24750487890.17,478529102.09,1520888483.98,3677574690.07,555202082.67,,2022-10-21,78954942042.13,78954942042.13,71823377206.76,2101747970.81,2282322443.32,180574472.51,-89690.99,-95532055.21,441737643.61,364158144.84,2080137547.9,2864430245.84,539583096.77,2022-10-21,6238431567.27,4220468493.2,4820385022.85,-6022134489.06,2864497011.72,808414610.27,15898603.72,,,366560019.17,,2022,3,32629430328.870003,32629430328.870003,29556453242.219994,1183217063.1399999,1254907188.48,71690125.33999999,-2624740.0700000003,-42667899.60999999,136781239.52000004,117085290.81999996,1175028164.93,1454106278.5400002,185282876.19,3859876073.3200006,1396731771.0299997,-2899903693.2400002,1222491880.4699998,503664014.40999997,4886957.690000001,,14750437316.859999,0.6225904804742457
002311,海大集团,2022-12-31,2023-04-25,2260586666.69,2910809252.56,1258497814.94,5066407199.42,0.0,1610426421.3,53910873.61,44470388435.88,25110515236.04,1527333863.26,17832539336.58,508797577.91,12625081651.36,1377352318.21,14933452189.0,1661161061.0,2371772104.05,8843387954.58,17432546407.74,21217595776.38,193070520.82,699942009.75,3502208518.33,559698472.24,0.0,2023-04-25,104715417485.92,104715417485.92,95003580100.23,2957330734.56,3168667410.28,211336675.72,-51868678.48,-151825135.93,596764082.61,493321918.85,2883311221.53,3903046823.7,654057118.4,2023-04-25,6817894250.91,5001931119.51,2122149250.34,-5445484574.32,-930044129.55,951057561.84,21674298.08,51868678.48,0.0,334221712.9,0.0,2022,4,25760475443.789993,25760475443.789993,23180202893.47,855582763.75,886344966.96,30762203.21000001,-51778987.489999995,-56293080.72000001,155026439.0,129163774.01000005,803173673.6300001,1038616577.8599997,114474021.63,579462683.6399994,781462626.3100004,576649914.7400007,-3794541141.2699995,142642951.57000005,5775694.359999998,,10846140688.22,0.5646569800541726
002311,海大集团,2023-03-31,2023-04-25,3397021137.55,6260735484.69,1151088103.33,3868696573.66,,1552604877.49,73606691.85,45540607278.65,26011787709.9,1241181747.79,18287637820.96,524788271.65,12101222956.81,1277807099.56,15085536322.62,1663748590.0,2400286259.03,7439276226.52,19865960510.68,22365036032.67,306866964.87,282793002.82,3407400634.23,549814963.27,,2023-04-25,23358349660.13,23358349660.13,21397720767.28,407909413.3,435246260.66,27336847.36,-44833627.71,-27556170.53,167032031.43,132690384.48,389199275.36,537163502.42,95966578.73,2023-04-25,200675996.6,917629114.79,3300550719.59,-550261709.64,1535129462.84,142298050.8,824097.92,,,334221712.9,,2023,1,23358349660.13,23358349660.13,21397720767.28,407909413.3,435246260.66,27336847.36,-44833627.71,-27556170.53,167032031.43,132690384.48,389199275.36,537163502.42,95966578.73,200675996.6,917629114.79,-550261709.64,1535129462.84,142298050.8,824097.92,,12833125039.17,0.5711778841845758
002311,海大集团,2023-06-30,2023-08-29,5585849997.41,4554843579.07,1108824123.19,3633052069.24,,1612078787.4,60746128.71,48186439762.63,28732377983.51,1235205118.61,18218856660.51,530755695.26,12176956936.75,653393615.09,15896487160.17,1663749970.0,2404481421.68,10883485960.43,22419627088.16,24368551146.57,395086486.76,207601105.75,5283218486.68,591246414.93,,2023-08-29,52736651945.8,52736651945.8,48063772360.62,1100180560.23,1175982696.21,75802135.98,-195382152.0,-71218606.36,306082904.85,272246684.82,1081385447.09,1507228120.03,310570058.48,2023-08-29,5546439830.41,1779759022.66,5456268046.07,-1541032323.81,-682771337.34,305628066.25,14348626.17,266600758.36,,334221712.9,,2023,2,29378302285.670002,29378302285.670002,26666051593.340004,692271146.9300001,740736435.55,48465288.620000005,-150548524.29,-43662435.83,139050873.42000002,139556300.33999997,692186171.7299999,970064617.61,214603479.75,5345763833.809999,862129907.8700001,-990770614.17,-2217900800.18,163330015.45,13524528.25,,10908798558.9,0.596275178764977
002311,海大集团,2023-09-30,2023-10-20,7014811128.1,3846994424.24,1134730978.61,3469332829.3,,1609123523.88,55034924.71,50332208120.9,29770660054.82,1248939928.1,19312608137.98,479342842.97,11387824848.2,774303407.61,16038480651.37,1663749970.0,2369206387.59,13351915890.74,23588824761.42,26295049115.67,343976295.21,600662900.51,7453474762.6,714515459.13,,2023-10-20,86926370791.72,86926370791.72,79356429048.42,2251573197.16,2380695651.95,129122454.79,-41501717.44,-147154516.07,421348940.48,381281277.35,2184106383.57,2908965304.34,511425099.25,2023-10-20,9298870268.71,2558317080.32,6926206980.48,-2173570072.14,-2322925963.92,1228080290.28,16428624.15,,,396392264.61,,2023,3,34189718845.92,34189718845.92,31292656687.799995,1151392636.9299998,1204712955.7399998,53320318.81,153880434.56,-75935909.71,115266035.63,109034592.53000003,1102720936.4800003,1401737184.3100002,200855040.76999998,3752430438.299999,778558057.6600001,-632537748.3299999,-1640154626.58,922452224.03,2079997.9800000004,,10060181756.029999,0.5914832900497763
002311,海大集团,2023-12-31,2024-04-23,5476452778.79,1396136213.0,1055201514.58,3027758789.71,0.0,1619548546.37,65410255.77,44746735775.61,23835418850.22,1264209861.2,19647107064.19,446629879.99,9935863743.13,687708201.87,16393917170.28,1663749970.0,2360221694.26,10640909381.03,18434679598.46,20905525299.45,274161734.47,1286752498.95,5897614880.98,610875764.75,0.0,2024-04-23,116117168742.97,116117168742.97,106280618465.68,2741256374.98,2871515624.22,130259249.24,-121219210.22,-197850781.23,512506390.25,434808591.01,2541491959.42,3551796412.43,646637019.68,2024-04-23,12698374699.54,3353272322.86,5367248673.44,-3819974756.07,-5653171654.1,1282542853.15,15826538.51,121219210.22,0.0,344823501.92,0.0,2023,4,29190797951.25,29190797951.25,26924189417.259995,489683177.8200002,490819972.27,1136794.449999988,-79717492.78,-50696265.16,91157449.76999998,53527313.65999997,357385575.8499999,642831108.0899997,135211920.42999995,3399504430.830002,794955242.54,-1646404683.9300003,-3330245690.1800003,54462562.870000124,-602085.6400000006,,7098645063.66,0.5326739132379779
002311,海大集团,2024-03-31,2024-04-23,3520053101.24,3187923192.04,1866209158.23,2192323802.35,,1501884947.09,89328816.7,45070526728.21,23979480544.93,1297769592.24,19793276591.04,450044357.57,10467008449.09,610057968.64,16371528684.91,1663749970.0,2385741496.81,8821365139.54,19602344080.63,21012743598.93,469554179.57,1077324061.08,3699612795.0,627027522.23,,2024-04-23,23171735504.66,23171735504.66,20680611473.86,860694642.71,899371723.31,38677080.6,-45949276.22,-39919686.92,77650416.62,81300229.38,759671794.96,1033537903.51,123434784.93,2024-04-23,-2546897105.7,846361713.76,3105409257.27,-1139888479.35,1456274326.66,71163631.91,10956735.9,,,344823501.92,,2024,1,23171735504.66,23171735504.66,20680611473.86,860694642.71,899371723.31,38677080.6,-45949276.22,-39919686.92,77650416.62,81300229.38,759671794.96,1033537903.51,123434784.93,-2546897105.7,846361713.76,-1139888479.35,1456274326.66,71163631.91,10956735.9,,8748341099.710001,0.5320434946219755
002311,海大集团,2024-06-30,2024-07-30,4708205673.09,1292714494.31,1759400802.92,2121340043.97,0.0,2013774690.93,64121208.38,49194715909.51,27668613411.93,1388431483.66,20137671013.92,455950703.13,11682266284.29,631257335.03,16327225401.93,1663749970.0,2808791091.55,12945158798.47,22857045212.46,24560357099.29,462727140.58,874794385.34,7712106980.73,682078592.18,0.0,2024-07-30,52295799651.78,52295799651.78,46467165658.43,2125048357.31,2227923806.52,102875449.21,32129783.16,-88815755.53,213321596.32,181090666.97,2032794589.65,2551197271.86,293021054.05,2024-07-30,1901147399.46,1583453262.44,4540087545.61,-2101916564.12,-589294108.75,177681207.15,59860372.14,56685972.37,0.0,344823501.92,0.0,2024,2,29124064147.12,29124064147.12,25786554184.57,1264353714.6,1328552083.21,64198368.60999999,78079059.38,-48896068.61,135671179.7,99790437.59,1273122794.69,1517659368.3500001,169586269.12,4448044505.16,737091548.6800001,-962028084.77,-2045568435.41,106517575.24000001,48903636.24,,7187230032.13,0.5624305964653672
002311,海大集团,2024-09-30,2024-10-19,5888928990.02,1260111555.59,1827512060.52,1891335994.7,,2003060027.86,69852576.94,52820857788.13,29367982255.59,1262947140.81,22189928391.73,427990002.06,10455312925.76,672098843.28,16478696529.14,1663749970.0,2801079586.22,15178731967.41,24764315295.56,28042951368.06,355407680.78,4718760393.74,9642424300.51,918712204.54,,2024-10-19,84860629741.81,84860629741.81,75245141419.19,3623823222.79,3790348531.73,166525308.94,30269277.96,-189700898.57,307216638.84,250226042.22,3518747378.15,4298731490.41,473372349.28,2024-10-19,7813866249.2,2257043164.69,5465074655.71,-5749316840.9,-1940227850.99,1210630836.14,101648772.64,,,344823501.92,,2024,3,32564830090.03,32564830090.03,28777975760.760002,1498774865.48,1562424725.21,63649859.730000004,-1860505.1999999993,-100885143.03999999,93895042.51999998,69135375.25,1485952788.5,1747534218.5499997,180351295.22999996,5912718849.74,673589902.25,-3647400276.7799997,-1350933742.24,1032949628.9900001,41788400.5,,6982019638.669999,0.5559921494154461
002311,海大集团,2024-12-31,2025-04-22,3478256875.63,251739887.29,1229927887.97,1769821334.89,0.0,2015568878.94,67132880.83,48140586659.7,23044152989.77,1191130950.38,23905302719.55,465887321.92,11290384103.3,426719987.46,16930687726.99,1663749970.0,2769825756.21,10478262984.02,18534787077.24,23489116125.37,167343863.72,4662427829.82,4995201488.07,763875809.34,0.0,2025-04-22,114601056662.29,114601056662.29,101639577488.17,4503995518.39,4676095598.27,172100079.88,-219506218.82,-264471205.52,369711343.72,294041457.45,4539064747.56,5507005643.08,717586978.5,2025-04-22,7996255375.05,3136747295.93,3326944745.48,-6405505977.78,-3610467388.35,1282219907.31,155745226.93,219506218.82,0.0,245178825.99,0.0,2024,4,29740426920.479996,29740426920.479996,26394436068.979996,880172295.6000004,885747066.5400004,5574770.939999998,-249775496.78,-74770306.95000002,62494704.880000055,43815415.22999999,1020317369.4100003,1208274152.67,244214629.22000003,182389125.85000038,879704131.2399998,-656189136.8800001,-1670239537.36,71589071.16999984,54096454.29000001,,5267057989.09,0.4786845069559775
002311,海大集团,2025-03-31,2025-04-22,3542149689.45,628429691.62,1269788758.98,1424320208.71,,1951209710.59,67003054.97,47865673848.59,22074881731.95,1243922961.21,24546869155.43,491029669.83,12228343025.37,388344984.29,16930332011.17,1663749970.0,2757598529.33,9721229478.88,18083120425.29,22996861195.61,264467486.26,959771750.64,4306112751.93,798687734.49,,2025-04-22,25628943274.11,25628943274.11,22384278239.3,1282349455.39,1326964544.14,44615088.75,2884843.81,-48194681.44,76201604.26,50619619.64,1280674503.11,1407492314.4,89491288.92,2025-04-22,-2249832645.97,894131623.76,3099189733.74,2270004580.57,-240116616.37,144089565.24,35276255.76,,,245178825.99,,2025,1,25628943274.11,25628943274.11,22384278239.3,1282349455.39,1326964544.14,44615088.75,2884843.81,-48194681.44,76201604.26,50619619.64,1280674503.11,1407492314.4,89491288.92,-2249832645.97,894131623.76,2270004580.57,-240116616.37,144089565.24,35276255.76,,5273748369.9,0.4611839750084344
002311,海大集团,2025-06-30,2025-07-29,3480782927.41,720787798.24,868788815.34,945040780.46,0.0,1928859601.07,70776297.58,50686955015.9,24929011526.88,1354812887.14,24403130601.88,569408413.31,12099371138.5,484353453.89,16804940679.23,1663749970.0,2735084452.74,12866352770.55,21437722537.26,25597279438.75,411039180.28,2754926370.13,6791028391.83,843886673.94,0.0,2025-07-29,58830895138.88,58830895138.88,51928227040.85,2638540924.21,2769223768.96,130682844.75,15832418.6,-85448118.76,148537689.03,98774463.53,2654242111.82,3012391361.32,243547466.71,2025-07-29,3048090082.54,1622447933.25,3314014705.3,-149024219.76,-2886846685.38,2050853389.65,49590502.42,69615700.16,0.0,244538147.99,0.0,2025,2,33201951864.769997,33201951864.769997,29543948801.55,1356191468.82,1442259224.82,86067756.0,12947574.79,-37253437.32000001,72336084.77,48154843.89,1373567608.7100003,1604899046.92,154056177.79000002,5297922728.51,728316309.49,-2419028800.33,-2646730069.01,1906763824.41,14314246.660000004,,4463476995.11,0.49182302466305217
002311,海大集团,2025-09-30,2025-10-18,2857274538.45,808824255.71,728726763.23,585370868.52,,2079572542.95,63826285.48,50815503883.14,24281714356.04,1265123008.67,25268666518.43,536150888.25,10529527477.26,470138909.88,16693039644.98,1663749970.0,2932499617.12,12072350612.1,20987037586.73,25255021794.61,690184536.35,4212954302.7,5852649715.87,1251506197.53,,2025-10-18,96094150423.09,96094150423.09,85396387460.09,4142427609.26,4363353390.06,220925780.8,13826196.47,-125372579.74,205171009.23,131197162.47,4177150058.5,4781458405.05,398805152.98,2025-10-18,5017432819.17,2379130322.5,2624626632.02,-2006152374.42,-3676114440.72,2470732508.88,49590502.42,,,244538147.99,,2025,3,37263255284.21,37263255284.21,33468160419.239998,1503886685.0500002,1594129621.1000004,90242936.05000001,-2006222.129999999,-39924460.97999999,56633320.19999999,32422698.939999998,1522907946.6799998,1769067043.73,155257686.27,1969342736.63,756682389.25,-1857128154.66,-789267755.3399997,419879119.23,0.0,,4202494430.41,0.4778406687037968
002311,海大集团,2025-12-31,2026-04-28,3202836313.58,1163647077.79,512564985.67,249637310.5,0.0,2155819284.66,53622597.72,47590711885.11,22090913154.32,1250957853.77,24248840877.02,478298798.43,11371777008.15,603959168.05,17007956953.83,1663749970.0,2848775741.09,9538784983.19,19013777232.27,21738256278.14,307915733.1,2118734927.43,3812737586.75,759109813.2,0.0,2026-04-28,128468230914.96,128468230914.96,115193343614.54,4280330734.08,4545393791.33,265063057.25,-47086754.23,-148718379.1,254979226.98,157345198.83,4279400457.6,5242965089.71,638067946.83,2026-04-28,6260377323.22,3336532557.69,2998575733.57,-1341611412.69,-5175899781.88,2624222051.83,97472689.61,47086754.23,0.0,391322506.75,0.0,2025,4,32374080491.87001,32374080491.87001,29796956154.449997,137903124.8199997,182040401.2699995,44137276.44999999,-60912950.699999996,-23345799.36,49808217.75,26148036.360000014,102250399.0999999,461506684.65999985,239262793.85000002,1242944504.0500002,957402235.19,664540961.73,-1499785341.1600003,153489542.9499998,47882187.19,,4081668658.62,0.46418538994857356
002311,海大集团,2026-03-31,2026-04-28,3434899581.38,2813694501.82,510891370.01,185761820.18,,2242894309.07,53808327.32,52543959737.8,25733530748.77,1379994865.94,25430434123.09,475047495.36,12516648986.85,657502898.56,16860424619.97,1663749970.0,2925194064.94,11568031564.24,22730536983.99,26380823863.45,592297393.59,2710464964.91,5286256683.31,918784404.04,,2026-04-28,29009557462.36,29009557462.36,26131332289.41,887120850.37,945297381.76,58176531.39,-12833566.85,-77892642.82,79817127.26,50861412.19,569826788.15,1110629280.16,157268128.49,2026-04-28,24332528.46,934866050.16,3310681657.52,-894125671.83,1210717316.92,51180850.06,2332734.78,,,391322506.75,,2026,1,29009557462.36,29009557462.36,26131332289.41,887120850.37,945297381.76,58176531.39,-12833566.85,-77892642.82,79817127.26,50861412.19,569826788.15,1110629280.16,157268128.49,24332528.46,934866050.16,-894125671.83,1210717316.92,51180850.06,2332734.78,,5753242001.08,0.4897524068833617
002311,海大集团,2026-06-30,2026-08-25,3425134746.81,3601033153.61,496417774.47,112071099.99,0.0,2229889863.6,55483944.56,55290906075.56,30198088271.98,1355164907.0,23737652896.58,469504106.96,13917906683.6,870886016.42,16764113281.15,1645382034.0,2890435375.85,15532615307.67,27279790237.56,28952497861.05,586782903.46,3250734383.63,8214746694.52,1041123532.98,0.0,2026-08-25,64239967963.3,64239967963.3,58236827704.54,1610757330.0,1726556952.59,115799622.59,-19115866.43,-130809102.74,169496632.46,118298488.07,1305660683.66,2077924817.07,330639512.49,2026-08-25,3923561511.73,1692678370.48,3135056270.1,-2993726149.88,-724819016.92,1994416678.97,8345454.13,149924969.17,0.0,387726663.66,0.0,2026,2,35230410500.94,35230410500.94,32105495415.13,723636479.63,781259570.8299999,57623091.2,-6282299.58,-52916459.92,89679505.2,67437075.88,735833895.5100001,967295536.9099998,173371384.0,3899228983.27,757812320.32,-2099600478.0500002,-1935536333.8400002,1943235828.91,6012719.35,,6439411891.67,0.5461673612422194
002385,大北农,2015-12-31,2016-04-09,2120112063.21,541043000.0,20000000.0,,499187069.07,,7344062.39,13849305333.41,4590302277.36,639997584.98,8619005471.07,103447680.06,1663163255.36,287395435.56,3456665878.14,2733779415.0,,899474280.78,3925957655.64,7435518033.07,278355551.23,,39200000.0,1000000000.0,,2016-04-09,16098085185.45,16098085185.45,12187989798.74,705546719.58,708226693.78,2679974.2,,,119786113.22,,547707862.52,774786369.36,156689754.64,2016-04-09,1299482364.51,1148448407.56,2017667593.68,-3664245094.54,1769172295.37,297775775.34,2950783.13,58551918.89,,212723190.29,,2015,4,,,,,,,,,,,,,,,,,,,,,1060230069.0699999,0.3314463914869705
002385,大北农,2016-03-31,2016-04-23,1050201943.13,490043000.0,20000000.0,,499241560.86,,7304239.99,13487927024.72,4078615707.39,651361802.37,8757949514.96,79960577.62,1518472736.17,360606097.83,3464333798.04,2733779415.0,,788422115.97,3405247620.26,6798860152.52,404047831.56,,9200000.0,1000000000.0,,2016-04-23,3280077517.56,3276612096.42,2378363049.69,137542301.46,141927083.13,4384781.67,,,24592990.71,,131573764.6,168488339.66,34302716.41,2016-04-23,-537126971.09,219637584.73,933316677.26,-481841390.24,-65342594.66,10081798.32,112649.63,,,212723190.29,,2016,1,3280077517.56,3276612096.42,2378363049.69,137542301.46,141927083.13,4384781.67,,,24592990.71,,131573764.6,168488339.66,34302716.41,-537126971.09,219637584.73,-481841390.24,-65342594.66,10081798.32,112649.63,,1009284560.86,0.3023901078286468
002385,大北农,2016-06-30,2016-08-18,1204288156.12,739407789.7,20000000.0,,499298703.79,,5970871.05,14319991762.04,4804256287.2,727261304.63,8788474170.21,86596623.15,1773063378.96,335122994.6,3596298554.0,4100669122.0,,1093558032.04,4138216966.77,7052989595.19,401922248.77,,4819000.0,1000000000.0,,2016-08-18,7394247522.91,7394247522.91,5412423611.45,368025030.43,376093298.98,8068268.55,,,52531480.11,,349658863.14,450087806.44,97259225.12,2016-08-18,-211306399.19,457346739.62,1107208482.39,-628261268.43,-70919651.49,272546736.99,1008627.53,56606480.67,,218225253.85,,2016,2,4114170005.35,4117635426.49,3034060561.7599998,230482728.97,234166215.85000002,3683486.88,,,27938489.4,,218085098.54,281599466.78,62956508.71000001,325820571.90000004,237709154.89000002,-146419878.18999994,-5577056.829999998,262464938.67000002,895977.9,,1258706493.49,0.335492950487256
002385,大北农,2016-09-30,2016-10-29,1316153145.92,707913417.48,20000000.0,7814012.83,499357172.29,,5533287.93,14796866398.03,5180505172.4,655128328.33,8961232897.3,80606312.61,1572763352.91,373618363.55,3616568036.44,4100669122.0,,904952662.26,4512048193.87,7351451181.49,389812936.05,,4819000.0,1500000000.0,,2016-10-29,11837410785.62,11837410785.62,8866151523.41,595134577.13,597409838.28,2275261.15,,,88289294.72,,560021150.98,694580386.55,137752674.93,2016-10-29,-72284967.4,701253573.73,1213199706.29,-1117624780.29,385392460.84,321447166.37,2328769.88,,,218225253.85,,2016,3,4443163262.710001,4443163262.710001,3453727911.96,227109546.7,221316539.29999995,-5793007.4,,,35757814.61,,210362287.84000003,244492580.10999995,40493449.81,139021431.79,243906834.11,-489363511.86,456312112.33,48900429.379999995,1320142.3499999999,,1235084602.6000001,0.3501082616444866
002385,大北农,2016-12-31,2017-04-20,2002285869.37,650728451.09,21375549.83,10000.0,499415640.79,,5117704.37,15258184052.74,5230012749.09,777359795.67,9250811507.98,82230005.87,2045757584.09,497155312.12,3651255297.83,4100669122.0,,929890769.06,4595001189.14,7661885033.69,218611190.6,,28905000.0,1500000000.0,,2017-03-31,16840937066.6,16840937066.6,12650311478.29,882681887.02,935819833.99,53137946.97,,,118880277.39,,809865304.04,1014392519.12,181918192.75,2017-03-31,642399239.11,890655756.45,1845354853.01,-1117170207.25,302283912.95,337041276.54,3582278.24,90939650.95,,218225253.85,,2016,4,5003526280.98,5003526280.98,3784159954.880001,287547309.89,338409995.71000004,50862685.82,,,30590982.67,,249844153.05999994,319812132.57000005,44165517.81999999,714684206.51,189402182.72000003,454573.03999996185,-83108547.88999999,15594110.170000017,1253508.3600000003,,1171529641.71,0.34276770623636676
002385,大北农,2017-03-31,2017-04-20,1853574665.28,1209997135.87,,10000.0,499474109.29,,77800784.39,15532652843.29,5547036511.19,694581030.81,9291035301.29,85105047.69,1934949209.05,562383679.23,3615013653.05,4100669122.0,,880537765.19,4837564461.69,7604780941.43,282292264.61,,35055000.0,1500000000.0,,2017-04-20,3967597578.44,3967597578.44,2972912841.25,192239079.82,215745084.33,23506004.51,,,29634185.47,,174092775.5,258738024.17,39974869.16,2017-04-20,-588239353.88,221453775.08,1615936005.72,-324924312.28,683761764.47,10453689.91,213508.05,,,218225253.85,,2017,1,3967597578.44,3967597578.44,2972912841.25,192239079.82,215745084.33,23506004.51,,,29634185.47,,174092775.5,258738024.17,39974869.16,-588239353.88,221453775.08,-324924312.28,683761764.47,10453689.91,213508.05,,1709481245.1599998,0.3571209996872029
002385,大北农,2017-06-30,2017-08-19,2271641902.15,1715263448.12,,10000.0,499535422.39,,78115485.89,15727339277.51,5593034126.55,755836837.45,9378468313.51,79554403.41,2083405251.4,546112168.61,3751466312.01,4100669122.0,,939300541.94,4880210708.17,7327033486.76,287401649.52,,11682297.0,1000000000.0,,2017-08-19,8384792664.8,8384792664.8,6292274277.66,524664427.01,547919703.88,23255276.87,,,67318713.19,,466183230.5,645018018.08,94051332.29,2017-08-19,-395955682.53,464332150.4,2118180243.59,248105221.38,421485807.8,346496754.43,1818944.99,57937407.15,,231239211.74,,2017,2,4417195086.360001,4417195086.360001,3319361436.41,332425347.19,332174619.54999995,-250727.6400000006,,,37684527.72,,292090455.0,386279993.9100001,54076463.13000001,192283671.35000002,242878375.31999996,573029533.66,-262275956.67000002,336043064.52,1605436.94,,2214808870.5099998,0.3556249425195529
002385,大北农,2017-09-30,2017-10-25,1431906935.52,1596832366.41,,10000.0,499598157.79,,78502917.89,16886156449.86,6420501445.22,763073425.64,9702581579.0,78467612.94,2044922057.32,495190857.6,3859599482.76,4100669122.0,,1110851153.24,5693974071.15,8045421618.85,310001270.45,,10412500.0,1500000000.0,,2017-10-25,13385238107.84,13385238107.84,10130954326.42,839489348.94,862112800.9,22623451.96,,,107803256.57,112586631.08,767658697.14,1032009751.21,162772213.08,2017-10-25,-57626762.19,669764076.75,1303584022.87,-1300239986.84,817724517.5,376945261.17,2870258.09,,,231239211.74,,2017,3,5000445443.04,5000445443.04,3838680048.76,314824921.93000007,314193097.02,-631824.9100000001,,,40484543.379999995,,301475466.64,386991733.13,68720880.79,338328920.34,205431926.35000002,-1548345208.2199998,396238709.7,30448506.74000001,1051313.0999999999,,2096440524.2,0.3802227857052237
002385,大北农,2017-12-31,2018-03-31,3788083079.78,1802503397.17,10000.0,,499660893.19,,75303556.15,19257822745.27,7490569647.73,1550780272.13,10216472825.41,137599303.58,2721806907.23,661433708.17,4610759320.39,4242993865.0,,1177247795.36,6780286153.65,9113197087.49,220736160.91,,7552500.0,1500000000.0,,2018-03-31,18741738574.13,18741738574.13,14211763491.0,1265211910.87,1318136225.46,52924314.59,,,157449169.73,162575371.64,996819640.23,1577026773.29,249000057.91,2018-03-31,715022801.0,1065774762.07,3709047397.99,-725727265.65,1878732311.05,395499204.88,3353994.64,112151716.7,,302735866.72,,2017,4,5356500466.290001,5356500466.290001,4080809164.58,425722561.9299998,456023424.56000006,30300862.630000003,,,49645913.16,49988740.55999999,229160943.09000003,545017022.0799999,86227844.82999998,772649563.19,396010685.32000005,574512721.1899999,1061007793.55,18553943.70999998,483736.5500000003,,2302174290.36,0.3889624360349766
002385,大北农,2018-03-31,2018-04-28,1879632191.87,1542176412.83,,,499723628.59,,74583556.15,19197633632.66,7194177574.87,1581942320.53,10421513737.26,151646107.7,2802361416.07,939012518.45,4567319209.43,4242993865.0,,1005494850.43,6489177769.89,8331978659.48,239029452.48,,5140000.0,2000000000.0,,2018-04-28,4601386528.69,4601386528.69,3599331478.78,180869236.01,199289538.67,18420302.66,,,42589879.05,45489847.12,169724203.31,230238786.31,28147835.54,2018-04-28,-736025173.13,404911789.93,1770582198.98,-1350610490.12,150329851.55,69503596.62,352812.15,,,302735866.72,,2018,1,4601386528.69,4601386528.69,3599331478.78,180869236.01,199289538.67,18420302.66,,,42589879.05,45489847.12,169724203.31,230238786.31,28147835.54,-736025173.13,404911789.93,-1350610490.12,150329851.55,69503596.62,352812.15,,2041900041.4199998,0.3747429351204461
002385,大北农,2018-06-30,2018-08-21,1896551587.74,1815741687.86,499789416.19,,600000000.0,,30402200.0,18993477787.64,8042669554.59,1012746056.66,9938062176.39,116623156.27,2382801283.48,410417765.51,4567447903.44,4242993865.0,,1068416433.05,7276997188.35,7932112470.01,194056210.99,,3000000.0,2000000000.0,,2018-08-21,9073372471.54,9073372471.54,7370537473.13,103991719.49,84593789.04,-19397930.45,-57018057.9,,106594952.76,111770846.42,36435592.88,155496724.98,65939584.06,2018-08-21,-597252236.43,740064443.04,1761103240.16,-2029137356.21,680545372.53,492463667.86,1056622.84,57018057.9,,302332574.78,,2018,2,4471985942.850001,4471985942.850001,3771205994.35,-76877516.52,-114695749.62999998,-37818233.11,,,64005073.71000001,66280999.300000004,-133288610.43,-74742061.33000001,37791748.52,138772936.70000005,335152653.10999995,-678526866.0900002,530215520.97999996,422960071.24,703810.6900000001,,2915531104.0499997,0.4234437549832904
002385,大北农,2018-09-30,2018-10-27,2180986039.56,2325119610.75,499856729.89,,600000000.0,,46134917.0,19510485009.21,8503962803.32,970551491.56,10035970714.33,108327187.94,2099427450.95,375960006.93,4590459746.22,4242993865.0,,1299627707.56,7720850626.37,8412427838.68,219386848.41,,,1500000000.0,,2018-10-27,14218237956.09,14218237956.09,11564841419.64,440585469.77,420213539.44,-20371930.33,-80206170.67,,179478251.29,185454910.5,99635976.94,554016802.94,125724418.1,2018-10-27,292299102.07,896902458.82,2083015920.93,-2494910997.9,578542796.81,544379866.12,2305461.52,,,302332574.78,,2018,3,5144865484.549999,5144865484.549999,4194303946.5099993,336593750.28,335619750.4,-973999.879999999,-23188112.770000003,,72883298.52999999,73684064.08,63200384.059999995,398520077.96000004,59784834.03999999,889551338.5,156838015.7800001,-465773641.69000006,-102002575.72000003,51916198.25999999,1248838.68,,3424976340.64,0.4358662944209573
002385,大北农,2018-12-31,2019-04-24,2274954379.36,2442292608.23,499924043.59,94000000.0,600000000.0,,99776800.85,18095720578.33,7381368275.95,935467276.72,9778885025.66,95253910.33,2297702870.72,267462847.86,4771110727.99,4242993865.0,,1124194378.25,6437402732.84,6937025503.1,154408855.87,,11950000.0,,,2019-04-24,19302066717.55,19302066717.55,15693016551.41,506911261.57,485971969.41,-20939292.16,-206793887.48,,247227799.37,255986466.55,117044006.53,630750022.6,169667298.42,2019-04-24,1067467486.86,986975217.08,2170911118.9,-1417074923.26,-1186592056.1,795574440.63,3979902.84,206793887.48,,294168953.09,,2018,4,5083828761.459999,5083828761.459999,4128175131.7700005,66325791.80000001,65758429.97000003,-567361.8300000019,-126587716.80999999,,67749548.08000001,70531556.05000001,17408029.590000004,76733219.65999997,43942880.31999999,775168384.79,90072758.25999999,1077836074.64,-1765134852.9099998,251194574.51,1674441.3199999998,,3636216651.82,0.40790684427285756
002385,大北农,2019-03-31,2019-04-25,1729093609.4,2497232900.52,499991357.29,94000000.0,600000000.0,,94978898.89,17474130869.14,6789776434.98,919537921.2,9764816512.96,50861517.35,2036675778.39,260975318.32,4713587193.06,4242993865.0,,1079861273.25,5834860273.27,6547661788.28,200990097.51,178858904.01,,,,2019-04-25,4057485579.82,4057485579.82,3369145888.4,-38848239.65,-54439468.25,-15591228.6,-1392583.27,-27651804.76,56347584.06,57862494.06,-49904960.4,-33700129.87,27218862.33,2019-04-25,-234469669.53,125330798.5,1608567458.88,-198251564.83,-129586773.15,194375363.56,449781.29,,,294168953.09,,2019,1,4057485579.82,4057485579.82,3369145888.4,-38848239.65,-54439468.25,-15591228.6,-1392583.27,-27651804.76,56347584.06,57862494.06,-49904960.4,-33700129.87,27218862.33,-234469669.53,125330798.5,-198251564.83,-129586773.15,194375363.56,449781.29,,3691224257.81,0.38856161063615535
002385,大北农,2019-06-30,2019-08-22,1576065617.33,2538182935.74,106356500.0,362140000.0,600000000.0,,313055531.14,18166681312.34,6869629979.61,1394517348.29,9902533984.44,89361542.66,2293669651.37,533679116.66,5354943453.81,4242993865.0,,1221670500.44,5417668134.41,6652798523.4,227726904.22,222241903.66,39169625.99,,,2019-08-22,8142140653.71,8142140653.71,6707475281.94,33622125.57,17956156.74,-15665968.83,-1819802.74,-32155512.53,107316827.54,109667323.55,3210934.2,80659919.39,56051103.24,2019-08-22,7459151.44,260257854.18,1479981531.14,-235993864.87,-462392645.75,306589105.31,1186033.73,1819802.74,,298336406.2,,2019,2,4084655073.89,4084655073.89,3338329393.5399995,72470365.22,72395624.99,-74740.23000000045,-427219.47,-4503707.77,50969243.480000004,51804829.489999995,53115894.6,114360049.25999999,28832240.910000004,241928820.97,134927055.68,-37742300.03999999,-332805872.6,112213741.75,736252.44,,3606679435.74,0.3781444646658549
002385,大北农,2019-09-30,2019-10-22,2010290210.03,2310442410.9,220549207.6,451140000.0,600000000.0,,317114838.69,18369671341.25,6839209353.95,1434684885.3,10095777102.0,105684384.88,1882910029.41,626280427.6,5508603879.16,4242993865.0,,1198318733.77,5306320772.6,6715101832.68,271827647.3,129649270.04,42755893.59,,,2019-10-22,12223474252.32,12223474252.32,9988230808.17,302042237.04,323875373.24,21833136.2,-2891672.02,-43265354.86,155591213.18,158560912.32,126979480.39,351327205.51,83790812.43,2019-10-22,806526573.71,534731053.04,1926764082.15,-232903623.58,-817827962.14,361954684.54,8031029.23,,,302735741.46,,2019,3,4081333598.6099997,4081333598.6099997,3280755526.2300005,268420111.47000003,305919216.5,37499105.03,-1071869.28,-11109842.329999998,48274385.64,48893588.769999996,123768546.19,270667286.12,27739709.190000005,799067422.27,274473198.86,3090241.2899999917,-355435316.39,55365579.23000002,6844995.5,,3582131618.5,0.37230983760674147
002385,大北农,2019-12-31,2020-04-25,2729533086.53,2652885023.95,165248408.0,650328499.75,600000000.0,,316460159.41,18904149244.36,7440928848.52,1391230007.4,10071990388.44,168934043.43,2297977727.5,434308312.04,5980297089.83,4195329495.0,,1154608354.7,5691766394.13,6905370273.78,156633653.74,790010.0,39337893.59,,,2020-04-25,16577901766.95,16577901766.95,13276764577.64,513291621.67,620849831.75,107558210.08,-53804733.45,-183440149.5,205191089.67,221021457.73,328542505.5,675069965.86,83441071.09,2020-04-25,1787097828.49,864874245.44,2589194318.59,-390095743.47,-978765351.36,678219252.08,9264275.63,53804733.45,,272113359.73,,2019,4,4354427514.630001,4354427514.630001,3288533769.4699993,211249384.63,296974458.51,85725073.88,-50913061.43,-140174794.64,49599876.48999998,62460545.41,201563025.11,323742760.35,-349741.3400000036,980571254.78,330143192.40000004,-157192119.89000002,-160937389.22000003,316264567.54,1233246.4000000004,,4068461931.7,0.39361352644525804
002385,大北农,2020-03-31,2020-04-25,3307161989.66,3294244345.3,180268345.88,1015135000.0,600000000.0,,330205818.95,20331919848.66,8281271204.99,1511903361.08,10538745282.59,270632637.97,2438855382.48,417001844.61,5977317556.67,4195329495.0,,1131472452.0,6157662441.29,7925792398.37,451624429.98,47000000.0,21034339.19,,,2020-04-25,4081196693.95,4081196693.95,3062145101.03,465462716.98,569949776.11,104487059.13,307383.36,-16252757.37,55737606.56,58803415.92,383958703.68,626595891.77,53209483.65,2020-04-25,-75046967.14,451593355.64,3169278751.15,-286798761.57,943288128.96,76254908.15,365514.27,,,272113359.73,,2020,1,4081196693.95,4081196693.95,3062145101.03,465462716.98,569949776.11,104487059.13,307383.36,-16252757.37,55737606.56,58803415.92,383958703.68,626595891.77,53209483.65,-75046967.14,451593355.64,-286798761.57,943288128.96,76254908.15,365514.27,,5089647691.18,0.40730394702671363
002385,大北农,2020-06-30,2020-08-26,3549444177.42,4076191351.71,766370158.39,1286527400.94,,,334142793.36,20984505975.63,9413010262.62,1606037227.01,9965458486.0,440815224.68,2644848499.05,795028647.55,6034268257.21,4195329495.0,,1214942706.77,7605033705.4,8031973092.22,438393157.92,113909.3,9597322.97,,,2020-08-26,8991726823.48,8991726823.48,6886046697.69,893072289.84,1136679128.57,243606838.73,-3455903.8,-25461052.8,111088651.24,117899288.57,771217341.1,1243212828.3,99407525.68,2020-08-26,518895427.58,936876561.86,3469745057.64,-575038520.78,936696906.89,1121417302.08,775787.75,3455903.8,,272482837.72,,2020,2,4910530129.53,4910530129.53,3823901596.6599994,427609572.86,566729352.4599999,139119779.6,-3763287.1599999997,-9208295.430000002,55351044.67999999,59095872.64999999,387258637.42,616616936.53,46198042.03000001,593942394.72,485283206.22,-288239759.21,-6591222.070000052,1045162393.93,410273.48,,6129088911.040001,0.4485695433360042
002385,大北农,2020-09-30,2020-10-24,3885318533.76,3995957500.47,761153860.14,1700031430.23,,,290777737.54,22638108793.6,10195204158.99,1893301251.42,10549603383.19,602609186.98,2858924899.48,1154526391.63,6452081480.83,4195329495.0,,1536036581.19,8039738976.02,8857543799.14,397486709.12,18261640.0,10303624.16,,,2020-10-24,15266454254.08,15266454254.08,11729533529.4,1482678775.86,1931260705.85,448581929.99,-36939414.31,-49115120.05,170014446.0,188023620.55,1243007663.95,2099090904.63,159322113.85,2020-10-24,1192343201.47,1644672172.2,3796361847.24,-1032641603.17,1047498098.02,1190053417.07,53815869.63,,,272482837.72,,2020,3,6274727430.6,6274727430.6,4843486831.71,589606486.0199999,794581577.28,204975091.26000002,-33483510.51,-23654067.249999996,58925794.760000005,70124331.98000002,471790322.85,855878076.3300002,59914588.16999999,673447773.8900001,707795610.34,-457603082.39,110801191.13,68636114.99000001,53040081.88,,6457142790.84,0.4503558248590217
002385,大北农,2020-12-31,2021-04-21,4315912199.47,4076474869.33,919351144.8,1941406333.51,,,284012228.67,24041748998.06,11004905744.58,2021398792.46,11015444461.02,654391701.27,3578590869.26,1381220920.84,7159669341.83,4195329495.0,,1819845130.68,8607924060.88,9574285748.84,176430135.22,1857880.0,10303624.16,22937344.49,,2021-04-21,22813861332.61,22813861332.61,17788258487.61,1955722850.86,2573283492.7,617560641.84,-140150609.42,-123938123.92,228556686.37,260154025.42,1593201607.7,2833180710.55,227577315.59,2021-04-21,1856435731.39,2443047550.37,4271250436.76,-1524631435.0,1350436088.65,1278764686.03,86628082.02,140150609.42,,212306024.62,,2020,4,7547407078.530001,7547407078.530001,6058724958.210001,473044075.0,642022786.8499999,168978711.85000002,-103211195.10999998,-74823003.87,58542240.370000005,72130404.86999997,350193943.75,734089805.9200001,68255201.74000001,664092529.9200001,798375378.1699998,-491989831.83000004,302937990.6300001,88711268.96000004,32812212.389999993,,6937232347.64,0.4577414790191852
002385,大北农,2021-03-31,2021-04-27,3596636910.95,4126125571.23,885014379.87,2679823321.77,,577950228.62,282899755.04,25578696514.55,12172358295.71,2040150615.58,11366187603.26,546410842.18,4172095592.25,1752778947.68,7297877554.2,4195329495.0,726118155.37,1872485875.59,8466966662.53,9979221651.36,210735347.27,101627920.0,10303624.16,37760983.5,,2021-04-27,7401924717.39,7401924717.39,6185680475.25,390933756.67,474090259.81,83156503.14,,-13587441.49,73614978.7,82668742.41,374134190.44,537673174.92,61519379.09,2021-04-27,-396086296.69,768429270.41,3547522383.69,-880327896.64,552622828.25,123945498.32,111485.0,,,212306024.62,,2021,1,7401924717.39,7401924717.39,6185680475.25,390933756.67,474090259.81,83156503.14,,-13587441.49,73614978.7,82668742.41,374134190.44,537673174.92,61519379.09,-396086296.69,768429270.41,-880327896.64,552622828.25,123945498.32,111485.0,,8268913501.490001,0.4758787567140477
002385,大北农,2021-06-30,2021-08-24,3348194872.66,4143953692.36,485814173.92,2685231185.32,,522438725.72,314246763.09,26016233110.61,12222685093.44,2173908648.54,11619639368.63,651279314.87,4333092132.3,1676592521.63,8014902876.59,4141281853.0,745932520.01,2237965960.23,8530963103.36,9882406231.69,162994116.96,51213660.0,706301.19,26627066.78,,2021-08-24,15268065953.19,15268065953.19,13100297031.69,498776305.87,543176173.91,44399868.04,,-25470053.2,145529271.12,165230716.98,346798992.2,684148092.94,113979874.87,2021-08-24,-174433244.38,1342149360.89,3281252240.58,-1050805637.8,235405576.13,495189996.4,18705804.29,,,212306024.62,,2021,2,7866141235.8,7866141235.8,6914616556.440001,107842549.19999999,69085914.09999996,-38756635.1,,-11882611.709999999,71914292.42,82561974.57,-27335198.24000001,146474918.0200001,52460495.78,221653052.31,573720090.4800001,-170477741.15999997,-317217252.12,371244498.08,18594319.29,,7837437777.320001,0.46980994679261684
002385,大北农,2021-09-30,2021-10-21,4478813542.92,4485451412.97,624564471.46,2834795387.02,,529422562.28,439670020.66,26680959699.43,13243483144.79,2178470846.83,11259005707.81,617289872.43,3530125795.42,1559261615.23,8569290771.99,4141281853.0,735949926.16,2250036147.5,9260633163.61,10209563067.61,242181334.95,62362230.0,,4660072.26,,2021-10-21,23441504152.54,23441504152.54,20842620554.73,107414324.31,-86975965.14,-194390289.45,,-44628453.94,219560869.36,249761015.09,-53514733.94,116368613.6,154944356.5,2021-10-21,582811586.13,1878690850.51,4405206065.06,-1572760305.29,1124069225.6,589291658.25,19824195.8,,,212306024.62,,2021,3,8173438199.35,8173438199.35,7742323523.039999,-391361981.56,-630152139.05,-238790157.48999998,,-19158400.74,74031598.24000001,84530298.11000001,-400313726.14,-567779479.34,40964481.629999995,757244830.51,536541489.6199999,-521954667.49,888663649.4699999,94101661.85000002,1118391.5100000016,,8474233833.7300005,0.49636457211368334
002385,大北农,2021-12-31,2022-04-23,5798620930.01,4910049473.49,864780060.63,2746800002.12,,509466613.24,432350042.21,26894815883.44,14188708534.5,1968927728.37,10737179620.57,407058512.97,3310474572.28,1595685833.57,8925614606.82,4141281853.0,738518821.45,2330612293.85,10187317731.55,10480502769.53,221296305.36,3295540.0,48505630.05,22439507.82,,2022-04-23,31328078121.44,31328078121.44,28053833798.31,-440340985.21,-938177526.26,-497836541.05,-486674881.23,-102816251.67,289468693.01,340677488.29,-827437988.55,-688868482.92,202389983.54,2022-04-23,1148769576.72,2357314456.42,5726704437.63,-1614593047.11,1921458546.64,674184539.7,20580471.37,486674881.23,,178601813.03,,2021,4,7886573968.899998,7886573968.899998,7211213243.580002,-547755309.52,-851201561.12,-303446251.6,,-58187797.730000004,69907823.64999998,90916473.20000002,-773923254.6099999,-805237096.52,47445627.03999999,565957990.59,478623605.9100001,-41832741.81999993,797389321.0400002,84892881.45000005,756275.5700000003,,9031096149.48,0.5275629547342038
002385,大北农,2022-03-31,2022-04-29,4324891386.19,5859735335.87,896438814.97,2929511252.24,,491688097.24,719176565.45,27783675828.24,15461070973.44,1865441858.96,10457162995.84,374089836.66,3610994731.82,1833644503.04,8789739778.36,4141281853.0,709061922.78,2221647832.45,11014688979.68,9978461741.85,1467960292.44,422270.0,59420524.8,35813856.02,,2022-04-29,6459940820.51,6459940820.51,5815713630.75,-232567144.99,-286040568.67,-53473423.68,-47717.61,-30670914.47,88302635.44,105655591.22,-271579564.7,-244390088.52,30403048.2,2022-04-29,-950214637.51,500415784.3,4223180549.16,-1775966521.14,1222666723.2,128143031.88,10524181.23,,,178776634.03,,2022,1,6459940820.51,6459940820.51,5815713630.75,-232567144.99,-286040568.67,-53473423.68,-47717.61,-30670914.47,88302635.44,105655591.22,-271579564.7,-244390088.52,30403048.2,-950214637.51,500415784.3,-1775966521.14,1222666723.2,128143031.88,10524181.23,,10177373500.32,0.5564803976630405
002385,大北农,2022-06-30,2022-08-16,4516993700.92,6633603132.4,1129473511.36,2950431724.41,,515760475.46,613678222.45,29168837983.77,17072324456.58,1877567542.41,10218945984.78,407411974.72,3876548311.57,2114039564.22,8802371563.68,4141281853.0,765568293.45,2602028659.45,12656070196.27,10656130455.03,1381706912.49,40764780.0,62323070.69,10892399.96,,2022-08-16,13393129252.13,13393129252.13,12098659474.89,-510514116.97,-609883399.55,-99369282.58,35035339.39,-40071765.89,189573114.28,217811430.85,-568011583.15,-562254128.53,37392817.86,2022-08-16,-648148651.66,943109462.09,4401058137.93,-2532838983.55,1855287810.04,243274884.46,11631128.23,-35035339.39,,424698239.06,,2022,2,6933188431.619999,6933188431.619999,6282945844.139999,-277946971.98,-323842830.87999994,-45895858.9,35083057.0,-9400851.420000002,101270478.84,112155839.63,-296432018.45,-317864040.01,6989769.66,302065985.85,442693677.79,-756872462.4100001,632621086.8399999,115131852.58000001,1106947.0,,11229268843.629997,0.5852932662617314
002385,大北农,2022-09-30,2022-10-28,5647234689.82,6693968392.01,1151573826.67,3003279298.58,,483770521.6,882965520.67,31121911443.25,18693057531.5,1997332085.03,10431521826.72,480936921.86,4052981613.37,1748076066.51,9174366385.42,4141281853.0,730989419.4,3119517221.48,13872132885.15,12432671041.08,1345793294.08,141003620.0,53811155.7,5344448.1,,2022-10-28,22094415865.46,22094415865.46,19590411754.12,-330985231.74,-322902666.73,8082565.01,34539690.79,-65543964.97,297523597.78,344262323.84,-404114240.84,-242508746.15,62935125.74,2022-10-28,602563054.1,1206705019.4,5520131887.65,-2912346746.59,2102953841.55,362711009.66,13489310.6,,,424698239.06,,2022,3,8701286613.33,8701286613.33,7491752279.23,179528885.23000002,286980732.81999993,107451847.59,-495648.6000000015,-25472199.08,107950483.49999997,126450892.98999998,163897342.31,319745382.38,25542307.880000003,1250711705.76,263595557.31000006,-379507763.03999996,247666031.51,119436125.20000002,1858182.3699999992,,11332592038.86,0.6006397635822049
002385,大北农,2022-12-31,2023-04-26,5770764160.0,6441871005.59,1302882537.36,2881134966.65,,460030756.86,794513590.76,31234202080.54,18212776548.75,2254354446.18,10767071085.61,514274879.01,4803087286.53,469780581.31,10472796833.77,4140741853.0,711967770.46,3222211556.33,13563080164.77,12659033661.33,789823770.78,49688552.0,40401879.94,42948436.69,,2023-04-26,32396746022.43,32396746022.43,28164305229.97,51079987.93,309488638.47,258408650.54,-137062108.2,-246508656.07,405168411.83,476448680.97,164498799.43,371850246.01,3712148.25,2023-04-26,1415299740.26,1551170536.45,5632015098.63,-3139280511.44,1629213659.07,477584049.07,20698054.04,137062108.2,,564536102.89,,2022,4,10302330156.970001,10302330156.970001,8573893475.850002,382065219.67,632391305.2,250326085.53,-171601798.98999998,-180964691.1,107644814.05000001,132186357.13000005,568613040.27,614358992.16,-59222977.49,812736686.16,344465517.04999995,-226933764.8499999,-473740182.48,114873039.40999997,7208743.4399999995,,11085919266.460001,0.5831036279328293
002385,大北农,2023-03-31,2023-04-29,4802855157.16,7081841429.23,1219840084.08,3147710849.01,,458111844.73,769709344.5,30565989197.31,18036378711.46,2068846148.87,10460764336.98,507462479.02,4338957608.73,418287552.71,10428951744.24,4140741853.0,719153392.17,2566031264.18,13193896980.17,12111321931.77,821159261.33,120225544.0,29486985.19,50200225.75,,2023-04-29,7777317712.34,7777317712.34,7124310104.32,-308774088.76,-403928667.96,-95154579.2,,-39749589.39,113266039.37,130229004.25,-305545321.34,-358451926.63,18366633.01,2023-04-29,-1091555967.97,253285549.31,4699900312.59,-340124930.73,499568300.64,183648087.26,11509715.73,,,564536102.89,,2023,1,7777317712.34,7777317712.34,7124310104.32,-308774088.76,-403928667.96,-95154579.2,,-39749589.39,113266039.37,130229004.25,-305545321.34,-358451926.63,18366633.01,-1091555967.97,253285549.31,-340124930.73,499568300.64,183648087.26,11509715.73,,11907504207.05,0.5900799936501748
002385,大北农,2023-06-30,2023-08-31,4688177128.05,7162359070.14,1455607544.28,2912280852.75,,437978183.84,673562864.83,30029906310.53,18230755854.06,1981996865.46,9817153591.01,498621866.48,4057108242.5,237496381.34,10531200501.41,4137906853.0,696354489.89,2469912668.67,13723757040.59,11610137768.74,920120179.79,26653342.0,12584439.3,12831643.0,,2023-08-31,15666521602.95,15666521602.95,14310996621.23,-774039957.59,-1041668397.59,-267628440.0,-173986335.46,-92405454.14,233988082.45,270305548.11,-708827275.08,-946682917.62,38666177.76,2023-08-31,-656284704.16,506423281.24,4603149496.07,-589760221.65,216958192.91,501600157.66,12924141.65,173986335.46,,630679454.96,,2023,2,7889203890.610001,7889203890.610001,7186686516.91,-465265868.83000004,-637739729.6300001,-172473860.8,,-52655864.75,120722043.07999998,140076543.86,-403281953.74000007,-588230990.99,20299544.749999996,435271263.81000006,253137731.93,-249635290.91999996,-282610107.73,317952070.40000004,1414425.92,,11968225651.01,0.6070866710518966
002385,大北农,2023-09-30,2023-10-25,5280381196.98,7622029437.38,1570098282.31,2885907613.94,,427897627.69,720669473.18,31540998887.05,19869945151.18,1988397883.27,9682655852.6,465706822.01,4321375136.11,343438263.06,10445760562.01,4137906853.0,674750841.66,2611871946.34,15141341410.63,12875684210.42,1012164995.52,61900454.0,2096354.29,8123062.73,,2023-10-25,23931425168.16,23931425168.16,21679323778.53,-908395741.67,-1212198753.91,-303803012.24,-174357289.71,-109307566.01,360002738.58,414019095.86,-952934732.31,-1074473949.64,61917233.47,2023-10-25,-55542869.07,749263939.26,5214677206.38,-1052289092.51,690415965.7,616703836.94,13118352.96,,,738886256.05,,2023,3,8264903565.209999,8264903565.209999,7368327157.299999,-134355784.07999992,-170530356.32000005,-36174572.24000001,-370954.25,-16902111.870000005,126014656.13,143713547.75,-244107457.2299999,-127791032.0200001,23251055.71,600741835.0899999,242840658.01999998,-462528870.86,473457772.7900001,115103679.28000003,194211.31000000052,,12505932961.320002,0.6299719683049777
002385,大北农,2023-12-31,2024-04-26,4640736278.8,8278237001.36,1914638473.73,2501462532.01,,426132072.21,725612381.47,29784362506.1,19744888198.47,1955382827.77,8084091479.86,408515680.85,4006469599.38,215162930.62,10747285364.6,4136082853.0,676620104.74,2275006821.1,15578834561.63,10856291311.63,295278291.04,47101744.45,,76717121.6,,2024-04-26,33390129865.04,33390129865.04,30174216193.87,-2173885940.88,-2573188936.1,-399302995.22,-1016453508.23,-324116805.49,475673900.69,548085141.08,-2001948668.71,-2485232258.22,-1409921.95,2024-04-26,245327637.61,1047432651.4,4573387538.88,-2073319203.33,769382658.85,947285540.7,16179949.65,1016453508.23,,773441037.98,,2023,4,9458704696.880001,9458704696.880001,8494892415.34,-1265490199.21,-1360990182.1899998,-95499982.98000002,-842096218.52,-214809239.48000002,115671162.11000001,134066045.22000003,-1049013936.4000001,-1410758308.5799997,-63327155.42,300870506.68,298168712.14,-1021030110.8199999,78966693.14999998,330581703.76,3061596.6899999995,,13120470079.31,0.6629280111140918
002385,大北农,2024-03-31,2024-04-30,2909365235.98,8338484595.35,1990949470.69,2604820404.96,,445716262.21,653097875.53,28905433523.61,19584491293.03,1756284434.51,7564657796.07,427630969.52,4058402507.6,257350304.57,10599583097.78,4112241528.0,671087224.72,2204841147.43,15360772495.58,10047130493.41,325855158.38,154670092.64,1998000.0,91648626.03,,2024-04-30,6706917768.69,6706917768.69,5909236878.31,-209459753.17,-250266231.97,-40806478.8,-1485016.13,-40682182.69,131791207.04,141814433.28,-222115271.05,-230354212.69,16648168.3,2024-04-30,-832883521.44,227471555.5,2852421012.07,-167480695.13,-720333569.54,210358555.25,10411686.02,,,864510575.14,,2024,1,6706917768.69,6706917768.69,5909236878.31,-209459753.17,-250266231.97,-40806478.8,-1485016.13,-40682182.69,131791207.04,141814433.28,-222115271.05,-230354212.69,16648168.3,-832883521.44,227471555.5,-167480695.13,-720333569.54,210358555.25,10411686.02,,13379970733.21,0.6775366741008523
002385,大北农,2024-06-30,2024-08-23,3114079889.36,8166615718.2,2187786760.47,2287544911.72,,417533002.53,772196384.28,28742250593.69,19347338260.22,1786534210.11,7608378123.36,433038377.19,4052412016.25,221856041.53,10556073856.52,4112241528.0,649730849.84,2150540253.75,15390490855.32,10006118311.63,290952021.7,59827184.45,,27379431.0,,2024-08-23,13094586852.39,13094586852.39,11379089918.56,-155903565.07,-155602943.19,300621.88,-2217147.32,-9186674.62,269804349.39,286554333.56,-208080723.65,-120533875.16,31935357.07,2024-08-23,-190048059.16,402858544.47,3049678057.53,-251377060.02,-1081493372.23,373538951.3,11590810.23,2217147.32,,845571943.43,,2024,2,6387669083.7,6387669083.7,5469853040.249999,53556188.099999994,94663288.78,41107100.68,-732131.19,31495508.07,138013142.34999996,144739900.28,14034547.400000006,109820337.53,15287188.77,642835462.2800001,175386988.97000003,-83896364.89000002,-361159802.69000006,163180396.05,1179124.210000001,,13059480392.92,0.6731323351716747
002385,大北农,2024-09-30,2024-10-23,3894189528.31,7665281490.7,2015328635.05,2210295680.59,,418307526.54,668071960.03,30004011193.63,19589802442.62,1894062423.56,8520146327.45,444043478.54,4330101707.36,240278728.79,10486854350.24,4323721890.0,636126432.69,2543993224.87,15812867544.43,11107158836.1,305114450.84,190315854.47,,11081700.09,,2024-10-23,20141943119.96,20141943119.96,17304515997.42,133465797.35,252789488.47,119323691.12,-3390309.37,-30547151.8,396932227.59,420323944.31,77020884.7,297052712.75,42175402.51,2024-10-23,1310451162.46,637204861.23,3847473789.76,-448823703.27,-1586582438.59,479447489.21,19741279.8,,,845571943.43,,2024,3,7047356267.57,7047356267.57,5925426078.859999,289369362.41999996,408392431.65999997,119023069.24000001,-1173162.0500000003,-21360477.18,127127878.19999999,133769610.75,285101608.35,417586587.90999997,10240045.439999998,1500499221.6200001,234346316.76,-197446643.24999997,-505089066.3599999,105908537.90999997,8150469.57,,12309213332.880001,0.6529061169920843
002385,大北农,2024-12-31,2025-04-25,3823598514.24,7300277966.26,1896130203.02,1941901319.07,,391734022.71,933793778.33,29135597310.44,18486899296.02,2107382141.28,8541315873.14,452794699.58,4568776737.4,216039682.26,10391123406.73,4300078565.0,601839899.36,2724692107.08,14649805842.56,10506764847.74,293755007.6,315144061.51,,135883416.24,,2025-04-25,28766965640.91,28766965640.91,24411114298.97,345772740.55,715497984.16,369725243.61,-203205065.11,-60725103.59,611019473.68,636533527.57,220590217.02,790546029.93,54738834.89,2025-04-25,2482963911.92,864767315.63,3772597486.52,-644537245.86,-2638707997.7,879568220.29,25287506.87,203205065.11,,728005871.68,,2024,4,8625022520.95,8625022520.95,7106598301.550003,212306943.20000002,462708495.68999994,250401552.49,-199814755.74,-30177951.790000003,214087246.08999997,216209583.26000005,143569332.32,493493317.17999995,12563432.380000003,1172512749.46,227562454.39999998,-195713542.59000003,-1052125559.1099999,400120731.08,5546227.07,,11530043511.06,0.6345124522089578
002385,大北农,2025-03-31,2025-04-30,4629395892.88,8464267045.72,1735029558.76,2739852666.53,,382507933.76,952761742.22,30265549873.47,19496302748.27,2085699936.44,8683547188.76,484486462.1,4424974952.27,201429679.96,10267162981.38,4300078565.0,591779622.65,2176396712.01,14869620004.02,11750878726.38,307713216.15,303340001.77,,150939500.32,,2025-04-30,6865069300.44,6865069300.44,5914377188.69,134335350.38,212010194.14,77674843.76,-166855.66,-29889338.06,117591893.12,122974080.59,62959649.76,234980712.95,18181057.28,2025-04-30,-556028811.32,223948258.31,4572656750.83,-117290949.41,1473430068.7,158940774.2,25799736.73,,,728005871.68,,2025,1,6865069300.44,6865069300.44,5914377188.69,134335350.38,212010194.14,77674843.76,-166855.66,-29889338.06,117591893.12,122974080.59,62959649.76,234980712.95,18181057.28,-556028811.32,223948258.31,-117290949.41,1473430068.7,158940774.2,25799736.73,,13321657204.77,0.6441747409109508
002385,大北农,2025-06-30,2025-08-28,4562201564.1,8335930094.89,1753728017.82,2616387226.49,,376380320.85,860497773.3,30129596912.08,19276576350.24,2101790114.09,8751230447.75,503673524.45,4494782153.78,179975636.64,10179843633.92,4300078565.0,590151144.48,2201006424.17,14923157143.04,11641684338.35,354473223.28,304066171.29,313312.16,63867950.14,,2025-08-28,13559416341.08,13559416341.08,11644909564.03,235307194.25,381080879.12,145773684.87,-5521696.82,-44664923.45,241306063.99,251555050.66,170634328.28,429639874.1,34483500.01,2025-08-28,24102499.53,387178852.73,4464487713.94,-257844629.98,925672670.12,265744285.97,36287605.54,5521696.82,,728005871.68,,2025,2,6694347040.64,6694347040.64,5730532375.340001,100971843.87,169070684.98000002,68098841.11,-5354841.16,-14775585.390000004,123714170.87,128580970.07,107674678.52000001,194659161.15000004,16302442.729999997,580131310.85,163230594.42000002,-140553680.57,-547757398.58,106803511.77000001,10487868.809999999,,13082425660.050001,0.6397887235760314
002385,大北农,2025-09-30,2025-10-23,4351331527.68,8351327295.73,1716247987.76,2676171703.77,,386719352.86,833681115.48,30546265239.87,19742348824.55,2089074649.71,8714841765.61,529441149.94,4790363764.34,128636755.7,10090131848.84,4300078565.0,589613822.4,2168831634.3,15300320781.42,12056293102.45,349733459.38,424221742.19,392591.76,10852280.24,,2025-10-23,20743564082.81,20743564082.81,18012161082.32,256998228.4,429996963.41,172998735.01,-8267194.88,-56765546.59,359177716.18,375204829.28,178640024.83,518446644.15,61475710.8,2025-10-23,478919961.85,590029599.53,4254639506.51,-733309835.78,736624414.31,364025920.5,36810568.83,,,728005871.68,,2025,3,7184147741.730001,7184147741.730001,6367251518.289999,21691034.150000006,48916084.29000002,27225050.139999986,-2745498.0599999996,-12100623.14,117871652.19,123649778.61999997,8005696.550000012,88806770.04999995,26992210.79,454817462.32000005,202850746.79999995,-475465205.79999995,-189048255.81000006,98281634.53,522963.2899999991,,13130466340.12,0.6463097425992894
002385,大北农,2025-12-31,2026-04-24,4276955997.6,8518886357.88,1803028322.86,2649839033.21,,398196909.91,743359169.53,29315074696.06,19628468599.72,2025439064.43,7661167031.91,543126542.99,4705050923.55,89430593.87,10033049982.02,4300078565.0,608968009.68,2482558443.27,15377060773.15,11564075232.71,287518655.94,369004382.76,,113725195.83,,2026-04-24,29118934803.38,29118934803.38,25407384807.53,-641524003.71,-488051427.68,153472576.03,-765111760.05,-102066295.16,468891242.81,489377005.7,-776333632.82,-324518321.47,128451865.3,2026-04-24,828752845.82,809620541.09,4162526385.46,-847845815.54,409371539.76,602879328.59,38398527.92,765111760.05,,639947361.48,,2025,4,8375370720.57,8375370720.57,7395223725.209999,-898522232.11,-918048391.09,-19526158.97999999,-756844565.17,-45300748.56999999,109713526.63,114172176.42000002,-954973657.6500001,-842964965.62,66976154.5,349832883.97,219590941.56000006,-114535979.75999999,-327252874.54999995,238853408.09000003,1587959.0900000036,,13369950623.86,0.6695691142945681
002385,大北农,2026-03-31,2026-04-29,3776087017.35,8528909804.62,1898147590.53,2782967853.32,,433243581.17,962874177.36,29063180616.08,19817778279.46,1827707548.96,7417694787.66,573084087.06,4555886723.37,55444114.75,9885160126.9,4300078565.0,619910852.77,2460547436.19,15178005839.73,11632586780.86,186499337.61,299270709.06,,128913126.3,,2026-04-29,7190788934.27,7190788934.27,6485647052.78,-174897892.3,-205269051.28,-30371158.98,-246748995.55,-37551538.66,113371384.13,117175042.27,-171996042.27,-190637673.25,13129586.17,2026-04-29,-1072947650.52,128263486.65,3681640218.57,289661051.05,302367426.44,156326506.43,648513.53,,,639947361.48,,2026,1,7190788934.27,7190788934.27,6485647052.78,-174897892.3,-205269051.28,-30371158.98,-246748995.55,-37551538.66,113371384.13,117175042.27,-171996042.27,-190637673.25,13129586.17,-1072947650.52,128263486.65,289661051.05,302367426.44,156326506.43,648513.53,,13643268829.64,0.6818860792027446
002385,大北农,2026-06-30,2026-08-27,3280796174.86,8540667069.57,1892358991.12,2679196415.02,,432951496.32,1120573820.5,28346512612.6,19812481347.64,1670394449.61,6863636815.35,560647797.34,4636539058.7,84131786.81,9704869059.99,4300078565.0,619299118.99,2388531854.99,15134562021.29,11079568870.95,154073346.9,196548156.43,,74933012.23,,2026-08-27,13811374185.14,13811374185.14,12609654134.49,-676549059.11,-830095192.33,-153546133.22,-258034122.66,-55284053.74,312462751.95,318358824.65,-655722701.77,-818355751.09,-7421788.87,2026-08-27,-1224659482.17,225152481.61,3178814449.55,265739522.64,-24671002.02,259398252.78,7989550.55,258034122.66,,639947361.48,,2026,2,6620585250.869999,6620585250.869999,6124007081.71,-501651166.81,-624826141.0500001,-123174974.24,-11285127.109999985,-17732515.080000006,199091367.82,201183782.38,-483726659.5,-627718077.84,-20551375.04,-151711831.6500001,96888994.96000001,-23921528.410000026,-327038428.46,103071746.35,7341037.02,,13545173972.029999,0.6989389353960025
002477,雏鹰退,2015-12-31,2017-04-26,1788815997.29,2032339788.84,19960000.0,697000000.0,787400333.27,,168327985.63,10181381936.6,5469638158.05,317860270.92,4393883507.63,233593864.28,1339712359.12,1577349811.63,1540088584.39,1045053210.0,,641183251.98,3787350845.14,5927181091.88,264229145.53,,48000000.0,32664762.0,,2017-04-26,3619021187.48,3619021187.48,3060457921.7,220422327.16,230105440.25,9683113.09,,,169907978.36,,18682120.37,51457072.97,44180930.84,2017-04-26,-273171688.6,1782804516.02,1224152433.04,-515246498.5,1759218362.53,239766165.41,1524559296.43,29071358.86,,79092326.16,,2015,4,,,,,,,,,,,,,,,,,,,,,3536700122.11,0.5372196222585228
002477,雏鹰退,2016-03-31,2016-04-22,1754566519.5,2123698701.1,19960000.0,697000000.0,1638963111.04,,161382377.41,11220692137.96,6400028049.07,319714617.73,4500949471.16,220023444.9,1280960669.0,1533147818.36,1674629912.85,1045053210.0,,657438164.41,3873560636.39,6067932702.34,265245509.61,,,33403964.07,,2017-04-26,1140145256.57,1140145256.57,885022497.91,107065963.53,97720310.34,-9345653.19,,,57245508.74,,94796193.02,93078892.8,4110101.63,2017-04-26,-214802373.69,71262974.8,1236512544.2,-712613487.9,939775972.75,43636494.74,173649486.9,,,79092326.16,,2016,1,1140145256.57,1140145256.57,885022497.91,107065963.53,97720310.34,-9345653.19,,,57245508.74,,94796193.02,93078892.8,4110101.63,-214802373.69,71262974.8,-712613487.9,939775972.75,43636494.74,173649486.9,,4479621812.139999,0.5703772967282899
002477,雏鹰退,2016-06-30,2016-08-12,2753362097.61,1997767258.9,547000000.0,1147000000.0,2273862555.49,,154580141.49,13187812540.05,8174356659.97,293266713.39,4720189166.69,263173705.78,1168286337.68,1810325020.28,1669210764.92,3135159630.0,,597860639.95,4570347619.77,6913268966.6,259135864.5,,100000000.0,40546950.23,,2016-08-12,2829107342.47,2829107342.47,2086897404.33,454231999.32,435025204.54,-19206794.78,,,145859389.48,,421996608.61,417829813.47,9393092.6,2016-08-12,548726261.47,496639295.16,1341610024.62,-1716923113.16,1285654443.27,304306518.05,289205209.81,25208746.1,,79092326.16,,2016,2,1688962085.8999999,1688962085.8999999,1201874906.42,347166035.78999996,337304894.20000005,-9861141.590000002,,,88613880.73999998,,327200415.59000003,324750920.67,5282990.97,763528635.1600001,425376320.36,-1004309625.2600001,345878470.52,260670023.31,115555722.91,,5965629814.389999,0.6198417391167291
002477,雏鹰退,2016-09-30,2016-10-26,3934812867.14,3813030157.0,694000000.0,1000000000.0,2275997555.5,,266020455.68,15199212248.94,9941255675.45,285435396.79,4972521176.7,262559773.09,1192104726.7,1538771831.36,2316366640.06,3135159630.0,,666881135.88,6369176418.41,8004281999.57,266083549.52,,100000000.0,42491442.42,,2016-10-26,4270560377.51,4270560377.51,3158422268.99,706564009.33,679525897.95,-27038111.38,,,265326827.52,,593545832.89,592778287.0,18196478.72,2016-10-26,523559632.04,776173381.16,2438729960.13,-2068824527.97,2759842423.02,369450602.38,700660281.0,,,79092326.16,,2016,3,1441453035.0400004,1441453035.0400004,1071524864.6599998,252332010.01000005,244500693.41000003,-7831316.599999998,,,119467438.04000002,,171549224.27999997,174948473.52999997,8803386.12,-25166629.430000007,279534085.99999994,-351901414.80999994,1474187979.75,65144084.32999998,411455071.19,,7783027712.5,0.6540638759843168
002477,雏鹰退,2016-12-31,2017-04-26,4119827950.56,3942000000.0,781216405.58,617000000.0,2278132555.51,,271426515.29,17035989123.6,10270948780.39,1665330356.88,5099709986.33,219349547.68,1180730891.37,437881607.83,1522917735.48,3135159630.0,,993300248.98,6926660054.06,10377133318.61,2615040024.94,,100000000.0,37530895.92,,2017-04-26,6090172093.7,6090172093.7,4572762947.34,833401461.09,833761051.05,359589.96,,,409627303.72,,557148546.57,931803814.14,114236594.92,2017-04-26,1800710572.97,1187964944.97,3272802118.47,-4947407543.69,5195346656.15,472866449.79,888540263.06,21789888.1,,79092326.16,,2016,4,1819611716.1899996,1819611716.1899996,1414340678.3500004,126837451.75999999,154235153.0999999,27397701.34,,,144300476.20000002,,-36397286.31999993,339025527.14,96040116.2,1277150940.93,411791563.81000006,-2878583015.7199993,2435504233.1299996,103415847.41000003,187879982.05999994,,7618348961.09,0.6028971200833667
002477,雏鹰退,2017-03-31,2017-04-26,4577821697.32,4664865606.0,600561775.58,687701491.3,2280267555.52,,471506461.82,18762443776.61,11135181410.06,2359179586.28,5268082780.27,270306516.86,1265228312.65,462741731.72,1451418931.27,3135159630.0,,820976469.14,7666554452.01,13660892699.33,54790954.2,,100000000.0,46380051.4,,2017-04-26,1177159438.93,1177159438.93,890784905.29,113292673.87,122947184.41,9654510.54,,,118238467.51,,87735580.08,132307319.74,8351845.17,2017-04-26,104691066.74,103373032.91,3709399201.01,-732612985.62,1099354596.65,150895825.8,612640378.27,,,79092326.16,,2017,1,1177159438.93,1177159438.93,890784905.29,113292673.87,122947184.41,9654510.54,,,118238467.51,,87735580.08,132307319.74,8351845.17,104691066.74,103373032.91,-732612985.62,1099354596.65,150895825.8,612640378.27,,8233396428.4,0.5934824664973309
002477,雏鹰退,2017-06-30,2017-08-12,4613501667.7,5084000000.0,248473154.03,1683364212.32,2282402555.53,,597915819.48,21204931709.05,13276416301.97,2311084084.68,5617431322.4,300211648.87,1517392485.35,520511782.5,1421162209.23,3135159630.0,,884606186.01,8681981471.35,14092149941.76,849255153.29,,200000000.0,1095523475.62,,2017-08-12,2522820220.13,2522820220.13,1954602125.94,128677586.12,148741473.16,20063887.04,,,277149200.65,,80088124.82,127663111.08,16062814.04,2017-08-12,-236893466.16,258459127.61,4495428930.14,-2744649186.78,4204169464.61,384599714.8,617426509.49,13030844.47,,79092326.16,,2017,2,1345660781.2,1345660781.2,1063817220.6500001,15384912.25,25794288.75,10409376.5,,,158910733.14,,-7647455.260000005,-4644208.659999996,7710968.869999999,-341584532.9,155086094.70000002,-2012036201.1600003,3104814867.96,233703889.0,4786131.220000029,,9298239921.88,0.6261004036293968
002477,雏鹰退,2017-09-30,2017-10-26,3690717912.11,4689669898.8,116843381.41,1716897295.16,2284537555.54,,531092791.68,21072253763.86,13255696535.91,2214708113.86,5601849114.09,308767795.02,1393420878.51,590139094.26,1385777360.78,3135159630.0,,934902310.96,8690713168.86,12832413006.83,797646222.25,,420000000.0,1597682854.99,,2017-10-26,3813103351.06,3813103351.06,2998050724.85,83429438.45,132071015.09,48641576.64,,,483197285.65,501105032.24,-59820570.21,91286807.66,22605752.47,2017-10-26,-463628932.23,590937235.92,2427327667.24,-5247449709.44,3860983878.6,782375028.99,790693116.25,,,16346875.6,,2017,3,1290283130.9299998,1290283130.9299998,1043448598.9099998,-45248147.67,-16670458.069999993,28577689.6,,,206048085.0,,-139908695.03,-36376303.42,6542938.43,-226735466.07000002,332478108.30999994,-2502800522.6599994,-343185586.0100002,397775314.19,173266606.76,,8807948130.91,0.6290592683846756
002477,雏鹰退,2017-12-31,2018-04-27,2688435922.06,5018290615.07,740305384.73,1533080834.16,2286672555.55,,358975366.27,22859876179.18,16415876241.62,1480245939.02,4963753998.54,415951752.81,1609563759.81,1339638964.92,3618388835.1,3135159630.0,,811094906.07,9742165283.71,12078787777.65,1555038540.52,,,1671722512.31,,2018-04-27,5698204438.99,5698204438.99,4587585080.46,45188797.84,108077033.12,62888235.28,,,787676446.38,797877823.02,-305346348.96,162573239.33,36306521.12,2018-04-27,76254003.28,672458044.92,763659070.64,-5645243663.47,3059846612.36,806460394.32,898687690.67,59711875.45,,268623602.21,,2017,4,1885101087.9299998,1885101087.9299998,1589534355.6100001,-38240640.61,-23993981.97,14246658.64,,,304479160.73,296772790.78,-245525778.74999997,71286431.67000002,13700768.649999999,539882935.51,81520809.0,-397793954.0300007,-801137266.2399998,24085365.330000043,107994574.41999996,,9578349389.509998,0.7181087120922827
002477,雏鹰退,2018-03-31,2018-04-27,2839117044.82,5086613351.19,408427661.99,1469558351.92,2028807555.56,,423789861.36,24247319517.01,17678050671.84,1706025707.57,4863243137.6,415856137.59,1921535020.62,1284215779.39,3454534610.22,3135159630.0,,1564660041.2,11261448809.67,13264579308.33,1217518832.19,,906293700.0,1604092296.64,,2018-04-27,1135794084.87,1135794084.87,928237596.02,357362553.6,-74731092.38,79141502.64,,,213189864.0,,-571004040.52,-63683074.71,10798740.18,2018-04-27,1092853288.11,63094240.34,452408402.76,-894004984.64,-510098971.35,241514138.98,145274336.82,,,268623602.21,,2018,1,1135794084.87,1135794084.87,928237596.02,357362553.6,-74731092.38,79141502.64,,,213189864.0,,-571004040.52,-63683074.71,10798740.18,1092853288.11,63094240.34,-894004984.64,-510098971.35,241514138.98,145274336.82,,8993406920.66,0.7290723685741214
002477,雏鹰退,2018-06-30,2018-08-24,2371498495.44,4292678358.83,3277920521.34,688825845.67,,,300220341.28,24557026567.24,18272077008.4,2148459700.33,4136489858.51,401757637.31,1671357062.92,1093866649.13,3497862198.9,3135159630.0,,2169587844.63,14787858323.41,11516609337.97,3385940843.56,,1422236593.92,2513331952.2,,2018-08-24,2063652649.15,2063652649.15,1930664329.94,-774574668.64,-764698371.42,9876297.22,-197835242.68,,460037184.99,454261490.27,-834801340.55,-767724116.16,4679466.54,2018-08-24,432351547.99,115679378.95,534112028.24,-1056301784.1,394403193.71,488854541.98,241249577.97,197835242.68,,258012895.19,,2018,2,927858564.2800002,927858564.2800002,1002426733.9200001,-1131937222.24,-689967279.04,-69265205.42,,,246847320.99,,-263797300.02999997,-704041041.4499999,-6119273.64,-660501740.1199999,52585138.61,-162296799.46000004,904502165.06,247340403.00000003,95975241.15,,8259424725.84,0.7440671596933336
002477,雏鹰退,2018-09-30,2018-10-26,1290974200.62,4565301226.53,3853274636.0,108875517.95,,,305502473.59,23820896354.31,18012783751.2,2101200377.75,3706912225.36,391668586.72,1610655085.81,929893138.24,3632351866.93,3135159630.0,,1681777617.22,15103762002.23,11030389971.3,3166023049.52,,,2606708767.27,,2018-10-26,3100247650.17,3100247650.17,3157489975.24,-1204201491.47,-1241546838.15,-37345346.68,-131432840.81,,648870340.71,644713441.68,-1283932366.4,-1239020351.96,11450756.15,2018-10-26,-697230986.65,132437858.63,79422495.7,-1148284435.82,1161278847.53,551927562.64,243499577.97,,,258012895.19,,2018,3,1036595001.02,1036595001.02,1226825645.2999997,-429626822.83000004,-476848466.73000014,-47221643.9,66402401.870000005,,188833155.72000003,190451951.40999997,-449131025.85000014,-471296235.8000001,6771289.61,-1129582534.6399999,16758479.679999992,-91982651.71999991,766875653.8199999,63073020.65999997,2250000.0,,8527451380.48,0.7561757325702348
002477,雏鹰退,2018-12-31,2019-04-25,441084572.1,4933737692.78,3576802503.73,788275090.94,,,187154158.03,21067461315.74,18515233096.21,1479060619.25,1073167600.28,265936800.88,972741055.72,886946954.71,3743911871.75,3135159630.0,,1650947353.05,15030816902.47,9346351801.14,3147510919.32,,,2135863292.59,,2019-04-25,3555829010.32,3555829010.32,4130768014.87,-3863995208.95,-4150168873.78,-286173664.83,-1715856817.02,,988823478.5,738316147.0,-3877355905.35,-4047437622.52,11686151.83,2019-04-25,-833516443.93,69579072.81,29651716.73,-1018821253.95,1118330343.97,547063456.51,233250815.0,1715856817.02,,5736168.58,,2018,4,455581360.1500001,455581360.1500001,973278039.6300001,-2659793717.4799995,-2908622035.63,-248828318.14999998,-1584423976.21,,339953137.78999996,93602705.32000005,-2593423538.95,-2808417270.56,235395.6799999997,-136285457.27999997,-62858785.81999999,129463181.86999989,-42948503.55999994,-4864106.129999995,-10248762.969999999,,9298815287.45,0.8788544959793911
002477,雏鹰退,2019-03-31,2019-04-25,420253955.55,4746281691.92,3525204725.26,537567701.63,,,222760263.64,19636749063.31,18199206278.53,1447972959.31,-10430174.53,77292770.12,344748592.47,775690510.84,3573987005.24,3135159630.0,,1288714421.88,14910437387.12,8617373398.57,2918606775.72,582021.11,,2185863292.59,,2019-04-25,396411735.29,396411735.29,821171183.51,-1103037774.8,-1137691774.28,-34653999.48,-121140368.49,,229405553.52,210668875.23,-1121108158.3,-1034245728.53,-2368289.62,2019-04-25,46626235.57,22101061.83,41859539.17,-22062058.51,-12356354.62,15611547.3,,,,5736168.58,,2019,1,396411735.29,396411735.29,821171183.51,-1103037774.8,-1137691774.28,-34653999.48,-121140368.49,,229405553.52,210668875.23,-1121108158.3,-1034245728.53,-2368289.62,46626235.57,22101061.83,-22062058.51,-12356354.62,15611547.3,,,8809054118.81,0.9267932395456456
002477,雏鹰退,2019-06-30,2019-08-27,285550888.34,4669572012.36,3936889293.21,410732494.49,,,190955610.47,19494225453.38,18527220524.77,1412167660.72,-445162732.11,32986355.34,376003330.71,886846943.24,3493755190.56,3135159630.0,,1226967007.68,15141588778.76,8563836313.95,2898563964.56,432651.11,,1938522469.35,,2019-08-27,464803054.03,464803054.03,781938362.21,-1518330332.39,-1585223290.92,-66892958.53,,-242120377.45,462334256.25,443564130.14,-1549360195.36,-1495247098.39,-161061.8,2019-08-27,-100328269.62,25330499.4,56872870.11,-26298296.42,153847719.42,15500034.13,56973.46,242120377.45,,5736168.58,,2019,2,68391318.73999995,68391318.73999995,-39232821.29999995,-415292557.59000015,-447531516.6400001,-32238959.050000004,,,232928702.73,232895254.91,-428252037.05999994,-461001369.86000013,2207227.8200000003,-146954505.19,3229437.5700000003,-4236237.91,166204074.04,-111513.16999999993,,,9017193800.06,0.9503953141958591
002477,雏鹰退,2019-09-30,2020-11-30,207772227.58,4669571912.36,3941342610.88,408132494.49,,,237775017.72,19331807855.48,18588719718.29,1410793183.06,-667705045.87,32101258.9,365431348.15,887467009.28,3447391550.55,3135159630.0,,1202933592.11,15159612074.3,8433219910.99,2913594924.95,72298.72,,1955703457.69,,2020-11-30,576510433.41,576510433.41,902580441.17,-1740872646.15,-1809140082.34,-68267436.19,,-261435279.19,595334884.09,570248952.41,-1788804097.49,-1731877812.99,-75330.02,2020-11-30,-57985118.6,26641188.36,29758501.43,-152962999.19,211054902.49,15672408.11,66973.46,,,5736168.58,,2019,3,111707379.38,111707379.38,120642078.95999992,-222542313.76,-223916791.41999984,-1374477.6599999964,,-19314901.74000001,133000627.84000003,126684822.26999998,-239443902.1300001,-236630714.5999999,85731.77999999998,42343151.02,1310688.960000001,-126664702.77,57207183.07000002,172373.97999999858,10000.000000000007,,9019047017.73,0.9615613737346683
002477,雏鹰退,2019-12-31,2020-11-30,49205510.43,4394571912.36,3073039292.5,448143662.03,640000000.0,,54574155.86,16738099951.52,16855773120.97,1240008999.99,-1357682169.44,6674781.89,257564813.13,231049036.14,2800335183.82,3135159630.0,,1386975670.57,14775337177.76,10206847934.03,24652044.53,459409.74,,1992545133.13,,2020-11-30,851840435.44,851840435.44,1080367154.42,-2429286782.68,-2628000528.97,-198713746.29,-2730254.19,-1167756999.65,908638201.89,743123360.38,-2963630185.17,-2592355963.88,2542237.73,2020-11-30,-109958033.52,4440539.78,11762841.44,34999974.48,57069183.75,15851157.34,30703947.47,1170487253.84,,5736168.58,,2019,4,275330002.0300001,275330002.0300001,177786713.25000012,-688414136.5299997,-818860446.6299999,-130446310.1,,-906321720.46,313303317.79999995,172874407.97000003,-1174826087.68,-860478150.8900001,2617567.75,-51972914.919999994,-22200648.58,187962973.67,-153985718.74,178749.23000000045,30636974.009999998,,8555754866.889999,1.0070302584995205
002477,雏鹰退,2020-03-31,2020-11-30,60032958.1,4373571912.36,3076575295.39,448143662.03,640000000.0,,50024027.31,16746255508.54,17034853523.28,1236404001.35,-1525002016.09,16003444.69,242633948.04,231940415.29,2766879437.12,3135159630.0,,1387463696.97,14959677604.47,10240909091.97,24404950.68,148666.0,,1992545133.13,,2020-11-30,31814700.64,31814700.64,42561471.0,-167319957.58,-170924845.3,-3604887.72,7499595.46,-29349018.55,98399215.23,75781043.81,-176478796.07,-170887723.42,,2020-11-30,18594252.06,667050.99,27363839.92,-2993253.58,,,,,,5736168.58,,2020,1,31814700.64,31814700.64,42561471.0,-167319957.58,-170924845.3,-3604887.72,7499595.46,-29349018.55,98399215.23,75781043.81,-176478796.07,-170887723.42,,18594252.06,667050.99,-2993253.58,,,,,8538290869.78,1.0172335848209664
002477,雏鹰退,2020-06-30,2020-11-30,58774187.53,4373571912.36,3722272816.68,448143662.03,,,38190153.14,15854672727.62,17308404637.33,1133452756.73,-2587184666.44,5342891.07,247839749.49,233408842.19,2718428193.16,3135159630.0,,1344129443.75,15885789155.16,9407101665.29,26045537.8,616823.0,,1992545133.13,,2020-11-30,68349274.25,68349274.25,79778396.26,-1229502497.0,-1336058740.27,-106556243.27,1014945.03,-870045030.2,359334449.52,358447007.05,-1253198346.34,-1344681321.18,196132.15,2020-11-30,14406022.79,4921255.4,16761010.26,-9407853.97,,,,869030085.17,,5736168.58,,2020,2,36534573.61,36534573.61,37216925.260000005,-1062182539.42,-1165133894.97,-102951355.55,-6484650.43,-840696011.6500001,260935234.28999996,282665963.24,-1076719550.27,-1173793597.76,,-4188229.2699999996,4254204.41,-6414600.390000001,,,,,8543988391.069999,1.0916910701775315
002477,雏鹰退,2020-09-30,2020-11-30,44909107.81,4369571912.36,3720902765.27,448143662.03,,,37476201.39,15758973331.74,17466301772.88,1130478002.21,-2837806443.35,1929899.06,239341526.01,234062435.53,2674525604.38,3135159630.0,,1305503607.88,16045118471.62,9382157841.07,26208942.21,414467.0,,1992545133.13,,2020-11-30,128544458.85,128544458.85,141287419.94,-1480124273.91,-1589655271.7,-109530997.79,1014945.03,-885402692.12,527618274.41,521971514.93,-1503156303.07,-1596684645.75,196132.15,2020-11-30,37934117.46,5840681.58,14519772.58,-9371072.15,-25806114.17,806114.17,310000.0,,,5736168.58,,2020,3,60195184.599999994,60195184.599999994,61509023.67999999,-250621776.9100001,-253596531.43000007,-2974754.5200000107,0.0,-15357661.919999957,168283824.89000005,163524507.88,-249957956.73000002,-252003324.56999993,0.0,23528094.67,919426.1799999997,36781.8200000003,,,,,8538618339.659999,1.1083400806130743
002477,雏鹰退,2020-12-31,2021-06-30,33821922.21,4119571902.36,3743413481.24,422818571.09,,,13027921.14,14435674005.62,17153628052.42,1087815151.24,-3805769198.04,833402.63,210873490.4,173353137.95,2360030145.02,3135159630.0,,1180639166.88,15817595766.66,8601608232.0,23912408.83,549943.0,,1980326084.21,,2021-06-30,151697806.69,151697806.69,174898183.24,-2423766847.36,-2581888877.88,-158122030.52,1014945.03,-1592246072.42,717676216.41,710270982.26,-2975184097.52,-2573584805.33,126572.15,2021-06-30,32509845.42,4096238.43,9689223.79,-7079871.12,-27503591.95,113258.73,664339.13,2061231127.39,,5736168.58,,2020,4,23153347.840000004,23153347.840000004,33610763.30000001,-943642573.45,-992233606.1800001,-48591032.730000004,0.0,-706843380.3000001,190057941.99999994,188299467.32999998,-1472027794.45,-976900159.5799999,-69560.0,-5424272.039999999,-1744443.15,2291201.0300000003,-1697477.7799999975,-692855.4400000001,354339.13,,8285803954.690001,1.1882803702647942
002477,雏鹰退,2021-03-31,2021-06-30,30630765.07,4119571902.36,3748301298.5,422818571.09,,7076369.96,,14384545932.54,17270816883.4,1084766030.33,-3971036981.19,712393.37,211336609.07,172848908.02,2300839629.21,3135159630.0,27193534.73,1196792796.53,15941370559.45,9208483602.02,22938152.85,556611.0,,1980326084.21,,2021-06-30,13386828.84,13386828.84,14956827.36,-165267783.15,-168316904.07,-3049120.92,-26365.06,-14455481.93,100796821.22,99679154.64,-166852682.26,-169375726.18,,2021-06-30,-2527949.92,1894868.66,8168283.28,1007009.41,,,2500.0,,,5736168.58,,2021,1,13386828.84,13386828.84,14956827.36,-165267783.15,-168316904.07,-3049120.92,-26365.06,-14455481.93,100796821.22,99679154.64,-166852682.26,-169375726.18,,-2527949.92,1894868.66,1007009.41,,,2500.0,,8297768141.910001,1.2006508209849587
002477,雏鹰退,2021-06-30,2021-08-30,26241273.37,4119571902.36,4107907928.18,64900000.0,,4702033.14,,13609248868.85,17219143610.24,1072471272.73,-4682366014.12,483889.48,195561290.95,172870738.09,2271386672.59,3135159630.0,24962385.88,1198434450.84,16361702816.28,8469708255.35,22465530.85,676470.51,,1980326084.21,,2021-08-30,29005450.64,29005450.64,27904565.71,-876596816.08,-891920694.6,-15323878.52,,-490476114.28,328497661.85,326483655.57,-929210791.69,-892029966.67,,2021-08-30,-3938243.23,2880316.53,5869015.44,118034.88,,,2500.0,490476114.28,,5736168.58,,2021,2,15618621.8,15618621.8,12947738.350000001,-711329032.9300001,-723603790.53,-12274757.6,,-476020632.34999996,227700840.63000003,226804500.93,-762358109.4300001,-722654240.49,,-1410293.31,985447.8699999999,-888974.53,,,0.0,,8297081863.68,1.265253047848411
002477,雏鹰退,2021-09-30,2021-10-28,25566217.88,4119571902.36,4106934417.62,64900000.0,,4704965.88,,13592576505.76,17307341208.6,1071017836.53,-4785782539.37,450814.33,196684245.63,172892568.16,2248681476.87,3135159630.0,24962385.88,1198859545.76,16450211088.31,8479888421.79,22465530.85,1007618.0,,1980326084.21,,2021-10-28,34334634.23,34334634.23,33876279.02,-980013341.33,-996790656.05,-16777314.72,,-490086522.49,417491535.58,414372119.41,-1053427945.0,-996969097.11,,2021-10-28,-4018254.03,3858626.09,5124247.24,-546722.52,,,2500.0,,,5736168.58,,2021,3,5329183.589999996,5329183.589999996,5971713.310000002,-103416525.25,-104869961.44999993,-1453436.1999999993,,389591.78999996185,88993873.72999996,87888463.84000003,-124217153.30999994,-104939130.44000006,,-80010.79999999981,978309.56,-664757.4,,,0.0,,8296111285.86,1.2732936394557592
002548,金新农,2015-12-31,2016-04-09,773834069.07,280000000.0,,29835000.0,,,,2443375945.95,787342365.78,107505312.45,1548528267.72,,150557495.68,95967645.39,298596155.94,383173719.0,,220783667.82,727485981.49,1213896558.56,13343022.42,,13365845.0,,,2016-04-09,2504853176.52,2504853176.52,2153388416.38,103547604.86,107513739.74,3966134.88,,,11875341.95,,95599448.89,131909076.78,25381048.19,2016-04-09,285625774.18,94464586.74,773834069.07,-270960220.21,599719311.07,48772711.95,8780497.39,5006518.22,,528863657.07,,2015,4,,,,,,,,,,,,,,,,,,,,,309835000.0,0.3222354574968513
002548,金新农,2016-03-31,2016-04-25,439205559.6,220000000.0,,30835000.0,,,,2260391759.61,564681446.07,114549250.8,1581161062.74,366850.31,125817335.8,78140608.63,336678852.7,383173719.0,,146130280.5,500242618.28,990589404.27,8944122.42,,10207630.0,,,2016-04-25,589456101.58,589456101.58,491480195.89,32025571.63,35069649.94,3044078.31,,,1953491.03,,30047229.85,39359802.81,4977976.94,2016-04-25,-130828091.34,31598974.91,439205559.6,-145211931.55,-58588546.62,2588546.62,190692.26,,,528863657.07,,2016,1,589456101.58,589456101.58,491480195.89,32025571.63,35069649.94,3044078.31,,,1953491.03,,30047229.85,39359802.81,4977976.94,-130828091.34,31598974.91,-145211931.55,-58588546.62,2588546.62,190692.26,,250835000.0,0.2498157426336699
002548,金新农,2016-06-30,2016-08-18,546239435.82,567990000.0,,141715000.0,,,,2739095500.09,1053952057.55,108083899.25,1577059543.29,385091.86,162773058.06,84562805.45,332357996.15,383173719.0,,175306317.25,874413200.88,1233890199.76,9442922.42,,2535420.0,,,2016-08-18,1171149997.5,1171149997.5,963339546.69,82802942.42,93061017.21,10258074.79,,,6437510.56,,77554656.66,100466020.08,9656089.88,2016-08-18,-189094407.04,40768399.74,546239435.82,-365032487.81,326532276.91,64759383.09,215995.76,7551163.65,,528992368.07,,2016,2,581693895.92,581693895.92,471859350.8000001,50777370.79000001,57991367.269999996,7213996.479999999,,,4484019.529999999,,47507426.809999995,61106217.269999996,4678112.94,-58266315.69999999,9169424.830000002,-219820556.26,385120823.53000003,62170836.470000006,25303.5,,709705000.0,0.38478105546716773
002548,金新农,2016-09-30,2016-10-26,411881767.73,393860000.0,,141715000.0,,,,2892061135.47,1100224292.05,173805784.9,1618031058.52,24896118.54,193802990.92,105921158.3,374672584.64,380842772.0,,224040821.33,783826637.59,1176523070.25,9442922.42,,14035122.5,,,2016-10-26,1988294956.94,1988294956.94,1657318099.82,123774458.65,144246081.93,20471623.28,,,12756369.11,,119230312.08,154837104.88,12948434.33,2016-10-26,-84661713.65,64976196.72,411881767.73,-512399551.08,235108978.7,70503481.3,299416.44,,,553368320.18,,2016,3,817144959.44,817144959.44,693978553.1299999,40971516.230000004,51185064.72000001,10213548.490000002,,,6318858.55,,41675655.42,54371084.8,3292344.4499999993,104432693.38999999,24207796.979999997,-147367063.26999998,-91423298.21000004,5744098.209999993,83420.68,,535575000.0,0.3804291266723856
002548,金新农,2016-12-31,2017-04-29,403241684.31,594500000.0,45000000.0,138715000.0,,,,3408016015.01,1452116822.37,305428191.89,1650471000.75,83219895.28,418874202.42,99881606.17,771030210.39,380842772.0,,289654806.45,1142136115.42,1193423019.71,36692940.24,,5683180.0,10408704.32,,2017-04-29,2762858232.92,2762858232.92,2347312903.61,158822702.64,174264782.06,15442079.42,,,24150810.4,,129944426.94,188241850.59,16443202.73,2017-04-29,-48668014.36,131683250.58,390079346.33,-777933612.77,442846928.77,85224333.58,3981953.85,4893687.77,,672066791.6,,2016,4,774563275.98,774563275.98,689994803.7900002,35048243.98999998,30018700.129999995,-5029543.860000001,,,11394441.29,,10714114.86,33404745.71000001,3494768.4000000004,35993699.29000001,66707053.86,-265534061.69,207737950.07,14720852.280000001,3682537.41,,778215000.0,0.4260886145999343
002548,金新农,2017-03-31,2017-04-29,264779686.27,644500000.0,45000000.0,80715000.0,,,,3287382254.89,1277896214.8,325377636.17,1684108403.92,73299101.24,306710390.42,118124312.36,752689242.85,380842772.0,,185060706.87,1032035388.46,1046712559.38,35813835.96,,10000000.0,9983020.47,,2017-04-29,848223121.43,848223121.43,699656515.43,34525387.73,53306206.67,18780818.94,,,9792915.84,,33476949.74,51435664.35,2215807.73,2017-04-29,-75720659.13,33352827.3,251617348.29,-205297545.36,142556206.45,9443793.55,3488432.49,,,672195328.16,,2017,1,848223121.43,848223121.43,699656515.43,34525387.73,53306206.67,18780818.94,,,9792915.84,,33476949.74,51435664.35,2215807.73,-75720659.13,33352827.3,-205297545.36,142556206.45,9443793.55,3488432.49,,770215000.0,0.3887276001746137
002548,金新农,2017-06-30,2017-08-10,538902752.78,900000000.0,52500000.0,50715000.0,,,,3584031700.37,1597156729.01,329979937.16,1656895034.2,72443961.68,273679206.05,164860136.28,748603391.56,380842772.0,,205542993.04,1303678030.96,1285603705.37,43973310.48,,10000000.0,6276801.1,,2017-08-10,1489442505.88,1489442505.88,1190149578.59,63452036.37,96161730.95,32709694.58,,,26207653.56,,62231689.63,105140686.95,6233055.16,2017-08-10,30919492.25,98708039.27,525740414.8,-105372758.52,210114328.02,99212865.64,13572752.55,7497214.22,,672066791.6,,2017,2,641219384.4500002,641219384.4500002,490493063.15999997,28926648.64,42855524.28,13928875.639999997,,,16414737.719999999,,28754739.890000004,53705022.6,4017247.43,106640151.38,65355211.97,99924786.84000002,67558121.57000002,89769072.09,10084320.06,,1003215000.0,0.4456313064544369
002548,金新农,2017-09-30,2017-10-24,360261724.16,842250000.0,52500000.0,50715000.0,,,,3536342213.54,1658407946.25,230892519.47,1647041747.82,51116429.24,272367409.53,201389299.35,747339014.54,380538204.0,,293437084.82,1362541828.08,1223948935.38,46331255.39,,26650000.0,11032783.98,,2017-10-24,2418467469.34,2418467469.34,1971590903.26,91591819.78,134856695.49,43264875.71,,,38671193.3,41211426.14,86546286.07,154155421.3,13248034.73,2017-10-24,104265403.37,169523130.53,347960589.13,-147322834.51,-172978.94,107494947.94,26271179.3,,,672066791.6,,2017,3,929024963.46,929024963.46,781441324.6700001,28139783.410000004,38694964.54000001,10555181.130000003,,,12463539.739999998,,24314596.43999999,49014734.35000001,7014979.57,73345911.12,70815091.26,-41950075.989999995,-210287306.96,8282082.299999997,12698426.75,,945465000.0,0.46896138611819377
002548,金新农,2017-12-31,2018-04-24,398750539.22,896850000.0,64725000.0,15990000.0,,,,3513555595.1,1646104065.78,231347756.26,1636103773.06,28833835.09,359658089.83,139254813.45,830529754.94,380538204.0,,245269602.8,1397561213.12,1189974930.88,27643434.68,,,8900175.27,,2018-04-24,3061354021.55,3061354021.55,2496147397.21,67657846.86,106147118.17,38489271.31,,,55706829.75,57603735.06,57001712.41,132739099.57,19441739.23,2018-04-24,208425076.31,240078569.11,381320340.24,-206586373.86,-10597708.54,130868815.73,8339964.51,27044892.87,,672066791.6,,2017,4,642886552.21,642886552.21,524556493.95000005,-23933972.92,-28709577.320000008,-4775604.3999999985,,,17035636.450000003,16392308.920000002,-29544573.659999996,-21416321.73000002,6193704.5,104159672.94,70555438.58000001,-59263539.350000024,-10424729.6,23373867.790000007,-17931214.79,,977565000.0,0.4685009305319246
002548,金新农,2018-03-31,2018-04-24,964169778.11,1025500000.0,64725000.0,15990000.0,473526088.36,,,4258680812.37,2209225380.37,226464924.92,1822990507.08,31528464.19,353275956.4,179205654.57,821365048.02,380538204.0,,221393896.99,1488557338.05,1909621950.08,33092354.38,,,14812491.55,168244386.0,2018-04-24,738365321.68,738365321.68,628857383.61,18642348.02,19900022.12,1257674.1,,,18974981.4,19442922.96,-12043095.76,21127757.8,3041291.57,2018-04-24,-121464982.75,81570953.84,959169778.11,-59697706.22,759012126.84,11514118.16,2773645.12,,,672066791.6,,2018,1,738365321.68,738365321.68,628857383.61,18642348.02,19900022.12,1257674.1,,,18974981.4,19442922.96,-12043095.76,21127757.8,3041291.57,-121464982.75,81570953.84,-59697706.22,759012126.84,11514118.16,2773645.12,,1579741088.3600001,0.5187581501654132
002548,金新农,2018-06-30,2018-08-25,939549569.07,1224850000.0,260715000.0,,480993937.99,,,4204929975.07,2300776353.27,224438412.6,1679715209.2,32426929.63,275919379.06,251071596.37,860591950.83,380538204.0,,172325180.64,1799240494.3,1744832301.5,20799423.6,,,9637223.78,168244386.0,2018-08-25,1411294664.55,1411294664.55,1220943431.42,-36281952.78,-27949855.1,8332097.68,-15155817.92,,40858993.77,46833643.54,-57237022.5,-25273150.86,-3314404.4,2018-08-25,-89399731.03,200848367.9,525799569.07,-569242427.93,803121387.79,86788928.31,7780720.75,15155817.92,,675468887.26,,2018,2,672929342.87,672929342.87,592086047.8100001,-54924300.8,-47849877.22,7074423.58,,,21884012.370000005,27390720.58,-45193926.74,-46400908.66,-6355695.97,32065251.72,119277414.06,-509544721.7099999,44109260.94999993,75274810.15,5007075.63,,1966558937.99,0.5471616333472232
002548,金新农,2018-09-30,2018-10-30,762646739.51,1374400000.0,50715000.0,,488405050.9,,,4240996849.29,2406780799.06,215706525.54,1618509524.69,27935968.85,305926623.69,409815814.99,855008142.71,380545996.0,,292018160.07,1896756523.96,1685342550.96,23106589.9,,,11426682.02,168224843.77,2018-10-30,2155046450.84,2155046450.84,1867456502.5,-54707335.88,-41989088.41,12718247.47,-15226045.47,,57579251.8,67724584.04,-80486435.69,-39430053.43,-5621431.55,2018-10-30,-141266683.08,392560485.72,398846739.51,-521712253.79,680505336.14,107175161.38,12762002.34,,,675468887.26,,2018,3,743751786.2900002,743751786.2900002,646513071.0799999,-18425383.1,-14039233.309999995,4386149.790000001,-70227.55000000075,,16720258.029999994,20890940.500000007,-23249413.189999998,-14156902.57,-2307027.15,-51866952.05000001,191712117.82000002,47530174.139999926,-122616051.64999998,20386233.069999993,4981281.59,,1913520050.9,0.5675035574390789
002548,金新农,2018-12-31,2019-03-29,547537674.8,1220950000.0,15990000.0,,495832570.97,,,4054351050.37,2554448759.93,207655676.85,1292246613.59,38928366.34,388653869.48,547889376.05,850473543.53,380551488.0,,377912467.39,1970135061.49,1367827266.09,85718242.7,,62601275.48,8400193.96,168211073.61,2019-03-29,2800624074.89,2800624074.89,2387660146.43,-287177994.02,-261617312.13,25560681.89,-191963354.8,,72328660.02,74875205.52,-284300907.08,-217305506.03,7290229.35,2019-03-29,34928705.57,476254338.77,416046121.46,-347219467.11,347016542.76,138426865.92,17840697.06,191963354.8,,543977933.08,,2018,4,645577624.0499997,645577624.0499997,520203643.9299998,-232470658.14,-219628223.72,12842434.42,-176737309.33,,14749408.219999999,7150621.479999989,-203814471.39,-177875452.6,12911660.899999999,176195388.65,83693853.04999995,174492786.68,-333488793.38,31251704.53999999,5078694.719999999,,1732772570.97,0.6300512038040912
002548,金新农,2019-03-31,2019-04-24,363709676.15,934500000.0,15990000.0,,417427192.2,,73271951.92,4039633779.79,2479024189.07,194840573.6,1365769017.12,34173219.21,366100841.19,537407729.85,904558242.15,391218521.0,,317746946.09,1897866623.88,1350757182.88,110511774.38,67866850.0,,17568108.24,141649245.27,2019-04-24,601294893.98,601294893.98,494188694.52,-10972034.25,-5190112.35,5781921.9,,-4649824.65,14589013.86,15411001.87,-19270524.8,-4787207.23,4464531.14,2019-04-24,-56415063.85,136822541.15,260452029.16,-138417666.71,39238638.26,18027966.65,3076552.33,,,543977933.08,,2019,1,601294893.98,601294893.98,494188694.52,-10972034.25,-5190112.35,5781921.9,,-4649824.65,14589013.86,15411001.87,-19270524.8,-4787207.23,4464531.14,-56415063.85,136822541.15,-138417666.71,39238638.26,18027966.65,3076552.33,,1367917192.2,0.6136754775822456
002548,金新农,2019-06-30,2019-08-02,127006616.83,586350000.0,24882523.88,,117430861.67,,42094603.13,3752163733.76,1854570233.05,200211940.69,1697381560.02,82383590.32,316069967.47,663676220.46,898183810.29,432580521.0,,295107713.39,1665851080.02,983055007.0,60662491.53,60370800.0,,11497155.43,38655131.26,2019-08-02,1265434194.58,1265434194.58,1024325069.82,17286896.1,34925734.24,17638838.14,,2325640.06,30966903.06,32078471.37,1861254.81,37511102.92,4393155.27,2019-08-02,163070481.33,238011771.19,124802483.93,-149632222.26,-304681896.6,31401417.24,9707650.11,-2325640.06,,543977933.08,,2019,2,664139300.5999999,664139300.5999999,530136375.3000001,28258930.35,40115846.59,11856916.24,,6975464.710000001,16377889.2,16667469.500000002,21131779.61,42298310.150000006,-71375.87000000011,219485545.18,101189230.03999999,-11214555.549999982,-343920534.86,13373450.59,6631097.779999999,,728663385.55,0.4942668723018535
002548,金新农,2019-09-30,2019-10-29,295825872.66,866100000.0,59283477.21,,117443154.46,,85983951.86,4023908053.97,2098965571.88,208181981.34,1716760500.75,70733140.62,269535370.1,596334613.92,1023447329.84,432809261.0,,254631414.0,1855909997.99,1191997001.66,74846838.17,60370800.0,28000000.0,13825862.83,38085507.54,2019-10-29,1836276795.9,1836276795.9,1441261449.82,34967890.18,60576768.97,25608878.79,1178481.59,1949701.68,44085245.8,44734215.28,28969451.59,80385094.73,9008687.95,2019-10-29,173394307.05,412905077.4,265101739.76,-306548101.99,-17790586.76,43080347.45,28703506.59,,,543977933.08,,2019,3,570842601.3200002,570842601.3200002,416936379.9999999,17680994.08,25651034.729999997,7970040.6499999985,,-375938.3800000001,13118342.739999998,12655743.91,27108196.78,42873991.81,4615532.68,10323825.719999999,174893306.20999998,-156915879.73000002,286891309.84000003,11678930.210000005,18995856.48,,1042826631.6700001,0.5216236414271828
002548,金新农,2019-12-31,2020-04-18,449949817.25,750143353.77,105002442.75,,119900657.14,,124614396.39,4157139623.55,2106658118.14,214851631.31,1835629874.1,81510873.67,353006628.72,507576768.81,1211234246.03,432809780.0,,268565783.79,1814704843.57,1326899611.46,91272133.04,76139990.0,28000000.0,11381477.67,38084213.35,2020-04-18,2400007144.16,2400007144.16,1839329968.13,140531369.06,181111789.86,40580420.8,-31007756.74,-11044217.19,69445038.45,70804707.32,22185153.92,230035769.34,-7977184.42,2020-04-18,216981689.27,477002855.25,411680442.08,-235666884.54,14319515.89,83692801.7,54402950.52,42051973.93,,512970176.34,,2019,4,563730348.2599998,563730348.2599998,398068518.3100002,105563478.88,120535020.89000002,14971542.009999998,-32186238.33,-12993918.87,25359792.650000006,26070492.03999999,-6784297.669999998,149650674.61,-16985872.369999997,43587382.22,64097777.850000024,70881217.45000002,32110102.650000002,40612454.25,25699443.930000003,,975046453.66,0.5067566425255194
002548,金新农,2020-03-31,2020-04-25,872191088.77,1205380624.95,88564153.25,150000000.0,120800834.78,,89635101.33,4786016608.44,2568072532.35,314271446.96,1903672629.13,83107734.56,425624504.34,549860837.67,1197574829.94,432833995.0,,187816642.79,2160592226.41,1892250446.77,113021733.74,76445000.0,20000000.0,12724698.9,38023878.32,2020-04-25,616265336.25,616265336.25,438706615.97,68395371.24,98234934.22,29839562.98,,-6928236.17,20003949.48,21593517.63,34479564.77,95348549.78,963419.63,2020-04-25,-209404975.4,99386488.81,845290567.25,33940149.19,609074951.38,16765356.77,14995303.0,,,512970176.34,,2020,1,616265336.25,616265336.25,438706615.97,68395371.24,98234934.22,29839562.98,,-6928236.17,20003949.48,21593517.63,34479564.77,95348549.78,963419.63,-209404975.4,99386488.81,33940149.19,609074951.38,16765356.77,14995303.0,,1564745612.98,0.5365782742628347
002548,金新农,2020-06-30,2020-08-15,790138577.15,1119586406.91,89262882.85,175211111.11,122696929.88,,67189572.26,4900742087.26,2532917269.57,351732519.68,2016092298.01,180325337.43,523304553.35,414394018.9,1349523773.8,562483389.0,,197827289.1,2127981318.16,1889422085.42,127124824.33,75942500.0,20000000.0,12572207.96,37971826.09,2020-08-15,1363092015.72,1363092015.72,909385217.82,185225499.64,230212848.77,44987349.13,,991445.95,45324184.55,49223647.45,150364899.04,242900919.8,14502563.7,2020-08-15,-140364497.07,238028604.6,759998450.49,-101515650.37,590198155.85,50470749.79,22622233.16,-991445.95,,510539637.62,,2020,2,746826679.47,746826679.47,470678601.85,116830128.39999999,131977914.55000001,15147786.150000002,,7919682.12,25320235.069999997,27630129.820000004,115885334.26999998,147552370.02,13539144.069999998,69040478.33000001,138642115.79,-135455799.56,-18876795.52999997,33705393.019999996,7626930.16,,1506757330.75,0.5168436176542707
002548,金新农,2020-09-30,2020-10-27,828803293.77,1057875708.79,132334470.07,540507103.68,124471011.11,,138895119.99,5700307021.39,3137246117.11,394619196.99,2168441707.29,312076715.86,889373979.42,498286173.23,1411805929.52,562532684.0,,307645458.37,2295167699.67,2376571648.67,145639115.78,76920000.0,45000000.0,15363967.77,37877479.82,2020-10-27,2380428782.84,2380428782.84,1561646620.36,325287420.29,396923843.08,71636422.79,,-1603117.76,73654971.66,77886071.87,275620956.52,411494017.19,15967615.26,2020-10-27,-227671721.83,591928255.17,706663167.11,-471717710.93,994372157.79,74478850.58,60603023.17,,,510539637.62,,2020,3,1017336767.1200001,1017336767.1200001,652261402.5399998,140061920.65000004,166710994.30999997,26649073.660000004,,-2594563.71,28330787.11,28662424.42,125256057.47999999,168593097.39,1465051.5600000005,-87307224.76000002,353899650.56999993,-370202060.56,404174001.93999994,24008100.79,37980790.010000005,,1855188293.6499999,0.5503644111339451
002548,金新农,2020-12-31,2021-04-28,1201738545.61,914166816.53,185017583.54,493036654.25,126409768.25,,114225321.92,6156989203.56,3098504859.12,414101540.87,2644382803.57,363373696.32,970723987.18,552550086.26,1684637359.4,691054202.0,,449179298.48,2310025244.3,2561284628.52,95648972.79,104130.0,80000000.0,17224649.04,37835522.27,2021-04-28,4069241396.79,4069241396.79,2916802291.89,132249279.7,245328557.15,113079277.45,-254639516.42,-19031753.61,98793842.26,104954429.4,84881863.77,289956080.88,8657214.65,2021-04-28,360427989.53,1061798723.82,1156271335.65,-799926813.65,1184089717.69,148394538.6,121624266.6,273671270.03,,298626115.39,,2020,4,1688812613.9499998,1688812613.9499998,1355155671.53,-193038140.59000003,-151595285.92999998,41442854.66,,-17428635.849999998,25138870.60000001,27068357.53,-190739092.75,-121537936.31,-7310400.609999999,588099711.36,469870468.6500001,-328209102.71999997,189717559.9000001,73915688.02,61021243.42999999,,1718630822.57,0.5032500068911002
002548,金新农,2021-03-31,2021-04-28,887344010.16,953259799.43,283831418.28,839234596.25,126846321.2,541560691.7,,6942110503.87,3825410505.7,470848504.34,2645851493.83,354704862.59,1176834237.7,637030607.01,1136662009.64,691081072.0,1161702366.36,422525815.9,2258810155.85,2714421476.32,106921466.69,,110000000.0,16586164.36,37787093.77,2021-04-28,1257861446.8,1257861446.8,880993644.7,19314569.43,47306532.9,27991963.47,,-8690063.91,30134343.4,30360326.07,120801538.77,59804215.97,-16703911.0,2021-04-28,-257500350.11,285912979.84,850573419.62,-432217299.09,384019733.17,31882394.45,23767986.12,,,298626115.39,,2021,1,1257861446.8,1257861446.8,880993644.7,19314569.43,47306532.9,27991963.47,,-8690063.91,30134343.4,30360326.07,120801538.77,59804215.97,-16703911.0,-257500350.11,285912979.84,-432217299.09,384019733.17,31882394.45,23767986.12,,2744732826.8599997,0.5510443118944099
002548,金新农,2021-06-30,2021-08-31,1102218408.75,981598328.61,337374144.47,821612846.7,128948522.41,517513817.17,,7155961527.86,3991009109.69,464020059.76,2700932358.41,428883855.54,1009257763.65,444579079.24,1473673854.14,690727703.0,1165344008.14,502684513.72,2464613915.34,2692419064.27,123455188.61,,172770000.0,18034162.92,37767939.79,2021-08-31,2618996890.44,2618996890.44,2045693222.36,39802840.0,58338928.64,18536088.64,-70639150.62,-4116889.58,65916283.43,67874530.38,92219079.43,107590836.24,-1868149.25,2021-08-31,40873742.08,514316954.42,1044881187.68,-526249715.49,373985825.44,72722061.17,29461704.82,74756040.2,,298626115.39,,2021,2,1361135443.64,1361135443.64,1164699577.6599998,20488270.57,11032395.740000002,-9455874.829999998,,4573174.33,35781940.03,37514204.309999995,-28582459.33999999,47786620.269999996,14835761.75,298374092.19,228403974.58000004,-94032416.40000004,-10033907.73000002,40839666.72,5693718.699999999,,2787047659.36,0.5577180780181635
002548,金新农,2021-09-30,2021-10-30,657013214.57,977454576.36,320547454.22,791297761.16,131121752.6,515886510.38,,6646270527.37,3878626487.08,395255154.89,2372388885.4,325583633.29,983461414.39,460214057.18,1601971661.8,690730442.0,1151062720.41,571301319.71,2379711170.47,2155132454.65,114251378.43,,197027786.65,13220178.89,37763021.87,2021-10-30,3698096346.75,3698096346.75,3096133323.16,-292365695.8,-341075155.09,-48709459.29,-236269971.02,-5834831.2,100706949.46,101172214.92,-148136733.76,-157741555.17,9826730.57,2021-10-30,-59838899.43,710538955.94,622851592.45,-669000870.83,195420027.06,95490580.92,51089054.44,,,298626115.39,,2021,3,1079099456.31,1079099456.31,1050440100.8,-332168535.8,-399414083.72999996,-67245547.93,-165630820.4,-1717941.62,34790666.029999994,33297684.540000007,-240355813.19,-265332391.40999997,11694879.82,-100712641.50999999,196222001.52000004,-142751155.34000003,-178565798.38,22768519.75,21627349.619999997,,2736308054.72,0.5835793880353549
002548,金新农,2021-12-31,2022-04-26,807270076.48,986632207.16,387587441.93,1176721181.09,133307387.67,334614571.62,31209182.85,6897283216.22,4561963056.41,512993863.73,1822326296.08,167343044.4,871250217.68,1371618076.88,2237022928.44,690731133.0,523566901.97,603503442.36,2814182361.57,1973300493.89,57996685.58,55729201.43,140770000.0,5879205.74,37761779.45,2022-04-26,4867040473.69,4867040473.69,4285334277.97,-992229410.84,-1105831346.86,-113601936.02,-414870455.57,-76432413.65,130653289.32,132176939.77,-546008466.26,-838669714.81,18085314.9,2022-04-26,115983904.79,1176065457.41,814660670.79,-952879522.82,448321758.26,129301115.02,163469574.33,491302869.22,,98292472.13,,2021,4,1168944126.9399996,1168944126.9399996,1189200954.81,-699863715.04,-764756191.77,-64892476.73,-178600484.54999998,-70597582.45,29946339.86,31004724.849999994,-397871732.5,-680928159.64,8258584.329999998,175822804.22,465526501.47,-283878651.99,252901731.2,33810534.099999994,112380519.89000002,,3018862789.47,0.66141448935747
002548,金新农,2022-03-31,2022-04-26,844398270.33,1053058593.03,536636781.65,511800000.0,133090416.1,339788488.54,18809665.46,5780936797.72,3974772782.63,303100629.12,1503063385.97,173712338.88,695877363.29,490911446.57,2203742098.32,690762524.0,530629214.61,654335743.27,2906676276.41,1761711216.05,55334067.77,,190770000.0,7552097.92,37705456.4,2022-04-26,1069619354.61,1069619354.61,1082041410.35,-150956695.98,-185671352.2,-34714656.22,-36008249.5,736114.07,30432782.79,28719946.72,-140307196.99,-166005456.28,706737.31,2022-04-26,107186922.95,118409017.27,829537283.48,-41825770.78,-59358314.25,33093286.98,7612404.99,,,98292472.13,,2022,1,1069619354.61,1069619354.61,1082041410.35,-150956695.98,-185671352.2,-34714656.22,-36008249.5,736114.07,30432782.79,28719946.72,-140307196.99,-166005456.28,706737.31,107186922.95,118409017.27,-41825770.78,-59358314.25,33093286.98,7612404.99,,2574374279.3199997,0.6875655143293816
002548,金新农,2022-06-30,2022-08-31,834288693.27,1079678941.73,578595046.97,502150000.0,135347439.3,286954605.24,125663432.64,5494782454.05,4067727540.91,72875791.47,1354179121.67,179196777.62,578367836.63,501109884.55,2122484027.8,689039362.0,462049931.61,497116271.91,2951989631.4,1714958195.15,36105508.45,,123000000.0,5943.07,37700538.48,2022-08-31,1932335660.31,1932335660.31,1913683791.31,-186483956.85,-220820154.79,-34336197.94,-2957763.61,-554095.06,52326701.22,51626902.36,-180977202.32,-182638168.64,5862115.25,2022-08-31,200876712.0,189951552.03,859966375.77,-99154637.44,-56416369.58,62809827.58,14545223.72,37512482.8,,35205336.45,,2022,2,862716305.6999999,862716305.6999999,831642380.96,-35527260.870000005,-35148802.59,378458.2800000012,33050485.89,-1290209.13,21893918.43,22906955.64,-40670005.32999998,-16632712.359999985,5155377.9399999995,93689789.05,71542534.76,-57328866.66,2941944.670000002,29716540.599999998,6932818.73,,2582726033.24,0.7402890969617603
002548,金新农,2022-09-30,2022-10-29,1212269130.71,900771112.89,717451814.05,286500000.0,137615061.67,178346757.17,113606087.7,5842727173.69,3568790861.46,71638324.7,2202297987.53,164057494.08,615618293.52,392993501.59,2095360459.35,806101000.0,347308008.58,509161954.97,2791867247.63,2413970155.95,58573595.21,,189794352.39,5965.75,37691945.06,2022-10-29,3030682573.16,3030682573.16,2804772942.19,-39291368.97,-66871904.34,-27580535.37,-36958387.74,26805151.35,79228019.16,80316299.82,-145148518.43,-48200680.87,15971804.54,2022-10-29,192566086.84,316598711.12,1198407924.33,-110558661.9,301739828.6,99141666.09,26078510.0,,,35205336.45,,2022,3,1098346912.85,1098346912.85,891089150.8800001,147192587.88,153948250.45,6755662.569999997,-34000624.13,27359246.41,26901317.939999998,28689397.459999993,35828683.889999986,134437487.76999998,10109689.29,-8310625.159999996,126647159.09,-11404024.460000008,358156198.18,36331838.510000005,11533286.28,,2220684745.78,0.6108090888669914
002548,金新农,2022-12-31,2023-04-29,1284162746.03,1297351370.41,683790933.64,760268505.49,139899122.74,237191622.53,132723340.99,6978490952.84,4796917010.46,50997481.59,2130576460.79,159629819.84,737964734.38,1297043579.75,2267635696.09,806103205.0,436153491.44,398159689.27,3447087927.73,2373426204.75,26541200.14,,,1660436.85,37688062.49,2023-04-29,3973936151.86,3973936151.86,3586299066.26,19871475.41,-15137173.63,-35008649.04,-70497914.39,18187350.74,107611378.74,108512450.77,-78242704.47,-16834470.08,-8643905.2,2023-04-29,132594392.17,393919728.27,1217114442.71,124884854.05,144974525.7,133409805.22,145458821.06,52310563.65,,35205336.45,,2022,4,943253578.7000003,943253578.7000003,781526124.0700002,59162844.379999995,51734730.71,-7428113.669999998,-33539526.65,-8617800.610000003,28383359.58,28196150.950000003,66905813.96000001,31366210.79,-24615709.74,-59971694.67,77321017.14999998,235443515.95,-156765302.90000004,34268139.129999995,119380311.06,,3118501554.81,0.6873860040626439
002548,金新农,2023-03-31,2023-04-29,1087133603.17,1524709412.71,666907929.96,847818505.49,,231298942.96,111457287.89,6777797883.49,4692403780.55,52708585.59,2032685517.35,147358089.05,685025811.51,1314813203.13,2236810617.11,806107763.0,433836063.22,282346001.03,3421835046.02,2192894347.78,31371014.68,,,288123.14,37680038.52,2023-04-29,1089319765.36,1089319765.36,1048775685.38,-99054507.62,-97360683.43,1693824.19,-12911592.11,-2049244.76,30461072.68,32099098.63,-94829624.63,-96672670.63,-2128378.66,2023-04-29,-171744228.72,82472540.46,1017863970.06,-27539856.83,33612.9,28568389.54,10345113.63,,,35205336.45,,2023,1,1089319765.36,1089319765.36,1048775685.38,-99054507.62,-97360683.43,1693824.19,-12911592.11,-2049244.76,30461072.68,32099098.63,-94829624.63,-96672670.63,-2128378.66,-171744228.72,82472540.46,-27539856.83,33612.9,28568389.54,10345113.63,,3270734791.12,0.6923198155525117
002548,金新农,2023-06-30,2023-08-29,1130518081.82,1576486923.76,672995399.09,852618505.49,,164937742.15,86329540.26,6628295188.07,4663500462.54,61373320.66,1903421404.87,151609021.56,645403223.05,1088118660.63,2456409782.71,806114674.0,339751854.64,353848386.38,3480686828.18,2136801019.14,31194832.25,,70000000.0,130779.26,37667873.15,2023-08-29,2071617520.93,2071617520.93,2005616644.24,-237853761.02,-227465866.43,10387894.59,-42868357.4,-4218795.83,60233930.38,63989624.24,-220739646.34,-227102718.05,-5383493.15,2023-08-29,17244407.24,146388702.92,1025962457.38,-81985542.0,-126410850.57,61383794.58,19784590.92,47087153.23,,35205336.45,,2023,2,982297755.5700002,982297755.5700002,956840958.86,-138799253.4,-130105183.0,8694070.4,-29956765.29,-2169551.0700000003,29772857.700000003,31890525.610000003,-125910021.71000001,-130430047.42000002,-3255114.49,188988635.96,63916162.45999999,-54445685.17,-126444463.47,32815405.04,9439477.290000001,,3267038570.4900002,0.7035746493206346
002548,金新农,2023-09-30,2023-10-28,810947691.77,1536648779.11,505130481.52,884282961.16,,209221078.79,140406110.5,6421989521.64,4529249490.67,59856711.12,1832883319.85,149171560.99,646699812.71,1109944754.01,2450324583.89,806115850.0,390102394.92,425367862.74,3213638970.17,1863341631.52,33919673.06,,70000000.0,,37665802.44,2023-10-28,3181312749.65,3181312749.65,3046055095.3,-308457743.46,-297382458.4,11075285.06,-68491657.63,-8642586.69,90248878.82,96809866.98,-291700291.36,-298798313.88,-8779860.74,2023-10-28,61904773.51,198739695.6,727584588.62,-113666317.93,-437768309.67,97109670.84,34058357.77,,,35205336.45,,2023,3,1109695228.72,1109695228.72,1040438451.0600002,-70603982.43999997,-69916591.96999997,687390.4700000007,-25623300.229999997,-4423790.859999999,30014948.43999999,32820242.740000002,-70960645.02000001,-71695595.82999998,-3396367.59,44660366.269999996,52350992.68000001,-31680775.930000007,-311357459.1,35725876.260000005,14273766.850000001,,3135283300.58,0.7052720150675913
002548,金新农,2023-12-31,2024-04-30,754378131.74,1432443543.72,636699371.04,732691707.99,,172924027.34,158515829.34,5983408511.88,4431216615.6,71447290.51,1480744605.77,123495324.15,684394241.17,583692835.34,2933918862.39,804546595.0,309377006.46,473641615.33,3250734302.13,1673873180.96,6169179.2,161140.0,,,37657260.8,2024-04-30,4040387757.83,4040387757.83,3905318777.17,-659867676.25,-646561021.85,13306654.4,-138169188.94,-71595999.16,147216014.96,145078862.36,-570897759.66,-622026932.23,7885512.43,2024-04-30,124962731.98,341780488.35,684318467.89,-130858575.33,-526900131.47,127028484.64,108802142.29,209765188.1,,34737279.38,,2023,4,859075008.1799998,859075008.1799998,859263681.8699999,-351409932.79,-349178563.45000005,2231369.34,-69677531.31,-62953412.47,56967136.140000015,48268995.38000001,-279197468.29999995,-323228618.35,16665373.17,63057958.470000006,143040792.75000003,-17192257.39999999,-89131821.80000001,29918813.799999997,74743784.52000001,,2974758650.09,0.7405840010425265
002548,金新农,2024-03-31,2024-04-30,427951911.49,1399775612.93,668026624.0,611991707.96,,242244052.78,177476589.66,5782479218.56,4259226659.99,90263862.24,1432988696.33,123847449.7,644845118.1,590147674.36,2898504485.61,805093658.0,402728884.85,391093416.53,3148798552.87,1413932695.12,2833979.81,1928627.2,,194375.19,,2024-04-30,1050632449.52,1050632449.52,977359559.61,-52055103.26,-52239334.92,-184231.66,2953675.92,-2510687.33,38492722.54,39430208.22,-45658668.62,-50295736.86,1684673.66,2024-04-30,-141637995.57,44148915.41,361108726.43,-21641183.97,-159930561.92,35231904.99,9933716.74,,,35419673.79,,2024,1,1050632449.52,1050632449.52,977359559.61,-52055103.26,-52239334.92,-184231.66,2953675.92,-2510687.33,38492722.54,39430208.22,-45658668.62,-50295736.86,1684673.66,-141637995.57,44148915.41,-21641183.97,-159930561.92,35231904.99,9933716.74,,2922037997.6700006,0.7365744863066999
002548,金新农,2024-06-30,2024-08-29,486946440.94,1453609771.56,671005977.49,628391707.96,,238019358.47,187802927.18,5801064097.55,4266610043.54,91934539.5,1442519514.51,132596089.1,611329666.03,624418976.74,2834634234.19,805093658.0,385818399.39,368802815.23,3136884653.32,1456009125.79,4600170.98,,,,,2024-08-29,2152568746.97,2152568746.97,1974015376.36,-41780256.0,-41198814.03,581441.97,2206527.48,-7343294.67,77120323.56,79029110.94,-39659623.59,-52587429.54,-10604133.2,2024-08-29,-58361542.02,76183603.17,420209259.76,-39436734.49,-166310931.62,63479001.96,19532302.25,5136767.19,,35562168.34,,2024,2,1101936297.4499998,1101936297.4499998,996655816.7499999,10274847.259999998,11040520.89,765673.63,-747148.44,-4832607.34,38627601.02,39598902.72,5999045.029999994,-2291692.6799999997,-12288806.86,83276453.54999998,32034687.760000005,-17795550.520000003,-6380369.700000018,28247096.97,9598585.51,,2991026815.48,0.7354874850188164
002548,金新农,2024-09-30,2024-10-22,493705509.05,1484172983.41,616720124.05,643311707.96,,239144242.26,182089564.47,5801270847.84,4189646654.9,99453809.76,1512170383.18,129037790.53,626978788.97,582736434.26,2838388601.94,805093658.0,384611752.02,404755110.71,3051193510.45,1485926997.86,5057500.86,,,,,2024-10-22,3436646024.02,3436646024.02,3062706457.89,27870612.67,28621324.9,750712.23,-26218.95,-14346101.31,117163220.34,119433216.67,21447095.56,18731601.7,-7881140.05,2024-10-22,89808876.76,127232821.27,376962021.59,-126932747.09,-270232575.97,94123970.3,61792737.51,,,35562168.34,,2024,3,1284077277.0500002,1284077277.0500002,1088691081.53,69650868.67,69820138.93,169270.26,-2232746.43,-7002806.640000001,40042896.78,40404105.730000004,61106719.150000006,71319031.24,2722993.1499999994,148170418.78,51049218.099999994,-87496012.6,-103921644.35000002,30644968.339999996,42260435.26,,2983349057.6800003,0.7221946302438095
002548,金新农,2024-12-31,2025-04-15,337807207.23,1420758297.41,553217241.05,558258849.72,,225066358.63,145488962.2,5410486028.67,3807451641.96,88576910.28,1514457476.43,130028057.13,711449781.87,132905704.11,3224906919.51,805093658.0,342179200.85,420736578.78,2797192189.07,1226561124.21,4514449.14,,,111210.11,,2025-04-15,4562099127.28,4562099127.28,4078867774.17,30157705.92,34345907.8,4188201.88,-936424.34,-2800994.85,162087358.8,159145546.45,-4577697.39,41161164.04,4191301.37,2025-04-15,423438908.76,283703672.15,289167302.57,-134982799.64,-683607274.44,128669178.39,118574578.55,3737419.19,,35419673.79,,2024,4,1125453103.2599998,1125453103.2599998,1016161316.2800002,2287093.25,5724582.8999999985,3437489.65,-910205.39,11545106.46,44924138.46000001,39712329.77999999,-26024792.95,22429562.34,12072441.42,333630032.0,156470850.88,-8050052.549999982,-413374698.47,34545208.09,56781841.04,,2757300746.8100004,0.7037171192725441
002548,金新农,2025-03-31,2025-04-30,401696133.56,1645452060.96,412083551.18,697118849.68,,202133910.65,122831413.11,5519337486.54,3942980508.04,87412807.04,1488944171.46,142155238.99,656451465.59,138282559.12,3184144245.28,805093658.0,328396102.86,422720067.01,2840091325.72,1373048775.8,4561001.66,1086824.0,,,,2025-04-30,1168508441.22,1168508441.22,1080709787.87,-25777884.97,-26941988.21,-1164103.24,-1804634.69,-6375896.92,36097653.73,36167868.35,-30788131.96,-27008127.71,-47354.62,2025-04-30,36446459.9,30057161.33,298155433.0,-8060266.78,-19398062.69,31217929.88,18583081.39,,,35419673.79,,2025,1,1168508441.22,1168508441.22,1080709787.87,-25777884.97,-26941988.21,-1164103.24,-1804634.69,-6375896.92,36097653.73,36167868.35,-30788131.96,-27008127.71,-47354.62,36446459.9,30057161.33,-8060266.78,-19398062.69,31217929.88,18583081.39,,2956788372.4700003,0.7143938049912223
002548,金新农,2025-06-30,2025-08-29,510557476.94,1799342986.65,511732854.5,556037252.63,,199938135.78,107880384.06,5578424970.05,4020685293.2,66759706.29,1490979970.56,152811454.48,659437444.56,145064765.59,3143823212.88,805093658.0,312583721.7,391730145.81,3067072822.36,1463649179.91,5229101.02,2740868.4,,,,2025-08-29,2375988358.58,2375988358.58,2198421100.78,-23507029.86,-21082609.86,2424420.0,-4462509.08,-5821284.92,71381001.15,71589986.1,-46267304.39,-33877777.29,-11615061.57,2025-08-29,145421194.86,58129369.73,398150879.72,-12592032.17,-23845585.54,62491876.24,39150898.19,10283794.0,,35419673.79,,2025,2,1207479917.36,1207479917.36,1117711312.9100003,2270855.1099999994,5859378.3500000015,3588523.24,-2657874.39,554612.0,35283347.42000001,35422117.74999999,-15479172.43,-6869649.579999998,-11567706.950000001,108974734.96000001,28072208.4,-4531765.39,-4447522.849999998,31273946.360000003,20567816.799999997,,3067051229.5600004,0.7207563630929255
002548,金新农,2025-09-30,2025-10-30,295257121.14,1766364603.19,505912627.28,502697252.68,,182987632.64,93467987.0,5451029359.69,3971548090.2,54364611.83,1425116657.66,145759226.98,771934888.21,249849977.98,3000870508.34,828173658.0,283920346.2,409783950.08,3103563398.15,1404785723.93,10622819.97,7665243.1,2235992.59,,,2025-10-30,3541099564.94,3541099564.94,3302817941.72,-94220491.71,-91860898.78,2359592.93,-14997815.3,-8287533.11,106253113.63,106896161.26,-115895838.74,-99306694.97,-7055137.59,2025-10-30,67880227.81,84506133.11,234276563.92,-28031309.27,-94739657.19,90668453.42,60926513.57,,,33350490.21,,2025,3,1165111206.3600001,1165111206.3600001,1104396840.9399996,-70713461.85,-70778288.92,-64827.06999999983,-10535306.22,-2466248.1900000004,34872112.47999999,35306175.16000001,-69628534.35,-65428917.68,4559923.98,-77540967.05000001,26376763.380000003,-15439277.1,-70894071.65,28176577.18,21775615.380000003,,2957962115.79,0.7285868095977127
002548,金新农,2025-12-31,2026-04-28,305140362.8,1796092738.14,431443568.97,440621778.68,,191402186.04,115515566.56,5269748220.65,3988272021.63,54070937.95,1227405261.07,141069985.95,755615384.7,65722126.22,3148520669.62,828173658.0,278852284.51,497957126.73,3152083541.02,1292948485.56,5571028.64,,66393984.41,68466.92,,2026-04-28,4746108902.58,4746108902.58,4519054557.84,-292653664.16,-292777459.97,-123795.81,-43605983.37,-25525579.86,138228822.05,120358081.97,-318537036.26,-285347011.85,9247278.43,2026-04-28,332472867.44,236262878.56,248469375.67,-132223533.4,-240947260.94,117280915.21,89223604.07,69131563.23,,30461430.22,,2025,4,1205009337.6399999,1205009337.6399999,1216236616.1200004,-198433172.45000005,-200916561.19000003,-2483388.74,-28608168.069999997,-17238046.75,31975708.420000017,13461920.709999993,-202641197.51999998,-186040316.88000003,16302416.02,264592639.63,151756745.45,-104192224.13000001,-146207603.75,26612461.78999999,28297090.499999993,,2859560271.83,0.7568240178917058
002548,金新农,2026-03-31,2026-04-28,325140541.43,1846826225.6,586196759.88,318556778.68,,174512694.75,116610484.9,5157538405.76,4065835430.51,44822483.82,1046880491.43,121045387.72,615064124.28,68775562.25,3107103343.84,828173658.0,259733363.54,511793937.69,3368039476.48,1251065396.01,18328946.07,6128881.4,100060043.02,344444.78,,2026-04-28,1314776851.47,1314776851.47,1342076145.11,-184649860.58,-186099532.3,-1449671.72,-22566140.71,-2827891.7,34749025.56,34688514.87,-173200526.88,-178839106.56,3803870.04,2026-04-28,-30248629.33,24751691.87,208987895.51,39640082.79,-48872933.62,25889041.4,35330967.35,,,30461430.22,,2026,1,1314776851.47,1314776851.47,1342076145.11,-184649860.58,-186099532.3,-1449671.72,-22566140.71,-2827891.7,34749025.56,34688514.87,-173200526.88,-178839106.56,3803870.04,-30248629.33,24751691.87,39640082.79,-48872933.62,25889041.4,35330967.35,,2926092458.91,0.7883286774887079
002548,金新农,2026-06-30,2026-08-27,235585071.76,1825174646.03,447320500.7,453715849.68,,166121984.32,106696792.83,4820156216.75,3928600457.76,44397412.74,847158346.25,114886865.71,461246694.5,75610077.76,3058253427.12,828173658.0,230875084.02,445429356.61,3111281969.24,1006338395.76,6563980.36,3954900.0,49109664.9,287754.0,,2026-08-27,2320048636.08,2320048636.08,2378769713.68,-388429983.09,-390422624.79,-1992641.7,-50299247.47,-6133325.92,64531857.59,64472078.19,-360614435.03,-375529303.93,4368747.3,2026-08-27,49997751.25,105611810.33,111051956.6,-14355806.8,-173059363.52,52391391.29,61141589.75,56432573.39,,30461430.22,,2026,2,1005271784.6099999,1005271784.6099999,1036693568.5699999,-203780122.50999996,-204323092.49,-542969.98,-27733106.759999998,-3305434.2199999997,29782832.03,29783563.32,-187413908.14999998,-196690197.37,564877.2599999998,80246380.58,80860118.46,-53995889.59,-124186429.9,26502349.89,25810622.4,,2892332980.73,0.8150359202276782
002567,唐人神,2015-12-31,2019-03-29,807862702.02,517500000.0,48000000.0,144000000.0,,,5212000.0,4006670036.47,1275283632.65,341810680.41,2389575723.41,27522819.46,502938409.88,118588945.61,1345022148.38,493195485.0,,240284154.98,1103803706.59,1735030910.57,4946791.0,,,,,2016-04-29,9414570654.93,9412661488.93,8502911023.84,81798123.67,151794829.61,69996705.94,,,41868144.58,,70138213.5,185407042.1,58598705.66,2016-04-29,484867010.75,161943753.59,767761289.27,-194399118.55,249619880.12,122163063.23,12497443.94,14847688.89,,387479225.13,,2015,4,,,,,,,,,,,,,,,,,,,,,709500000.0,0.3182901564246514
002567,唐人神,2016-03-31,2016-04-29,570891448.69,366500000.0,,56000000.0,,,8481000.0,3796613921.96,1021292957.3,361839675.26,2413481289.4,38022709.04,483857118.93,142506056.23,1314181658.76,493195485.0,,266305713.31,934463799.81,1499616049.46,4946791.0,,,,,2016-04-29,1971507601.93,1969405260.18,1771049087.34,23806696.24,39565758.32,15759062.08,,,4302592.82,,21276247.5,42688138.46,6196779.52,2016-04-29,119306205.83,31954974.08,547054848.99,-45844371.82,-294168274.29,7168274.29,369780.6,,,411972197.14,,2016,1,1971507601.93,1969405260.18,1771049087.34,23806696.24,39565758.32,15759062.08,,,4302592.82,,21276247.5,42688138.46,6196779.52,119306205.83,31954974.08,-45844371.82,-294168274.29,7168274.29,369780.6,,422500000.0,0.26900100412968986
002567,唐人神,2016-06-30,2016-08-24,482127862.69,396500000.0,,,,,8368500.0,3973529353.31,1202238572.03,378906220.28,2392384561.0,45254686.08,630658872.74,172605849.0,1290443280.31,493195485.0,,380987754.05,1172238045.97,1669436526.62,5638852.8,,,,,2016-08-24,4603968372.68,4602881080.36,4139338163.78,66645528.1,98178476.51,31532948.41,,,5199891.48,,61834072.86,116872217.44,22354722.42,2016-08-24,176921851.73,71523131.87,457840185.03,-95671683.24,-391171272.73,78423259.53,1166722.3,1774431.73,,411972197.14,,2016,2,2632460770.75,2633475820.1799994,2368289076.4400005,42838831.86,58612718.190000005,15773886.33,,,897298.6600000001,,40557825.36,74184078.97999999,16157942.900000002,57615645.89999999,39568157.79000001,-49827311.419999994,-97002998.44,71254985.24,796941.7000000001,,396500000.0,0.3025618952653565
002567,唐人神,2016-09-30,2016-10-26,528414889.8,526500000.0,,,,,8428361.5,4098337719.52,1270770339.96,366699971.26,2460867408.3,48484103.42,662231819.38,199086517.08,1270644242.75,493195485.0,,410805302.17,1241027902.4,1791697280.94,,,,,,2016-10-26,7828932792.58,7820165907.9,7074747769.87,134869755.77,186909623.53,52039867.76,,,7267154.74,,128307297.85,210564046.02,28166575.8,2016-10-26,230517744.49,88178345.61,504030358.48,-200291903.78,-293956771.5,116341943.8,2007258.1,,,411972197.14,,2016,3,3224964419.8999996,3217284827.54,2935409606.0899997,68224227.67000002,88731147.02,20506919.349999998,,,2067263.2599999998,,66473224.989999995,93691828.58000001,5811853.379999999,53595892.76000002,16655213.739999995,-104620220.54,97214501.23000002,37918684.269999996,840535.8,,526500000.0,0.310069698235809
002567,唐人神,2016-12-31,2019-03-29,520585215.8,503000000.0,26666600.0,53333400.0,,,4832000.0,4708713241.85,1744498776.08,437361975.28,2526852490.49,63601549.5,891512106.99,110627307.37,1485648231.96,493195485.0,,579449617.58,1656491583.05,2059154475.05,6247155.63,,,1674229.4,,2017-04-28,10884141711.04,10880923536.13,9850191606.52,201020352.55,255689196.97,54668844.42,,,6748698.6,,192580749.53,288178379.51,40229957.78,2017-04-28,355835010.73,236202511.32,509817062.61,-381785591.14,-232884793.6,121158666.26,4990078.7,7724321.74,,487464255.07,,2016,4,3055208918.460001,3060757628.2299995,2775443836.6500006,66150596.78,68779573.44,2628976.660000004,,,-518456.1400000006,,64273451.68000001,77614333.48999998,12063381.98,125317266.24000001,148024165.70999998,-181493687.35999998,61071977.900000006,4816722.460000008,2982820.6,,583000000.0,0.3704831206486055
002567,唐人神,2017-03-31,2017-04-28,615868048.85,736512585.98,26666600.0,80833400.0,,,9419816.09,5460690504.33,1954003728.81,508891867.96,2997794907.56,109917900.13,858814632.92,150443204.76,1702003653.47,534589907.0,,444394395.55,1814749843.74,2160762529.16,11280042.33,,,1252642.86,,2017-04-28,3061012746.75,3059192109.95,2779513410.77,55342417.07,65411300.57,10068883.5,,,5910595.36,,55198379.38,71505026.83,7223557.3,2017-04-28,-57860450.47,20663080.19,573050451.33,-23223178.99,144317018.18,9077781.8,1047401.2,,,669137986.63,,2017,1,3061012746.75,3059192109.95,2779513410.77,55342417.07,65411300.57,10068883.5,,,5910595.36,,55198379.38,71505026.83,7223557.3,-57860450.47,20663080.19,-23223178.99,144317018.18,9077781.8,1047401.2,,844012585.98,0.3578308873686564
002567,唐人神,2017-06-30,2017-08-08,546606956.07,762512585.98,39716600.0,64583400.0,,,4542000.0,5505629533.42,2005003309.02,500511115.12,3000115109.28,111590125.37,874913844.85,197330669.73,1698420898.95,801884860.0,,470096701.48,1887793468.51,2066972227.99,53389595.99,,,852642.86,,2017-08-08,6534752767.38,6530506143.15,5896644809.16,137739586.96,169441160.41,31701573.45,,,14658167.77,,134552804.86,190305756.46,23040342.67,2017-08-08,121748176.93,67723391.62,523421633.93,-175972115.72,67828510.11,102866289.87,2008775.9,358637.63,,669137986.63,,2017,2,3473740020.63,3471314033.2,3117131398.39,82397169.89000002,104029859.84,21632689.95,,,8747572.41,,79354425.48000002,118800729.63000001,15816785.370000001,179608627.4,47060311.43000001,-152748936.73,-76488508.07000001,93788508.07000001,961374.7,,866812585.98,0.3641733060405405
002567,唐人神,2017-09-30,2017-10-26,882466459.34,563900000.0,39716600.0,153333400.0,,,4452000.0,5808761551.84,1948883327.96,527162709.5,3332715514.38,117006358.33,841238171.66,213842759.02,1740137766.81,836570799.0,,508982577.15,1753899396.64,2261061165.58,93221858.92,,,722642.86,,2017-10-26,10363520923.93,10353914715.74,9347616800.65,213379992.06,269305184.09,55925192.03,,,25521778.9,29411286.49,211758539.66,311065172.92,43058605.65,2017-10-26,474540925.73,184064595.02,880319024.71,-292973845.38,188934881.75,118857332.25,2797876.58,,,669137986.63,,2017,3,3828768156.55,3823408572.59,3450971991.49,75640405.1,99864023.67999998,24223618.580000002,,,10863611.129999999,,77205734.79999998,120759416.46000001,20018262.979999997,352792748.8,116341203.4,-117001729.66,121106371.64,15991042.379999995,789100.6800000002,,756950000.0,0.33550754503645724
002567,唐人神,2017-12-31,2018-04-21,550088451.51,576900000.0,30666600.0,172666800.0,,,4542934.59,6030827079.54,2110593377.85,485862314.74,3434371386.95,126319024.14,1101736142.35,218233615.84,1889658992.22,836570799.0,,514701729.57,1884367272.58,2248525629.39,107622362.23,,,467642.86,,2018-04-21,13735222301.67,13722510862.87,12298795204.2,310305494.73,385581635.49,75276140.76,,,30840189.15,42674111.72,296960685.37,459052601.68,63296098.57,2018-04-21,422296481.67,349095473.59,540489662.86,-537614557.0,146454184.39,160810203.43,22243021.87,32947018.16,,623898522.56,,2017,4,3371701377.74,3368596147.130001,2951178403.550001,96925502.67000002,116276451.40000004,19350948.730000004,,,5318410.25,13262825.23,85202145.71000001,147987428.76,20237492.92,-52244444.06,165030878.56999996,-244640711.62,-42480697.360000014,41952871.18000001,19445145.29,,780233400.0,0.34996748373209613
002567,唐人神,2018-03-31,2018-04-21,454853539.04,599900000.0,30666600.0,172666800.0,,,4442934.59,6169519409.92,2145307396.49,545446691.4,3478765322.03,129735783.41,1181247035.2,288590580.24,1928644464.99,836570799.0,,656742458.94,1920269895.48,2294594954.58,118254316.86,,,,,2018-04-21,3285010638.07,3282753394.71,2992449962.01,44393935.08,55388678.32,10994743.24,,,9057033.91,10688887.66,48861350.74,73207866.66,18234668.19,2018-04-21,-96585598.78,61831867.68,445668363.88,-2591845.32,4356145.12,14643854.88,628022.36,,,648391494.57,,2018,1,3285010638.07,3282753394.71,2992449962.01,44393935.08,55388678.32,10994743.24,,,9057033.91,10688887.66,48861350.74,73207866.66,18234668.19,-96585598.78,61831867.68,-2591845.32,4356145.12,14643854.88,628022.36,,803233400.0,0.34772682504905483
002567,唐人神,2018-06-30,2018-08-25,692541196.76,865900000.0,29666600.0,272666800.0,,,4442934.59,6419345738.24,2480530765.99,564567228.54,3374247743.71,140331231.88,1019227995.83,321171431.73,1934771437.84,836570799.0,,579826754.24,2156789071.24,2492560070.14,137744817.66,,,81642.86,,2018-08-25,6835539783.11,6829958389.19,6238753522.88,70295502.65,100919666.51,30624163.86,-10197550.37,,12691461.5,15803040.71,80327755.64,150025997.06,38480304.18,2018-08-25,33304005.71,127804693.23,682306805.62,-92341061.78,200854198.83,187825801.17,4396682.55,10197550.37,,648391494.57,,2018,2,3550529145.0399995,3547204994.4799995,3246303560.87,25901567.570000008,45530988.190000005,19629420.619999997,,,3634427.59,5114153.050000001,31466404.9,76818130.4,20245635.99,129889604.49000001,65972825.550000004,-89749216.46000001,196498053.71,173181946.29,3768660.19,,1168233400.0,0.38641488823596065
002567,唐人神,2018-09-30,2018-10-30,504995710.98,726900000.0,29666600.0,270666800.0,,,4542934.59,6446638895.72,2464826261.85,558782512.09,3423030121.78,135728971.31,1002244605.22,322614012.68,1961462914.3,836570799.0,,696847281.49,2149294153.16,2547894837.55,135579712.86,,,175000.0,,2018-10-30,11084522094.36,11071537401.38,10101713416.51,126893106.88,178181337.88,51288231.0,-16025351.83,,17178553.12,25267044.55,143414668.78,239062379.33,44995882.85,2018-10-30,224488262.35,294871419.57,499472270.02,-279775702.76,14270047.57,224093284.49,3398532.15,,,612950627.26,,2018,3,4248982311.250001,4241579012.1899996,3862959893.63,56597604.22999999,77261671.36999999,20664067.14,-5827801.460000001,,4487091.620000001,9464003.84,63086913.14,89036382.27000001,6515578.670000002,191184256.64,167066726.33999997,-187434640.98,-186584151.26000002,36267483.32000002,-998150.3999999999,,1027233400.0,0.3823428458954677
002567,唐人神,2018-12-31,2019-04-18,634887926.03,767730000.0,44666800.0,368000000.0,,,3900000.0,6530823552.97,2578242367.37,545289391.14,3407291794.46,118181976.15,1106246527.21,304117320.5,2221467255.95,836570799.0,,577072800.19,2140489351.12,2468370198.8,78466868.48,,,175000.0,,2019-04-18,15421982143.18,15405517069.35,14120124526.13,136933156.56,195007713.91,58074557.35,-101517910.76,,24802830.36,34958254.45,141179096.02,287744805.27,70728823.05,2019-04-18,562783888.81,679525671.54,604332476.14,-625401484.19,126515412.64,232933071.97,31882936.04,101517910.76,,582823259.52,,2018,4,4337460048.82,4333979667.970001,4018411109.619999,10040049.680000007,16826376.03,6786326.3500000015,-85492558.93,,7624277.239999998,9691209.900000002,-2235572.7599999905,48682425.93999997,25732940.199999996,338295626.4599999,384654251.96999997,-345625781.43000007,112245365.07,8839787.47999999,28484403.89,,1180396800.0,0.3947805887662516
002567,唐人神,2019-03-31,2019-04-18,757413646.99,1027340000.0,44666800.0,378000000.0,,,3882000.0,6788504633.38,2838546403.17,537221071.84,3412737158.37,118710192.69,1013270144.86,317169687.74,2295636559.02,836570799.0,,571059410.45,2390369691.22,2638568815.7,80282840.4,5060165.5,,175000.0,,2019-04-18,3357569409.58,3355035435.99,3094640216.19,5393806.12,11781247.29,6387441.17,-7949493.46,,8361752.23,11171076.25,-751914.39,13204966.75,13984737.52,2019-04-18,107316595.71,142378674.74,735151701.7,-149901444.62,173404074.47,93077818.71,941040.49,,,582823259.52,,2019,1,3357569409.58,3355035435.99,3094640216.19,5393806.12,11781247.29,6387441.17,-7949493.46,,8361752.23,11171076.25,-751914.39,13204966.75,13984737.52,107316595.71,142378674.74,-149901444.62,173404074.47,93077818.71,941040.49,,1450006800.0,0.4181401584691394
002567,唐人神,2019-06-30,2019-08-17,724699605.71,975790000.0,168666800.0,334800000.0,,,3858750.0,6964137924.57,3008637539.19,503193102.85,3452307282.53,100757117.64,1125262593.47,400087288.7,2292648460.51,836570799.0,,615839368.58,2594958819.72,2723176594.19,110533365.66,1713930.0,,175000.0,,2019-08-17,7280322570.02,7274304048.32,6626613262.47,45015488.07,70721058.53,25705570.46,-10601599.9,,16073301.94,20816106.56,58632865.29,111972386.7,33549687.65,2019-08-17,137870805.84,269775272.38,703857788.39,-249208622.04,210863128.45,84630285.12,2780642.8,10601599.9,,582823259.52,,2019,2,3922753160.4400005,3919268612.33,3531973046.28,39621681.95,58939811.24,19318129.29,-2652106.4400000004,,7711549.709999999,9645030.309999999,59384779.68,98767419.95,19564950.13,30554210.13000001,127396597.63999999,-99307177.41999999,37459053.97999999,-8447533.589999989,1839602.3099999998,,1479256800.0,0.43201866071252004
002567,唐人神,2019-09-30,2019-10-28,825497122.51,872790000.0,194800000.0,243800000.0,,,3858750.0,7099847455.67,3116499615.17,529251431.26,3454096409.24,101120343.44,960348384.56,505379006.21,2320127374.84,836570799.0,,848800337.02,2794174720.17,2724519900.69,104011398.63,3796860.0,200000000.0,175000.0,,2019-10-28,11327383023.44,11317030843.05,10269412222.48,129674137.38,182275847.24,52601709.86,-10405099.05,,23976068.98,32063182.93,142514261.93,247095911.38,41619969.03,2019-10-28,126010394.81,481768719.49,606128168.06,-449408220.78,325193517.89,190373795.68,35756244.9,,,582823259.52,,2019,3,4047060453.42,4042726794.7299995,3642798960.0099993,84658649.31,111554788.71000001,26896139.4,196500.84999999963,,7902767.040000001,11247076.370000001,83881396.64000002,135123524.68,8070281.380000003,-11860411.030000001,211993447.11,-200199598.73999998,114330389.44,105743510.56,32975602.099999998,,1311390000.0,0.43895303872777386
002567,唐人神,2019-12-31,2020-04-27,742522681.21,1508780000.0,257200000.0,252000000.0,,,3700000.0,7280901133.41,3480838414.05,474408000.92,3325654718.44,129383784.12,1227269520.82,472559561.5,2523445001.94,836570799.0,,594841617.61,3155272362.41,2735943558.16,112308038.27,6092572.0,,529000.0,,2020-04-27,15355046856.5,15342862854.89,13876280894.37,202356036.97,288182272.0,85826235.03,-69221469.81,-9481235.98,25826364.99,47844269.02,202841340.16,354717326.36,40864249.6,2020-04-27,542069996.34,831268429.26,529807649.57,-742647859.42,126004275.3,243038521.61,79393627.9,69221469.81,,521666478.81,,2019,4,4027663833.0599995,4025832011.84,3606868671.8900013,72681899.59,105906424.75999999,33224525.17,-58816370.760000005,,1850296.009999998,15781086.090000004,60327078.22999999,107621414.98000002,-755719.4299999997,416059601.53000003,349499709.77,-293239638.64,-199189242.58999997,52664725.93000001,43637383.00000001,,2017980000.0,0.47807796731058677
002567,唐人神,2020-03-31,2020-04-27,1839676344.97,1477770000.0,305600000.0,253600000.0,939656351.68,,3658750.0,8755864993.99,4498697147.51,429864432.41,3827303414.07,184693877.41,1312775580.75,636681246.6,2497207544.96,836570799.0,,652047780.62,3231538827.28,4039055604.47,111226226.4,10642625.5,,597192.26,289332609.7,2020-04-27,3601294859.13,3599856730.83,3077216507.75,212784065.33,247437896.57,34653831.24,,-5541763.75,21683110.74,26716714.99,207152495.02,262723137.5,8329796.55,2020-04-27,169187651.32,248829482.89,1264241175.9,-226590444.9,791836319.91,116217515.48,852923.5,,,521666478.81,,2020,1,3601294859.13,3599856730.83,3077216507.75,212784065.33,247437896.57,34653831.24,,-5541763.75,21683110.74,26716714.99,207152495.02,262723137.5,8329796.55,169187651.32,248829482.89,-226590444.9,791836319.91,116217515.48,852923.5,,2976626351.68,0.5137924294855954
002567,唐人神,2020-06-30,2020-07-27,1425803137.26,1224770000.0,133500000.0,545500000.0,953255713.06,,3647500.0,8829122735.88,4475666931.98,498869639.57,3854586164.33,285620837.08,1417229117.11,736788679.05,2578492415.07,836570799.0,,586271405.84,2900715772.5,3768809798.86,160198373.96,12074785.8,,610369.53,289332609.7,2020-07-27,7901766274.58,7895610439.24,6778659213.17,431726963.55,519295908.8,87568945.25,-603645.13,-9901656.26,40903556.86,53561506.63,420242370.08,540076566.76,26963426.43,2020-07-27,334455930.82,574221756.32,1425760866.77,-532998220.03,881780474.77,262138580.85,2273026.26,10505301.39,,521666478.81,,2020,2,4300471415.45,4295753708.41,3701442705.42,218942898.22,271858012.23,52915114.01,,-4359892.51,19220446.12,26844791.640000004,213089875.05999997,277353429.26,18633629.88,165268279.5,325392273.43000007,-306407775.13,89944154.86000001,145921065.37,1420102.7599999998,,2857025713.06,0.5069209100233342
002567,唐人神,2020-09-30,2020-10-27,1499387619.56,1314770000.0,148100000.0,630700000.0,39767663.56,,3587500.0,9624637718.47,4041675324.95,528627906.7,5054334486.82,382728911.95,1481768021.45,1167432702.13,2575060552.67,974652197.0,,735562212.48,3289222890.41,4114778523.17,64542024.85,7312170.0,,610369.53,11891570.26,2020-10-27,13277661112.45,13270174032.57,11444504352.58,706373179.43,815282186.02,108909006.59,-6614603.52,-10671539.97,53236464.55,72435396.03,687946069.38,855439717.21,42181192.91,2020-10-27,638185975.08,1172189153.13,1355647195.6,-1132623213.82,1107519482.64,316957949.98,8280283.46,,,521666478.81,,2020,3,5375894837.870001,5374563593.33,4665845139.41,274646215.87999994,295986277.21999997,21340061.340000004,-6010958.39,-769883.7100000009,12332907.689999998,18873889.4,267703699.3,315363150.45000005,15217766.479999997,303730044.26000005,597967396.8100001,-599624993.79,225739007.87000012,54819369.130000025,6007257.2,,2133337663.56,0.4199301254938553
002567,唐人神,2020-12-31,2021-04-02,1053451457.18,1116781170.43,77745573.83,1293626838.36,,,3400000.0,10280076176.12,4419662413.77,523413452.4,5337000309.95,362927942.13,1844090201.22,1152810948.96,3234292763.46,979077582.0,,758372220.25,3042291206.49,4131139449.93,83359953.89,45285579.92,,3352252.59,,2021-04-02,18526853339.68,18526853339.68,16046487758.78,950338411.29,1068505727.29,118167316.0,-122042449.58,-40796864.64,63269500.58,103476490.15,919332427.82,1112145949.83,27460082.35,2021-04-02,1045813495.11,2105778686.68,1016885807.8,-1912551700.81,1354426766.1,360511138.82,8286941.91,162839314.22,,414066359.38,,2020,4,5249192227.23,5256679307.110001,4601983406.200001,243965231.86,253223541.26999998,9258309.409999996,-115427846.06,-30125324.67,10033036.030000001,31041094.120000005,231386358.44000006,256706232.6199999,-14721110.559999995,407627520.03,933589533.55,-779928486.99,246907283.4599998,43553188.839999974,6658.450000000186,,2488153582.62,0.4299250645667987
002567,唐人神,2021-03-31,2021-04-28,2205196148.46,947208991.64,148300000.0,2167970000.0,,185406446.78,,13158901396.64,5541502298.87,496574638.7,7120824459.07,436831778.13,2262011319.84,1464939533.94,3402629665.8,1206017542.0,286964121.6,774448971.65,3107607046.07,6067190905.6,235300155.46,44183103.97,,,,2021-04-28,5025339522.55,5025339522.55,4350086260.35,279152537.09,299175978.13,20023441.04,,-13664819.87,22447430.18,32423160.65,287987179.69,334448548.59,12077453.86,2021-04-28,221132589.57,660411482.26,2082292570.53,-947922712.28,1792196885.44,75899864.73,3193858.1,,,473990533.98,,2021,1,5025339522.55,5025339522.55,4350086260.35,279152537.09,299175978.13,20023441.04,,-13664819.87,22447430.18,32423160.65,287987179.69,334448548.59,12077453.86,221132589.57,660411482.26,-947922712.28,1792196885.44,75899864.73,3193858.1,,3448885438.42,0.4211219562968205
002567,唐人神,2021-06-30,2021-08-25,2830099757.59,946573720.98,221051000.0,2566109000.0,,364251549.88,800000000.0,14495728165.37,6986407617.72,651887422.86,6857433124.79,493026670.29,2362410355.46,1716889156.58,3727291723.3,1206017542.0,494394753.07,881223668.74,3173444160.99,6736864574.16,23791025.86,23508904.8,,674369.53,,2021-08-25,10838875271.12,10833701259.42,9726082989.5,175770035.26,203075911.03,27305875.77,-62582249.56,-12485937.2,58908191.75,77524435.03,195776386.09,250592186.05,19814173.21,2021-08-25,100455960.72,1139839560.71,2710064034.43,-1044102796.53,2636825062.44,277565168.01,3862130.92,75068186.76,,469179881.0,,2021,2,5813535748.570001,5808361736.87,5375996729.15,-103382501.82999998,-96100067.1,7282434.73,,1178882.67,36460761.57,45101274.38,-92210793.6,-83856362.53999996,7736719.3500000015,-120676628.85,479428078.45000005,-96180084.25,844628177.0,201665303.27999997,668272.8199999998,,4097985270.86,0.48196320585056124
002567,唐人神,2021-09-30,2021-10-28,2895513427.07,879373720.98,412290429.19,3706984680.8,,370641088.55,818029616.79,15203165042.59,8267384641.0,673854401.25,6261926000.34,493569325.55,2138478932.58,2255021958.72,4145233810.23,1206017542.0,492747230.22,895456330.55,3299828572.84,6477895272.97,23180290.86,8201834.0,,6580427.75,,2021-10-28,16264381377.78,16264381377.78,15095394161.92,-397630522.3,-378586344.15,19044178.15,-167668049.56,-7289815.4,103587435.52,112933928.52,-366233742.63,-313776897.36,32357646.14,2021-10-28,-148810962.19,1812367654.95,2767900792.57,-1886417710.97,3786243657.93,327126977.83,8154692.83,,,469179881.0,,2021,3,5425506106.66,5430680118.360001,5369311172.42,-573400557.56,-581662255.18,-8261697.620000001,-105085800.0,5196121.799999999,44679243.769999996,35409493.489999995,-562010128.72,-564369083.4100001,12543472.93,-249266922.91,672528094.24,-842314914.44,1149418595.4899998,49561809.81999999,4292561.91,,5369289919.52,0.5437936520349432
002567,唐人神,2021-12-31,2022-04-29,1368319048.88,522347828.47,804266926.28,3392495481.07,,428133476.54,770936595.51,14544621352.39,8418017291.07,614841399.71,5511762661.61,321064820.71,2122972281.72,1920581036.09,5600671065.79,1206017542.0,664454004.88,1106925857.01,3710263704.23,4865968842.79,33947132.54,29025628.0,,1882604.83,,2022-04-29,21742194242.67,21742194242.67,20534527826.47,-1147405203.57,-1172243864.52,-24838660.95,-574841465.21,-27105800.41,152328880.41,177889564.05,-1014985198.26,-1043672580.22,25125520.77,2022-04-29,-378771493.75,3488278757.63,1309770886.17,-3313584527.95,3985418045.66,454599642.88,304397725.31,601947265.62,,317001999.37,,2021,4,5477812864.8899975,5477812864.8899975,5439133664.550001,-749774681.27,-793657520.37,-43882839.099999994,-407173415.65000004,-19815985.009999998,48741444.89,64955635.530000016,-648751455.63,-729895682.86,-7232125.370000001,-229960531.56,1675911102.68,-1427166816.9799998,199174387.73000002,127472665.05000001,296243032.48,,5147243712.36,0.5787718419831352
002567,唐人神,2022-03-31,2022-04-29,1100389520.92,887105603.81,1265032934.84,3450965703.32,,470618489.0,848612075.17,15302900790.27,9357415260.31,590241834.34,5355243695.62,360282837.53,2396998312.93,2609596769.82,5510303160.02,1206017542.0,658654483.93,930768454.36,4470684506.8,4990231214.4,33431489.71,20560675.6,,2677640.71,,2022-04-29,4907176465.45,4907176465.45,4695179517.17,-149201519.42,-173801084.79,-24599565.37,-5183457.76,-227841.15,55792283.72,58603619.13,-163451514.16,-163916137.46,6871204.45,2022-04-29,-188647002.88,843826070.12,1051212091.68,-1002100548.88,873640594.56,51049869.97,7657127.84,,,317001999.37,,2022,1,4907176465.45,4907176465.45,4695179517.17,-149201519.42,-173801084.79,-24599565.37,-5183457.76,-227841.15,55792283.72,58603619.13,-163451514.16,-163916137.46,6871204.45,-188647002.88,843826070.12,-1002100548.88,873640594.56,51049869.97,7657127.84,,6073722730.969999,0.6114798356570211
002567,唐人神,2022-06-30,2022-08-31,1117251018.74,1144812975.98,1542029114.99,3239803342.77,,408080109.57,883657982.03,16083059618.32,10125053927.15,580546674.6,5377459016.57,412115335.62,2840248098.33,2619959727.4,5715056808.97,1206017542.0,633093301.19,1423313174.59,5454188333.19,5516015498.13,19291978.9,98245969.0,6395400.0,665915.48,,2022-08-31,11385808084.17,11385808084.17,10757223447.54,-139730686.59,-174025411.7,-34294725.11,7958205.97,-10434534.21,118042140.45,128857279.13,-129697414.51,-158235930.61,15917077.43,2022-08-31,54139356.69,1370264558.26,1052646890.99,-1381293996.79,1011482482.21,106589935.76,20611805.16,18392740.18,,317001999.37,,2022,2,6478631618.72,6478631618.72,6062043930.370001,9470832.829999983,-224326.90999999642,-9695159.739999998,13141663.73,-10206693.06,62249856.730000004,70253660.0,33754099.64999999,5680206.849999994,9045872.98,242786359.57,526438488.14,-379193447.90999997,137841887.6500001,55540065.79000001,12954677.32,,6334725543.309999,0.6295477457297171
002567,唐人神,2022-09-30,2022-10-31,1038828051.44,1110080038.63,1751381981.15,3275474562.5,,400040230.62,885439341.31,16847261907.84,10678443550.39,593534057.63,5575284299.82,468275917.37,3056296220.17,1412673847.53,7311416540.19,1206017542.0,623244856.17,1755870126.93,5977208801.56,5860558018.74,17456093.84,113061502.58,6395400.0,601035.95,,2022-10-31,18697305074.51,18697305074.51,17324715339.87,34231929.37,21468342.05,-12763587.32,-772452.9,-8978735.64,185855295.37,205554103.3,15935824.22,46275547.13,20059001.32,2022-10-31,204211495.15,1461935380.94,949081241.06,-1460888012.31,837438709.34,191249186.2,45954161.57,,,317001999.37,,2022,3,7311496990.339998,7311496990.339998,6567491892.329998,173962615.96,195493753.75,21531137.79,-8730658.87,1455798.5700000003,67813154.92,76696824.17000002,145633238.73000002,204511477.74,4141923.8900000006,150072138.46,91670822.68000007,-79594015.51999998,-174043772.87,84659250.43999998,25342356.41,,6536976812.900001,0.6338385198024793
002567,唐人神,2022-12-31,2023-04-28,1876169240.67,1115752296.75,1806284794.34,3281232613.0,,395956956.24,786505345.1,18439387332.67,11008826751.8,632854981.35,6797705599.52,594552703.11,3331574252.44,532065776.59,8609997299.03,1381343588.0,627272291.66,1941617658.99,6396880234.14,6901425847.04,38641806.68,56310.0,,4226767.63,,2023-04-28,26538580161.48,26538580161.48,24476778259.83,135185041.92,142833600.56,7648558.64,-183809661.73,-31296334.8,289997975.34,273054705.55,102020160.67,205276660.95,29417578.52,2023-04-28,99682840.46,2097693070.19,1811081322.13,-1779357022.21,2180779374.21,265598992.02,210539766.36,215105996.53,,317001999.37,,2022,4,7841275086.970001,7841275086.970001,7152062919.960003,100953112.54999998,121365258.51,20412145.96,-183037208.82999998,-22317599.16,104142679.96999997,67500602.25,86084336.45,159001113.82,9358577.2,-104528654.69000001,635757689.25,-318469009.9000001,1343340664.87,74349805.82000002,164585604.79000002,,6599226660.33,0.5970277945349682
002567,唐人神,2023-03-31,2023-04-28,1776519404.67,1399147548.39,1896891788.76,3500232613.0,,371975339.3,726910678.76,18309582926.73,11138293347.31,652117376.3,6519172203.12,631921633.47,3317936854.92,749955024.88,8448536457.35,1387596848.0,600306899.86,1614854309.8,6399575513.75,6699388282.13,68457811.44,20100201.03,81730400.0,7357300.49,,2023-04-28,6523067834.99,6523067834.99,6384092650.5,-340178286.41,-360366544.42,-20188258.01,-1496220.29,1983665.47,74102452.1,82841314.71,-337323304.84,-353735800.83,5244234.01,2023-04-28,-309251408.99,369358562.81,1751612104.04,-413155755.04,597910218.81,78310029.54,25589139.95,,,317001999.37,,2023,1,6523067834.99,6523067834.99,6384092650.5,-340178286.41,-360366544.42,-20188258.01,-1496220.29,1983665.47,74102452.1,82841314.71,-337323304.84,-353735800.83,5244234.01,-309251408.99,369358562.81,-413155755.04,597910218.81,78310029.54,25589139.95,,7168247289.45,0.608331352597295
002567,唐人神,2023-06-30,2023-08-31,1573116128.63,1329892623.6,1825056589.38,3497485113.0,,387667517.0,710725160.93,17746534694.38,11015190531.81,580509914.48,6150834248.09,614088066.32,3408700624.39,939485621.04,8397006542.95,1387596848.0,610031779.9,1578702308.23,6276018257.54,6062969356.16,17386291.12,14771954.0,131689909.96,6186872.84,,2023-08-31,13479628446.96,13479628446.96,13183858036.97,-664031736.77,-758666715.21,-94634978.44,-48060020.1,-23397259.08,156101539.22,162811717.33,-652556350.2,-737639718.25,14055041.56,2023-08-31,73808473.71,582635462.8,1526495442.99,-582405974.98,223713519.24,164947810.98,60876049.18,71457279.18,,317001999.37,,2023,2,6956560611.969999,6956560611.969999,6799765386.469999,-323853450.35999995,-398300170.79,-74446720.42999999,-46563799.81,-25380924.549999997,81999087.12,79970402.62000002,-315233045.3600001,-383903917.42,8810807.55,383059882.7,213276899.98999995,-169250219.94,-374196699.56999993,86637781.43999998,35286909.230000004,,7040101842.98,0.6206952918700408
002567,唐人神,2023-09-30,2023-10-31,2933183644.86,1342713520.46,1707409343.68,4632836613.0,,372468959.16,928260838.82,19080197519.08,12354661335.14,518911923.9,6206624260.04,548216364.67,3286086661.25,982866402.92,8316934044.21,1433051393.0,589557486.83,1530840488.55,6271929306.29,7510868032.52,27854705.34,25208062.0,139262603.31,667532.74,,2023-10-31,20869595985.24,20869595985.24,20287207874.69,-910845172.53,-1023523230.08,-112678057.55,-56040320.71,-47297631.66,237989586.44,233166017.05,-894625497.36,-988440716.85,21057313.51,2023-10-31,229886209.56,817398303.57,2801079522.98,-734862902.69,1494674820.4,276440520.14,103355323.03,,,317001999.37,,2023,3,7389967538.280003,7389967538.280003,7103349837.719999,-246813435.76,-264856514.87,-18043079.11,-7980300.609999999,-23900372.58,81888047.22,70354299.72,-242069147.15999997,-250800998.60000002,7002271.950000001,156077735.85000002,234762840.7700001,-152456927.71000004,1270961301.16,111492709.16,42479273.85,,8055428436.3,0.6475122347546699
002567,唐人神,2023-12-31,2024-04-30,2090680820.39,1113749783.96,1408027392.66,4721317113.0,,379493036.3,350909350.21,17009423697.72,11028638223.09,485612740.4,5495172734.23,456159239.22,2547481870.26,807544728.85,8418955158.02,1433051393.0,589160366.92,1324974521.99,5415247259.42,5690955960.61,12472199.84,13239054.98,174925916.53,2610873.66,,2024-04-30,26949042863.28,26949042863.28,26209787947.03,-1525913997.14,-1661879380.99,-135965383.85,-443811876.95,-60479014.0,317163690.08,314186618.02,-1505313744.67,-1600579125.44,33215879.3,2024-04-30,535580479.72,1113434518.34,1956953559.19,-909743639.14,520339634.55,374584566.7,224169387.78,504290890.95,,260235199.37,,2023,4,6079446878.039997,6079446878.039997,5922580072.34,-615068824.6100001,-638356150.91,-23287326.299999997,-387771556.24,-13181382.340000004,79174103.63999999,81020600.96999997,-610688247.3100001,-612138408.59,12158565.79,305694270.16,296036214.76999986,-174880736.44999993,-974335185.8500001,98144046.56,120814064.75,,7622587325.92,0.6483840028376926
002567,唐人神,2024-03-31,2024-04-30,2332610611.55,1156668506.38,1659994193.94,4801747113.0,,384316334.05,623517218.92,17643275952.09,11882633482.21,460058606.76,5300583863.12,449469136.0,2712099344.45,895576212.94,8267286078.77,1433051393.0,585883833.08,1510181504.64,5912439334.42,6384672921.47,28150667.54,133918930.88,240197489.6,1752839.08,,2024-04-30,4880079621.11,4880079621.11,4676859361.88,-197512579.11,-224366712.75,-26854133.64,20327130.94,-8330996.47,72050854.4,68775914.79,-179418310.0,-210308531.3,6207146.95,2024-04-30,-145605740.39,140812805.03,2221986906.27,-180172888.66,590811450.83,72853335.27,30868615.33,,,260235199.37,,2024,1,4880079621.11,4880079621.11,4676859361.88,-197512579.11,-224366712.75,-26854133.64,20327130.94,-8330996.47,72050854.4,68775914.79,-179418310.0,-210308531.3,6207146.95,-145605740.39,140812805.03,-180172888.66,590811450.83,72853335.27,30868615.33,,8002726147.37,0.6734936025756825
002567,唐人神,2024-06-30,2024-08-31,1996021286.87,986951372.56,1539337184.11,4718382113.0,,405196738.17,515677284.12,17684946091.54,11657703935.83,447580877.85,5579661277.86,454894706.42,3306237383.55,931053429.32,8130147214.0,1433051393.0,606840655.63,1686105561.28,5850512004.33,6501261342.1,29703024.49,26376605.81,330166463.46,3779913.84,,2024-08-31,10837074787.18,10837074787.18,9999856418.8,4657048.5,-31459943.7,-36116992.2,-495579.34,-750202.32,152990204.16,145000606.02,3586253.88,-13958732.5,11110916.84,2024-08-31,31753363.04,224536860.12,1920630844.33,-84882114.07,16804146.61,153320806.7,66678701.9,1245781.66,,260235199.37,,2024,2,5956995166.070001,5956995166.070001,5322997056.919999,202169627.61,192906769.05,-9262858.560000002,-20822710.28,7580794.149999999,80939349.75999999,76224691.23,183004563.88,196349798.8,4903769.89,177359103.42999998,83724055.09,95290774.59,-574007304.22,80467471.42999999,35810086.57,,7649867407.84,0.6591879825636975
002567,唐人神,2024-09-30,2024-10-29,1863571755.92,964748816.35,1610267744.75,4324310113.0,,385404693.58,474883031.63,17986250525.09,11709298846.91,434099790.4,5842851887.78,454425974.73,3896976487.26,954416203.19,8017515769.71,1433051393.0,594941622.41,2008645285.94,6354561616.74,6902573445.2,42378609.83,46616652.71,453744136.65,445084.81,,2024-10-29,17070990337.1,17070990337.1,15518598027.78,253720924.26,212758544.61,-40962379.65,-758280.38,-28887319.94,236801632.55,225460459.42,240682996.32,231588334.16,8666199.79,2024-10-29,423710302.68,367610272.62,1676600630.22,-224608821.82,-482115687.15,240972621.92,113607979.48,,,260235199.37,,2024,3,6233915549.92,6233915549.92,5518741608.980001,249063875.76,244218488.31,-4845387.4499999955,-262701.04,-28137117.62,83811428.39000002,80459853.39999998,237096742.44,245547066.66,-2444717.0500000007,391956939.64,143073412.5,-139726707.75,-498919833.76,87651815.22,46929277.580000006,,7284731367.68,0.651013885888894
002567,唐人神,2024-12-31,2025-04-29,2304501756.88,834601937.92,1442423237.36,4136537550.82,,349720841.04,422015466.12,17987160209.45,11395154631.2,704536266.02,5887469312.23,430991244.5,3665697550.9,582462401.91,8378190300.12,1433051393.0,536748072.84,2096018682.97,6257475895.75,7006301659.32,53941227.62,16817462.12,540788842.85,2320004.37,,2025-04-29,24342565838.81,24342565838.81,22208823613.26,355415994.8,255918614.4,-99497380.4,-69648612.41,-58642959.41,303661818.64,286128861.05,296791157.67,286116235.67,13903627.19,2025-04-29,936351352.53,383875441.18,1973802126.24,-200518819.78,-718988498.96,313085061.12,155917958.82,128291571.82,,230411854.77,,2024,4,7271575501.710001,7271575501.710001,6690225585.479998,101695070.54000002,43160069.78999999,-58535000.75000001,-68890332.03,-29755639.469999995,66860186.089999974,60668401.630000025,56108161.350000024,54527901.51000002,5237427.4,512641049.84999996,16265168.560000002,24090002.03999999,-236872811.81000006,72112439.20000002,42309979.33999999,,6763283567.14,0.633516046919584
002567,唐人神,2025-03-31,2025-04-29,2373528116.93,819832404.05,1673892190.08,4084703050.82,,374615327.81,391125403.98,18293202363.67,11840357982.27,661149332.09,5791695049.31,429105502.48,3846799325.24,616085891.28,8221158976.51,1433051393.0,543261824.51,2348221751.41,6755703894.79,7471863295.38,12039205.59,22255080.61,740702044.0,3182846.3,,2025-04-29,5973387459.78,5973387459.78,5643087435.93,-77051603.93,-80277338.74,-3225734.81,,-9630273.44,69499569.62,59694218.68,-70739386.63,-68661880.59,2124518.79,2025-04-29,123149306.93,74080713.92,2087037485.4,-72675611.14,62762101.11,60958270.53,40391485.9,,,230411854.77,,2025,1,5973387459.78,5973387459.78,5643087435.93,-77051603.93,-80277338.74,-3225734.81,,-9630273.44,69499569.62,59694218.68,-70739386.63,-68661880.59,2124518.79,123149306.93,74080713.92,-72675611.14,62762101.11,60958270.53,40391485.9,,6953042972.760001,0.647254523668571
002567,唐人神,2025-06-30,2025-08-30,2486498939.69,757272309.93,1811519899.94,3764503050.82,,369770702.14,378575806.57,18198950205.55,11739059762.65,662188290.55,5797702152.35,465260160.99,3732820701.54,580279893.16,8149086883.14,1433051393.0,536374808.2,2658746171.86,6996097902.85,7477496303.36,6650181.57,3054877.95,1151984040.8,826884.67,,2025-08-30,12467780172.1,12467780172.1,11645921338.4,-59924599.32,-62111375.67,-2186776.35,-51323908.25,-8124733.73,134802293.78,127649076.85,-58928705.09,-39204819.36,5993477.99,2025-08-30,660228702.05,168310785.13,2110294417.77,-140579762.56,-383155368.89,119032201.02,82939683.35,59448641.98,,230411854.77,,2025,2,6494392712.320001,6494392712.320001,6002833902.469999,17127004.610000007,18165963.069999993,1038958.46,,1505539.709999999,65302724.16,67954858.16999999,11810681.539999992,29457061.230000004,3868959.2,537079395.1199999,94230071.21,-67904151.42,-445917470.0,58073930.489999995,42548197.449999996,,6703065962.830001,0.6450404902514666
002567,唐人神,2025-09-30,2025-10-31,2215269141.39,882499438.67,1857701801.65,3378283050.82,,354350786.83,230676512.65,17901015237.27,11727149979.88,688526872.15,5485338385.24,503789548.9,3727670420.35,551069631.98,8059449020.19,1433051393.0,512427174.54,2867072145.27,7529590841.18,7298278341.03,4913909.89,13715070.2,1390151365.42,23180.0,,2025-10-31,18585698237.31,18585698237.31,17476961437.57,-364857874.59,-362938361.62,1919512.97,-165266330.92,-12782697.58,181102528.99,174538255.9,-321634022.45,-330604364.06,8797461.55,2025-10-31,834033615.78,256627660.97,1753856011.86,-159554572.23,-894428716.43,231835971.53,117060680.96,,,230411854.77,,2025,3,6117918065.210001,6117918065.210001,5831040099.17,-304933275.27,-300826985.95,4106289.3200000003,-113942422.66999999,-4657963.85,46300235.21000001,46889179.05000001,-262705317.35999998,-291399544.7,2803983.5600000005,173804913.73000002,88316875.84,-18974809.669999987,-511273347.53999996,112803770.51,34120997.61,,6472835077.97,0.6551108875358095
002567,唐人神,2025-12-31,2026-04-29,1946867696.57,996754581.34,1557539010.2,3016873050.82,,293145593.36,116373203.25,16493409915.0,10956312123.19,803967465.65,4733130326.16,535210176.4,3067993320.55,160312677.33,8186165432.01,1433051393.0,472691383.46,2923352293.08,7296882968.28,6164465003.86,27182491.57,3361883.35,1250216031.42,4208226.23,,2026-04-29,24214860925.99,24214860925.99,23212847329.69,-1187037659.37,-1199627348.05,-12589688.68,-493581413.16,-37731637.39,227043194.79,217929793.11,-1156231913.97,-1127584785.62,47703286.22,2026-04-29,914799359.66,327360107.24,1501937524.06,-109577373.51,-1277079736.78,235268490.45,165137118.85,531313050.55,,196721565.47,,2025,4,5629162688.68,5629162688.68,5735885892.119999,-822179784.78,-836688986.43,-14509201.65,-328315082.24,-24948939.810000002,45940665.79999998,43391537.21000001,-834597891.52,-796980421.56,38905824.67,80765743.88,70732446.27000001,49977198.719999984,-382651020.35,3432518.919999987,48076437.89,,5864312235.72,0.6642842310749664
002567,唐人神,2026-03-31,2026-04-29,2626669476.46,1107179507.38,1732502188.1,3402503050.82,,278717815.84,97337094.56,16779381472.2,11685504856.51,937942327.79,4155934287.9,527587923.57,2541547899.64,169669562.01,8046525061.52,1433051393.0,442532756.7,3171437806.33,7669796272.84,6626841984.41,25979836.58,13516235.1,1285347017.42,878181.55,,2026-04-29,5378631889.87,5378631889.87,5278547798.74,-625378819.1,-636545064.1,-11166245.0,-360369004.98,-8670960.67,49182114.78,48236667.46,-596638177.31,-644340209.92,1744627.42,2026-04-29,61977941.96,73242279.47,2193215089.9,74464472.44,554839848.74,51937176.52,265593.7,,,196721565.47,,2026,1,5378631889.87,5378631889.87,5278547798.74,-625378819.1,-636545064.1,-11166245.0,-360369004.98,-8670960.67,49182114.78,48236667.46,-596638177.31,-644340209.92,1744627.42,61977941.96,73242279.47,74464472.44,554839848.74,51937176.52,265593.7,,6520902562.14,0.6964204774693566
002567,唐人神,2026-06-30,2026-08-29,2110179274.36,1002642018.29,1481007036.36,3319403050.82,,314891620.13,80673133.84,16055014641.16,11415545345.34,906280519.16,3733188776.66,502118621.78,2311485329.83,185362010.77,7859829314.77,1433051393.0,438296796.56,3287360307.41,7468918017.11,6105624574.26,34467590.57,17161445.52,1760984998.08,104001560.16,,2026-08-29,10883075086.63,10883075086.63,10654589905.19,-1046346720.7,-1062677285.75,-16330565.05,-486973971.91,-21101328.85,99810435.24,97172412.84,-985828952.46,-1077851107.22,-14327.9,2026-08-29,-66241601.62,113684913.69,1509554947.66,-217338744.95,291207258.27,116501983.41,1245844.13,508075300.76,,196721565.47,,2026,2,5504443196.759999,5504443196.759999,5376042106.450001,-420967901.6,-426132221.65,-5164320.050000001,-126604966.93,-12430368.180000002,50628320.45999999,48935745.38,-389190775.1500001,-433510897.3000001,-1758955.3199999998,-128219543.58,40442634.22,-291803217.39,-263632590.47000003,64564806.88999999,980250.4299999999,,6117943725.599999,0.7110267788902627
002714,牧原股份,2015-12-31,2016-02-25,836286896.34,1773000000.0,213750656.98,546838000.0,,,95905816.35,7067533220.76,3545527465.69,,3522005755.07,417447227.79,1156000823.98,758852917.38,2976295118.51,516873109.0,,803239940.56,2888414925.63,2513780633.12,184537865.63,,290484758.9,,,2016-02-25,3003474722.79,3003474722.79,2263913601.92,595850841.56,595850841.56,,,,127499822.47,,569746413.64,505431577.31,,2016-02-25,915404078.43,1799051855.24,689485467.58,-2311348473.74,1779485220.4,144927431.14,276093.83,12741.21,,,,2015,4,,,,,,,,,,,,,,,,,,,,,2533588656.98,0.5016640679205375
002714,牧原股份,2016-03-31,2016-04-20,829653461.23,2351000000.0,257717811.46,471159836.18,,,89268517.19,8005114249.14,4115151280.2,,3889962968.94,581044608.4,1391033228.26,1041624100.08,3262441891.47,516873109.0,,825821306.48,3541390981.91,2688207077.85,217429101.19,,380619107.65,,,2016-04-20,912227007.83,912227007.83,491997371.74,367957213.87,367957213.87,,,,36485902.26,,364780014.06,352466673.02,,2016-04-20,128962410.74,865484173.67,566046042.53,-754244911.49,501843075.7,36807214.64,172851.22,,,,,2016,1,912227007.83,912227007.83,491997371.74,367957213.87,367957213.87,,,,36485902.26,,364780014.06,352466673.02,,128962410.74,865484173.67,-754244911.49,501843075.7,36807214.64,172851.22,,3079877647.64,0.5140652777868968
002714,牧原股份,2016-06-30,2016-07-21,764294936.47,2488000000.0,214433567.79,563159836.18,,,82509004.21,9272997250.88,4678562599.92,,4594434650.96,757117092.55,1547337364.32,1415562642.08,3956298299.85,516873109.0,,1169592083.41,4020684476.34,2576624359.89,199371808.56,,404132597.05,,,2016-07-21,2284304637.7,2284304637.7,1110865288.57,1072428895.89,1072428895.89,,,,73310843.88,,1062108175.44,1034645806.24,,2016-07-21,749260413.12,1890160643.49,496361571.67,-1575116430.78,632732121.75,83203880.3,438557.91,55741.3,,,,2016,2,1372077629.87,1372077629.87,618867916.8299999,704471682.02,704471682.02,,,,36824941.62,,697328161.3800001,682179133.22,,620298002.38,1024676469.82,-820871519.29,130889046.05000001,46396665.66,265706.68999999994,,3265593403.97,0.5045361789011648
002714,牧原股份,2016-09-30,2016-10-20,1084230743.59,2568000000.0,219418084.22,518159836.18,996095499.65,,75625027.17,10925471970.2,5823989675.3,,5101482294.9,873211510.52,1876657844.87,1309463124.99,4893956411.09,1033746218.0,,1253396109.66,4219314134.42,3127753945.42,311100120.35,,395474131.7,,,2016-10-20,3900155170.34,3900155170.34,1973169160.36,1761932747.31,1761932747.31,,,,116111171.9,,1748996391.58,1703908946.19,,2016-10-20,1272464897.98,3023789750.97,830164677.36,-2578260398.87,1446474710.67,292177943.01,619916.48,,,,,2016,3,1615850532.6400003,1615850532.6400003,862303871.79,689503851.42,689503851.42,,,,42800328.02000001,,686888216.1399999,669263139.95,,523204484.86,1133629107.4799998,-1003143968.0899999,813742588.9200001,208974062.70999998,181358.57,,4301673420.049999,0.5330652708812347
002714,牧原股份,2016-12-31,2017-04-26,983907156.15,2500000000.0,586908236.76,995347024.91,992321042.54,,68614294.11,12931323137.63,7269874877.82,,5661448259.81,983227429.48,2618047837.56,850969194.09,6499990714.75,1033746218.0,,1388419707.81,5193950658.89,3718171347.43,406138872.52,,279554085.65,,,2017-04-26,5605907003.09,5605907003.09,3044443181.94,2321898712.22,2321898712.22,,,,172235517.45,,2302735192.56,2228005065.81,,2017-04-26,1282469805.36,4361888976.95,777359912.25,-3865972252.77,2671376892.08,341968840.35,742425.55,5296.53,,,,2016,4,1705751832.75,1705751832.75,1071274021.5800002,559965964.9099998,559965964.9099998,,,,56124345.54999998,,553738800.98,524096119.6199999,,10004907.379999876,1338099225.98,-1287711853.9,1224902181.4099998,49790897.34000003,122509.07000000007,,5074576304.21,0.5621911076264693
002714,牧原股份,2017-03-31,2017-04-26,797904447.65,3376500000.0,293880157.97,1124204140.73,993017553.17,,61474471.21,14676415097.7,8334930466.47,,6341484631.23,1330771483.71,3033461648.74,1258875239.34,7116794373.88,1033746218.0,,1225786888.25,6137298274.5,3960133799.47,453261334.9,,154936026.3,498875000.0,,2017-04-26,1967844689.37,1967844689.37,1171543690.55,680036371.42,680036371.42,,,,66400349.8,,676081397.08,671363410.0,,2017-04-26,344713694.38,1483289386.52,730057934.62,-1536686726.34,1144671054.33,58336314.89,4018.61,,,,,2017,1,1967844689.37,1967844689.37,1171543690.55,680036371.42,680036371.42,,,,66400349.8,,676081397.08,671363410.0,,344713694.38,1483289386.52,-1536686726.34,1144671054.33,58336314.89,4018.61,,5787601851.870001,0.5679132411413057
002714,牧原股份,2017-06-30,2017-07-20,1458566064.81,2326500000.0,395327527.27,1242084151.28,1390681838.1,,54203181.42,17385207514.04,8273658044.77,,9111549469.27,1355453869.1,3275525795.26,1036004458.74,8234405707.96,1158463457.0,,1224700869.67,5567086630.65,5576804185.57,540292254.84,,78474421.85,499250000.0,,2017-07-20,4230655679.54,4230655679.54,2777113000.51,1200268269.1,1200268269.1,,,,137944461.37,,1195463274.85,1200809009.66,,2017-07-20,844202507.69,2674942402.54,1434944770.26,-3368273927.93,3181656278.25,129629650.92,68474.61,154466.71,,,,2017,2,2262810990.17,2262810990.17,1605569309.9600003,520231897.67999995,520231897.67999995,,,,71544111.57000001,,519381877.76999986,529445599.6600001,,499488813.31000006,1191653016.02,-1831587201.59,2036985223.92,71293336.03,64456.0,,5354593516.65,0.4759021736202075
002714,牧原股份,2017-09-30,2017-10-18,1323278697.54,2954560000.0,401495434.54,1293422354.35,1391639515.8,,46777951.84,18983001726.19,9259508667.13,,9723493059.06,1254714254.24,3399279828.45,1364169356.76,9080876976.85,1158463457.0,,1349437466.09,6506150526.77,5534891679.69,1037836431.28,,49834689.0,1298158333.33,,2017-10-18,7157138902.69,7157138902.69,4910601655.35,1812211858.89,1812211858.89,,,,212580291.53,65943337.34,1814855292.07,1821165668.23,,2017-10-18,1500211276.81,4290126467.71,1303980945.05,-4900629331.42,3927039087.41,1016263418.6,145506.15,,,,,2017,3,2926483223.1499996,2926483223.1499996,2133488654.8400002,611943589.7900002,611943589.7900002,,,,74635830.16,,619392017.22,620356658.5699999,,656008769.1199999,1615184065.17,-1532355403.4900002,745382809.1599998,886633767.6800001,77031.54,,6041117304.69,0.4877789509103331
002714,牧原股份,2017-12-31,2018-02-10,4197056743.2,3560332594.93,285784179.39,1534298545.23,1392616204.72,,39256474.0,24044634907.56,11308025403.4,,12736609504.16,1401874901.68,4189892626.34,1498189007.92,10596958535.19,1158463457.0,,1586847349.6,8323014239.48,8742153745.5,1088387582.67,,66553389.8,2197300000.0,2459689826.11,2018-02-10,10042415931.26,10042415931.26,7048993912.33,2365529363.99,2365529363.99,,,,312048550.82,323053220.15,2370435471.13,2389569913.88,30051.85,2018-02-10,1787135984.13,6276361160.27,4175499016.5,-6441395779.84,8052398899.96,1095605237.79,440267.79,455861.66,2459689826.11,,,2017,4,2885277028.5700006,2885277028.5700006,2138392256.9799995,553317505.0999997,553317505.0999997,,,,99468259.28999999,257109882.80999997,555580179.0600002,568404245.6500001,,286924707.3200002,1986234692.5600004,-1540766448.42,4125359812.55,79341819.18999994,294761.64,,6773031524.2699995,0.47029307980237134
002714,牧原股份,2018-03-31,2018-04-20,2673833753.08,4528882945.2,445147488.66,1737550597.4,1394392893.64,,90253589.67,26588330044.33,13715683042.43,,12872647001.9,1633768021.59,5017704874.35,2039087814.64,11344590930.67,1158463457.0,,1681350418.95,10474666047.84,9695766481.97,1124184382.36,,103990845.53,3097000000.0,2459689826.11,2018-04-20,2755526839.54,2755526839.54,2395495111.33,136037497.74,136037497.74,,,,115804205.04,117851585.39,139334744.89,144434537.66,-2331.58,2018-04-20,-214193686.61,1871290993.34,2651488493.97,-3484790513.27,2175223677.23,70843363.62,364303.6,,2459689826.11,,,2018,1,2755526839.54,2755526839.54,2395495111.33,136037497.74,136037497.74,,,,115804205.04,117851585.39,139334744.89,144434537.66,-2331.58,-214193686.61,1871290993.34,-3484790513.27,2175223677.23,70843363.62,364303.6,,8105973924.900001,0.5158534973637763
002714,牧原股份,2018-06-30,2018-08-15,1095431807.82,4451895376.94,492997139.74,1546356561.74,1394579894.38,,74513944.09,25611839214.09,13753225222.82,,11858613991.27,1501938798.52,5032000370.3,1985665795.52,12279774298.83,2085234222.0,,1800755311.21,10717668710.55,8013311393.57,1072369681.53,,184128368.43,2298716666.67,2459689826.11,2018-08-15,5512954783.41,5512954783.41,5162886819.88,-78655727.56,-78655727.56,,-45723.65,,245303846.09,250278247.31,-101903669.67,-75936569.74,79250.66,2018-08-15,-182058457.99,2625914699.09,999626673.17,-4051276126.16,1057696969.17,487829291.59,362048.63,45723.65,,,,2018,2,2757427943.87,2757427943.87,2767391708.55,-214693225.3,-214693225.3,,,,129499641.05,132426661.92,-241238414.56,-220371107.39999998,81582.24,32135228.620000005,754623705.7500002,-566485612.8899999,-1117526708.06,416985927.96999997,-2254.969999999972,,7885828972.799999,0.5369870202548301
002714,牧原股份,2018-09-30,2018-10-23,1540692894.78,4791331622.87,497032481.49,1552795730.47,2386856507.31,,67523805.04,27641062874.42,15353602373.25,,12287460501.17,1423618394.83,6058554048.38,2738416782.01,12681602099.2,2085234222.0,,3388328568.68,11321195579.94,9110726837.02,927632746.08,,,1998246666.67,2459689826.11,2018-10-23,9181430057.82,9181430057.82,8190796531.67,350190782.34,350190782.34,,-606574.64,,392803732.16,399876931.73,318136621.19,362962040.55,79250.66,2018-10-23,720229237.42,3422619696.23,1333426045.08,-4470801083.84,908615281.72,1179211643.77,1125588.53,,2459689826.11,,,2018,3,3668475274.41,3668475274.41,3027909711.79,428846509.9,428846509.9,,-560850.99,,147499886.07000002,149598684.42000002,420040290.86,438898610.29,0.0,902287695.41,796704997.1399999,-419524957.6800003,-149081687.44999993,691382352.1800001,763539.9,,9228016342.14,0.5554635305814799
002714,牧原股份,2018-12-31,2019-03-27,2778297994.55,4714920476.49,1941406888.54,1069491442.98,1390389288.93,,39645731.22,29841862898.9,16134227709.78,1418370169.32,12289265019.8,1461220203.09,5812728203.17,3680299039.52,13544605357.9,2085234222.0,,3461593518.38,13587655461.01,9780698178.5,601134225.84,,748964490.82,2597558888.88,2459689826.11,2019-03-27,13388157685.94,13388157685.94,12074044989.84,520208830.16,528078999.48,7870169.32,-661106.92,,538268500.97,561267070.4,461507304.69,523975834.49,-1965130.51,2019-03-27,1357659325.5,5047299101.29,2399487596.36,-5780996731.32,2647442392.4,1474173027.78,8878148.37,661106.92,2459689826.11,,,2018,4,4206727628.120001,4206727628.120001,3883248458.17,170018047.82000005,177888217.14000005,,-54532.28000000003,,145464768.81,161390138.66999996,143370683.5,161013793.94,-2044381.17,637430088.08,1624679405.06,-1310195647.4799995,1738827110.68,294961384.01,7752559.839999999,,9116208096.94,0.5406575241110274
002714,牧原股份,2019-03-31,2019-04-13,2461174009.81,4680258801.67,2120119414.02,1090727155.27,2170943188.0,,27294987.17,31102587757.68,17951794277.35,1402465987.51,11748327492.82,1339948359.07,6502315235.89,4122255689.82,13941681281.18,2085234222.0,,4498044115.71,14592952057.16,9948210397.62,988762964.7,,,2612621073.06,2459689826.11,2019-04-13,3048109324.17,3048109324.17,3359769950.96,-540937526.98,-556841708.79,-15904181.81,-1787580.16,,177263106.77,194105930.17,-559749705.57,-557712734.65,2979063.71,2019-04-13,-130492019.72,1565375500.83,2039353721.29,-1119036133.74,573634284.69,98184443.2,14613.75,,2459689826.11,,,2019,1,3048109324.17,3048109324.17,3359769950.96,-540937526.98,-556841708.79,-15904181.81,-1787580.16,,177263106.77,194105930.17,-559749705.57,-557712734.65,2979063.71,-130492019.72,1565375500.83,-1119036133.74,573634284.69,98184443.2,14613.75,,10062048558.960001,0.577180086017674
002714,牧原股份,2019-06-30,2019-08-27,2091775655.5,4789877007.73,2665431072.84,852036248.65,1787258616.86,,17755544.06,31295915546.16,17842102463.25,1424511645.84,12029301437.07,1768019762.75,5849103952.99,4314895017.17,14580332511.4,2085234222.0,,4337819398.64,15110316993.83,8823805016.27,1019248814.32,,1842228139.07,1799670555.55,2459689826.11,2019-08-27,7159864726.96,7159864726.96,6867438276.73,-155701871.63,-149560395.11,6141476.52,-3376020.46,,323845605.59,335383299.75,-202095040.26,-166352915.54,-4483346.01,2019-08-27,1411089485.19,3325630138.61,1276300435.18,-2786803788.39,252527538.07,252233398.16,83695605.49,3376020.46,2459689826.11,,,2019,2,4111755402.79,4111755402.79,3507668325.7699995,385235655.35,407281313.67999995,22045658.33,-1588440.3,,146582498.81999996,141277369.58,357654665.31000006,391359819.11,-7462409.72,1541581504.91,1760254637.7800002,-1667767654.6499999,-321106746.62000006,154048954.95999998,83680991.74,,10094602946.08,0.5701096182002965
002714,牧原股份,2019-09-30,2019-10-12,3878732676.83,4233273392.42,1656689174.07,1054355131.55,1788552537.91,,8944959.17,37233427679.45,17198191348.95,1485888396.39,18549347934.11,2836938138.34,6258896985.7,4956787853.98,15593130536.68,2161897822.0,,6748499435.75,14270957244.57,12026180255.46,993286019.26,,2494488121.92,300000000.0,2459689826.11,2019-10-12,11733288713.79,11733288713.79,9533988757.67,1386912668.52,1454430895.59,67518227.07,-7832294.98,,479037275.99,503540452.5,1349454330.02,1452227970.03,-12798820.49,2019-10-12,4725830823.95,5857505832.22,3053062852.64,-6013991686.28,1941736518.15,623931283.37,84221553.51,,2459689826.11,,,2019,3,4573423986.830001,4573423986.830001,2666550480.9400005,1542614540.15,1603991290.6999998,61376750.55,-4456274.5200000005,,155191670.40000004,168157152.75,1551549370.28,1618580885.57,-8315474.48,3314741338.7599998,2531875693.61,-3227187897.89,1689208980.0800002,371697885.21000004,525948.0200000107,,8732870235.95,0.46190190967677375
002714,牧原股份,2019-12-31,2020-02-27,10933206261.29,4256083392.42,1310194644.87,1116726519.07,1789874034.68,,,52886586120.19,21175016303.49,8603834594.0,23107735222.7,3835013636.91,7166176167.84,8598858149.7,18864249817.52,2204608322.0,,8457424504.45,18169133854.58,19592345697.37,1063082981.06,,3359415452.42,799133333.34,2459689826.11,2020-02-27,20221332525.64,20221332525.64,12951140545.64,6114363662.85,6336458087.53,222094424.68,,-1536976.19,527537232.8,565627830.6,5937528173.28,6314833418.14,-17105811.03,2020-02-27,9988895350.91,13120600272.64,9951200972.51,-12798944185.66,10365557642.85,883776900.52,84820162.38,1536976.19,2459689826.11,,,2019,4,8488043811.849998,8488043811.849998,3417151787.9699993,4727450994.33,4882027191.94,154576197.61,,,48499956.81,62087378.100000024,4588073843.26,4862605448.110001,-4306990.540000001,5263064526.96,7263094440.419999,-6784952499.38,8423821124.700001,259845617.14999998,598608.8699999899,,8472878591.04,0.4003853879955057
002714,牧原股份,2020-03-31,2020-04-27,20410228147.65,10464659000.0,809665506.71,2879845805.75,1791150717.41,,,70973241223.49,30056291626.76,13367343998.85,27549605597.88,4799422097.0,9543184618.65,9836225007.9,22298244626.26,2204608322.0,,8373754102.02,25267098597.24,31122745130.99,1852759618.59,,2448819666.99,1997650000.0,2459689826.11,2020-04-27,8069942791.11,8069942791.11,2862517848.05,4131391734.25,4544901139.1,413509404.85,,-688581.91,120764923.62,157790947.25,4188743361.16,4616740157.46,-4401287.14,2020-04-27,4384756332.22,7804663940.26,19792582905.97,-7364960065.46,12820318901.14,193448795.55,1577409.05,,2459689826.11,,,2020,1,8069942791.11,8069942791.11,2862517848.05,4131391734.25,4544901139.1,413509404.85,,-688581.91,120764923.62,157790947.25,4188743361.16,4616740157.46,-4401287.14,4384756332.22,7804663940.26,-7364960065.46,12820318901.14,193448795.55,1577409.05,,15945321029.869999,0.42348765687781875
002714,牧原股份,2020-06-30,2020-07-18,23784058775.05,13418358988.8,881787823.43,5235630111.29,2589149325.04,,137444079.86,87957608031.5,39908273769.17,14727827466.0,33321506796.33,5359141981.01,11326730798.3,12346089110.96,30580742557.8,3747834147.0,,10124219373.4,31811133261.8,36735894884.52,1643234759.43,490010.0,2091659057.24,3096896633.02,2459689826.11,2020-07-18,21032854624.91,21032854624.91,7909027939.31,10784032839.1,11758025711.1,973992872.0,,-3088357.0,278379036.48,378033341.95,10810787377.73,11845321411.22,-5281878.34,2020-07-18,11140610724.95,17989313734.67,23251302831.77,-17451038996.42,19609263985.82,1600072465.84,4506085.24,3088357.0,2459689826.11,,,2020,2,12962911833.8,12962911833.8,5046510091.26,6652641104.85,7213124572.0,560483467.15,,-2399775.09,157614112.86,220242394.7,6622044016.57,7228581253.759999,-880591.2000000002,6755854392.7300005,10184649794.409998,-10086078930.96,6788945084.68,1406623670.29,2928676.1900000004,,22124926248.56,0.4537216809588292
002714,牧原股份,2020-09-30,2020-10-20,22496461869.59,15250358988.8,2387051092.26,8328675539.36,1592089240.29,,602204162.52,103799294035.24,44987352658.64,14978357471.6,43833583905.0,6086609311.68,14037844959.06,14087389928.41,40460702911.1,3747517714.0,,9363208267.13,34313521925.39,39195823063.25,2624349508.62,63540.0,2213370042.85,2598373141.49,2459689826.11,2020-10-20,39164553577.78,39164553577.78,13838111945.65,20987828337.83,23081616831.88,2093788494.05,,-5989416.31,493565108.46,667125288.84,20963231223.84,23185660727.49,2627864.84,2020-10-20,19100181559.33,31687665926.6,21893928006.15,-30973389503.64,23814684926.94,2788020915.85,6607139.92,,2459689826.11,,,2020,3,18131698952.87,18131698952.87,5929084006.339999,10203795498.730001,11323591120.78,1119795622.05,,-2901059.3099999996,215186071.97999996,289091946.89000005,10152443846.11,11340339316.270002,7909743.18,7959570834.380001,13698352191.93,-13522350507.220001,4205420941.119999,1187948450.01,2101054.6799999997,,27558174860.71,0.433407115884302
002714,牧原股份,2020-12-31,2021-04-30,14593569721.56,16532509137.47,2851845209.93,10337886259.64,1593067297.4,,788610318.72,122627256969.07,56522016805.29,15698361012.97,50406879150.81,7442385758.25,21179222490.74,14834852443.45,58530493076.94,3759330297.0,,16566215944.33,43543419373.24,38946495646.18,1429934956.27,,1942773081.7,1110651209.55,2459689826.11,2021-04-30,56277065607.85,56277065607.85,22128437831.42,27451421940.73,30374769876.15,2923347935.42,,-4248981.4,687804449.44,922578362.49,27326977374.14,30423959007.24,-2256638.01,2021-04-30,23185751195.99,46070787544.35,13908945256.1,-45353305658.4,26124065928.36,3413824578.82,8954602.91,4248981.4,2459689826.11,,,2020,4,17112512030.07,17112512030.07,8290325885.769999,6463593602.899998,7293153044.27,829559441.3700001,,1740434.9099999992,194239340.98000008,255453073.64999998,6363746150.299999,7238298279.75,-4884502.85,4085569636.66,14383121617.75,-14379916154.760002,2309381001.420002,625803662.9700003,2347462.99,,31315307904.44,0.4609253945845532
002714,牧原股份,2021-03-31,2021-04-30,8823895280.98,15812428839.26,5681407641.69,14769039450.66,796231202.03,5489263878.26,648265277.6,143718725940.74,69083701587.16,16078895674.26,58556128679.32,8069241752.63,27441189392.0,16010837612.85,70202714404.27,3759330297.0,7150828430.79,17848322390.71,47088904711.56,39609963008.22,1280279245.4,,2331632868.1,621781826.05,2459689826.11,2021-04-30,20152096045.72,20152096045.72,10906292214.91,6963072000.64,8049360086.59,1086288085.95,,-10608058.11,431979433.63,434815087.61,6952812743.7,8041800167.99,-11619818.59,2021-04-30,4755828247.31,14491513895.45,7878665054.0,-14550287971.67,3764179559.73,1114352640.43,1495923.78,,2459689826.11,,,2021,1,20152096045.72,20152096045.72,10906292214.91,6963072000.64,8049360086.59,1086288085.95,,-10608058.11,431979433.63,434815087.61,6952812743.7,8041800167.99,-11619818.59,4755828247.31,14491513895.45,-14550287971.67,3764179559.73,1114352640.43,1495923.78,,42548371011.9,0.4806868495038393
002714,牧原股份,2021-06-30,2021-08-27,6035724094.7,17544761873.96,7361789748.13,14511475909.75,796667320.2,6332298172.96,597674634.6,154371693643.99,81958033706.33,16577056102.49,55836603835.17,7759018667.82,29517923056.51,14262639929.87,83117501859.45,5263062415.0,8145656378.77,26495810657.1,59320153826.28,38234013765.04,1397416835.76,,3874969425.9,20222876.33,2459689826.11,2021-08-27,41537965511.38,41537965511.38,27901480438.01,9525980558.07,11163206772.25,1637226214.18,,-15558175.81,981208569.5,996348768.44,9435619188.25,11101920568.61,-13280071.03,2021-08-27,13198018566.5,22321028753.98,4901151242.91,-22426762440.16,220949041.53,7090692961.74,6476313.82,,2459689826.11,,,2021,2,21385869465.659996,21385869465.659996,16995188223.099998,2562908557.4299994,3113846685.66,550938128.23,,-4950117.700000001,549229135.87,561533680.83,2482806444.55,3060120400.620001,-1660252.4399999995,8442190319.19,7829514858.529999,-7876474468.49,-3543230518.2,5976340321.309999,4980390.04,,46546993024.99999,0.5309136135756893
002714,牧原股份,2021-09-30,2021-10-19,9949744561.49,18793201480.68,6511515314.36,14508857936.91,9346234908.62,7098519978.81,581650722.63,169205263098.86,97750038905.93,15255985193.56,56199238999.37,7363597402.25,33677496440.9,14693147993.67,89064992239.72,5262658031.0,8333071403.29,31853067764.6,65756449694.36,46668484282.12,1594459244.46,8100.0,6951884237.43,19411191.39,3477575221.48,2021-10-19,56281803768.28,56281803768.28,42705689806.35,8704266223.85,9714668104.44,1010401880.59,,-16068009.86,1544817218.47,1569620709.72,8650197693.95,9759034228.27,-25378287.49,2021-10-19,13293165491.84,28224281833.32,8452725542.83,-28325326301.37,9575940274.5,8298750678.45,12195531.95,,2459689826.11,,,2021,3,14743838256.900002,14743838256.900002,14804209368.34,-821714334.2199993,-1448538667.8099995,-626824333.59,,-509834.0499999989,563608648.97,573271941.28,-785421494.2999992,-1342886340.3400002,-12098216.459999999,95146925.34000015,5903253079.34,-5898563861.209999,9354991232.97,1208057716.71,5719218.129999999,,56258329619.38,0.5777009362221699
002714,牧原股份,2021-12-31,2022-04-30,12197631807.23,22291617876.55,7749264875.86,13923309531.58,8625761497.53,6815476794.44,552808778.8,177265759187.58,108661642156.23,14252348511.99,54351768519.36,7351015960.7,34475732608.85,11103405811.26,99550929343.39,5262358594.0,7975334653.34,36668913469.93,78231569842.51,48752653289.76,1000648040.7,1015570.0,4680265176.67,19908755.27,3477575221.48,2022-04-30,78889870566.4,78889870566.4,65679895184.29,6903777691.92,7638583062.35,734805370.43,,-17586410.84,2177725896.35,2218548918.12,6785021475.69,7668310234.63,-27981304.27,2022-04-30,16295026813.82,35852334356.78,8407255637.63,-35967714588.11,14170997367.2,8966972376.87,14697656.67,,2459689826.11,,,2021,4,22608066798.119995,22608066798.119995,22974205377.940002,-1800488531.9300003,-2076085042.0900002,-275596510.1600001,,-1518400.9800000004,632908677.8799999,648928208.3999999,-1865176218.2600012,-2090723993.6400003,-2603016.780000001,3001861321.9799995,7628052523.459999,-7642388286.740002,4595057092.700001,668221698.420001,2502124.7200000007,,59405430575.96,0.6129872043773883
002714,牧原股份,2022-03-31,2022-04-30,16115760501.79,31974107239.57,7547367985.81,12317084594.74,8699209506.34,6766318584.91,705623810.49,184033555263.67,119959298117.64,13573454463.5,50500802682.53,7079164473.7,35794763448.82,11272904127.25,100938195398.31,5322078466.0,7787990703.9,38942525109.29,90880019354.42,54372420746.58,1006520630.38,1336300.0,6229294781.8,37742482.32,3477396563.94,2022-04-30,18277656240.56,18277656240.56,22487693038.05,-5180230377.25,-5759371001.08,-579140623.83,,5135441.83,709195728.81,714048474.39,-5240714569.53,-5809151644.52,-24842973.41,2022-04-30,-58213007.43,5914267261.26,10624729131.2,-5912610439.14,8188296935.34,692957610.26,1656822.12,,2459689826.11,,,2022,1,18277656240.56,18277656240.56,22487693038.05,-5180230377.25,-5759371001.08,-579140623.83,,5135441.83,709195728.81,714048474.39,-5240714569.53,-5809151644.52,-24842973.41,-58213007.43,5914267261.26,-5912610439.14,8188296935.34,692957610.26,1656822.12,,67304087911.369995,0.6518338351164871
002714,牧原股份,2022-06-30,2022-08-31,13571766245.94,29232809316.49,8379291924.24,11711426679.95,8773908853.59,5644987923.11,1443914302.0,181654329668.12,120767486739.05,12893373456.85,47993469472.22,6433624032.63,35273380477.1,8514449392.11,103993932302.86,5322103451.0,7275925728.27,35682351204.18,92545948828.34,53075765904.47,715964454.37,124500.0,6529925670.04,94803539.76,3477269504.14,2022-08-31,44267648738.04,44267648738.04,48466775127.42,-6683595896.21,-7387967519.67,-704371623.46,,-11244800.43,1410135583.83,1441631777.72,-6870597916.81,-7514876744.17,-33863948.68,2022-08-31,190418586.16,7971549102.66,6591298263.17,-8009432097.72,6003056054.01,2548802462.43,6517004.94,,2459689826.11,,,2022,2,25989992497.48,25989992497.48,25979082089.37,-1503365518.96,-1628596518.5900002,-125230999.63,,-16380242.26,700939855.02,727583303.33,-1629883347.2800007,-1705725099.6499996,-9020975.27,248631593.59,2057281841.3999996,-2096821658.58,-2185240881.33,1855844852.1699998,4860182.82,,63742424697.380005,0.6648203043642866
002714,牧原股份,2022-09-30,2022-10-25,15106328390.15,29747763840.85,8158665419.52,11031365244.05,8846761073.47,5390679561.82,1499952460.39,185007052395.58,113715474439.23,14803395853.93,56488182102.42,6910105948.69,37483299663.57,8023918589.75,103820467996.6,5322167365.0,7104057426.96,31707611130.32,86274495577.3,56584471253.56,775643194.51,26415737.62,4910808376.5,37446307.07,3476945901.85,2022-10-25,80773540062.83,80773540062.83,73940329356.96,1512298977.39,1825196326.35,312897348.96,,-20890030.79,2129857733.44,2189703770.78,1299927442.5,1672952993.59,-54196370.74,2022-10-25,9859427608.05,11613297157.98,9786225262.78,-11765754741.88,3285299127.64,3349593947.9,22098249.44,,2459689826.11,,,2022,3,36505891324.79,36505891324.79,25473554229.54001,8195894873.6,9213163846.02,1017268972.4200001,,-9645230.36,719722149.6100001,748071993.0600002,8170525359.31,9187829737.76,-20332422.060000002,9669009021.89,3641748055.3199997,-3756322644.159999,-2717756926.3700004,800791485.4700003,15581244.5,,63175235139.71,0.6146548089209316
002714,牧原股份,2022-12-31,2023-04-28,20793548584.65,29165439679.99,9691733567.04,10646385315.97,8921277714.77,4384635532.4,1997498043.09,192947611799.0,104877234930.92,16287026538.77,71783350329.31,7334832511.9,38251719104.6,7441270850.48,106358717863.88,5472283869.0,6682770525.52,28343257072.09,78167176415.42,62578347772.27,670488812.3,3041536.82,3157054048.07,107216533.16,1017236197.66,2023-04-28,124826212177.74,124826212177.74,102987059470.99,13266156512.39,14933400591.58,1667244079.19,,-23105915.89,2907716277.46,2889858125.59,13029323049.56,14853694936.04,-3368403.36,2023-04-28,23010550801.93,15738918946.02,17910289723.66,-15928720515.89,2420574383.27,4190777891.87,45604263.47,,,,,2022,4,44052672114.91,44052672114.91,29046730114.03,11753857535.0,13108204265.23,1354346730.23,,-2215885.1000000015,777858544.02,700154354.81,11729395607.06,13180741942.45,50827967.38,13151123193.880001,4125621788.040001,-4162965774.01,-864724744.3699999,841183943.9699998,23506014.029999997,,62809471810.170006,0.5435529051283315
002714,牧原股份,2023-03-31,2023-04-28,23209733828.29,40664243443.15,9012932000.85,9791742984.87,8994096725.4,4343827824.91,2208659917.25,198089643750.55,111659844741.46,16123028449.9,70306770559.19,7393865786.51,41857754383.26,6366053561.74,107478005647.4,5469778740.0,6463934283.64,24392508925.07,85532975636.68,67925079819.36,571642465.88,132800.0,2268466323.65,100073629.79,1017208283.09,2023-04-28,24198301291.41,24198301291.41,23742655017.35,-1198054174.39,-1200495384.05,-2441209.66,,9016472.65,710058958.14,756903315.06,-1252147469.2,-1190477753.96,16794917.67,2023-04-28,-3853793609.91,4058595551.25,20176352067.04,-4047346897.67,10174107995.59,1169723314.07,10600249.42,,,,,2023,1,24198301291.41,24198301291.41,23742655017.35,-1198054174.39,-1200495384.05,-2441209.66,,9016472.65,710058958.14,756903315.06,-1252147469.2,-1190477753.96,16794917.67,-3853793609.91,4058595551.25,-4047346897.67,10174107995.59,1169723314.07,10600249.42,,72806842979.18001,0.5636834042776655
002714,牧原股份,2023-06-30,2023-08-18,17553101194.43,45333671710.62,8217444363.06,12143703467.66,9067939114.79,4220242385.21,2025418060.04,191920659062.65,115264676316.7,12492431300.87,64163551445.08,7706988601.31,42193904658.25,4909855202.0,109192452853.76,5465349355.0,5758815652.53,20695717357.43,86950715410.31,61758137676.97,563984359.02,28415171.59,2078121272.66,87189616.53,1017204552.63,2023-08-18,51868974466.09,51868974466.09,51132881181.99,-2779217657.24,-2789224165.31,-10006508.07,,11749784.78,1487177036.07,1565175954.71,-2786143275.0,-2682002223.2,4512982.25,2023-08-18,-1044041987.65,9554565889.82,14731142376.58,-9691748252.45,7563508056.77,1917563671.03,16220603.99,,,,,2023,2,27670673174.679996,27670673174.679996,27390226164.64,-1581163482.8499997,-1588728781.26,-7565298.41,,2733312.129999999,777118077.93,808272639.6500001,-1533995805.8,-1491524469.2399998,-12281935.420000002,2809751622.2599998,5495970338.57,-5644401354.780001,-2610599938.8199997,747840356.96,5620354.57,,78983001041.34001,0.6005850380029872
002714,牧原股份,2023-09-30,2023-10-28,15762872524.96,45333940020.9,7879332895.53,11998183323.73,9139132554.12,4352740935.77,2244320704.08,189547131797.65,113065994784.57,11261277051.41,65219859961.67,7811920647.31,40578345828.84,3475717400.29,110338472281.68,5465349529.0,5632056861.94,20018942575.45,84497975858.35,59331462312.98,812788098.2,27762066.5,2172569449.82,86047736.74,1017203667.98,2023-10-28,82968655500.72,82968655500.72,79130164411.09,-1842329322.27,-1679244638.52,163084683.75,,10304671.99,2279135718.93,2423929938.03,-1715583218.44,-1422771777.33,-10502705.56,2023-10-28,6688025660.0,13842115841.44,13276443427.43,-14621095233.78,3306090250.19,7108513389.93,47626347.51,,,,,2023,3,31099681034.630005,31099681034.630005,27997283229.1,936888334.9699998,1109979526.79,173091191.82,,-1445112.789999999,791958682.8599999,858753983.3200002,1070560056.56,1259230445.87,-15015687.81,7732067647.65,4287549951.620001,-4929346981.33,-4257417806.5800004,5190949718.900001,31405743.519999996,,78703329730.05,0.5965059650982901
002714,牧原股份,2023-12-31,2024-04-27,19429106263.01,46929024084.71,8651187320.2,9863454832.92,9206800808.08,4111587064.55,2615724345.94,195404553902.24,121367898324.01,11208604205.13,62828051373.1,9315122160.11,41930812919.17,2308343400.07,112150493445.44,5465350578.0,5274127008.31,25976937616.48,94659039714.16,63582798966.22,549478379.35,21184000.0,2513903720.49,42074470.18,1017198445.32,2024-04-27,110860727714.4,110860727714.4,107414785992.36,-4263280820.31,-4167868982.84,95411837.47,-202476115.94,-4165810.97,3054136191.99,3239357630.51,-4026262919.48,-3731911833.83,-2219502.73,2024-04-27,9892816863.72,17015725403.56,13776392900.89,-17218814433.26,3198968342.21,7747123200.88,58051367.2,202476115.94,,,,2023,4,27892072213.679993,27892072213.679993,28284621581.270004,-2420951498.04,-2488624344.32,-67672846.28,,-14470482.96,775000473.06,815427692.48,-2310679701.04,-2309140056.5,8283202.83,3204791203.7199993,3173609562.119999,-2597719199.4799976,-107121907.98000002,638609810.9499998,10425019.690000005,,78762054110.46,0.6211108999267735
002714,牧原股份,2024-03-31,2024-04-27,23024185009.69,50800381178.22,8587104555.82,10441786092.56,9273774637.68,4058180674.49,2452186220.66,196664428612.52,125058081646.7,10429119892.01,61177227073.81,10637247610.85,39330717880.65,2296229515.48,110785607374.68,5465350691.0,5116760973.43,25841344171.96,97955691705.67,64971828846.44,576109946.28,1950.0,4371505559.62,20326370.96,1017197869.77,2024-04-27,26272049758.43,26272049758.43,26928981911.85,-2378911751.33,-2458787488.86,-79875737.53,-2965125.21,11871513.77,831391743.53,873144426.39,-2386836453.46,-2443938017.31,-9023084.81,2024-04-27,5066779306.59,4812211531.17,15400308158.96,-5421723824.37,1978860323.55,1186335672.35,5825831.88,,,,,2024,1,26272049758.43,26272049758.43,26928981911.85,-2378911751.33,-2458787488.86,-79875737.53,-2965125.21,11871513.77,831391743.53,873144426.39,-2386836453.46,-2443938017.31,-9023084.81,5066779306.59,4812211531.17,-5421723824.37,1978860323.55,1186335672.35,5825831.88,,83161227138.77,0.6358957871995088
002714,牧原股份,2024-06-30,2024-08-03,20360007111.79,43151920022.99,10208260081.87,11123267425.63,9340668657.02,3968164013.35,1614855147.68,191598234303.12,118422563414.89,9092478344.4,64083192543.83,10244716517.34,39930301433.19,2094499466.88,108984865887.99,5465352559.0,4871840785.44,26622736115.72,91505193362.95,62466445319.39,601260398.64,,5581165619.9,22887481.32,1017188596.89,2024-08-03,56866110089.83,56866110089.83,52463816378.43,829288208.44,1024789694.04,195501485.6,-19182471.83,9366392.53,1572134937.82,1667983504.76,878524246.17,1155749117.02,-19835619.95,2024-08-03,15473830280.37,5999964473.27,14572978175.29,-6335381096.43,-8341870920.54,2008606920.31,59567855.26,19182471.83,,,,2024,2,30594060331.4,30594060331.4,25534834466.58,3208199959.77,3483577182.9,275377223.13,-16217346.619999997,-2505121.24,740743194.29,794839078.37,3265360699.63,3599687134.33,-10812535.139999999,10407050973.78,1187752942.1000004,-913657272.0600004,-10320731244.09,822271247.96,53742023.379999995,,77792280200.86,0.6180775300232587
002714,牧原股份,2024-09-30,2024-10-30,19325099345.77,41869440334.39,9229507290.91,10623999868.76,9404926322.04,4302969054.99,1700654129.73,191271082983.86,111669214394.0,7347123859.91,72254744729.95,10253933645.4,39951890285.77,1840955012.64,107532845270.27,5465353161.0,5135010726.31,22345318481.06,84803560463.82,63509474550.62,633128410.8,,4075235572.84,525464563.19,1017185591.2,2024-10-30,96775125566.31,96775125566.31,80065365369.9,10481068452.78,11245651658.16,764583205.38,-12472553.87,9156742.95,2285137859.51,2430135550.44,11220611180.39,12114594947.09,-32317420.15,2024-10-30,29177873951.82,10165085857.38,15745131519.77,-12668460355.76,-14540648643.14,3171920405.46,94695629.53,,,,,2024,3,39909015476.479996,39909015476.479996,27601548991.469994,9651780244.34,10220861964.119999,569081719.78,6709917.959999999,-209649.58000000007,713002921.6900003,762152045.6800001,10342086934.22,10958845830.07,-12481800.2,13704043671.449999,4165121384.1099987,-6333079259.33,-6198777722.599999,1163313485.15,35127774.27,,75430842871.09001,0.5838269572793864
002714,牧原股份,2024-12-31,2025-03-20,16951642855.0,45257669125.09,8204573858.38,8797453756.82,9465543691.34,4354705901.57,1177560016.6,187648723830.92,110112494714.77,5504451259.14,72031777857.01,9355138722.11,41969838456.65,2018203532.86,106751360258.78,5462767761.0,5122362401.24,20716745458.74,85476512749.91,61318601205.85,620017142.02,2886840.0,2723724853.68,1181623633.17,1017159925.57,2025-03-20,137946892076.87,137946892076.87,109319018236.95,17881260485.27,18925044904.25,1043784418.98,-12884326.14,283692.84,2975449911.06,3177468228.97,18746855671.39,20010546646.69,-28565993.61,2025-03-20,37543066214.49,12380725812.0,12844551613.08,-13246168121.58,-25228713525.65,8255880276.03,137236341.71,12884326.14,,,,2024,4,41171766510.56,41171766510.56,29253652867.050003,7400192032.49,7679393246.09,279201213.6,-411772.2700000014,-8873050.11,690312051.5499997,747332678.5299997,7526244491.0,7895951699.599998,3751426.539999999,8365192262.669998,2215639954.620001,-577707765.8199997,-10688064882.510002,5083959870.57,42540712.18000001,,76079946333.19998,0.5868011914324892
002714,牧原股份,2025-03-31,2025-04-25,23566229386.7,52350736364.54,9819008308.4,7784710323.29,10521459791.64,4377732279.08,1153933005.79,198170939146.5,117315530970.58,4509145106.97,76346263068.95,7948012104.58,42809476063.01,2489886466.12,105889333073.74,5462768177.0,5030485226.03,18892203989.98,92647924157.04,73758220592.79,568941913.32,2484560.0,2647203413.01,1134233407.44,1017156919.88,2025-04-25,36061237090.13,36061237090.13,28921588843.74,4491095122.49,4619297047.43,128201924.94,-4861348.2,592490.67,737228155.91,750814132.51,4509172708.2,4661656654.48,-10316796.53,2025-04-25,7506015637.01,2866856539.71,19452604266.31,-7446148635.77,6548071550.63,647714328.24,9751263.96,,,,,2025,1,36061237090.13,36061237090.13,28921588843.74,4491095122.49,4619297047.43,128201924.94,-4861348.2,592490.67,737228155.91,750814132.51,4509172708.2,4661656654.48,-10316796.53,7506015637.01,2866856539.71,-7446148635.77,6548071550.63,647714328.24,9751263.96,,84853647066.95,0.5919915981417095
002714,牧原股份,2025-06-30,2025-08-21,20285494710.84,46408449491.58,8574084339.59,6952489490.93,11080581284.7,4285255738.44,849871217.51,186454034629.62,104520219295.73,3491583665.03,78442231668.86,8166961743.52,39162635511.8,2538445367.69,103870900435.51,5462768373.0,4904397185.47,16094608477.75,80492742734.26,63855531693.5,622412821.91,1704948265.51,3023227799.12,897193377.08,1017155960.62,2025-08-21,76462752679.74,76462752679.74,60774025235.12,10530051098.42,10790266620.34,260215521.92,-2029601.99,-5176391.28,1411019996.45,1444045287.04,10676851630.8,11005768383.34,-20198971.13,2025-08-21,17350809939.4,5225824186.32,16401011770.8,-5931445429.58,-7863100413.38,4404721758.77,36733629.44,2029601.99,,,,2025,2,40401515589.61001,40401515589.61001,31852436391.38,6038955975.93,6170969572.91,132013596.97999999,2831746.21,-5768881.95,673791840.5400001,693231154.53,6167678922.599999,6344111728.860001,-9882174.6,9844794302.390001,2358967646.6099997,1514703206.1900005,-14411171964.01,3757007430.5300007,26982365.479999997,,77300860345.24,0.560568289677149
002714,牧原股份,2025-09-30,2025-10-31,19035214044.41,39760262858.02,8505120787.79,7924528346.39,11638198817.0,2231392698.21,851177109.0,180755919633.38,100316102480.15,3569486405.82,76870330747.41,7741801401.33,36520289325.05,3227149012.29,101353281667.56,5462771029.0,4728890053.41,14401468815.45,76798982424.53,60554337267.44,633672012.52,2208296144.65,2095063771.8,403693403.4,1017143127.81,2025-10-31,111790004878.72,111790004878.72,90855472034.76,14778904957.09,15112123219.8,333218262.71,-2934053.12,-13032562.84,1950978061.16,2024669174.63,15473377552.36,15948747717.58,-15651169.07,2025-10-31,28579542847.47,7286587136.74,17268736105.83,-8499316800.5,-15656261351.92,4963784283.57,62362528.19,,,,,2025,3,35327252198.979996,35327252198.979996,30081446799.63999,4248853858.67,4321856599.459999,73002740.78999999,-904451.1300000001,-7856171.56,539958064.71,580623887.5900002,4796525921.560001,4942979334.24,4547802.059999999,11228732908.07,2060762950.42,-2567871370.92,-7793160938.54,559062524.7999992,25628898.75,,70059503507.41,0.5549810080002754
002714,牧原股份,2025-12-31,2026-03-28,13862397618.88,41155376669.3,7485550933.75,7733417073.16,11695079085.28,2179276683.9,676542042.38,171741086702.08,92999107770.76,1052733491.83,77689245439.49,6797220059.01,37177438419.4,2488721356.5,100634104612.66,5462771148.0,3901804402.05,13327628825.14,69840395136.56,54576221945.66,711435426.61,1622460.0,714297105.13,411810033.17,1017142552.25,2026-03-28,144144965371.68,144144965371.68,118461055325.37,15486891254.04,15811817543.45,324926289.41,-72086229.07,-27806721.05,2457807449.13,2556832463.42,15988392483.9,16894216594.0,-1879743.05,2026-03-28,30056186914.47,9528929651.93,12778056091.87,-7244761687.12,-22877950696.52,10344664907.19,1521106365.77,72086229.07,,,,2025,4,32354960492.95999,32354960492.95999,27605583290.61,707986296.9500008,699694323.6500015,-8291973.299999952,-69152175.94999999,-14774158.21,506829387.97,532163288.78999996,515014931.539999,945468876.4200001,13771426.02,1476644067.0,2242342515.1900005,1254555113.38,-7221689344.6,5380880623.620001,1458743837.58,,70248700445.39,0.5415076238109868
002714,牧原股份,2026-03-31,2026-04-22,14269789991.28,40172035605.49,6528506964.7,7772745241.5,12748703919.83,2175380406.67,494968022.27,177196601090.99,89893899791.41,23174105.33,87279527194.25,7180076727.2,39697692156.81,3333483767.31,99179929630.17,5772994649.0,3781064965.23,12799507352.77,65849823056.0,60137326253.98,919913644.63,502694011.5,387385652.06,425017438.81,1017140505.82,2026-04-22,29893668691.43,29893668691.43,28347591458.67,-1214841304.35,-1222150012.25,-7308707.9,-322208835.56,-15520076.74,580371980.77,510702211.89,-1141499294.73,-953579354.35,161961222.03,2026-04-22,-919971284.57,4491282707.2,12003495102.04,-7781509914.86,7987508158.26,390855856.01,42606875.85,,,,,2026,1,29893668691.43,29893668691.43,28347591458.67,-1214841304.35,-1222150012.25,-7308707.9,-322208835.56,-15520076.74,580371980.77,510702211.89,-1141499294.73,-953579354.35,161961222.03,-919971284.57,4491282707.2,-7781509914.86,7987508158.26,390855856.01,42606875.85,,69397372138.19,0.507311648405997
002714,牧原股份,2026-06-30,2026-08-21,16546553782.7,47252288510.69,9580018609.87,4643134785.87,11296753564.98,2029907947.12,321385695.73,175063111942.34,94847917688.6,28577377.36,80186616876.38,8938566823.35,38297859044.3,2379663198.3,96767918564.63,5772996075.0,3681322500.4,12403854082.27,75668801814.35,59793733026.74,832342900.53,1005423169.55,281744546.93,1385757096.11,1017134014.8,2026-08-21,59410306384.59,59410306384.59,60346397370.48,-6077653278.94,-6084444904.94,-6791626.0,-313531318.38,-7818269.51,1119551582.0,1030335826.21,-5895303071.49,-5385331488.61,420112208.0,2026-08-21,-2223668382.68,6520966515.39,13629106556.45,-8015327308.85,11159762101.56,3186713949.17,738229330.56,313531318.38,,,,2026,2,29516637693.159996,29516637693.159996,31998805911.810005,-4862811974.59,-4862294892.69,517081.9000000004,8677517.180000007,7701807.23,539179601.23,519633614.32000005,-4753803776.76,-4431752134.259999,258150985.97,-1303697098.1099997,2029683808.1900005,-233817393.99000072,3172253943.299999,2795858093.16,695622454.7099999,,74802103418.53,0.5417927091336053
002726,ST龙大,2015-12-31,2016-03-23,364189280.29,35000000.0,,,,,,1930603778.51,304387279.49,79596687.64,1546619811.38,23237039.61,439788908.15,18415742.95,447600682.62,436480000.0,,126695166.43,285177155.76,1283509683.59,109541985.27,,20000000.0,,,2016-03-23,4270489896.2,4270489896.2,3929260331.75,115833796.32,116240918.78,407122.46,,,-3523265.41,,100366222.64,115605381.53,11733062.21,2016-03-23,258633657.16,87028310.24,354189280.29,-219151629.0,-2267875.6,35305094.76,12698105.9,194465.82,,,,2015,4,,,,,,,,,,,,,,,,,,,,,35000000.0,0.15766429283844033
002726,ST龙大,2016-03-31,2016-04-23,454934983.92,30000000.0,,,,,,2003816645.13,321748968.85,80192280.16,1601875396.12,22305779.61,336433559.14,19874131.88,449795266.41,436480000.0,,139798412.04,303167457.05,1360807911.46,103084957.35,,20000000.0,,,2016-04-23,1200883088.48,1200883088.48,1088974160.04,55255584.74,55851177.26,595592.52,,,-433043.91,,50366418.93,56711790.75,5056982.84,2016-04-23,151722763.88,30851907.35,454934983.92,-45440663.37,-5478950.7,478950.7,3898638.5,,,,,2016,1,1200883088.48,1200883088.48,1088974160.04,55255584.74,55851177.26,595592.52,,,-433043.91,,50366418.93,56711790.75,5056982.84,151722763.88,30851907.35,-45440663.37,-5478950.7,478950.7,3898638.5,,30000000.0,0.16056806875617413
002726,ST龙大,2016-06-30,2016-08-13,425240059.73,35000000.0,,,,,,2090114854.89,314098764.41,80594291.95,1695421798.53,22306856.92,400215963.94,21224161.1,461976191.76,445160000.0,,123038272.46,295847770.95,1420461547.75,115313266.36,,30000000.0,,,2016-08-13,2545172256.88,2545172256.88,2304274296.4,132855587.14,133853191.45,997604.31,,,-1903695.03,,123411470.0,136408405.28,9553453.44,2016-08-13,112125839.55,61908871.53,410240059.73,-71321899.57,15048827.08,35815972.92,7718147.3,633558.1,,,,2016,2,1344289168.4,1344289168.4,1215300136.3600001,77600002.4,78002014.19,402011.79000000004,,,-1470651.12,,73045051.07,79696614.53,4496470.6,-39596924.33,31056964.18,-25881236.199999996,20527777.78,35337022.22,3819508.8,,35000000.0,0.1502782316843208
002726,ST龙大,2016-09-30,2016-10-27,495900392.69,35000000.0,,,,,,2199457524.77,349825397.0,81265876.85,1768366250.92,21581087.27,469654596.36,26774482.49,467781967.58,445160000.0,,128312926.03,332249006.69,1509492795.69,125680312.35,,30000000.0,,,2016-10-27,3890032236.56,3890032236.56,3520071764.87,205800039.53,207469228.74,1669189.21,,,-2732343.22,,188179547.39,209715720.05,15469999.87,2016-10-27,218213471.2,88749438.43,495900392.69,-91400098.47,14626393.74,36238406.26,12661022.14,,,,,2016,3,1344859979.6799998,1344859979.6799998,1215797468.4699998,72944452.39,73616037.29,671584.8999999999,,,-828648.1900000002,,64768077.389999986,73307314.77000001,5916546.43,106087631.64999999,26840566.900000006,-20078198.900000006,-422433.33999999985,422433.3399999961,4942874.840000001,,35000000.0,0.15905076277232572
002726,ST龙大,2016-12-31,2017-07-27,820188751.81,47000000.0,,,,,,2299083200.34,451683411.77,81360463.78,1766039324.79,22541988.67,459335490.62,8047704.83,506052214.88,444760000.0,,155665922.3,434656888.74,1571292836.68,136662243.94,,30000000.0,,,2017-04-26,5450045828.18,5450045828.18,4967577555.26,232754370.15,234518146.29,1763776.14,,,-4228793.71,,206075675.97,228056293.42,9599833.08,2017-04-26,291002994.91,126190846.46,808188751.81,138608469.94,23806068.73,36714731.27,16250012.27,13715577.72,,,,2016,4,1560013591.6200004,1560013591.6200004,1447505790.3900003,26954330.620000005,27048917.549999982,94586.92999999993,,,-1496450.4899999998,,17896128.580000013,18340573.369999975,-5870166.789999999,72789523.71000004,37441408.02999999,230008568.41,9179674.99,476325.01000000536,3588990.129999999,,47000000.0,0.19646240366734127
002726,ST龙大,2017-03-31,2017-04-26,913221993.7,38000000.0,,,,,,2361190143.34,430762357.73,83291950.14,1847135835.47,23780937.54,423420653.06,12785564.77,497210940.07,444760000.0,,135948517.27,414241803.27,1630751362.0,140918242.92,,30000000.0,,,2017-04-26,1476005324.37,1476005324.37,1331602159.65,77319674.83,79251161.2,1931486.37,,,-2198876.17,,75572576.1,81283900.86,2514226.62,2017-04-26,139607251.33,29257509.24,913221993.7,-25016133.35,-9524899.99,524899.99,3617101.92,,,,,2017,1,1476005324.37,1476005324.37,1331602159.65,77319674.83,79251161.2,1931486.37,,,-2198876.17,,75572576.1,81283900.86,2514226.62,139607251.33,29257509.24,-25016133.35,-9524899.99,524899.99,3617101.92,,38000000.0,0.18243442144844338
002726,ST龙大,2017-06-30,2017-07-27,913490638.93,53000000.0,,,,,,2390186242.15,450583057.26,86031726.03,1853571458.86,24235900.78,470390220.81,9413987.2,505349154.02,444760000.0,,104949904.88,434546057.44,1639271128.24,162689489.81,,30000000.0,,,2017-07-27,2904597891.3,2904597891.3,2635431299.29,133196635.56,137867897.81,4671262.25,,,-3224269.52,,128098024.54,137002557.1,1666880.16,2017-07-27,116067311.5,53483613.23,901490638.93,-27725867.54,5020947.93,979052.07,6860389.54,4426804.31,,0.0,,2017,2,1428592566.9300003,1428592566.9300003,1303829139.6399999,55876960.730000004,58616736.61,2739775.88,,,-1025393.3500000001,,52525448.44000001,55718656.239999995,-847346.4600000002,-23539939.830000013,24226103.99,-2709734.1899999976,14545847.92,454152.07999999996,3243287.62,,53000000.0,0.1885137857938197
002726,ST龙大,2017-09-30,2017-10-26,733186286.58,53000000.0,,,,,,2508729412.46,509610626.07,98916190.91,1900202595.48,24661480.65,553631766.84,18060142.38,508078705.89,756092000.0,,181804073.64,494006451.69,1709629177.39,197348474.49,,30000000.0,,,2017-10-26,4542748313.91,4542748313.91,4166682901.59,165083666.18,172839393.31,7755727.13,,,-9810508.59,1641904.61,158799716.42,171368582.54,1681463.13,2017-10-26,118017768.19,104881445.91,733186286.58,-136832762.16,-56118318.73,71918318.73,9151327.6,,,,,2017,3,1638150422.6099997,1638150422.6099997,1531251602.3000002,31887030.620000005,34971495.5,3084464.88,,,-6586239.07,,30701691.87999998,34366025.44,14582.969999999972,1950456.6899999976,51397832.68,-109106894.62,-61139266.66,70939266.66000001,2290938.0599999996,,53000000.0,0.20313495091935324
002726,ST龙大,2017-12-31,2018-04-18,688593362.54,53000000.0,,,,,,2543696467.7,512347584.65,101462609.36,1929886273.69,24378550.69,583735011.87,46959240.44,547922176.44,756092000.0,,203883823.58,495066150.93,1694583151.2,178060416.85,,50000000.0,,,2018-04-18,6572625774.96,6572625774.96,6073827743.76,188120962.51,198423108.09,10302145.58,,,-13648398.51,2018783.77,180315115.76,196733238.19,2030101.75,2018-04-18,88753554.91,152779099.89,668593362.54,-171568818.93,-56701097.89,72501097.89,11963116.6,887008.82,,,,2017,4,2029877461.0500002,2029877461.0500002,1907144842.17,23037296.329999983,25583714.78,2546418.45,,,-3837889.92,376879.1599999999,21515399.340000004,25364655.650000006,348638.6200000001,-29264213.28,47897653.97999999,-34736056.77000001,-582779.1600000039,582779.1599999964,2811789.0,,53000000.0,0.20141852267195332
002726,ST龙大,2018-03-31,2018-04-28,896741227.38,243000000.0,,,,,,2848352249.76,729745197.27,109036596.92,2009570455.57,25154709.68,629942083.53,65184058.88,547755960.7,755616000.0,,228510352.26,712581229.12,1986509861.52,170941223.04,,50000000.0,,,2018-04-28,1841072554.86,1841072554.86,1664946884.98,78780965.9,86356127.18,7575161.28,,,-2475638.83,2086784.06,74755550.54,85216222.33,2018687.64,2018-04-28,60880721.81,42749648.64,896741227.38,-19644911.19,186934555.4,1424625.0,2552874.44,,,,,2018,1,1841072554.86,1841072554.86,1664946884.98,78780965.9,86356127.18,7575161.28,,,-2475638.83,2086784.06,74755550.54,85216222.33,2018687.64,60880721.81,42749648.64,-19644911.19,186934555.4,1424625.0,2552874.44,,243000000.0,0.256199069947015
002726,ST龙大,2018-06-30,2018-08-24,929592210.63,560000000.0,,,,,,3243211569.27,1149135789.1,110483113.21,1983592666.96,26289106.32,819297513.46,87918422.4,547463908.44,756092000.0,,299819106.96,1132596004.09,2335883851.27,192566639.7,,60000000.0,,,2018-08-24,3623130127.58,3623130127.58,3348939228.67,86783160.55,95803664.4,9020503.85,-12311177.47,,-5230219.64,7638665.36,81608770.96,92916554.43,663781.41,2018-08-24,-220757798.26,93909779.22,908592210.63,-38289937.98,499037866.75,6321313.65,4958087.82,12311177.47,,,,2018,2,1782057572.72,1782057572.72,1683992343.69,8002194.649999991,9447537.219999999,1445342.5699999994,,,-2754580.8099999996,5551881.300000001,6853220.419999987,7700332.100000009,-1354906.23,-281638520.07,51160130.58,-18645026.789999995,312103311.35,4896688.65,2405213.3800000004,,560000000.0,0.3543203286483878
002726,ST龙大,2018-09-30,2018-10-26,903361381.53,532000000.0,,,,,,3315827518.67,1161992679.63,118731147.62,2035103691.42,25933823.83,872700430.64,100407731.28,539777030.48,756092000.0,,306969347.92,1146076446.35,2386997862.41,215256847.12,,,,,2018-10-26,5891083322.09,5891083322.09,5477006577.66,127272150.88,144540689.14,17268538.26,-4097828.12,,-5314646.05,15056032.97,119734558.53,143074004.36,4542036.8,2018-10-26,-122324009.57,128111074.6,903361381.53,-69537739.99,426613854.37,50745326.03,7911581.19,,,,,2018,3,2267953194.51,2267953194.51,2128067348.9899998,40488990.33,48737024.73999998,8248034.410000002,8213349.350000001,,-84426.41000000015,7417367.61,38125787.57000001,50157449.93000001,3878255.3899999997,98433788.69,34201295.379999995,-31247802.009999998,-72424012.38,44424012.38,2953493.37,,532000000.0,0.35043821582616064
002726,ST龙大,2018-12-31,2019-04-27,904223774.08,666500000.0,,0.0,,,,3754629720.9,1505158227.96,141608493.86,2107862999.08,26981424.1,927513300.57,86264361.6,784052634.64,756092000.0,,388468241.21,1489789623.96,2507924368.77,225598866.21,,95000000.0,,,2019-04-27,8778460856.11,8778460856.11,8152539109.61,177056070.27,205687714.21,28631643.94,-8242394.17,0.0,-4044611.58,22225051.54,167605659.04,216660454.26,18417531.48,2019-04-27,-106552210.2,176355493.48,882223774.08,-122823315.07,442987417.17,62371763.23,10636325.51,8242394.17,,59823738.7,,2018,4,2887377534.0200005,2887377534.0200005,2675532531.95,49783919.390000015,61147025.07000002,11363105.68,-4144566.05,,1270034.4699999997,7169018.569999998,47871100.50999999,73586449.89999998,13875494.68,15771799.36999999,48244418.879999995,-53285575.08,16373562.800000012,11626437.199999996,2724744.3199999994,,666500000.0,0.4008806033739081
002726,ST龙大,2019-03-31,2019-04-27,187747936.49,412500000.0,,,,,,4452491992.37,2106913801.72,157981058.01,2187597132.64,25422209.23,1491146190.51,88794176.66,780379988.01,755548000.0,,1147132181.15,2092082001.17,3197159108.05,237486960.62,,,,,2019-04-27,2734224487.8,2734224487.8,2529066400.06,80277180.96,96649745.11,16372564.15,6896875.65,976021.42,2543780.05,7497785.66,81001976.01,108749300.02,11249133.26,2019-04-27,-420524903.18,34082600.33,165847936.49,-30112406.34,-275724278.55,6586200.75,3970193.99,,,59823738.7,,2019,1,2734224487.8,2734224487.8,2529066400.06,80277180.96,96649745.11,16372564.15,6896875.65,976021.42,2543780.05,7497785.66,81001976.01,108749300.02,11249133.26,-420524903.18,34082600.33,-30112406.34,-275724278.55,6586200.75,3970193.99,,412500000.0,0.4731987851590765
002726,ST龙大,2019-06-30,2019-08-22,266319946.18,1451340000.0,,,,,,5055385270.03,2674046108.14,211688980.62,2169650181.27,42882297.26,2141337208.47,64945867.23,803927917.51,755548000.0,,413504378.88,2659751815.63,3717402042.68,299541466.04,,183000000.0,,,2019-08-22,6097747849.49,6097747849.49,5688903567.92,95569190.59,122738143.36,27168952.77,-7740430.32,387590.13,30712120.41,37701720.78,93434470.09,148284400.57,27685565.13,2019-08-22,-1430532344.0,91428439.72,158319946.18,-82747443.06,779372166.0,10879994.37,8680996.66,7352840.19,,59823738.7,,2019,2,3363523361.6899996,3363523361.6899996,3159837167.86,15292009.63000001,26088398.25,10796388.62,-14637305.97,-588431.29,28168340.36,30203935.12,12432494.079999998,39535100.55,16436431.87,-1010007440.8199999,57345839.39,-52635036.72,1055096444.55,4293793.619999999,4710802.67,,1451340000.0,0.5289500137591159
002726,ST龙大,2019-09-30,2019-10-31,612918060.56,1891340000.0,,20000000.0,,,,5532160690.31,3079875862.53,224541517.55,2227743310.23,70064047.98,2249297525.62,73541101.24,828687919.06,755548000.0,,409993210.98,3046110136.4,4124628468.02,310016005.94,,201400000.0,,,2019-10-31,10874359630.68,10874359630.68,10207462704.64,153662317.46,193683807.16,40021489.7,-21518967.21,-896728.32,37869991.51,47838430.73,146584500.19,229019162.0,42986205.98,2019-10-31,-1656973801.16,167546216.84,269118060.56,-175471068.77,1209323213.03,36810598.67,12075148.07,,,59823738.7,,2019,3,4776611781.190001,4776611781.190001,4518559136.719999,58093126.870000005,70945663.8,12852536.930000003,-13778536.89,-1284318.45,7157871.099999998,10136709.949999996,53150030.099999994,80734761.43,15300640.849999998,-226441457.1600001,76117777.12,-92723625.71000001,429951047.03,25930604.300000004,3394151.41,,1911340000.0,0.556722053993232
002726,ST龙大,2019-12-31,2020-04-29,717648941.75,1825340000.0,,20000000.0,,,,6318139722.55,3754810419.0,241108009.25,2322221294.3,77413747.19,2670276668.97,42261377.06,935530878.89,988558480.0,,805404255.92,3721575337.15,4798139763.92,329714137.4,,324887594.43,,,2020-04-29,16822362113.63,16822362113.63,15818516671.75,240871447.47,297418576.67,56547129.2,-50398219.01,-792669.2,49571036.94,66195955.15,230150706.69,350235271.18,60120488.44,2020-04-29,-1371330219.83,232756942.75,545769288.29,-227370366.15,1262236096.5,102044796.85,25386576.6,51190888.21,,59823738.7,,2019,4,5948002482.949999,5948002482.949999,5611053967.110001,87209130.00999999,103734769.51000002,16525639.5,-28879251.799999997,104059.12,11701045.43,18357524.42,83566206.5,121216109.18,17134282.46,285643581.33000016,65210725.91,-51899297.379999995,52912883.47000003,65234198.17999999,13311428.530000001,,1845340000.0,0.5942905006672691
002726,ST龙大,2020-03-31,2020-04-29,766878560.72,1949790000.0,,20000000.0,,,,7159392058.64,4460322517.37,224123760.22,2474945781.05,85136069.82,3292340052.3,44014083.42,934755597.14,998288980.0,,670952238.85,4426071483.8,5578622680.53,384829158.22,,316821526.69,,,2020-04-29,5914322417.06,5914322417.06,5628404601.12,142755519.68,145771270.65,3015750.97,26449310.71,-5559092.7,16508312.34,18300540.73,135682524.89,162833986.69,22550864.51,2020-04-29,-274317549.18,83412643.29,597248684.01,-72184738.39,126576236.78,28426613.22,11227904.9,,,59823738.7,,2020,1,5914322417.06,5914322417.06,5628404601.12,142755519.68,145771270.65,3015750.97,26449310.71,-5559092.7,16508312.34,18300540.73,135682524.89,162833986.69,22550864.51,-274317549.18,83412643.29,-72184738.39,126576236.78,28426613.22,11227904.9,,1969790000.0,0.6230029702015346
002726,ST龙大,2020-06-30,2020-08-11,709412964.88,2124200000.0,,20000000.0,,,,7272125287.92,4454155032.63,220552431.48,2597417823.81,102796336.29,3307468528.51,35794728.48,967711765.78,998288980.0,,715551177.26,4418568107.98,5519247119.31,505717905.78,,391111656.65,,,2020-08-11,11599929715.91,11599929715.91,10984659795.07,304139112.69,303583534.92,-555577.77,20834383.33,-4499866.82,32656248.5,36534145.12,301011631.4,332004490.12,26140256.38,2020-08-11,15822035.05,268348361.48,709412964.88,-246010519.58,393823756.23,91075820.88,28337841.9,-16334516.51,,59823738.7,,2020,2,5685607298.849999,5685607298.849999,5356255193.95,161383593.01,157812264.27,-3571328.74,-5614927.380000003,1059225.88,16147936.16,18233604.389999997,165329106.51,169170503.43,3589391.8699999973,290139584.23,184935718.19,-173825781.19,267247519.45000002,62649207.66,17109937.0,,2144200000.0,0.6124970151475476
002726,ST龙大,2020-09-30,2020-10-31,2177106356.49,2180589829.48,,20000000.0,767520961.61,,,8415767385.64,5073641519.4,254311869.32,3087813996.92,121184820.14,2640316876.74,143624818.66,1001535568.26,998288980.0,,810487708.39,4271133699.98,6539332160.58,459066256.55,,408396620.79,75150060.35,,2020-10-31,18108720513.01,18108720513.01,16926184467.13,614067011.13,647270871.2,33203860.07,19183640.01,-6564963.68,48973492.02,61414354.35,608230042.9,680303023.47,32119602.9,2020-10-31,435561256.45,408655784.86,2133786356.49,-394391277.13,1546853881.71,109435524.88,44797211.02,,,59823738.7,,2020,3,6508790797.099998,6508790797.099998,5941524672.059999,309927898.44,343687336.28000003,33759437.84,-1650743.3199999966,-2065096.8599999994,16317243.520000003,24880209.230000004,307218411.5,348298533.35,5979346.52,419739221.4,140307423.38000003,-148380757.54999998,1153030125.48,18359704.0,16459369.120000005,,2968110791.09,0.6028733075556794
002726,ST龙大,2020-12-31,2021-03-30,2396656422.02,1937309724.19,34833.33,20000000.0,780584988.2,,,8551436933.53,4856046829.01,309402646.69,3385987457.83,129675231.07,2594516067.47,293551741.59,1140544887.31,995938580.0,,990821827.35,4036899422.82,6331520987.27,506715598.23,,483929609.71,57239127.77,172286014.02,2021-03-30,24101638774.23,24101638774.23,22555039597.17,905816886.07,974511523.51,68694637.44,25302991.53,-3117272.49,68022477.72,87566686.96,899988052.72,1019001524.35,42898605.82,2021-03-30,1325020082.82,724367922.64,2176756422.02,-684823855.72,990803474.15,127516186.42,50076770.21,-22185719.04,,59848911.76,,2020,4,5992918261.220001,5992918261.220001,5628855130.039999,291749874.94000006,327240652.30999994,35490777.37,6119351.52,3447691.1899999995,19048985.699999996,26152332.609999992,291758009.82000005,338698500.88,10779002.920000002,889458826.3699999,315712137.78,-290432578.59000003,-556050407.5600001,18080661.540000007,5279559.189999998,,2737929545.7200003,0.5678632569889565
002726,ST龙大,2021-03-31,2021-04-29,2321659039.59,1798751881.23,123536.11,20000000.0,787480621.41,,,8299473922.24,4330542681.47,315485560.77,3653445680.0,134094046.68,2541007653.29,335393176.28,1152558392.19,999863300.0,,961639195.77,3505151528.38,6035940185.29,475800535.43,,513600000.0,33440795.32,172286014.02,2021-04-29,6148397979.46,6148397979.46,5759901538.75,213698247.96,227969171.62,14270923.66,-4295335.44,-241170.33,20279073.08,33075713.99,217581524.52,229877492.63,2499347.46,2021-04-29,342669653.72,142976656.4,2225999039.59,-102255660.26,-191162794.63,15909991.32,40720996.14,,,59848911.76,,2021,1,6148397979.46,6148397979.46,5759901538.75,213698247.96,227969171.62,14270923.66,-4295335.44,-241170.33,20279073.08,33075713.99,217581524.52,229877492.63,2499347.46,342669653.72,142976656.4,-102255660.26,-191162794.63,15909991.32,40720996.14,,2606356038.75,0.521785202537416
002726,ST龙大,2021-06-30,2021-08-31,2046575526.44,2171345210.05,31666.66,272000000.0,795385877.45,63956958.96,,9200788721.87,5263460376.21,357936751.62,3579391594.04,276447538.61,3216079681.45,480480834.38,1139122446.28,1001382245.0,72159512.82,1053498940.49,4113858894.43,6492357673.51,575388015.7,,573700000.0,49051863.41,171597305.21,2021-08-31,10600625473.6,10600625473.6,9945213669.53,306840465.9,336628788.63,29788322.73,-18240031.8,748008.3,28897125.22,50129846.25,319701706.06,337050828.45,2583068.63,2021-08-31,-3711477.43,541935965.79,1922075526.44,-483016207.56,232194728.28,218040160.68,58919758.23,17492023.5,,59848911.76,,2021,2,4452227494.14,4452227494.14,4185312130.7800007,93142217.93999997,108659617.00999999,15517399.07,-13944696.36,989178.63,8618052.14,17054132.26,102120181.53999999,107173335.82,83721.16999999993,-346381131.15000004,398959309.39,-380760547.3,423357522.90999997,202130169.36,18198762.089999996,,3302719713.12,0.5720662146821078
002726,ST龙大,2021-09-30,2021-10-30,2572043520.94,2422862242.87,34833.33,272000000.0,801937158.34,74811256.88,,10048677671.32,5505860999.24,336022752.03,4206793920.05,285225807.81,3228663798.45,604662728.25,1130926621.3,1077755404.0,82556627.96,969898603.84,4335693064.95,7099690143.69,684447502.09,,606500000.0,57602201.39,171597305.21,2021-10-30,15527813915.13,15527813915.13,14717497638.46,326076363.25,336950686.4,10874323.15,-20751230.06,-1154329.22,50152133.51,82201709.22,337726208.94,345022062.37,9679979.42,2021-10-30,-18729104.29,846505341.72,2470959218.38,-772458767.38,1085796571.68,243413722.19,77546644.34,,,59848911.76,,2021,3,4927188441.529999,4927188441.529999,4772283968.929998,19235897.350000024,321897.7699999809,-18913999.58,-2511198.259999998,-1902337.52,21255008.29,32071862.97,18024502.879999995,7971233.920000017,7096910.79,-15017626.86,304569375.93000007,-289442559.82,853601843.4000001,25373561.50999999,18626886.110000007,,3571645491.42,0.5479189580291062
002726,ST龙大,2021-12-31,2022-04-30,2162029563.4,1919823863.11,159669038.57,207000000.0,821012453.14,73804638.56,6180271.64,8230190959.98,4842663750.7,155665898.19,3231861311.09,171934758.53,1566746339.4,977539708.18,1154720517.93,1078860185.0,100987924.13,1008545725.24,3699669108.6,5014065163.11,584036803.99,,552553373.1,21980587.72,171581632.3,2022-04-30,19509959768.79,19509959768.79,19144365402.24,-661559883.47,-850805991.86,-189246108.39,-545988490.48,-11275660.94,73503800.86,116100742.03,-573145079.51,-899301318.08,-53411281.6,2022-04-30,-87677769.49,1299790611.84,1746221993.07,-1203977394.31,861369018.03,258773798.21,99313287.53,557264151.42,,26897147.24,,2021,4,3982145853.6600018,3982145853.6600018,4426867763.780003,-987636246.72,-1187756678.26,-200120431.54,-525237260.42,-10121331.719999999,23351667.35,33899032.81,-910871288.45,-1244323380.45,-63091261.02,-68948665.19999999,453285270.1199999,-431518626.92999995,-224427553.6500001,15360076.02000001,21766643.189999998,,3181309993.3799996,0.5884023559414189
002726,ST龙大,2022-03-31,2022-04-30,2658968147.5,2313631450.72,155409528.97,207000000.0,832049387.11,72155521.68,6388990.67,8477603750.62,5035957667.61,175598300.93,3266047782.08,195667185.75,1638689666.47,1009054343.37,1137825526.57,1081028591.0,97956580.43,850900246.62,3884148113.48,5188278779.8,618351780.59,,457553373.1,16608306.29,171581632.3,2022-04-30,3340323108.47,3340323108.47,3217964526.38,17540783.58,40500075.15,22959291.57,77062800.74,8874549.33,34570653.98,38060353.14,46410456.31,34111929.78,-5169907.79,2022-04-30,612923238.87,196934402.68,2439954157.01,-161361169.15,222221874.57,20835925.8,35583233.53,,,26897147.24,,2022,1,3340323108.47,3340323108.47,3217964526.38,17540783.58,40500075.15,22959291.57,77062800.74,8874549.33,34570653.98,38060353.14,46410456.31,34111929.78,-5169907.79,612923238.87,196934402.68,-161361169.15,222221874.57,20835925.8,35583233.53,,3580245888.4799995,0.5940307916894205
002726,ST龙大,2022-06-30,2022-08-30,2060115181.51,1320404303.75,171788692.47,189000000.0,843169588.75,70853334.01,6576103.84,8091830113.98,4583408140.26,211342847.29,3297079126.43,178218141.58,1814440073.01,980511831.07,1204913654.14,1082215478.0,94053071.06,1315430908.35,3440260083.16,4752806561.12,641925129.09,,788992127.42,25672170.2,171574418.37,2022-08-30,6815217068.63,6815217068.63,6514347623.4,24360726.51,78457675.61,54096949.1,106796687.79,6142383.73,37919963.96,68081197.96,89126855.32,92537002.09,17396638.93,2022-08-30,727557194.06,375222805.5,1731023464.38,-333880444.62,-407940535.52,37456807.07,41342360.88,-112939071.52,,26897147.24,,2022,2,3474893960.1600003,3474893960.1600003,3296383097.0199995,6819942.930000003,37957600.46,31137657.53,29733887.050000012,-2732165.5999999996,3349309.980000004,30020844.819999993,42716399.00999999,58425072.31,22566546.72,114633955.18999994,178288402.82,-172519275.47,-630162410.0899999,16620881.27,5759127.3500000015,,2595215918.9800005,0.5664241680434431
002726,ST龙大,2022-09-30,2022-10-26,1746167651.35,1217274962.94,142598724.6,157500000.0,849193904.23,69613652.52,6741518.25,7856052642.32,4342351418.02,204070088.85,3309631135.45,185257696.93,1639945634.53,522946361.33,1646639089.99,1078470951.0,89305131.17,1205296355.39,3226349650.12,4509991714.73,658095988.49,,742992127.42,30065411.12,171572423.48,2022-10-26,11451986898.92,11451986898.92,11006120906.34,32310886.3,77135076.96,44824190.66,110214067.57,-1577673.18,55802650.45,97975300.53,88810824.64,103801495.78,23449300.83,2022-10-26,894851546.45,521096556.33,1438471896.95,-476781680.78,-724222320.64,63073803.74,44314875.55,,,26897147.24,,2022,3,4636769830.29,4636769830.29,4491773282.940001,7950159.789999999,-1322598.650000006,-9272758.440000005,3417379.7799999863,-7720056.91,17882686.490000002,29894102.570000008,-316030.67999999225,11264493.689999998,6052661.8999999985,167294352.3900001,145873750.82999998,-142901236.15999997,-316281785.12,25616996.67,2972514.6699999943,,2436181244.29,0.5527396029181451
002726,ST龙大,2022-12-31,2023-04-29,1855921035.7,1514670257.81,145845446.48,157500000.0,860965824.9,58075383.36,2791007.44,7951502914.05,4473404779.94,183513368.43,3294584765.68,213855988.96,1715516935.36,602286023.12,1791086868.21,1079128488.0,78359348.6,1206420583.08,3345376858.42,4465667354.85,543484967.87,,631831450.18,15948516.17,171571679.93,2023-04-29,16116307059.41,16116307059.41,15466849168.78,52665888.1,76932353.52,24266465.42,46468338.93,-7314695.71,58477006.84,127253902.45,125165881.39,95965033.11,11213917.07,2023-04-29,941102462.16,669058334.22,749118356.19,-1201613350.29,-735486538.81,82046252.06,54478054.62,-457028448.43,,26871974.18,,2022,4,4664320160.49,4664320160.49,4460728262.440001,20355001.8,-202723.43999999762,-20557725.239999995,-63745728.63999999,-5737022.53,2674356.3900000006,29278601.92,36355056.75,-7836462.670000002,-12235383.759999998,46250915.70999992,147961777.89000005,-724831669.51,-11264218.169999957,18972448.32,10163179.07,,2737056912.55,0.5625860706201422
002726,ST龙大,2023-03-31,2023-04-29,1431905048.71,1423730967.22,146090485.6,196000000.0,872485856.15,57964192.67,13970301.79,7836934923.08,4370241197.7,199079866.86,3267613858.52,222585251.85,2057573021.39,636144140.93,1776954949.14,1079159360.0,76786855.7,1105204318.92,3182120795.08,4310878558.65,559485954.21,,608210000.0,21360907.1,171571679.93,2023-04-29,3476825794.2,3476825794.2,3314413000.03,15339099.2,30906602.45,15567503.25,3155018.62,526500.81,17941167.51,29861556.65,22942469.53,29590650.28,177930.7,2023-04-29,-83329768.45,200045317.12,1049903364.24,-158177937.26,81758914.82,14070180.13,29867379.86,,,26871974.18,,2023,1,3476825794.2,3476825794.2,3314413000.03,15339099.2,30906602.45,15567503.25,3155018.62,526500.81,17941167.51,29861556.65,22942469.53,29590650.28,177930.7,-83329768.45,200045317.12,-158177937.26,81758914.82,14070180.13,29867379.86,,2696271501.64,0.5576467382457794
002726,ST龙大,2023-06-30,2023-08-31,1221253868.04,1324941435.46,143328757.43,307441297.64,884130501.28,54690388.17,54500043.7,7247026989.74,4510133133.04,142604924.6,2594288932.1,24107304.11,1946509297.48,706198383.99,1755912427.55,1079159725.0,70207512.52,1216706166.4,3162667613.93,3836694855.75,598279792.16,,590187500.0,13774085.14,171571063.33,2023-08-31,6726422093.49,6726422093.49,6791252996.63,-636114865.23,-679654194.38,-43539329.15,-187857128.38,2402683.87,41980818.69,60702070.31,-464087662.4,-684595613.33,-1912670.67,2023-08-31,-366555444.44,327556998.56,846205625.59,314341787.58,149231656.62,26000344.48,42110286.14,144045232.19,,26871974.18,,2023,2,3249596299.29,3249596299.29,3476839996.6,-651453964.4300001,-710560796.83,-59106832.4,-191012147.0,1876183.06,24039651.179999996,30840513.660000004,-487030131.92999995,-714186263.61,-2090601.3699999999,-283225675.99,127511681.44,472519724.84,67472741.80000001,11930164.35,12242906.280000001,,2714532379.9800005,0.6223425329345723
002726,ST龙大,2023-09-30,2023-10-20,1364874000.27,1410440804.39,182114854.25,284264202.81,886826523.51,52110521.47,12241707.24,7234606650.79,4676856131.33,72174632.67,2485575886.79,9377078.56,1670094242.13,748375432.8,1722275317.19,1079159725.0,65775635.77,1292832330.53,3398668752.68,3839860815.01,594909445.59,,801837913.95,15227479.49,171571063.33,2023-10-20,10106114731.27,10106114731.27,10064387401.76,-665931633.77,-715732664.99,-49801031.22,-184782957.11,-3054324.39,71268090.85,94282639.48,-505804728.62,-719779670.9,-1731014.42,2023-10-20,-529181078.5,374106948.77,832573648.31,297100980.79,315471007.84,50498019.16,47559429.56,,,26871974.18,,2023,3,3379692637.7800007,3379692637.7800007,3273134405.13,-29816768.53999996,-36078470.610000014,-6261702.07,3074171.269999981,-5457008.26,29287272.159999996,33580569.17,-41717066.22000003,-35184057.56999993,181656.25,-162625634.06,46549950.20999998,-17240806.78999996,166239351.21999997,24497674.679999996,5449143.420000002,,2815756906.43,0.6464561733731992
002726,ST龙大,2023-12-31,2024-04-16,1392572096.51,1854767478.71,179429646.55,326202925.48,899039265.74,45196076.45,5370867.01,6268455544.63,4660577593.02,174979208.11,1432898743.5,4962137.64,991835506.2,870303150.36,1692939156.89,1079159832.0,56681295.48,842465203.98,3343091858.7,2957618541.03,507445474.68,,420625801.99,11571937.3,171570881.98,2024-04-16,13318473211.9,13318473211.9,13528667434.43,-1561740684.03,-1507057139.8,54683544.23,-450175106.41,-37324026.87,97869483.82,128632541.76,-1387045292.64,-1374082017.82,57405960.11,2024-04-16,-588718478.69,424592421.14,903314576.39,294965992.31,447884635.38,67400303.16,118872222.49,272545248.55,,26871974.18,,2023,4,3212358480.629999,3212358480.629999,3464280032.67,-895809050.26,-791324474.81,104484575.44999999,-265392149.3,-34269702.48,26601392.97,34349902.28,-881240564.0200001,-654302346.92,59136974.53,-59537400.19000006,50485472.370000005,-2134988.480000019,132413627.54000002,16902284.0,71312792.92999999,,3304635392.9299994,0.7434969522935484
002726,ST龙大,2024-03-31,2024-04-16,1089228505.43,1640158044.98,167619474.91,325220541.91,911119222.62,43830515.96,66910456.11,5878733915.97,4305911917.17,169462967.78,1403359031.02,3069513.97,935592102.9,824128011.66,1740613678.9,1079159939.0,54943827.48,729578094.85,2917109733.34,2581853701.29,500364886.55,,382489911.14,10196975.87,171570700.63,2024-04-16,2523176556.28,2523176556.28,2431277680.34,-29540757.17,-35056997.51,-5516240.34,7841311.9,-1807460.32,25963260.94,33999015.42,30136182.86,-28109225.11,2544258.2,2024-04-16,-141897535.08,53740047.63,803123677.44,-81180047.63,122886472.4,18080667.51,0.0,,,26871974.18,,2024,1,2523176556.28,2523176556.28,2431277680.34,-29540757.17,-35056997.51,-5516240.34,7841311.9,-1807460.32,25963260.94,33999015.42,30136182.86,-28109225.11,2544258.2,-141897535.08,53740047.63,-81180047.63,122886472.4,18080667.51,0.0,,3087947800.38,0.7324556577518644
002726,ST龙大,2024-06-30,2024-08-30,1014256136.2,1636790878.96,182744328.15,318244541.91,923200240.99,42901415.61,41472480.32,5767140118.39,4213982729.23,167487140.7,1385670248.46,17407656.04,1019548932.67,842763147.44,1705318171.73,1079159939.0,53206359.48,666067586.79,2847465241.57,2490300244.07,487755364.82,,255979946.47,9196772.47,171570700.63,2024-08-30,5044132021.3,5044132021.3,4854439807.15,-47229539.74,-54721607.15,-7492067.41,4704269.59,-1293497.69,53365236.33,66675142.23,55794551.21,-47147771.89,3854344.84,2024-08-30,221525233.05,78768006.26,657941797.22,-105844506.26,-361054076.04,35137258.47,363500.0,-162895882.59,,26871974.18,,2024,2,2520955465.02,2520955465.02,2423162126.8099995,-17688782.57,-19664609.64,-1975827.0700000003,-3137042.3100000005,513962.6300000001,27401975.389999997,32676126.809999995,25658368.35,-19038546.78,1310086.6399999997,363422768.13,25027958.630000003,-24664458.63000001,-483940548.44000006,17056590.959999997,363500.0,,3103881405.6200004,0.7306884595698723
002726,ST龙大,2024-09-30,2024-10-31,936716720.77,1604530840.57,98064635.24,286754541.91,921630606.92,42971441.08,36738064.46,5748188974.58,4237443126.04,160797234.52,1349948614.02,25386774.8,1007659799.17,700784581.83,1841400574.33,1079159939.0,51468891.48,833791504.68,2908640469.36,2485612808.05,476486434.58,,365997283.61,10703997.5,171570700.63,2024-10-31,8014093619.26,8014093619.26,7735398968.18,-82951174.18,-97133147.77,-14181973.59,4105088.31,-3133947.76,79852673.96,98712599.42,-85693666.2,-87803164.0,5056518.02,2024-10-31,285810644.3,120094525.91,602405880.12,-181443506.54,-405274248.59,66669625.6,469027.9,,,26871974.18,,2024,3,2969961597.96,2969961597.96,2880959161.0300007,-35721634.440000005,-42411540.62,-6689906.18,-599181.2799999998,-1840450.0699999998,26487437.629999995,32037457.190000005,-141488217.41,-40655392.11,1202173.1799999997,64285411.25,41326519.64999999,-75599000.27999999,-44220172.54999995,31532367.130000003,105527.90000000002,,2953952065.72,0.737178813149513
002726,ST龙大,2024-12-31,2025-04-26,970117579.77,1629824663.47,107274194.64,272316541.91,934309640.97,48114380.73,26518125.5,5806983002.26,4218176140.08,157986651.74,1430820210.44,33952790.27,994358007.81,254397411.06,2297045785.81,1079160261.0,55036360.58,795654729.73,2887683450.84,2526523266.25,469252786.2,1293700.05,294476050.02,10498216.67,171570156.57,2025-04-26,10989671145.22,10989671145.22,10551841009.6,-1763547.29,-16503578.07,-14740030.78,-27412719.47,-20977521.05,106792792.71,129437905.86,-81586639.0,-20581060.07,-3266420.98,2025-04-26,393300577.06,145290398.54,618065015.97,-190365331.91,-488186638.21,82011892.36,586547.09,-139664277.09,,26871974.18,,2024,4,2975577525.959999,2975577525.959999,2816442041.42,81187626.89,80629569.69999999,-558057.1899999995,-31517807.779999997,-17843573.29,26940118.75,30725306.439999998,4107027.200000003,67222103.93,-8322939.0,107489932.75999999,25195872.629999995,-8921825.370000005,-82912389.62,15342266.759999998,117519.18999999994,,2991839421.7200003,0.7263971908370219
002726,ST龙大,2025-03-31,2025-04-26,1035385794.88,1651126250.34,120671055.26,236816541.91,946716226.5,123552304.03,41696857.56,5766624397.39,4311263417.25,149243192.24,1306117787.9,41890023.4,837436290.26,264045302.4,2262925570.71,1079160261.0,127831815.65,763729715.11,2914367424.58,2416559598.69,480224779.95,1283874.48,389903547.36,11387960.91,171570156.57,2025-04-26,2548633936.68,2548633936.68,2527405733.54,-124702473.52,-131216268.35,-6513794.83,-1392080.1,-1112405.02,30372250.92,33499912.66,-125861751.65,-129991319.1,1218084.28,2025-04-26,-84055644.16,39697669.69,628073427.71,-8907669.69,102654798.4,13955235.36,0.0,,,26871974.18,,2025,1,2548633936.68,2548633936.68,2527405733.54,-124702473.52,-131216268.35,-6513794.83,-1392080.1,-1112405.02,30372250.92,33499912.66,-125861751.65,-129991319.1,1218084.28,-84055644.16,39697669.69,-8907669.69,102654798.4,13955235.36,0.0,,3078882378.0400004,0.7476234136562279
002726,ST龙大,2025-06-30,2025-08-29,972559534.0,1670932131.95,127173490.37,225600541.91,959255825.96,122491807.02,53938471.3,5676660540.88,4359827408.57,148828948.49,1168004183.82,68410057.57,868403641.4,261288623.08,2227059013.36,1079160689.0,127832442.94,776841596.12,2951489233.52,2339800646.67,480962287.39,0.0,310000000.0,11493760.18,171569231.67,2025-08-29,4974609506.33,4974609506.33,4957505810.07,-262819826.4,-269747864.98,-6928038.58,-1392080.1,1190505.07,61816284.48,67209757.96,-265708918.78,-268242206.36,1407079.06,2025-08-29,113387980.81,63413422.58,650506503.57,2761115.1,-83706856.7,27898707.58,316.92,-46113437.79,,26871974.18,,2025,2,2425975569.65,2425975569.65,2430100076.5299997,-138117352.88,-138531596.63000003,-414243.75,0.0,2302910.09,31444033.559999995,33709845.3,-139847167.13,-138250887.26000002,188994.78000000003,197443624.97,23715752.89,11668784.79,-186361655.10000002,13943472.219999999,316.92,,3105453797.2100005,0.7680267962428023
002726,ST龙大,2025-09-30,2025-10-31,518171491.2,1454087403.49,95701553.79,271733641.91,955275283.29,127568168.17,44947779.51,5276483421.46,4069935518.51,122797553.88,1083750349.07,69927668.96,911690234.71,265193504.89,2186494853.9,1079160689.0,131250031.52,670510281.95,2621355955.27,1945467537.59,508702300.69,,164000000.0,11454070.8,171569231.67,2025-10-31,7625148042.32,7625148042.32,7565968573.43,-347073661.16,-379193094.34,-32119433.18,-1672873.01,-5181824.44,92722413.16,100495851.69,-353067838.22,-375985510.36,1671434.21,2025-10-31,-12888573.71,101555381.75,344901147.69,-35374519.22,-224898175.76,57872423.21,6641.77,,,26871974.18,,2025,3,2650538535.99,2650538535.99,2608462763.3600006,-84253834.76000002,-109445229.35999995,-25191394.6,-280792.9099999999,-6372329.510000001,30906128.68,33286093.730000004,-87358919.44000003,-107743304.0,264355.1499999999,-126276554.52000001,38141959.17,-38135634.32,-141191319.06,29973715.630000003,6324.85,,2904366050.65,0.7713348443315778
002726,ST龙大,2025-12-31,2026-04-29,404339272.65,1471857089.2,1201004892.14,191087641.91,0.0,121228424.93,36265624.35,4821438824.96,4130790244.27,87621543.53,603027037.16,32606742.08,873943770.34,56934718.17,2327132194.07,1079160689.0,129710518.05,647634654.72,3713578501.72,1678126306.54,467770081.26,,114000000.0,10483993.79,79480442.95,2026-04-29,10018766142.94,10018766142.94,9959282186.63,-735708184.34,-803003627.88,-67295443.54,-203637075.56,-26056619.91,127010855.36,135056058.91,-734147241.14,-760320158.97,28706822.26,2026-04-29,63458248.87,114430786.81,261926425.63,-48082831.85,-371508541.22,73641925.63,173734.2,167151497.58,,0.0,,2025,4,2393618100.620001,2393618100.620001,2393313613.199999,-388634523.18,-423810533.54,-35176010.36000001,-201964202.55,-20874795.47,34288442.2,34560207.22,-381079402.91999996,-384334648.61,27035388.05,76346822.58,12875405.060000002,-12708312.630000003,-146610365.46000004,15769502.419999994,167092.43000000002,,2985178048.18,0.856754673083355
002726,ST龙大,2026-03-31,2026-04-29,229766451.14,1380031415.41,1186738527.5,186087641.91,0.0,112311042.9,29699488.39,4535114160.16,3845397918.4,87682749.0,602033492.76,29593443.97,826543434.87,53657862.26,2173672282.75,1079160689.0,126358261.94,478924365.77,3451424698.64,1560985226.62,470563602.99,0.0,60000000.0,6098554.45,79480442.95,2026-04-29,2058003701.21,2058003701.21,1950249595.27,-993544.4,-932338.93,61205.47,-14701430.67,1312144.22,29693321.61,31198656.17,-51927519.98,-6646247.54,4004.77,2026-04-29,17982155.08,25894917.71,143181201.52,-17258417.71,-119463193.39,13265166.8,8636500.0,,,0.0,,2026,1,2058003701.21,2058003701.21,1950249595.27,-993544.4,-932338.93,61205.47,-14701430.67,1312144.22,29693321.61,31198656.17,-51927519.98,-6646247.54,4004.77,17982155.08,25894917.71,-17258417.71,-119463193.39,13265166.8,8636500.0,,2865168627.72,0.8479164542716459
002726,ST龙大,2026-06-30,2026-08-29,136685154.46,1324328801.98,1031472760.35,171089641.91,,109649521.87,7476878.68,4313300878.05,3536306898.65,86336109.05,690657870.35,16104286.81,789286821.79,58806445.14,2130326600.38,1161508245.0,121345407.63,488887543.12,3183580847.1,1408031620.03,460764959.4,,60000000.0,8561328.26,66300650.1,2026-08-29,3798571489.05,3798571489.05,3625350387.79,-96834306.64,-98119741.12,-1285434.48,-63721103.62,2249216.29,60167827.55,61445204.75,-145930757.32,-102055319.84,29762.4,2026-08-29,60705281.29,42760276.62,83139548.58,15238386.69,-254724776.92,25881884.55,57998663.31,-53254761.07,,,,2026,2,1740567787.8400002,1740567787.8400002,1675100792.52,-95840762.24,-97187402.19,-1346639.95,-49019672.949999996,937072.0700000001,30474505.939999998,30246548.58,-94003237.34,-95409072.3,25757.63,42723126.21,16865358.909999996,32496804.4,-135261583.52999997,12616717.75,49362163.31,,2636540726.1099997,0.8198609368166148
002840,华统股份,2015-12-31,2016-12-16,147601360.16,350000000.0,36413600.0,107086400.0,,,,1455481446.36,678790824.34,45114383.88,731576238.14,1550460.7,230134482.27,210895758.36,483614003.68,134000000.0,,95228156.75,552449858.25,529958920.55,630000.0,,450000.0,,,2016-12-16,1943697587.14,1943697587.14,1790618258.52,75183905.3,75343700.97,159795.67,,,21700977.03,,50934780.19,50829704.96,1491281.47,2016-12-16,138596916.75,275422070.45,145576891.54,-261712220.86,20420061.02,45899492.98,76835.89,976794.66,,3089412.35,,2015,4,,,,,,,,,,,,,,,,,,,,,493500000.0,0.46636858617303695
002840,华统股份,2016-03-31,,,,,,,,,,,,,,,,,,,,,,,,,,,2017-04-21,742288307.59,742288307.59,696975651.69,15348690.75,14109746.55,-1238944.2,,,4823527.58,,15010525.23,14296639.87,263652.59,2017-04-21,38232909.97,51055984.3,73187266.07,-44823068.45,-65804545.39,4974057.89,,,,,,2016,1,742288307.59,742288307.59,696975651.69,15348690.75,14109746.55,-1238944.2,,,4823527.58,,15010525.23,14296639.87,263652.59,38232909.97,51055984.3,-44823068.45,-65804545.39,4974057.89,,,0.0,
002840,华统股份,2016-06-30,2016-10-14,104191052.1,246294602.0,64500000.0,108500000.0,,,,1375181787.19,577246826.37,43164682.57,754770278.25,2093286.67,164019936.98,25167901.64,695744931.65,134000000.0,,64926883.01,448493510.28,423480219.51,1393646.18,,,,,2016-10-14,1650934193.91,1650934193.91,1548734573.66,38336040.11,34736338.8,-3599701.31,,,9418728.43,,34838177.26,32364505.55,516788.15,2016-10-14,113117352.8,71276300.36,103691052.1,-56759500.36,-98950728.66,26395330.66,,4134835.36,,3089412.35,,2016,2,908645886.32,908645886.32,851758921.97,22987349.36,20626592.249999996,-2360757.1100000003,,,4595200.85,,19827652.029999997,18067865.68,253135.56,74884442.83,20220316.060000002,-11936431.909999996,-33146183.269999996,21421272.77,,,419294602.0,0.41976037768034047
002840,华统股份,2016-09-30,2016-12-16,111665804.31,226194602.0,59500000.0,113500000.0,,,,1396587449.3,575189224.51,40780707.85,780617516.94,2631775.22,163331150.13,38969503.2,691823449.25,134000000.0,,66976106.84,441780283.42,436245125.36,1393646.18,,,,,2016-12-16,2697141085.98,2697141085.98,2545552683.1,64183278.8,58199602.77,-5983676.03,,,14220087.18,,50550184.68,46549662.98,862065.61,2016-12-16,167821135.0,92904433.95,111165804.31,-78951458.12,-123993493.43,31338095.43,9805.83,,,3089412.35,,2016,3,1046206892.0699999,1046206892.0699999,996818109.4399998,25847238.689999998,23463263.970000006,-2383974.72,,,4801358.75,,15712007.420000002,14185157.429999996,345277.45999999996,54703782.2,21628133.590000004,-22191957.760000005,-25042764.77000001,4942764.77,,,399194602.0,0.41185335354280705
002840,华统股份,2016-12-31,2017-04-21,149168902.9,197300000.0,72850000.0,85508602.0,,,,1412735131.67,564234214.02,39881266.25,808619651.4,2244899.84,136919114.09,50559968.47,630716073.27,134000000.0,,73983413.24,437760163.86,451900829.16,1393646.18,,,,,2017-04-21,3992121272.05,3992121272.05,3781809904.82,92185413.26,85302295.63,-6883117.63,,,18716193.63,,73515745.98,68400858.63,957701.4,2017-04-21,264127314.56,124422963.83,148668902.9,-88822316.0,-172977691.8,36056293.8,182477.83,3907403.42,,3089412.35,,2016,4,1294980186.0700002,1294980186.0700002,1236257221.7200003,28002134.46000001,27102692.859999992,-899441.5999999996,,,4496106.449999999,,22965561.300000004,21851195.65,95635.79000000004,96306179.56,31518529.879999995,-9870857.879999995,-48984198.370000005,4718198.369999997,172672.0,,355658602.0,0.3993913659901813
002840,华统股份,2017-03-31,2017-04-21,156510158.71,3800000.0,27850000.0,40658602.0,,,,1420243858.41,272290675.4,43010415.21,1104942767.8,,124055829.08,62018839.8,618478772.32,178666700.0,,57724642.24,188940443.83,466020314.23,670069.36,,,,,2017-04-21,1125713688.37,1125713688.37,1055545379.16,34774155.93,34603304.89,-170851.04,,,1866332.94,,34166472.86,33973001.84,97141.39,2017-04-21,48637758.16,28284942.35,156010158.71,-28336942.35,-12955857.04,2426909.04,258000.0,,,3089412.35,,2017,1,1125713688.37,1125713688.37,1055545379.16,34774155.93,34603304.89,-170851.04,,,1866332.94,,34166472.86,33973001.84,97141.39,48637758.16,28284942.35,-28336942.35,-12955857.04,2426909.04,258000.0,,72308602.0,0.19172107225644788
002840,华统股份,2017-06-30,2017-08-22,109578155.61,13000000.0,30200000.0,39108602.0,,,,1440644013.32,276859675.27,51477044.57,1112307293.48,,129402563.32,86814550.8,611704564.36,178666700.0,,47894381.26,198130512.89,438910843.62,667150.42,,,,,2017-08-22,2204677220.7,2204677220.7,2080156878.98,60411892.63,61161276.21,749383.58,,,2414379.96,,54164704.45,63259358.63,528233.74,2017-08-22,60225823.59,59067625.06,109078155.61,-81332039.89,-18466265.55,8503150.55,312057.61,1778209.91,,20358333.77,,2017,2,1078963532.33,1078963532.33,1024611499.82,25637736.700000003,26557971.32,920234.62,,,548047.02,,19998231.590000004,29286356.79,431092.35,11588065.430000007,30782682.71,-52995097.54,-5510408.510000002,6076241.510000001,54057.609999999986,,82308602.0,0.19217771545933127
002840,华统股份,2017-09-30,2017-10-24,150084616.34,9000000.0,30200000.0,60627290.0,,,,1507515455.42,309060535.93,60229892.01,1138225027.48,,119205276.73,122938742.27,601673655.03,178666700.0,,53832150.44,201258020.76,475387329.25,5667150.42,,,,,2017-10-24,3289838249.76,3289838249.76,3118466681.93,86715860.65,86505691.74,-210168.91,,,4406374.8,,68627220.64,88468497.45,753784.24,2017-10-24,125629270.86,99040206.43,149509616.34,-118248229.82,-6480096.43,23748069.43,694658.82,,,20358333.77,,2017,3,1085161029.0600004,1085161029.0600004,1038309802.9499998,26303968.020000003,25344415.529999994,-959552.49,,,1991994.8399999999,,14462516.189999998,25209138.82,225550.5,65403447.269999996,39972581.370000005,-36916189.92999999,11986169.120000001,15244918.879999999,382601.20999999996,,99827290.0,0.20501317901506652
002840,华统股份,2017-12-31,2018-04-12,163315728.0,9000000.0,54200002.0,33568572.5,,,,1578692956.79,345025361.43,63317694.44,1170349900.92,,126145457.98,58599635.0,711870410.14,178666700.0,,88645579.24,265038342.68,500922838.43,,,,,,2018-04-12,4715431945.35,4715431945.35,4482597585.78,118454500.07,118949721.48,495221.41,,,3941967.4,4209188.79,82579883.71,125183895.74,5265079.36,2018-04-12,192626692.46,138436156.9,162815728.0,-168217706.2,-10195937.44,25788344.94,40058121.76,3871743.41,,26324791.68,,2017,4,1425593695.5900002,1425593695.5900002,1364130903.85,31738639.419999987,32444029.74000001,705390.32,,,-464407.3999999999,,13952663.069999993,36715398.28999999,4511295.12,66997421.60000001,39395950.47,-49969476.379999995,-3715841.01,2040275.5100000016,39363462.94,,96768574.5,0.21855127683064451
002840,华统股份,2018-03-31,2018-04-21,143185659.29,9000000.0,54200002.0,111568572.5,,,,1718648481.5,390998544.33,110539320.59,1217110616.58,,113855370.39,217295017.63,723232925.79,178666700.0,,60018583.23,233743223.96,491127217.45,,,,,,2018-04-21,1265188913.21,1265188913.21,1188176674.75,46760715.66,50775406.38,4014690.72,,,1287193.07,1394591.33,35467732.75,54563593.25,3700773.02,2018-04-21,23418367.31,91989331.81,143185659.29,-67173333.58,24124897.56,1709902.44,14795706.83,,,27739510.08,,2018,1,1265188913.21,1265188913.21,1188176674.75,46760715.66,50775406.38,4014690.72,,,1287193.07,1394591.33,35467732.75,54563593.25,3700773.02,23418367.31,91989331.81,-67173333.58,24124897.56,1709902.44,14795706.83,,174768574.5,0.2275034997201666
002840,华统股份,2018-06-30,2018-08-18,148872029.39,49600000.0,35418602.0,181349972.5,,,,1837631199.1,506501127.73,110464533.42,1220665537.95,,155562599.51,261939948.79,732684799.69,268000050.0,,90012178.56,279133280.2,559619807.64,,,,,,2018-08-18,2403452741.02,2403452741.02,2270352483.65,73006307.09,77049527.3,4043220.21,167734.47,-835960.95,2795218.29,2879954.96,48812411.53,80443890.4,3661295.73,2018-08-18,46982887.94,162255443.93,148872029.39,-191137554.87,130218357.41,27142364.88,16530598.62,668226.48,,27056326.72,,2018,2,1138263827.81,1138263827.81,1082175808.9,26245591.430000007,26274120.919999994,28529.489999999758,,,1508025.22,1485363.63,13344678.780000001,25880297.150000006,-39477.29000000004,23564520.63,70266112.12,-123964221.29,106093459.85,25432462.439999998,1734891.789999999,,266368574.5,0.27562719221248777
002840,华统股份,2018-09-30,2018-10-20,205582007.17,195100000.0,35418602.0,181349972.5,,,,1983590650.29,633140459.33,103962063.08,1246488127.88,,156389478.34,333529919.23,721031355.72,268000050.0,,56579869.23,404129402.58,628005886.62,12320000.0,,,,,2018-10-20,3671042539.93,3671042539.93,3474297113.73,98828897.02,101408646.93,2579749.91,167734.47,-858282.8,5234009.56,5352090.59,67098644.66,105177667.82,3971320.56,2018-10-20,52155360.28,243068418.9,205582007.17,-276249351.09,266861923.52,36064116.26,16551777.37,,,27056326.72,,2018,3,1267589798.9099998,1267589798.9099998,1203944630.08,25822589.929999992,24359119.63000001,-1463470.2999999998,0.0,-22321.850000000093,2438791.2699999996,2472135.63,18286233.129999995,24733777.419999987,310024.8300000001,5172472.340000004,80812974.97,-85111796.21999997,136643566.11,8921751.379999999,21178.75,,411868574.5,0.3191890722198329
002840,华统股份,2018-12-31,2019-04-23,324292462.7,195100000.0,69327288.0,181941284.5,,,,2175629248.29,736479089.94,141282253.31,1297867905.04,,139702216.54,337141276.79,781758625.9,268000050.0,,105221987.54,508808473.28,683480589.7,13135000.0,,,,,2019-04-23,5118042889.19,5118042889.19,4793830211.53,150208674.18,173054426.23,22845752.05,-2844981.01,,8554885.77,9075115.72,111535331.86,181970413.05,9275002.69,2019-04-23,260851201.93,333813796.74,324292462.7,-383934778.36,284562294.72,41629303.28,30008712.38,2844981.01,,43895337.1,,2018,4,1447000349.2599998,1447000349.2599998,1319533097.7999997,51379777.16000001,71645779.29999998,20266002.14,-3012715.48,,3320876.21,3723025.130000001,44436687.2,76792745.23000002,5303682.129999999,208695841.65,90745377.84,-107685427.27000004,17700371.200000018,5565187.020000003,13456935.01,,446368572.5,0.33851314074714595
002840,华统股份,2019-03-31,2019-04-23,265293720.09,296700000.0,69327288.0,177941284.5,,,,2405790951.48,895107007.45,165355941.86,1345328002.17,13336432.43,221608892.15,297443829.49,926865060.08,268000050.0,,114466332.94,665407420.94,775652420.9,6310000.0,,,,,2019-04-23,1335971748.29,1335971748.29,1235944362.05,47460097.13,59638548.78,12178451.65,1528265.67,,4095078.77,4268923.44,40199409.11,59998320.67,227229.27,2019-04-23,-27131947.49,114769710.71,265293720.09,-144350686.73,112483891.62,5639352.87,77105.92,,,55027899.9,,2019,1,1335971748.29,1335971748.29,1235944362.05,47460097.13,59638548.78,12178451.65,1528265.67,,4095078.77,4268923.44,40199409.11,59998320.67,227229.27,-27131947.49,114769710.71,-144350686.73,112483891.62,5639352.87,77105.92,,543968572.5,0.37206350240005104
002840,华统股份,2019-06-30,2019-08-22,296551140.81,427500000.0,42700000.0,142100000.0,,,,2565280086.43,994541314.38,179088541.02,1391650231.03,18505484.25,320574867.81,306168201.5,929046779.48,277400050.0,,124962496.8,800337061.1,918136241.35,2000000.0,,,,,2019-08-22,3374469201.57,3374469201.57,3180359915.19,74321975.99,94432697.83,20110721.84,1639816.38,249393.31,9624350.88,9758031.32,55254828.26,95085209.88,455363.21,2019-08-22,-43070986.95,195837666.71,296551140.81,-186370161.67,201699826.74,17655245.25,48858012.45,-1889209.69,,61783030.92,,2019,2,2038497453.2800002,2038497453.2800002,1944415553.14,26861878.859999992,34794149.05,7932270.1899999995,111550.70999999996,,5529272.110000001,5489107.88,15055419.149999999,35086889.20999999,228133.94000000003,-15939039.460000005,81067956.00000001,-42019474.94,89215935.12,12015892.379999999,48780906.53,,612300000.0,0.3876930708818094
002840,华统股份,2019-09-30,2019-10-24,263785416.27,591800000.0,42700000.0,137600000.0,,,,2746106410.7,1138055811.68,181598805.03,1426451793.99,18158084.85,362702207.36,405072456.61,943805253.14,277400050.0,,84326457.79,948466679.43,953982255.73,36500000.0,,,,,2019-10-24,5394086369.48,5394086369.48,5109764054.67,89663188.95,111049474.82,21386285.87,1568214.21,25979.48,15722465.92,15948099.15,61226327.19,111699629.28,353577.61,2019-10-24,-52968721.83,340709498.32,263785416.27,-365716140.72,358177816.13,22211955.86,50383865.01,,,61783030.92,,2019,3,2019617167.9099994,2019617167.9099994,1929404139.48,15341212.960000008,16616776.989999995,1275564.0300000012,-71602.16999999993,-223413.83,6098115.039999999,6190067.83,5971498.93,16614419.400000006,-101785.60000000003,-9897734.879999995,144871831.60999998,-179345979.05000004,156477989.39,4556710.609999999,1525852.559999995,,772100000.0,0.4144252412235921
002840,华统股份,2019-12-31,2020-04-25,346387283.17,719963918.18,42763931.4,174865906.7,,,,3062145607.23,1375248159.17,202717539.19,1484179908.87,16090821.27,338203781.26,388929889.31,1146558064.87,277400050.0,,142016654.25,1129650039.17,1003540900.11,38500000.0,,,,,2020-04-25,7705776975.1,7705776975.1,7293525652.59,131652028.31,162374371.84,30722343.53,588610.14,110470.9,23586194.53,23951421.13,90466753.13,171017827.19,7151194.82,2020-04-25,127624635.75,570559644.98,346261608.17,-613473953.15,507819317.84,34587463.35,50776347.34,-699081.04,,61783030.93,,2019,4,2311690605.620001,2311690605.620001,2183761597.92,41988839.36,51324897.02000001,9336057.66,-979604.07,84491.42,7863728.610000001,8003321.979999999,29240425.939999998,59318197.91,6797617.21,180593357.57999998,229850146.66000003,-247757812.42999995,149641501.70999998,12375507.490000002,392482.33000000566,,937593756.28,0.4491125947515089
002840,华统股份,2020-03-31,2020-04-25,712010474.0,985068772.21,42763931.4,202981469.96,,,,3526187535.98,1642116956.05,336666768.64,1547403811.29,3869462.85,327710364.73,428839190.1,1180107145.8,277400050.0,,115680122.33,1370467163.98,1366966619.75,39000000.0,,,,,2020-04-25,2133364385.64,2133364385.64,1998843726.83,44170677.39,62228329.82,18057652.43,2536.8,-204586.23,9879353.69,10103629.8,38318637.99,63727152.13,16804.92,2020-04-25,119229313.63,134018438.91,711884799.0,-150177379.31,396571256.51,11700743.49,104094.42,,,61783030.93,,2020,1,2133364385.64,2133364385.64,1998843726.83,44170677.39,62228329.82,18057652.43,2536.8,-204586.23,9879353.69,10103629.8,38318637.99,63727152.13,16804.92,119229313.63,134018438.91,-150177379.31,396571256.51,11700743.49,104094.42,,1230814173.57,0.4656918950834026
002840,华统股份,2020-06-30,2020-08-26,791639886.84,692579381.94,38993466.67,289192347.52,493671393.58,,47010403.13,4082790116.45,2103188641.39,330066222.18,1649535252.88,32527362.89,320435707.97,509202522.28,1262142975.97,279210050.0,,119837009.91,1183834541.92,1641588426.57,56310273.92,,,,,2020-08-26,4019245188.9,4019245188.9,3821348713.51,75206114.26,94934119.47,19728005.21,-66059.41,-875503.3,16331652.33,18873897.81,45895380.76,96220678.89,638611.62,2020-08-26,231925522.82,412799722.04,791589886.84,-623980235.72,837382991.57,45016802.43,69425157.07,941562.71,,61783030.93,,2020,2,1885880803.26,1885880803.26,1822504986.6800003,31035436.870000005,32705789.65,1670352.7800000012,-68596.21,-670917.0700000001,6452298.640000001,8770268.009999998,7576742.769999996,32493526.759999998,621806.7,112696209.19,278781283.13,-473802856.41,440811735.06000006,33316058.939999998,69321062.64999999,,1514436589.71,0.5151351358758383
002840,华统股份,2020-09-30,2020-10-24,880922258.95,780908956.97,37992147.24,309968373.66,498831942.33,,44456108.71,4522987256.22,2370400585.56,479130171.11,1673456499.55,88690580.06,315723199.51,895731377.66,1272530406.09,446736080.0,,130577197.28,1417945066.26,1567231242.12,15598529.18,,,,,2020-10-24,6142581280.77,6142581280.77,5887808181.84,90836332.9,109091587.62,18255254.72,-225557.38,-1215177.64,22460853.43,22333379.23,48938970.48,115309974.97,1360297.18,2020-10-24,317974868.68,877412905.55,880972258.95,-944454296.87,1161190078.97,55981145.62,71020809.21,,,65162760.64,,2020,3,2123336091.8700004,2123336091.8700004,2066459468.33,15630218.64,14157468.150000006,-1472750.490000002,-159497.97,-339674.33999999985,6129201.1,3459481.420000002,3043589.719999999,19089296.08,721685.5599999999,86049345.86000001,464613183.50999993,-320474061.15,323807087.4,10964343.189999998,1595652.1400000006,,1627701420.2,0.5240785461644252
002840,华统股份,2020-12-31,2021-04-16,576283689.14,716298100.98,78006986.23,648209387.78,493553774.99,,228805635.07,4996282254.02,2768364027.85,522417490.53,1705500735.64,236682462.67,366745254.18,1139764500.25,1583961464.31,448156580.0,,227281076.63,1284696150.96,1265096359.23,80503859.58,,,3415191.93,49902051.54,2021-04-16,8836356750.32,8836356750.32,8538801446.16,135097709.4,161349829.94,26252120.54,-3596355.52,-2077468.9,28753229.03,35479353.52,44586860.37,176651210.63,8326977.83,2021-04-16,360617567.67,1612903037.83,574472689.14,-1626741514.3,1494335027.75,76283241.76,49358734.88,5673824.42,,65162760.64,,2020,4,2693775469.549999,2693775469.549999,2650993264.3199997,44261376.5,52258242.31999999,7996865.82,-3370798.14,-862291.26,6292375.6000000015,13145974.290000003,-4352110.109999999,61341235.66,6966680.65,42642698.99000001,735490132.28,-682287217.43,333144948.78,20302096.140000008,-21662074.32999999,,1936068249.98,0.5540847948737442
002840,华统股份,2021-03-31,2021-04-24,611295065.17,789877682.78,58444571.68,1320301119.33,499329352.82,,225892410.25,5833061974.64,3504569162.71,540766455.76,1787726356.17,280288821.38,370129459.85,1577857427.08,1844137859.48,447617068.0,,192345842.86,1317855335.2,1346185822.04,72552686.45,,,3879840.06,49780648.7,2021-04-24,2638018176.72,2638018176.72,2517473286.56,77461995.88,86763479.93,9301484.05,552092.89,-234133.68,11408821.04,13003911.62,38993891.4,102238680.11,14096162.68,2021-04-24,70831717.58,784141501.76,609484065.17,-753032859.54,717212517.99,29730762.83,709475.55,,,65162760.64,,2021,1,2638018176.72,2638018176.72,2517473286.56,77461995.88,86763479.93,9301484.05,552092.89,-234133.68,11408821.04,13003911.62,38993891.4,102238680.11,14096162.68,70831717.58,784141501.76,-753032859.54,717212517.99,29730762.83,709475.55,,2667952726.61,0.6008112339533803
002840,华统股份,2021-06-30,2021-08-27,578728805.41,911888938.88,109670584.79,1445448999.4,501167997.49,90542988.54,224721631.79,6378550470.06,3920372736.65,650759887.11,1807417846.3,366880371.53,441961542.73,1931352052.78,2023785917.95,447633233.0,117790920.43,246707952.98,1496327738.3,1355490749.15,99531298.32,,,3936255.48,49766514.79,2021-08-27,4615784004.8,4615784004.8,4390455529.32,107960121.52,119623080.81,11662959.29,-5053717.55,-1178162.13,30121188.67,32386729.63,59732415.37,134928571.23,14547192.59,2021-08-27,139329888.76,1413229828.97,576906805.41,-1167402057.27,1030509618.14,88286056.37,26332207.32,6231879.68,,65162760.64,,2021,2,1977765828.0800004,1977765828.0800004,1872982242.7599998,30498125.64,32859600.879999995,2361475.2399999984,-5605810.4399999995,-944028.45,18712367.630000003,19382818.009999998,20738523.97,32689891.11999999,451029.91000000015,68498171.17999999,629088327.21,-414369197.73,313297100.15,58555293.54000001,25622731.77,,3058719509.1000004,0.61461812602278
002840,华统股份,2021-09-30,2021-10-23,418483369.14,1164696077.78,96773237.93,1543234536.55,506524371.2,106493286.06,223697412.43,6662758679.18,4289456060.3,675983353.64,1697319265.24,361205846.79,524384650.87,2290300305.77,2081639750.21,447635792.0,134763308.05,258298253.5,1739563258.56,1286321161.68,20123391.06,,,3095861.23,49764283.12,2021-10-23,6245428625.52,6245428625.52,6028665938.06,4495297.94,7621949.18,3126651.24,-25418581.24,-1182103.64,66062360.31,68943498.0,-44837677.69,33505750.54,16703252.91,2021-10-23,114616506.45,1867822549.11,416661369.14,-1630638656.65,1358215882.68,133265840.21,27516906.03,,,65162760.64,,2021,3,1629644620.7200003,1629644620.7200003,1638210408.7400007,-103464823.58,-112001131.63,-8536308.049999999,-20364863.689999998,-3941.5100000000093,35941171.64,36556768.370000005,-104570093.06,-101422820.69,2156060.3200000003,-24713382.309999987,454592720.13999987,-463236599.3800001,327706264.5400001,44979783.83999999,1184698.710000001,,3417721509.52,0.6437958009351035
002840,华统股份,2021-12-31,2022-04-23,424200288.99,1319376006.11,144856270.42,1717434550.28,434969491.09,134558992.58,219647060.46,7136269012.26,5021642744.05,573034041.03,1541592227.18,323513326.75,524924809.77,1635376521.28,3211374246.05,456240764.0,168057388.59,569023719.25,2282924509.73,1274901332.0,22448304.25,,,3163654.81,42266607.28,2022-04-23,8342248673.41,8342248673.41,8114866695.37,-192463534.51,-246844674.41,-54381139.9,-201386088.14,-1561474.01,105562703.76,108577397.86,-237857039.1,-205116344.78,18874339.88,2022-04-23,251565008.71,2228942953.11,422769897.54,-2019791333.8,1616528586.02,141449686.5,3129632.52,202947562.15,,65162760.64,,2021,4,2096820047.8899994,2096820047.8899994,2086200757.3099995,-196958832.45,-254466623.59,-57507791.14,-175967506.89999998,-379370.3700000001,39500343.45,39633899.86,-193019361.41,-238622095.32,2171086.969999999,136948502.26,361120404.00000024,-389152677.14999986,258312703.3399999,8183846.290000007,-24387273.51,,3751195310.48,0.703679014261219
002840,华统股份,2022-03-31,2022-04-27,461785637.2,1643763463.09,129508864.83,1854342065.01,292060773.41,138252289.6,331779632.19,7620191040.26,5369870231.89,648717366.64,1601603441.73,341507513.57,648846633.59,1629752706.0,3483180809.31,472506278.0,169078833.19,463521431.93,2465646201.79,1451107686.49,28629715.29,,,3120956.88,28094316.71,2022-04-27,1718685277.61,1718685277.61,1695341958.36,-87893930.39,-106675144.77,-18781214.38,-28536003.09,-2553969.17,46404365.58,42559991.03,-102230266.22,-107892673.12,311770.66,2022-04-27,-156130923.45,391011157.76,461431037.15,-415800997.56,610593060.62,37672868.81,3075771.41,,,65162760.64,,2022,1,1718685277.61,1718685277.61,1695341958.36,-87893930.39,-106675144.77,-18781214.38,-28536003.09,-2553969.17,46404365.58,42559991.03,-102230266.22,-107892673.12,311770.66,-156130923.45,391011157.76,-415800997.56,610593060.62,37672868.81,3075771.41,,4057927455.9399996,0.7046897123076301
002840,华统股份,2022-06-30,2022-08-29,325565565.57,1660641164.18,155336161.3,1867871823.83,282672395.55,154010515.1,320099296.59,7944631461.76,5642292202.73,659155469.8,1643183789.23,330909609.45,982025217.61,1386538902.34,3849779801.03,473893566.0,186803756.71,675743399.15,2715429301.14,1671086341.39,7594492.28,,34000000.0,2848141.72,26885514.18,2022-08-29,3858021774.97,3858021774.97,3798968587.07,-59079416.5,-64371949.68,-5292533.18,63242392.05,-1696902.23,88930726.25,85309013.58,-100741855.89,-71194812.59,2050587.35,2022-08-29,-992714.43,656534057.33,298153451.72,-682948264.37,559323715.58,89877793.76,338541.34,-61545489.82,,65162760.64,,2022,2,2139336497.36,2139336497.36,2103626628.7100003,28814513.89,42303195.089999996,13488681.2,91778395.14,857066.94,42526360.67,42749022.55,1488410.3299999982,36697860.53,1738816.6900000002,155138209.01999998,265522899.57000005,-267147266.81,-51269345.03999996,52204924.95,-2737230.0700000003,,4120532059.96,0.7102018803374479
002840,华统股份,2022-09-30,2022-10-26,1277128115.84,1531133164.21,272814357.41,1767959422.55,288215148.52,165648245.63,292403004.93,9096730320.51,5587833650.9,849777685.01,2659118984.6,336746398.34,1068077785.38,1395141554.37,3916335486.17,606097690.0,189783008.89,699888093.4,2775579962.4,2749089493.41,2035678.98,,126000000.0,4506219.84,26881934.2,2022-10-26,6419283549.56,6419283549.56,6122887330.6,45365707.19,61071479.77,15705772.58,75664993.48,-4187066.64,143930189.55,138502754.76,-12811594.91,59337139.64,2834360.19,2022-10-26,164450567.2,844361850.68,1214584177.95,-872712608.49,1500075504.3,142087791.42,82750.0,,,65162760.64,,2022,3,2561261774.5900006,2561261774.5900006,2323918743.53,104445123.69,125443429.45,20998305.759999998,12422601.430000007,-2490164.41,54999463.30000001,53193741.17999999,87930260.98,130531952.23,783772.8399999999,165443281.63,187827793.3499999,-189764344.12,940751788.7199999,52209997.65999998,-255791.34000000003,,4025770338.32,0.6142683639088822
002840,华统股份,2022-12-31,2023-04-28,998057986.96,1429637069.72,636278863.36,1591663597.19,282755534.94,171984132.62,208855944.3,8871752539.71,5526064893.72,671968210.04,2673719435.95,325499215.9,1021663538.41,1711487611.23,3739328897.21,606334960.0,209000320.02,486864754.52,2791701680.87,2335870079.48,21615912.6,,,4032790.31,26686632.53,2023-04-28,9452164593.11,9452164593.11,8860731088.0,87744730.86,125061878.49,37317147.63,-45926788.71,-5267132.27,180653943.18,184216431.38,17761505.85,133308411.83,9312080.72,2023-04-28,374496839.73,1131688997.57,901818951.75,-1138865053.99,1243417268.23,191405390.32,2482516.91,51193920.98,,65162760.64,,2022,4,3032881043.55,3032881043.55,2737843757.3999996,42379023.67,63990398.71999999,21611375.050000004,-121591782.19,-1080065.6299999994,36723753.629999995,45713676.620000005,30573100.76,73971272.19,6477720.530000001,210046272.53000003,287327146.89,-266152445.5,-256658236.06999993,49317598.900000006,2399766.91,,4112319197.83,0.6228831190889638
002840,华统股份,2023-03-31,2023-04-28,803881447.68,1490711292.83,584079896.23,1765116655.05,285597434.87,168563776.63,203548833.08,8813382369.17,6061510591.02,202081556.9,2549790221.25,286601272.4,955376986.46,1912995675.85,3747710997.52,612909455.0,200791247.19,516330090.31,2904990178.63,2118039605.66,16040518.22,,,4459932.73,26677984.81,2023-04-28,1986139049.57,1986139049.57,1971804757.78,-104579201.36,-143392028.89,-38812827.53,-45289108.39,-1265315.07,41221705.11,41293889.32,-125558859.98,-154635110.02,1348946.52,2023-04-28,209926360.12,314644009.32,725062386.28,-322140408.27,-64542517.32,46628968.37,3607.05,,,65162760.64,,2023,1,1986139049.57,1986139049.57,1971804757.78,-104579201.36,-143392028.89,-38812827.53,-45289108.39,-1265315.07,41221705.11,41293889.32,-125558859.98,-154635110.02,1348946.52,209926360.12,314644009.32,-322140408.27,-64542517.32,46628968.37,3607.05,,4294069055.6099997,0.6877621254949413
002840,华统股份,2023-06-30,2023-08-31,804244776.41,1798539493.29,476701604.11,1797647575.36,285681711.21,170148967.87,225624999.96,8735877596.56,6253859856.19,176366317.06,2305651423.31,249132318.08,863571239.26,1811907294.62,3897921601.14,612909908.0,199162054.38,456059970.74,3005987426.01,2029403446.13,22092723.03,,,4464915.85,26677612.87,2023-08-31,4118372833.59,4118372833.59,4168696581.3,-356371320.34,-399590125.15,-43218804.81,-137630916.15,-1491530.74,90040431.22,92505963.01,-425575913.76,-408341238.27,3328407.45,2023-08-31,257941061.95,573104039.77,664719692.07,-584274213.19,89233891.56,115688077.98,1330650.94,139122446.89,,65162760.64,,2023,2,2132233784.0200002,2132233784.0200002,2196891823.5200005,-251792118.97999996,-256198096.26,-4405977.280000001,-92341807.76,-226215.66999999993,48818726.11,51212073.690000005,-300017053.78,-253706128.24999997,1979460.9300000002,48014701.82999998,258460030.45,-262133804.92000008,153776408.88,69059109.61000001,1327043.89,,4528719351.84,0.7158822667859535
002840,华统股份,2023-09-30,2023-10-31,684916124.84,1840964632.75,463670881.38,1963693505.1,288581233.15,164409183.77,230721074.94,8972178554.88,6469967963.24,187518290.4,2314692301.24,262816565.79,1060245031.6,1769604517.24,4079153831.08,612918974.0,191895188.22,480156250.61,3076927659.1,2122041959.19,13481066.34,,,4432018.81,26670173.97,2023-10-31,6164014358.73,6164014358.73,6148035549.59,-358277118.68,-396305809.45,-38028690.77,-100388896.95,-3082497.86,139184243.82,140901860.11,-463912693.93,-414679970.05,3932710.1,2023-10-31,197749393.54,763417555.73,530071431.75,-777433106.79,207936193.25,155348734.55,1535273.3,,,65162760.64,,2023,3,2045641525.1399994,2045641525.1399994,1979338968.29,-1905798.3400000334,3284315.699999988,5190114.039999999,37242019.2,-1590967.1199999999,49143812.599999994,48395897.10000001,-38336780.17000002,-6338731.780000031,604302.6499999999,-60191668.41,190313515.96000004,-193158893.5999999,118702301.69,39660656.57000001,204622.3600000001,,4721319436.150001,0.7211144900500182
002840,华统股份,2023-12-31,2024-04-23,628466939.67,1962847524.7,614948341.31,1696121021.22,286382580.68,155248958.15,250791666.65,8908249931.99,6653032971.65,182166119.75,2073050840.59,274825333.03,965442542.74,924634180.39,4994087622.88,614643252.0,192681157.95,621780313.71,3503969893.09,1963004049.79,14405060.11,,,5662954.22,26173720.44,2024-04-23,8578492006.25,8578492006.25,8611186214.88,-604857321.1,-650379925.11,-45522604.01,-164788015.77,-5734697.58,186033227.71,192012397.02,-619937637.9,-646906082.05,-3062207.65,2024-04-23,526046148.77,1095693468.23,527736256.87,-1111187619.51,211058775.81,198636464.88,17455672.08,170522713.35,,65162760.64,,2023,4,2414477647.5200005,2414477647.5200005,2463150665.289999,-246580202.42000002,-254074115.66000003,-7493913.239999995,-64399118.82000001,-2652199.72,46848983.890000015,51110536.91,-156024943.96999997,-232226111.99999994,-6994917.75,328296755.23,332275912.5,-333754512.72,3122582.5600000024,43287730.32999998,15920398.779999997,,4715548426.06,0.7468395052274638
002840,华统股份,2024-03-31,2024-04-30,751590790.45,2149525278.04,671616393.76,1822630308.72,254155273.14,154020078.4,274307769.17,9178239357.89,7046591973.37,180212485.63,1951434898.89,287952545.95,978681332.74,1580915006.88,4343555257.35,618901473.0,189250574.73,599879564.38,3689101422.35,2228414226.62,13059514.19,,,2085297.2,22681250.24,2024-04-30,1996427252.33,1996427252.33,1996852099.63,-157297084.34,-164821020.87,-7523936.53,-14666176.04,-3651291.86,60945158.1,57731781.71,-160498247.02,-162617056.44,233516.14,2024-04-30,20368895.18,186495304.75,550661286.66,-184481304.95,187037439.56,44198485.69,313999.8,,,65162760.64,,2024,1,1996427252.33,1996427252.33,1996852099.63,-157297084.34,-164821020.87,-7523936.53,-14666176.04,-3651291.86,60945158.1,57731781.71,-160498247.02,-162617056.44,233516.14,20368895.18,186495304.75,-184481304.95,187037439.56,44198485.69,313999.8,,5051947332.06,0.767749859052483
002840,华统股份,2024-06-30,2024-08-29,655898529.53,2144244579.5,655807298.46,1746059054.2,251169413.4,156814074.44,285449157.83,9080361624.32,6905116821.27,171318087.31,2003926715.74,305600087.75,1073216883.89,1372871106.14,4538298479.94,619092953.0,189798585.59,545225488.26,3604429010.32,2133429202.12,13328802.69,0.0,0.0,2183856.91,22524196.48,2024-08-29,4165239492.84,4165239492.84,4021466900.3,-119056881.77,-125031356.76,-5974474.99,-11028861.81,-2030384.46,117010827.59,117776139.49,-126382319.85,-120869311.3,1265732.26,2024-08-29,94503341.16,255597645.17,426401258.9,-253572551.89,57734212.76,104155031.74,1221139.8,13059246.27,,65162760.64,,2024,2,2168812240.51,2168812240.51,2024614800.67,38240202.57000001,39789664.11,1549461.54,3637314.2299999986,1620907.4,56065669.49,60044357.779999994,34115927.17000002,41747745.14,1032216.12,74134445.97999999,69102340.41999999,-69091246.94,-129303226.80000001,59956546.05,907140.0,,4954094419.999999,0.7604451350016694
002840,华统股份,2024-09-30,2024-10-31,681558873.78,2183037843.21,656399701.36,1806800561.15,241656160.9,156723811.5,273907201.07,9222633878.01,6863190028.57,176273604.69,2183170244.75,325964787.1,1172516139.16,1262967215.42,4614315475.66,620388938.0,185912475.45,489163369.83,3577574924.99,2288032832.09,11179027.69,,,3278474.99,21461280.07,2024-10-31,6485017011.58,6485017011.58,6094986806.35,53422789.37,56371902.15,2949112.78,-11458192.04,-3982383.22,159364972.33,146336817.85,43587683.39,63797633.39,1491063.74,2024-10-31,399163020.86,334425798.51,474417288.73,-348771241.31,-103710747.69,153380560.88,1221139.8,,,65162760.64,,2024,3,2319777518.74,2319777518.74,2073519906.0500002,172479671.14,181403258.91,8923587.77,-429330.2299999986,-1951998.7600000002,42354144.74000001,28560678.36,169970003.24,184666944.69,225331.47999999998,304659679.70000005,78828153.34,-95198689.42000002,-161444960.45,49225529.14,0.0,,5044618078.12,0.7441681106884506
002840,华统股份,2024-12-31,2025-04-25,666170284.21,2279330248.85,911481693.31,1725619867.18,,144789329.18,81514203.3,9493463361.68,6869087821.44,193190373.64,2431185166.6,341387906.27,1357275191.18,923159575.5,4995294548.15,646494970.0,178868128.15,618162112.29,4073754355.41,2512006002.54,4222357.69,,,4170853.44,,2025-04-25,9091691841.33,9091691841.33,8560098316.83,73038293.56,95626747.77,22588454.21,-6903859.63,-8724106.27,191804099.3,194390380.85,55985556.34,100483794.64,-1371618.07,2025-04-25,525646757.21,885043414.39,404074733.92,-878492849.67,229184569.48,188355348.6,16951057.72,15627965.9,,65162760.64,,2024,4,2606674829.75,2606674829.75,2465111510.4799995,19615504.190000005,39254845.62,19639341.43,4554332.409999999,-4741723.049999999,32439126.97,48053563.0,12397872.950000003,36686161.25,-2862681.81,126483736.34999996,550617615.88,-529721608.35999995,332895317.16999996,34974787.72,15729917.919999998,,5061221138.52,0.7235597336549281
002840,华统股份,2025-03-31,2025-04-30,697868049.78,2034877778.98,1005801579.42,1663998898.58,,144235188.64,97018878.2,9477293257.38,6852057160.36,195974773.86,2429261323.16,339194711.34,1328888862.54,926195673.33,4983690539.27,633019883.0,173945357.25,844042083.48,4108414599.61,2516201191.57,4888173.13,,275831031.14,1190378.28,,2025-04-30,2079318974.83,2079318974.83,1915147931.35,34204150.99,41235626.17,7031475.18,-2046644.31,-4768539.2,46053692.11,46525387.32,33734756.15,41991221.86,761297.33,2025-04-30,147513695.83,112205904.83,431597117.39,-112111576.83,-7879735.53,43901056.4,94328.0,,,65162760.64,,2025,1,2079318974.83,2079318974.83,1915147931.35,34204150.99,41235626.17,7031475.18,-2046644.31,-4768539.2,46053692.11,46525387.32,33734756.15,41991221.86,761297.33,147513695.83,112205904.83,-112111576.83,-7879735.53,43901056.4,94328.0,,4848913445.62,0.7229972708741792
002840,华统股份,2025-06-30,2025-08-27,1495441430.69,2045281710.91,750644691.8,1280305297.37,,139284312.68,72438009.72,10671910557.15,6448094382.76,179898935.82,4043917238.57,338339865.57,1322326760.33,585391208.48,5298984083.16,805062893.0,169325927.93,1093017255.9,4124587914.71,3732739654.33,4070065.69,400000000.0,569030115.02,3759221.16,,2025-08-27,4244027423.61,4244027423.61,3935377925.46,76173078.31,80896141.45,4723063.14,-2095806.74,1819046.37,83280661.71,87508320.79,66311554.06,85652592.55,1544261.39,2025-08-27,442002204.23,217448861.6,869184207.49,-626992422.38,650099691.72,106215365.04,256439.22,276760.37,,65162760.64,,2025,2,2164708448.78,2164708448.78,2020229994.1100001,41968927.32,39660515.28,-2308412.04,-49162.429999999935,6587585.57,37226969.599999994,40982933.470000006,32576797.910000004,43661370.69,782964.0599999999,294488508.4,105242956.77,-514880845.55,657979427.25,62314308.64000001,162111.22,,4215516012.7599998,0.6042118089567277
002840,华统股份,2025-09-30,2025-10-28,1338302364.39,2280225361.98,714294461.83,1233141374.63,,136082122.39,46534623.38,10588851408.2,6395742436.61,154348792.58,4038760179.01,320905699.56,1482896791.79,707063016.7,5116535147.49,805062893.0,167930734.59,1061716043.77,4313431270.73,3731345388.55,4224932.95,400000000.0,603962230.91,4497951.92,,2025-10-28,6087708215.71,6087708215.71,5660312714.84,71016018.75,71747946.68,731927.93,-18662141.36,2214592.73,116340584.62,122628393.48,57830190.69,81452425.55,1793015.78,2025-10-28,511725792.56,314151704.07,672136867.5,-898106077.89,654442418.91,144635365.42,362807.0,,,65162760.64,,2025,3,1843680792.1,1843680792.1,1724934789.38,-5157059.560000002,-9148194.769999996,-3991135.2099999995,-16566334.62,395546.35999999987,33059922.91000001,35120072.69,-8481363.370000005,-4200167.0,248754.39000000013,69723588.32999998,96702842.47,-271113655.51,4342727.189999938,38420000.37999998,106367.78,,4363743320.83,0.6040071949311839
002840,华统股份,2025-12-31,2026-04-27,1650982051.12,2401589535.72,968638403.66,867729201.39,,137152788.46,4314986.49,10332460309.17,6347171111.65,148459060.62,3836830136.9,332010053.74,1359588481.35,207104984.86,5141920939.24,802166393.0,165498497.13,994014732.56,4643944448.76,3474915743.23,4652544.4,,471746003.88,5169676.55,,2026-04-27,8072002990.88,8072002990.88,7706628807.31,-136017659.72,-140590801.39,-4573141.67,-44091958.69,1209295.96,154050465.69,161815601.41,-151501814.17,-123020803.31,4500903.32,2026-04-27,525132576.0,647585454.93,846168941.52,-617022279.31,533983910.97,172607443.76,37952285.03,42882662.73,,65162760.64,,2025,4,1984294775.17,1984294775.17,2046316092.4700003,-207033678.47,-212338748.07,-5305069.6,-25429817.33,-1005296.77,37709881.06999999,39187207.92999999,-209332004.85999998,-204473228.86,2707887.54,13406783.439999998,333433750.85999995,281083798.58000004,-120458507.93999994,27972078.340000004,37589478.03,,4375109929.23,0.6142942650374298
002840,华统股份,2026-03-31,2026-04-30,1693962990.05,2733392424.15,928273554.71,930771789.58,,147573922.12,2384867.35,10292094110.56,6567077172.41,128766314.61,3596250623.54,329113200.17,1224913403.41,289365743.48,5052361894.13,802166393.0,179128701.92,829532317.2,4786947111.13,3433556286.95,6363657.6,,340301064.34,4035432.06,,2026-04-30,1864948534.06,1864948534.06,1910293672.83,-240579513.36,-246972822.84,-6393309.48,-78054331.58,-2850330.62,35251922.44,36671361.94,-243890593.4,-245792640.15,476944.95,2026-04-30,-26443373.66,211774084.84,904213497.87,-212702787.79,297190717.8,47152405.78,138376.9,,,65162760.64,,2026,1,1864948534.06,1864948534.06,1910293672.83,-240579513.36,-246972822.84,-6393309.48,-78054331.58,-2850330.62,35251922.44,36671361.94,-243890593.4,-245792640.15,476944.95,-26443373.66,211774084.84,-212702787.79,297190717.8,47152405.78,138376.9,,4740011690.56,0.6380700663893056
002840,华统股份,2026-06-30,2026-08-27,1995755750.19,3225574620.01,790050240.76,887997839.94,,148574958.92,52266148.94,10497238565.48,7035073750.08,101815096.0,3360349719.4,329825101.32,1235054567.94,336554826.33,4947505341.18,802166393.0,175864675.06,951829229.71,5251824811.01,3713853044.52,7394223.64,,397129310.38,3541952.08,,2026-08-27,3541001272.92,3541001272.92,3657535179.33,-476480417.5,-496968795.78,-20488378.28,-153623328.19,-3410597.22,72465175.36,74719793.29,-493609050.43,-492332386.72,1081232.3,2026-08-27,-89725701.36,247614713.2,1052138671.07,-238390409.39,534085840.3,87505982.18,575042.9,157033925.41,,58407629.61,,2026,2,1676052738.8600001,1676052738.8600001,1747241506.5,-235900904.14,-249995972.93999997,-14095068.8,-75568996.61,-560266.6000000001,37213252.92,38048431.35000001,-249718457.03,-246539746.57000002,604287.3500000001,-63282327.7,35840628.359999985,-25687621.599999994,236895122.5,40353576.400000006,436666.0,,5052197659.630001,0.6701832778398242
300498,温氏股份,2015-12-31,2016-04-18,1493461568.55,910000000.0,1009443211.68,,,,4550000.0,32734965600.12,9705326883.47,765579930.29,22264058786.36,2543548458.36,8894806592.51,1104574790.66,9369773855.31,3625247380.0,,1843812750.04,9569461175.26,15908154182.61,91923985.8,,,499065573.77,,2016-04-18,48237369754.91,48237369754.91,38795807400.35,6205366551.21,6636476887.23,431110336.02,,,99773916.23,,6122377007.88,6720634882.61,52804129.67,2016-04-18,9303222839.61,4524653437.11,1493461568.55,-6096039239.91,-3185636128.68,1072736567.71,1440205841.51,71058590.69,,126368379.51,,2015,4,,,,,,,,,,,,,,,,,,,,,1919443211.6799998,0.29648196372121505
300498,温氏股份,2016-03-31,2016-04-22,1622510294.83,908899200.0,510150655.05,,,,4550000.0,34342623014.7,8010208986.1,807113086.43,25525300942.17,2664291046.01,8962714270.17,1301667487.48,9473894696.21,3625247380.0,,1207366756.89,7857336340.24,16154469021.04,66824044.95,,,499491803.27,,2016-04-22,13456242055.35,13456242055.35,9559859838.52,3092335709.27,3212308706.03,119972996.76,,,-19581503.03,,3095128946.82,3216117118.06,13065083.73,2016-04-22,2316126824.95,1342776035.28,1622510294.83,-1612258206.84,-575665186.3,75665186.3,404441674.25,,,126368379.51,,2016,1,13456242055.35,13456242055.35,9559859838.52,3092335709.27,3212308706.03,119972996.76,,,-19581503.03,,3095128946.82,3216117118.06,13065083.73,2316126824.95,1342776035.28,-1612258206.84,-575665186.3,75665186.3,404441674.25,,1419049855.05,0.2332439482759169
300498,温氏股份,2016-06-30,2016-08-26,1124488116.41,400000000.0,499893248.18,,,,4550000.0,36539423150.57,7828276209.6,856162399.82,27854984541.15,2745265419.91,9134798099.07,1344836516.01,9903361944.82,4350296856.0,,1746133066.04,7651266167.06,16584155262.84,182471829.53,,,,,2016-08-26,28359451832.88,28359451832.88,19414488568.32,7226610442.58,7577607673.13,350997230.55,,,-48239498.72,,7190578141.33,7598371006.71,54747327.75,2016-08-26,7773351169.41,3036439004.03,1124488116.41,-4505977511.6,-3638371076.67,2134031939.78,923183667.18,52497576.94,,126368379.51,,2016,2,14903209777.53,14903209777.53,9854628729.8,4134274733.31,4365298967.1,231024233.79000002,,,-28657995.689999998,,4095449194.5099998,4382253888.65,41682244.019999996,5457224344.46,1693662968.7500002,-2893719304.76,-3062705890.37,2058366753.48,518741992.92999995,,899893248.1800001,0.21424192104351494
300498,温氏股份,2016-09-30,2016-10-14,901160737.16,,,,,,4550000.0,39799284687.38,9431502233.09,992841894.57,29374940559.72,2829217376.65,9896657835.38,1928819197.87,10089688743.25,4350296856.0,,1734086127.63,9224492660.02,19219616760.12,222947359.53,,,,,2016-10-14,43644449821.23,43644449821.23,30215067548.43,10837096827.65,11324773552.95,487676725.3,,,-87611863.8,,10812861036.81,11422817509.71,99010076.83,2016-10-14,11434197041.3,4881020561.73,901160737.16,-7447699174.37,-4582611086.34,2186869877.62,1396029066.15,,,126368379.51,,2016,3,15284997988.350002,15284997988.350002,10800578980.11,3610486385.0699997,3747165879.8200006,136679494.75,,,-39372365.08,,3622282895.4799995,3824446502.999999,44262749.08,3660845871.8899994,1844581557.6999993,-2941721662.7699995,-944240009.6700001,52837937.839999914,472845398.97000015,,0.0,0.2369766770225558
300498,温氏股份,2016-12-31,2017-04-17,791829909.2,,,,,,4550000.0,41438151161.51,10058779321.47,918478935.41,30460892904.63,3091091045.58,10547508833.2,1945690518.07,11370522731.12,4350296856.0,,2648675640.1,9834928196.91,18445975446.15,182889268.54,,,,,2017-04-07,59355237219.15,59355237219.15,42605828704.5,11789879274.56,12237923696.39,448044421.83,,,-136578389.22,,11833706375.33,12493913158.07,130938936.74,2017-04-07,14652743719.86,7288566216.97,791829909.2,-8580232552.78,-6778268237.5,4382237186.17,1789529130.73,567022819.48,,126368379.51,,2016,4,15710787397.919998,15710787397.919998,12390761156.07,952782446.9099998,913150143.4399986,-39632303.47000003,,,-48966525.42,,1020845338.5200005,1071095648.3600006,31928859.909999996,3218546678.5600014,2407545655.2400007,-1132533378.4099998,-2195657151.16,2195367308.55,393500064.5799999,,0.0,0.2427419911246701
300498,温氏股份,2017-03-31,2017-04-17,1007767495.76,500000000.0,,,496025806.45,,4550000.0,43055447656.97,10110650556.05,920609864.76,32024187236.16,3298619891.64,10440698710.56,2455541227.55,11548938569.42,4350296856.0,,1931550282.82,9430267287.26,18620689373.23,185041548.16,,,,,2017-04-17,12802605526.55,12802605526.55,10522467924.19,1473219768.21,1471726253.25,-1493514.96,,,-51411860.37,,1353927502.78,1523980783.87,43864961.55,2017-04-17,955941073.63,1877264463.72,1007767495.76,-1747411447.15,1005128772.93,1357345.94,445491489.24,,,126368379.51,,2017,1,12802605526.55,12802605526.55,10522467924.19,1473219768.21,1471726253.25,-1493514.96,,,-51411860.37,,1353927502.78,1523980783.87,43864961.55,955941073.63,1877264463.72,-1747411447.15,1005128772.93,1357345.94,445491489.24,,996025806.45,0.2348286014026205
300498,温氏股份,2017-06-30,2017-08-15,661808030.83,2700000000.0,,1000000000.0,496223439.21,,4550000.0,40284535627.45,12261844164.89,510593468.41,27512097994.15,3292000709.26,10387258676.1,3080711040.48,11909233008.69,5220356227.0,,1977684252.24,10627538398.86,15089448897.76,148961611.85,,,,,2017-08-15,25123515277.8,25123515277.8,21783903725.47,1810210513.73,1794035106.58,-16175407.15,,,-72296887.76,,1657694735.41,1912311403.33,89574185.24,2017-08-15,437426956.55,4154357349.6,661808030.83,-20885679.52,-546964104.58,4768801494.82,912798155.4,206302718.9,,126368379.51,,2017,2,12320909751.25,12320909751.25,11261435801.28,336990745.52,322308853.3299999,-14681892.190000001,,,-20885027.390000008,,303767232.6300001,388330619.46000004,45709223.69,-518514117.08,2277092885.88,1726525767.63,-1552092877.51,4767444148.88,467306666.15999997,,4196223439.21,0.3043809236945689
300498,温氏股份,2017-09-30,2017-10-30,772948908.68,2500000000.0,,1000000000.0,2481196056.96,,4550000.0,44819665457.82,14341933811.96,623383190.92,29854348454.94,3147039185.7,10919156173.91,3854818116.18,12404589392.84,5220356227.0,,1931412330.71,10662010575.81,17169897753.28,138086426.93,,,,,2017-10-30,39219456974.93,39219456974.93,32795970374.27,4038867820.27,4118795048.24,79927227.97,,,-31084168.35,97006613.29,3821779008.99,4276955052.78,95059905.49,2017-10-30,3171054971.15,6571715513.49,772948908.68,-4417599860.44,1229778760.95,4807469263.29,1406304385.39,,,122240795.21,,2017,3,14095941697.130001,14095941697.130001,11012066648.8,2228657306.54,2324759941.66,96102635.12,,,41212719.410000004,,2164084273.58,2364643649.4500003,5485720.25,2733628014.6,2417358163.89,-4396714180.919999,1776742865.5300002,38667768.47000027,493506229.9900001,,5981196056.96,0.3199919871213064
300498,温氏股份,2017-12-31,2018-04-10,1129248479.53,2500000000.0,70000000.0,895000000.0,2481750448.09,,,49039585688.19,15670360238.04,752710791.42,32616514658.73,3205487227.57,11328456483.67,3608117242.11,14438372297.96,5220356227.0,,2430513281.91,12104378986.9,19673820544.68,142646380.11,,,,,2018-04-10,55657160144.3,55657160144.3,44490652455.98,6751119026.04,6999027961.43,247908935.39,,,-5231672.91,160952004.02,6576975194.0,7225690066.63,93163641.96,2018-04-10,7994018444.96,9776677685.45,1129248479.53,-8764558975.98,1111921275.11,4851132422.54,1953982959.15,121614626.44,,122217865.92,,2017,4,16437703169.370003,16437703169.370003,11694682081.710003,2712251205.77,2880232913.1900005,167981707.42,,,25852495.44,63945390.730000004,2755196185.01,2948735013.85,-1896263.5300000012,4822963473.809999,3204962171.960001,-4346959115.54,-117857485.84000015,43663159.25,547678573.76,,5946750448.09,0.31954511886942444
300498,温氏股份,2018-03-31,2018-04-24,1199302385.78,1500000000.0,70000000.0,1895000000.0,2482794502.7,,,50276726566.66,14923543408.91,825574866.61,34527608291.14,3366457207.57,11955839718.64,3874897524.05,14905008013.94,5220356227.0,,2271979521.77,10218047379.95,19285819176.65,182207364.91,,,,,2018-04-24,13154031480.86,13154031480.86,10732819450.8,1408386480.68,1484408326.32,76021845.64,,,-1337716.73,71459845.85,1337463822.71,1497876879.13,15154849.02,2018-04-24,325206203.13,2013795117.47,1199302385.78,-188173145.47,-64281417.61,68187720.65,411924011.04,,,122217865.92,,2018,1,13154031480.86,13154031480.86,10732819450.8,1408386480.68,1484408326.32,76021845.64,,,-1337716.73,71459845.85,1337463822.71,1497876879.13,15154849.02,325206203.13,2013795117.47,-188173145.47,-64281417.61,68187720.65,411924011.04,,5947794502.7,0.29682806395765327
300498,温氏股份,2018-06-30,2018-08-15,1201689430.56,1300000000.0,370000000.0,1560000000.0,2483568866.83,,,47523265302.75,15277751532.24,526916596.8,31718597173.71,3524025743.61,11854281713.6,3472528900.35,15328032833.13,5313839027.0,,2046222194.82,10998327513.23,16951969887.22,236817270.28,,,,,2018-08-15,25316993316.92,25316993316.92,22360462106.53,917334013.54,1010319709.12,92985695.58,-67379385.09,,2563721.8,138457178.78,879002869.77,1045793786.52,31182032.63,2018-08-15,434164708.53,4267296157.65,1201666092.88,1130150503.0,-1493703398.28,2492905542.7,1099907100.04,67379385.09,,122217865.92,,2018,2,12162961836.059998,12162961836.059998,11627642655.73,-491052467.1400001,-474088617.1999999,16963849.939999998,,,3901438.53,66997332.93000001,-458460952.94000006,-452083092.61000013,16027183.61,108958505.39999998,2253501040.1800003,1318323648.47,-1429421980.67,2424717822.0499997,687983089.0,,5713568866.83,0.32147941508042654
300498,温氏股份,2018-09-30,2018-10-24,2133374490.81,1800000000.0,415000000.0,2315000000.0,2484506792.43,,,51409226988.29,17081099496.94,778072576.81,33550054914.54,3617384435.38,11921504131.38,4219871522.04,15748072178.67,5313839027.0,,2336813353.02,12130382307.66,20312087352.96,155903356.1,,,,,2018-10-24,40839190430.61,40839190430.61,34680322928.68,2899873642.52,3098908129.06,199034486.54,-39444874.22,,51372706.62,214950488.92,2810240361.71,3184604120.54,60131853.2,2018-10-24,3787305573.05,6676070646.46,2133374490.81,-2570185107.6,-217503423.71,2632664654.88,1541178194.2,,,122217865.92,,2018,3,15522197113.690002,15522197113.690002,12319860822.150002,1982539628.98,2088588419.94,106048790.96,27934510.870000005,,48808984.82,76493310.13999999,1931237491.94,2138810334.02,28949820.570000004,3353140864.5200005,2408774488.81,-3700335610.6,1276199974.57,139759112.1800003,441271094.1600001,,7014506792.43,0.332257466171019
300498,温氏股份,2018-12-31,2019-04-10,1797809042.29,1802000000.0,430000000.0,2415000000.0,2485456902.5,,,53950016587.48,18376509265.32,1005063023.97,34568444298.19,3597098390.85,12888769303.88,3506576529.21,18250105649.41,5313109027.0,,2805504066.26,13282756060.04,21801801737.18,110797390.55,,,,,2019-04-10,57244067129.29,57235997041.92,47589942692.79,3957435270.51,4256123421.35,298688150.84,-158140870.85,,100757203.36,296126252.81,3912930781.8,4377643889.07,27605052.58,2019-04-10,6494470882.53,9402598443.79,2712901114.9,-4767501610.68,-145936181.27,2679700592.56,1564139090.63,158140870.85,,153134574.42,,2018,4,16404876698.68,16396806611.309998,12909619764.11,1057561627.9900002,1157215292.29,99653664.29999998,-118695996.63,,49384496.74,81175763.89000002,1102690420.0900002,1193039768.5299997,-32526800.620000005,2707165309.4799995,2726527797.330001,-2197316503.0800004,71567242.44,47035937.67999983,22960896.430000067,,7132456902.5,0.34062101233133957
300498,温氏股份,2019-03-31,2019-04-25,1286094850.86,1792060000.0,1475000000.0,1855000000.0,2486407012.55,,,53090022645.7,17647502689.1,985928470.42,34456591486.18,3257796358.44,12749390251.66,3476751076.62,18822655510.59,5313109027.0,,2147639163.46,13067093024.59,21487734187.36,121398059.6,2266851864.38,,,,2019-04-25,13972281224.2,13965811939.65,13274813663.06,-460457980.32,-454934979.97,5523000.35,-64537703.15,,43216716.9,81860770.41,-737765477.47,-376659580.35,82437660.18,2019-04-25,-436357843.09,2057669912.73,2316316607.5,-336543431.02,375618527.85,89381472.15,353134260.78,,,153134574.42,,2019,1,13972281224.2,13965811939.65,13274813663.06,-460457980.32,-454934979.97,5523000.35,-64537703.15,,43216716.9,81860770.41,-737765477.47,-376659580.35,82437660.18,-436357843.09,2057669912.73,-336543431.02,375618527.85,89381472.15,353134260.78,,7608467012.55,0.3324071418630173
300498,温氏股份,2019-06-30,2019-08-21,1377291355.29,2200000000.0,1701000000.0,2483400000.0,2487703760.69,,,53485586597.73,18521164859.13,812713363.02,34151708375.58,3280526012.86,12042201145.02,3493288761.56,19438872104.23,5313109027.0,,2336200984.9,13129599097.42,20826445851.21,200390962.9,2238513313.27,,,,2019-08-21,30434985788.86,30421582115.0,26970666941.85,1382933353.24,1442326830.11,59393476.87,-9832917.08,-39875766.33,115260095.98,180316428.62,630039640.6,1717497139.01,261688826.5,2019-08-21,2805255600.56,4051242230.42,3527894180.99,-639280673.02,-1354196977.31,3074196977.31,675403214.2,49708683.41,,153134574.42,,2019,2,16462704564.66,16455770175.35,13695853278.789999,1843391333.56,1897261810.08,53870476.519999996,54704786.07,,72043379.08000001,98455658.21000001,1367805118.0700002,2094156719.3600001,179251166.32,3241613443.65,1993572317.69,-302737242.0,-1729815505.1599998,2984815505.16,322268953.4200001,,8872103760.69,0.3462832893360482
300498,温氏股份,2019-09-30,2019-10-23,1269981567.48,1700000000.0,2021000000.0,1843400000.0,2985077415.79,,,58132070668.13,19920001281.93,1023114683.03,37188954703.17,3843910171.71,11854023491.82,3827370417.31,20066712791.43,5312124827.0,,2388653807.37,14557530868.14,23690585543.61,232628921.64,2400311181.17,,,,2019-10-23,48308199598.94,48288664097.14,38727819595.48,6085005458.3,6331421001.98,246415543.68,-1526613.82,-48113416.06,200495095.52,273503313.78,5135898024.09,6671016698.7,316779056.29,2019-10-23,8890168474.01,7208938534.74,1900814929.35,-7867585363.39,-1841397570.31,3234338510.53,1170197515.78,,,153134574.42,,2019,3,17873213810.08,17867081982.14,11757152653.630005,4702072105.06,4889094171.87,187022066.81,8306303.26,-8237649.730000004,85234999.54,93186885.15999997,4505858383.49,4953519559.69,55090229.79000002,6084912873.450001,3157696304.3199997,-7228304690.370001,-487200593.0,160141533.22000027,494794301.5799999,,8549477415.79,0.34266801531380564
300498,温氏股份,2019-12-31,2020-04-24,1468385702.94,2072434704.86,681227133.8,1360000000.0,2985584685.23,,149848453.69,65578924453.61,18950817475.86,1516216188.97,45111890788.78,4295996953.16,12486388533.83,3011562772.88,22733041928.3,5311509547.0,,2657695650.82,13896669087.39,26093742751.15,529436773.98,1467709572.96,,0.0,,2020-04-24,73144495072.14,73120412619.72,52893658005.73,13967204890.3,14444503680.6,477298790.3,-61705916.24,-45705489.44,241483052.37,361452088.35,13053799823.24,14899671010.79,335926637.39,2020-04-24,18302933001.02,12391978701.98,5338510698.64,-10810839902.7,-4867455932.52,4883594814.06,3447727556.6,107411405.68,,168710619.09,,2019,4,24836295473.199997,24831748522.58,14165838410.25,7882199431.999999,8113082678.620001,230883246.62,-60179302.42,2407926.620000005,40987956.849999994,87948774.57000005,7917901799.15,8228654312.090001,19147581.099999964,9412764527.01,5183040167.24,-2943254539.3100004,-3026058362.2100005,1649256303.5300002,2277530040.8199997,,7099246523.889999,0.28897725349652015
300498,温氏股份,2020-03-31,2020-04-24,2046742942.23,4853811079.19,95971724.19,1232659732.39,2591232287.24,,245136846.76,68525239322.36,19629945624.1,1885394074.81,47009899623.45,4186576294.29,12361774164.64,3257690657.22,23435957771.14,5311509547.0,,2761060636.39,15049540476.52,27851851847.71,309129781.66,1738255418.53,,,,2020-04-24,17449486838.33,17443925469.61,13859897190.33,1892158223.03,1885580738.02,-6577485.01,-67727905.16,-17678682.43,31258156.08,84788157.67,1982160185.11,1873357194.4,-36716055.54,2020-04-24,1108504769.6,3515200343.83,3124571837.23,-4847995944.05,1516737958.08,69314541.92,2692111137.84,,,320069208.36,,2020,1,17449486838.33,17443925469.61,13859897190.33,1892158223.03,1885580738.02,-6577485.01,-67727905.16,-17678682.43,31258156.08,84788157.67,1982160185.11,1873357194.4,-36716055.54,1108504769.6,3515200343.83,-4847995944.05,1516737958.08,69314541.92,2692111137.84,,8773674823.009998,0.2864629998846963
300498,温氏股份,2020-06-30,2020-08-20,1470107043.03,4822888840.27,318224708.8,1112854414.43,2489512666.23,,285643305.25,65683598622.56,19670278052.96,1552746270.4,44460574299.2,6039989049.61,12525774971.88,4917163494.52,24063732003.29,6373811456.0,,3250429859.03,15291907892.56,19638740469.38,873019562.26,429576397.77,,,,2020-08-20,35967512637.67,35956892340.06,27659496188.77,4153337538.35,4077594198.92,-75743339.43,-716605989.44,-34763038.38,29530205.99,154320441.64,4216571971.93,4153014639.32,-10924152.04,2020-08-20,3971893791.19,10877433610.43,2420069947.97,-2743218112.16,-4152210385.3,5836597337.65,4504019567.63,751369027.82,,328701683.87,,2020,2,18518025799.339996,18512966870.449997,13799598998.44,2261179315.3199997,2192013460.9,-69165854.42,-648878084.2800001,-17084355.950000003,-1727950.0899999999,69532283.96999998,2234411786.8199997,2279657444.92,25791903.5,2863389021.59,7362233266.6,2104777831.8900003,-5668948343.38,5767282795.73,1811908429.79,,8743480629.730001,0.2994701640205802
300498,温氏股份,2020-09-30,2020-10-30,3210998529.3,4822888840.27,387131882.59,7247254414.43,3677521011.28,,303561079.56,77644944065.68,29155661399.49,1705617352.67,46783665313.52,8987383396.11,14458290226.14,7974135047.04,24912995667.01,6373463840.0,,3309884249.8,17202227731.4,24537789350.31,940365230.01,1882593969.26,,,,2020-10-30,55456153049.31,55442473085.86,42546612364.64,8241484078.37,8288613180.12,47129101.75,-45261384.1,-67186463.2,124973943.7,245340799.73,7555599020.11,8708508994.94,286206032.73,2020-10-30,5909661973.58,21853215673.53,3540564727.6,-10905341300.87,3202552601.45,6024883453.31,7285401474.93,,,328701683.87,,2020,3,19488640411.64,19485580745.800003,14887116175.869999,4088146540.02,4211018981.2,122872441.18,671344605.34,-32423424.82,95443737.71000001,91020358.09,3339027048.18,4555494355.620001,297130184.77000004,1937768182.3899999,10975782063.099998,-8162123188.710001,7354762986.75,188286115.6600008,2781381907.3,,16134796148.570002,0.3754998055614178
300498,温氏股份,2020-12-31,2021-04-22,1865311365.58,3990596661.37,756222560.93,7161673820.1,7567338684.66,,318044337.94,80500122647.49,32911937192.81,1800219178.18,45787966276.5,9225786867.15,13312235130.99,8582472708.63,28508394555.13,6373463840.0,,4139845231.56,16799026764.16,23055070598.37,527469005.93,2180083089.53,0.0,0.0,,2021-04-22,74938912149.75,74923760203.84,60229185162.82,7425874792.56,7483984922.31,58110129.75,-536935691.82,-77826585.01,196333237.78,411394900.63,6381472011.57,8386986582.62,487575978.38,2021-04-22,8465248850.62,29990531960.53,2801428115.93,-15689778314.59,4753111262.8,8056212724.67,9574184379.15,614762276.82,,403903220.71,,2020,4,19482759100.440002,19481287117.979996,17682572798.18,-815609285.8099995,-804628257.8099995,10981028.0,-491674307.72,-10640121.810000002,71359294.08,166054100.9,-1174127008.54,-321522412.32000065,201369945.64999998,2555586877.04,8137316287.0,-4784437013.719999,1550558661.3500004,2031329271.3599997,2288782904.2199993,,19475831727.06,0.40884331738140767
300498,温氏股份,2021-03-31,2021-04-22,3309692327.42,7713401184.07,1677380024.3,7228580478.22,7597294800.17,5765131453.47,260627835.58,90726167150.72,42320203467.72,2346423282.6,46059540400.4,8830738547.21,16497746575.01,8687599270.24,29412276188.76,6373463840.0,7102743563.97,3806761587.0,20427178820.15,27109775623.24,524196266.69,2230594944.13,10354774.27,,,2021-04-22,16818212442.85,16816122517.17,14555320438.65,543520551.33,591456803.75,47936252.42,-36763074.01,-5581878.23,214278619.11,202800405.04,538740850.61,573247574.12,3786163.1,2021-04-22,-1705958626.52,4638318524.75,3522688363.88,-2756850482.71,5183824305.57,117450509.12,1577729371.7,,,403903220.71,,2021,1,16818212442.85,16816122517.17,14555320438.65,543520551.33,591456803.75,47936252.42,-36763074.01,-5581878.23,214278619.11,202800405.04,538740850.61,573247574.12,3786163.1,-1705958626.52,4638318524.75,-2756850482.71,5183824305.57,117450509.12,1577729371.7,,29981787940.230003,0.4664608325998719
300498,温氏股份,2021-06-30,2021-08-19,7738832826.32,6975048250.01,2351643280.06,12231399979.77,15886380503.83,5766314787.64,564433403.52,103454231519.02,58416478560.63,2173691197.13,42864061761.26,8895677667.48,18401219902.3,7206742756.12,32026815741.37,6373463840.0,7572323744.88,4743669345.08,22769383253.89,37961595541.65,300378433.84,2564212317.92,201089071.52,,954143215.59,2021-08-19,30634433823.83,30629895909.85,29935961396.83,-2497667942.51,-2497856885.9,-188943.39,-506047144.49,-7996042.87,451548208.45,542757667.92,-3151913966.76,-2262974032.0,219578330.55,2021-08-19,-2711570476.82,8601570986.77,10106850516.93,-8448110752.12,18463185328.47,371810564.95,2326767089.82,514043187.36,,402910047.52,,2021,2,13816221380.980001,13813773392.679998,15380640958.180002,-3041188493.84,-3089313689.65,-48125195.81,-469284070.48,-2414164.6399999997,237269589.33999997,339957262.88,-3690654817.3700004,-2836221606.12,215792167.45000002,-1005611850.3000002,3963252462.0200005,-5691260269.41,13279361022.900002,254360055.82999998,749037718.1200001,,43210786801.31,0.5646601178405173
300498,温氏股份,2021-09-30,2021-10-28,7642230436.13,2765050750.0,2359072641.02,18135716314.21,15984555457.46,6021943208.93,597113848.16,99440422153.88,61321832481.67,2060417625.09,36058172047.12,7979716571.19,14725146739.11,6820313991.39,33159691365.29,6351792072.0,7832677350.76,6111137784.71,19184995483.01,33615896452.64,282809107.5,2439615384.23,1427429695.37,,954143215.59,2021-10-28,46576139304.1,46569216451.02,50450742844.95,-9701319910.97,-9842884577.7,-141564666.73,-1892192222.07,-6103309.08,817081330.83,918118806.33,-10794923020.83,-9435964259.91,380806780.21,2021-10-28,-1467185866.33,11924200823.88,8116328515.54,-11649749973.34,18433636123.13,2016534181.46,3069704694.19,,,402910047.52,,2021,3,15941705480.269997,15939320541.169998,20514781448.119995,-7203651968.459999,-7345027691.800001,-141375723.34,-1386145077.58,1892733.79,365533122.38000005,375361138.4100001,-7643009054.07,-7172990227.91,161228449.65999997,1244384610.4900002,3322629837.1099987,-3201639221.2200003,-29549205.340000153,1644723616.51,742937604.3699999,,45266338371.62,0.6166690683068196
300498,温氏股份,2021-12-31,2022-04-16,7632774131.77,1756899806.95,2732475003.85,18385497172.22,16003503162.78,6083285821.06,462528090.73,96788366471.74,62039242036.61,2301449110.21,32447675324.92,4764364627.22,14943684202.66,4752199228.88,35404165984.87,6351814344.0,8101473548.69,6771782646.49,19684662598.18,35589140155.87,190896667.24,3925822977.87,1745002431.53,1729585.65,954101886.92,2022-04-16,64964594187.23,64954064169.73,70355836393.88,-13404359150.48,-13547621047.51,-143261897.03,-2193529173.31,-34903426.01,1163484127.54,1373382750.94,-14665753601.93,-12963797533.82,403629134.38,2022-04-16,766161193.39,13239799903.52,10315453931.27,-10253001639.55,17004686693.18,2479427931.07,3575449155.06,2228432599.32,,204043906.95,,2021,4,18388454883.130005,18384847718.710007,19905093548.930008,-3703039239.51,-3704736469.8099995,-1697230.300000012,-301336951.24,-28800116.93,346402796.7099999,455263944.61,-3870830581.1000004,-3527833273.91,22822354.170000017,2233347059.72,1315599079.6400013,1396748333.790001,-1428949429.9500008,462893749.61000013,505744460.8699999,,44961660966.86,0.6409782941705504
300498,温氏股份,2022-03-31,2022-04-27,6660384142.48,2173317788.47,2500054339.28,18232141252.43,15903736268.67,6256619971.94,457522160.14,93372702475.35,62071732120.55,2351995780.39,28948974574.41,5056329368.98,14455535921.04,4863773937.9,34800227162.85,6351828223.0,8137328340.11,7191583173.0,19971378309.09,32049703609.98,273396168.58,3135121732.11,2313385924.56,1908109.65,954076742.78,2022-04-27,14590114221.09,14585587089.7,15497611087.76,-3763303216.06,-3807161737.95,-43858521.89,-997175503.0,17807414.22,366279608.93,432267400.11,-3597704110.25,-3868500972.83,-65072629.37,2022-04-27,-406810344.95,2164215882.18,7753889590.45,-1628962308.91,-560562748.99,291095294.29,629124613.67,,,204043906.95,,2022,1,14590114221.09,14585587089.7,15497611087.76,-3763303216.06,-3807161737.95,-43858521.89,-997175503.0,17807414.22,366279608.93,432267400.11,-3597704110.25,-3868500972.83,-65072629.37,-406810344.95,2164215882.18,-1628962308.91,-560562748.99,291095294.29,629124613.67,,45065869620.79,0.6647738629706758
300498,温氏股份,2022-06-30,2022-08-19,5272067904.55,1398294816.68,2805786742.24,18393530996.83,15904652156.85,6145388631.58,460437546.08,95165990846.28,62524156156.71,2392660270.47,30249174419.1,5588408594.58,16220295365.37,4753416104.1,34744834237.96,6457177904.0,8039724792.55,7577124484.35,20205267951.98,33771441867.16,197103919.13,2948080017.37,2252712069.81,,954050089.99,2022-08-19,31543957302.43,31535463185.46,31818040520.78,-3523526009.23,-3582697829.17,-59171819.94,-4374931.5,-8507229.01,955815097.57,867621580.56,-3864494953.41,-3417858449.06,151324621.95,2022-08-19,696392870.33,4499949173.36,7690103941.91,-2948272854.49,-379011071.16,552166102.31,1193056689.74,12882160.51,,204043906.95,,2022,2,16953843081.34,16949876095.759998,16320429433.019999,239777206.82999992,224463908.77999973,-15313298.049999997,992800571.5,-26314643.229999997,589535488.6400001,435354180.4499999,-266790843.15999985,450642523.77,216397251.32,1103203215.28,2335733291.18,-1319310545.5799997,181551677.82999998,261070808.01999992,563932076.07,,44647653344.18,0.6570010525893036
300498,温氏股份,2022-09-30,2022-10-26,2230426319.25,702599138.9,7279911165.84,13193486185.93,13487659892.1,6136658218.21,448124123.5,98349847899.59,59721819453.5,2597288935.69,36030739510.4,6090193212.3,17685400335.79,4648927913.21,34439390398.54,6546257327.0,7923057070.78,7645161154.13,25188588400.66,36405040648.76,195711720.25,1929621566.14,2047857251.39,978150.87,794231501.63,2022-10-26,55873785503.75,55860830413.2,49554702464.38,685536125.98,879646152.78,194110026.8,1314081.58,-22597931.35,1520444329.67,1277229248.02,560511206.51,995001696.69,90219911.42,2022-10-26,6216423335.3,6858730216.82,4751414017.04,-8510722330.68,-3264632538.57,933550048.65,1942889909.85,,,204043906.95,,2022,3,24329828201.32,24325367227.739998,17736661943.6,4209062135.21,4462343981.95,253281846.74,5689013.08,-14090702.340000002,564629232.1,409607667.46000004,4425006159.92,4412860145.75,-61104710.52999999,5520030464.97,2358781043.46,-5562449476.190001,-2885621467.4100003,381383946.34000003,749833220.1099999,,40800314600.979996,0.6072385542931681
300498,温氏股份,2022-12-31,2023-04-26,4265515906.85,1088696429.18,5952017925.2,10152951502.96,12402766899.17,5907513883.44,477111829.22,98087413601.55,55172232462.48,3211863641.7,39703317497.37,5891122722.16,20388326002.09,3833776838.51,35076817084.24,6554141037.0,7749314994.6,7555128790.58,24950734765.02,36593755137.47,264413615.27,3209154882.7,1752732500.66,1962027.57,794213726.26,2023-04-26,83725111925.72,83708187230.99,70696857742.45,5289005087.07,5641399070.33,352393983.26,-277466928.72,-60685624.67,1816117683.53,1629831751.5,4966325013.3,6118049242.77,173639309.56,2023-04-26,11074527590.93,9352451112.82,6417835692.29,-5762795521.78,-9224650622.03,1863152179.88,2948926958.6,338152553.39,,158947011.97,,2022,4,27851326421.97,27847356817.79001,21142155278.07,4603468961.09,4761752917.55,158283956.45999998,-278781010.3,-38087693.32,295673353.8599999,352602503.48,4405813806.79,5123047546.08,83419398.14,4858104255.63,2493720896.0,2747926808.9000006,-5960018083.460001,929602131.2300001,1006037048.75,,35503946639.950005,0.5624802452901884
300498,温氏股份,2023-03-31,2023-04-26,3479133214.36,3354389170.3,5823923514.85,10587614066.8,12102242799.94,5983060581.16,1074590349.97,97524279919.88,57757395260.25,3819409298.53,35947475361.1,5828010551.16,20512384454.54,3997039063.87,34485113689.05,6554141099.0,7736677020.35,7633747854.78,26793694692.7,36846725201.13,164287156.97,2773594857.68,1547348093.34,,794213613.37,2023-04-26,19974375125.69,19970495410.54,21383332889.1,-2749104585.54,-2819971198.0,-70866612.46,-405725.1,37877302.12,247565992.64,335124412.83,-2783477735.77,-2808334493.9,4823078.27,2023-04-26,-537737542.13,2120661439.61,7203352963.64,-811171585.97,2145817665.01,189012171.25,898754936.9,,,158947011.97,,2023,1,19974375125.69,19970495410.54,21383332889.1,-2749104585.54,-2819971198.0,-70866612.46,-405725.1,37877302.12,247565992.64,335124412.83,-2783477735.77,-2808334493.9,4823078.27,-537737542.13,2120661439.61,-811171585.97,2145817665.01,189012171.25,898754936.9,,37851230133.05,0.5922360596530418
300498,温氏股份,2023-06-30,2023-08-31,2309157863.87,3871557191.65,8956675042.17,8304562219.94,9879983287.54,6417865912.18,852796044.12,95070538902.47,58293217558.2,2948795535.23,33828525809.04,5487673433.65,19193691615.77,3699818500.96,33976942466.03,6554141931.0,8113432631.85,8680441507.56,31602053260.51,34762471677.65,206706914.88,3376706802.71,1724559093.71,6315520.5,794212022.61,2023-08-31,41199894488.99,41188765487.6,42999776041.64,-4688741559.52,-4739672868.88,-50931309.36,-71369419.5,26803306.99,685877410.53,690025991.37,-5127627744.42,-4611030994.26,119679438.82,2023-08-31,2801169012.68,4550595968.25,4696350303.17,-1858157250.39,-2662477690.77,1908868518.52,1750806639.99,44566112.51,,158947011.97,,2023,2,21225519363.3,21218270077.059998,21616443152.54,-1939636973.9800005,-1919701670.88,19935303.099999994,-70963694.4,-11073995.129999999,438311417.89,354901578.54,-2344150008.65,-1802696500.3600001,114856360.55,3338906554.81,2429934528.6400003,-1046985664.4200001,-4808295355.78,1719856347.27,852051703.09,,37430643653.479996,0.6131575378782826
300498,温氏股份,2023-09-30,2023-10-26,4593517394.73,3461871576.41,6514537668.12,7852690550.21,9922416210.29,6358195205.93,857713601.17,95639412897.69,57681022906.61,2918211907.3,35040178083.78,5437389852.76,20577354264.89,4274780109.74,33453711460.78,6645790896.0,7964097739.78,11011870426.19,31551247809.4,35457908425.05,179345915.33,2713560859.93,2313244917.72,5847558.62,794210421.61,2023-10-26,64703440315.61,64688522146.16,64434289306.43,-4529812708.64,-4589839009.0,-60026300.36,-3476403.84,12474513.34,972718855.99,1011081636.23,-4846579158.58,-4477249617.33,95111898.06,2023-10-26,5640907785.91,7114115729.88,6680018279.34,-2724990371.34,-2652115480.29,2128662962.96,2716336428.87,,,158947011.97,,2023,3,23503545826.620003,23499756658.560005,21434513264.79,158928850.8800001,149833859.8800001,-9094991.0,67893015.66,-14328793.649999999,286841445.46000004,321055644.86,281048585.84000015,133781376.9300003,-24567540.75999999,2839738773.23,2563519761.63,-866833120.95,10362210.48000002,219794444.44000006,965529788.8799999,,34109711210.96,0.6031093370294328
300498,温氏股份,2023-12-31,2024-04-29,4266001286.23,2474531408.03,6535528278.13,7597111445.67,9948752641.94,6105559560.75,1164498263.72,92895140058.76,57048119355.71,2786443367.14,33060577335.91,4891153465.26,20335660530.71,3500702902.2,34372393828.61,6652030878.0,7903570968.8,11026679848.15,31138037930.16,33310495108.06,156662977.44,2216870602.89,3633769560.88,1159510.56,794205608.31,2024-04-29,89921099545.85,89902322387.76,89146814526.97,-6389662358.5,-6388857734.08,804624.42,-244508202.91,-4961070.4,1212869121.41,1301447487.26,-6451819968.1,-6137071021.49,18180244.88,2024-04-29,7593935845.43,9774628961.17,6124141385.0,-3314664488.93,-4575799821.49,2424878326.48,3525528665.79,249469273.31,,158947011.97,,2023,4,25217659230.240005,25213800241.59999,24712525220.54,-1859849649.8599997,-1799018725.08,60830924.78,-241031799.07,-17435583.740000002,240150265.42000008,290365851.03,-1605240809.5200005,-1659821404.1599998,-76931653.18,1953028059.5200005,2660513231.29,-589674117.5899997,-1923684341.1999998,296215363.52,809192236.9200001,,32661483334.52,0.6141130668367012
300498,温氏股份,2024-03-31,2024-04-29,5875539577.81,4952989784.72,5269136894.62,9470926762.9,10011625049.82,6050400556.92,1162657251.63,94677178949.3,59997868721.59,2746491433.01,31932818794.7,4791876716.19,19861479692.55,3944117457.51,33707310728.21,6652031029.0,7791380172.44,10788229613.35,32276905211.42,35822722011.36,159508393.48,1879789799.51,2736574448.91,288815.09,794205341.47,2024-04-29,21847552671.51,21841709621.66,21127583555.76,-1236018993.8,-1256626114.34,-20607120.54,-4043984.36,13845846.47,282548870.99,308918478.83,-1052230427.61,-1247225762.77,-26510782.71,2024-04-29,2259495155.64,2223366296.49,9413336939.86,-1548464049.31,2577964339.49,274604434.65,767344247.35,,,158947011.97,,2024,1,21847552671.51,21841709621.66,21127583555.76,-1236018993.8,-1256626114.34,-20607120.54,-4043984.36,13845846.47,282548870.99,308918478.83,-1052230427.61,-1247225762.77,-26510782.71,2259495155.64,2223366296.49,-1548464049.31,2577964339.49,274604434.65,767344247.35,,35755079048.979996,0.6337099329260654
300498,温氏股份,2024-06-30,2024-08-27,3047998201.68,4154042062.44,3788043757.36,7061524881.43,10056886296.48,5881498035.99,1066747087.67,90539446728.64,53370086836.84,2796596831.16,34372763060.64,4836195298.63,18949795325.9,4207464302.34,33321995089.46,6652916116.0,7594802670.81,8664575200.5,28192297521.92,31966689365.27,156604030.92,2030844476.74,1109832100.0,6306371.7,792657498.88,2024-08-27,47088943210.28,47070703521.66,41871076427.42,1340925141.87,1448819185.43,107894043.56,-11184018.55,-207427.64,551795869.16,613559750.27,1370175651.12,1581306245.97,67124028.04,2024-08-27,5656129557.32,4229535300.33,5853611895.19,-3388678945.28,-2886377915.14,1205125164.2,1613541274.53,11184018.55,,158947011.97,,2024,2,25241390538.77,25228993900.000004,20743492871.66,2576944135.67,2705445299.77,128501164.1,-7140034.190000001,-14053274.110000001,269246998.16999996,304641271.44,2422406078.73,2828532008.74,93634810.75,3396634401.68,2006169003.8400002,-1840214895.9700003,-5464342254.629999,930520729.5500001,846197027.18,,30941995033.699997,0.5894677818917756
300498,温氏股份,2024-09-30,2024-10-23,3678796767.68,2732926673.56,4105994693.74,5775792384.73,10063465899.43,5939839062.02,1068216966.4,93421657763.03,51247261407.87,2895452304.01,39278944051.15,4848608911.49,19309620718.01,4667658005.07,33044166446.03,6652917473.0,7556873284.37,8074536330.66,27348118992.38,34754341238.97,129005688.57,2272208812.09,377287603.2,262766.98,792655138.41,2024-10-23,75849412675.08,75813649300.16,63325231968.87,6432470582.03,6671334118.47,238863536.44,-15392283.45,-8555524.87,747097964.55,874253499.36,6483679697.9,6812229910.62,56056029.06,2024-10-23,12573592140.77,6489312118.14,7192787185.38,-5665227490.1,-6188144169.51,1348745408.25,2625707701.47,,,158947011.97,,2024,3,28760469464.800003,28742945778.5,21454155541.450005,5091545440.16,5222514933.04,130969492.88,-4208264.8999999985,-8348097.2299999995,195302095.39,260693749.09000003,5113504046.78,5230923664.65,-11067998.980000004,6917462583.450001,2259776817.8100004,-2276548544.82,-3301766254.3700004,143620244.04999995,1012166426.9399998,,28618018713.48,0.5485586815196746
300498,温氏股份,2024-12-31,2025-04-24,4765942956.08,1473673274.86,5659024822.37,4644548296.46,8610769035.28,5584252207.89,1075647699.31,95082368996.67,50657860341.78,3286128118.3,41138380536.59,4890229163.27,19511338790.31,2493014498.73,35088115117.89,6653924715.0,7210267851.06,9308588735.99,29725473535.39,36751287189.75,279960892.06,2083109891.69,446881035.6,10870757.12,790903956.68,2025-04-24,105645183757.81,105583714275.85,87179185848.01,9279937440.45,9683537765.75,403600325.3,-276392654.04,-69923341.87,1039526530.26,1122851211.6,9573318941.82,10042454405.29,-29212457.55,2025-04-24,19606871064.65,9167562601.22,8091614569.57,-7577986342.89,-10409488991.28,2483080295.4,3566699703.85,276392654.04,,167956184.46,,2024,4,29795771082.729996,29770064975.690002,23853953879.13999,2847466858.420001,3012203647.2799997,164736788.86,-261000370.59000003,-61367817.00000001,292428565.71000004,248597712.2399999,3089639243.92,3230224494.670001,-85268486.61,7033278923.880001,2678250483.079999,-1912758852.79,-4221344821.7700005,1134334887.15,940992002.3800001,,25972267636.86,0.5327786936351381
300498,温氏股份,2025-03-31,2025-04-24,5781420931.11,1381898395.82,6872412078.68,2256945897.22,8660146614.69,5776004596.7,1077462521.2,95015961388.76,48882619220.69,3081550590.99,43051791577.08,5059245124.65,19623318701.63,2806267392.49,34766994278.66,6653924897.0,7352192386.21,8831417890.1,30169158617.72,35879863882.6,120354130.45,2083192529.91,366698833.16,262766.98,790903638.53,2025-04-24,24455949081.37,24442283880.37,20920592575.46,2013234686.34,2086733550.78,73498864.44,-5384149.76,12557100.98,190933094.5,218242877.57,1914262870.2,2120549996.55,21265654.97,2025-04-24,3682465207.82,2382022780.23,8136816409.1,-2252954244.41,-1383049336.72,234838024.46,820719935.66,,,139018597.24,,2025,1,24455949081.37,24442283880.37,20920592575.46,2013234686.34,2086733550.78,73498864.44,-5384149.76,12557100.98,190933094.5,218242877.57,1914262870.2,2120549996.55,21265654.97,3682465207.82,2382022780.23,-2252954244.41,-1383049336.72,234838024.46,820719935.66,,24947407583.11,0.5144674484814782
300498,温氏股份,2025-06-30,2025-08-28,2496806067.17,223104458.71,5878609089.45,1004373108.03,8660311938.39,5770259733.54,1071014571.89,90769164909.33,45899660700.89,2761417931.32,42108086277.12,5198603483.94,19361882056.14,2980431982.05,34804778040.77,6653926433.0,7329911945.9,9391315846.09,28361573061.91,30908941370.26,298449538.85,1530038085.71,477573948.71,10258610.71,790900990.7,2025-08-28,49874634043.84,49851534199.89,42989682167.66,3474636442.92,3530898376.11,56261933.19,-526347885.08,-8968604.88,372958693.01,414932586.94,3255885416.13,3595669445.55,45251788.48,2025-08-28,6465408423.84,4743486920.87,4337775923.12,-1973135653.38,-8243811419.15,1920651155.06,1771073336.47,526347885.08,,167956184.46,,2025,2,25418684962.469997,25409250319.52,22069089592.200005,1461401756.5800002,1444164825.3300002,-17236931.25,-520963735.32,-21525705.86,182025598.51,196689709.37,1341622545.93,1475119449.0000002,23986133.509999998,2782943216.02,2361464140.64,279818591.02999973,-6860762082.429999,1685813130.6,950353400.8100001,,21536658328.12,0.5056745949655868
300498,温氏股份,2025-09-30,2025-10-22,2148430821.38,74571929.76,5546573044.73,929570382.34,8700587703.59,5790621373.99,1068028505.78,92275779615.23,45597083163.4,2815336067.79,43863360384.04,5185453557.38,21264861332.31,3370195073.33,34736351465.76,6653927081.0,7278808104.52,9301109085.39,28085306596.59,32340262886.49,368726998.71,1469175365.61,409378489.75,8391511.4,790899882.3,2025-10-22,75817126805.18,75788089354.93,66072340517.01,5255835938.23,5417466795.89,161630857.66,-47675402.64,-19669815.34,546719714.2,614851065.27,4888838569.45,5620998532.83,135894995.55,2025-10-22,8198647196.99,7533944825.68,3763183743.31,-3062038863.89,-9463240146.9,2073027389.03,2788682806.4,,,167956184.46,,2025,3,25942492761.339996,25936555155.039993,23082658349.35,1781199495.3099995,1886568419.7800002,105368924.47,478672482.44,-10701210.459999999,173761021.19000006,199918478.32999998,1632953153.3199997,2025329087.2799997,90643207.07000002,1733238773.1499996,2790457904.8100004,-1088903210.5099998,-1219428727.75,152376233.97000003,1017609469.9300001,,21041924434.41,0.4941392351658253
300498,温氏股份,2025-12-31,2026-04-22,1013474627.88,74555201.61,4015404904.48,880399312.58,8736057880.85,5678809975.28,1070901107.87,89507573237.28,44590568342.84,2841231070.86,42075773823.58,5200561683.75,20770221037.5,1953025489.12,36748928520.78,6653927263.0,7296879783.13,9771249348.12,27267123785.76,29007001880.88,337883662.42,849650003.34,447135949.55,16395692.5,790899574.42,2026-04-22,103862188499.72,103824483312.07,92213288214.12,5266415817.82,5475007563.84,208591746.02,-207598805.53,-82917794.02,706851580.34,792096746.89,4954747160.23,5831423803.68,122838311.78,2026-04-22,11807445685.82,10737358062.01,3233808562.07,-3180465550.81,-13476198032.2,4070518710.27,3562581865.39,207598805.53,,167956184.46,,2025,4,28045061694.54001,28036393957.140015,26140947697.109993,10579879.590000153,57540767.94999981,46960888.360000014,-159923402.89,-63247978.67999999,160131866.14,177245681.62,65908590.77999973,210425270.85000038,-13056683.77000001,3608798488.83,3203413236.33,-118426686.92000008,-4012957885.300001,1997491321.24,773899058.9899998,,19385227274.8,0.498176486414537
300498,温氏股份,2026-03-31,2026-04-22,3404465810.08,3052150062.61,10685210050.65,2527538956.6,776365448.84,5729777952.17,1071800198.77,92154694059.98,48972997944.28,2827614452.95,40354081662.75,5263323739.51,20826002307.49,2394712996.53,36430768173.95,6653927330.0,7245318699.16,10779408796.99,37972584165.48,30882323396.13,240336753.45,738853166.4,1564662627.16,13148060.37,790899461.43,2026-04-22,24530791868.66,24525667199.71,23861547219.02,-1070082952.75,-1088274775.01,-18191822.26,-508732830.91,-15094384.44,182330858.02,186345790.25,-1165631859.24,-1054528504.62,25576739.92,2026-04-22,1289053750.69,2493241904.85,4854960945.67,-2045060409.01,2378167518.21,166465642.04,802519709.21,,,167956184.46,,2026,1,24530791868.66,24525667199.71,23861547219.02,-1070082952.75,-1088274775.01,-18191822.26,-508732830.91,-15094384.44,182330858.02,186345790.25,-1165631859.24,-1054528504.62,25576739.92,1289053750.69,2493241904.85,-2045060409.01,2378167518.21,166465642.04,802519709.21,,22771042470.870003,0.5314216323305825
300498,温氏股份,2026-06-30,2026-08-26,3675469692.8,4564451746.19,10055222074.76,7553928190.53,764241888.49,5685704378.27,1072743843.04,93619898655.74,55178506347.47,2635079168.19,35806313140.08,5042363872.78,21043348196.9,2847779980.73,36040207390.19,6653929305.0,7314842713.27,11102877058.45,39237567148.02,32446189610.93,244803973.0,1049819234.27,1551770134.84,38535683.72,790895643.62,2026-08-26,46764965640.08,46747184932.65,48111038753.92,-4365949201.76,-4397696600.6,-31747398.84,-512739191.59,-7530433.57,378098014.22,397604577.09,-4478657083.4,-4314961757.18,58783186.38,2026-08-26,421619036.92,5679693279.37,6105576375.14,-3829051331.43,6280681630.03,1647403479.22,2378075640.19,512739191.59,,167956184.46,,2026,2,22234173771.420002,22221517732.940002,24249491534.899998,-3295866249.01,-3309421825.59,-13555576.579999998,-4006360.6799999475,7563950.869999999,195767156.20000002,211258786.83999997,-3313025224.16,-3260433252.5600004,33206446.46,-867434713.77,3186451374.52,-1783990922.4199998,3902514111.8199997,1480937837.18,1575555930.98,,28623548278.24,0.5893886571098836
300761,立华股份,2015-12-31,2017-11-14,106880200.61,201000000.0,7108948.24,20000000.0,,,2296003.7,2725855691.78,1063245373.96,,1662610317.82,134183923.93,624368473.96,85208262.24,897326211.41,362600000.0,,197443110.89,990109044.97,1409253691.97,11675485.0,,,,,2017-11-14,4409060626.35,4409060626.35,3693386708.73,437787520.01,437787520.01,,,,24524986.1,23933465.4,462930193.52,429678632.67,,2017-11-14,767957453.53,359180854.7,106880200.61,-636466197.98,-116889772.81,79108532.77,3688545.9,13108253.7,,,,2015,4,,,,,,,,,,,,,,,,,,,,,228108948.24,0.39005930400728384
300761,立华股份,2016-12-31,2017-11-14,101559280.39,174600000.0,2911986.73,,,,,3428347702.04,1334182250.94,,2094165451.1,156816799.08,814481894.18,82426746.33,1072772983.19,362600000.0,,343198819.66,1276693939.33,1864190799.92,21450721.37,,,,,2017-11-14,5195117027.51,5195117027.51,4248510608.71,522205133.28,522205133.28,,,,10905088.49,9618760.54,487534102.27,507198612.25,,2017-11-14,815215825.29,462499905.51,101559280.39,-674570590.34,-145966272.73,99566272.73,20106.43,126627768.67,,,,2016,4,,,,,,,,,,,,,,,,,,,,,177511986.73,0.3891618840603915
300761,立华股份,2017-09-30,2017-11-14,143925998.09,495450000.0,,,,,,3802796825.85,1528031005.36,,2274765820.49,158453545.44,832236617.76,88225195.21,1203034474.99,362600000.0,,287639578.37,1469799292.4,2066582534.15,9594270.0,,,,,2017-11-14,3814052866.97,3814052866.97,3405896961.91,216860369.39,216860369.39,,,,16364907.44,12976473.42,178174930.47,216932616.32,,2017-11-14,250708368.11,392225555.51,143555838.09,-480325257.45,271613526.58,49236473.42,520571.61,,,,,2017,3,,,,,,,,,,,,,,,,,,,,,495450000.0,0.40181768191585016
300761,立华股份,2017-12-31,2019-01-22,376301178.19,100450000.0,5000000.0,20000000.0,,,,4133567646.04,1285125237.64,,2848442408.4,171220671.46,916723744.21,60895987.12,1260568875.4,362600000.0,,309329351.01,1202671379.2,2352647023.58,3553946.9,,,,,2019-01-22,5931836115.33,5931836115.33,4821141116.3,790536957.3,790536957.3,,,,20433827.33,16357050.42,738385728.54,794220025.57,,2019-01-22,961896448.05,527782574.38,375931018.19,-585758243.11,-101767050.42,52617050.42,1275196.06,4963851.21,,,,2017,4,2117783248.3600001,2117783248.3600001,1415244154.3900003,573676587.91,573676587.91,,,,4068919.8899999987,3380577.0,560210798.0699999,577287409.25,,711188079.9399999,135557018.87,-105432985.66000003,-373380577.0,3380577.0,754624.4500000001,,125450000.0,0.3108997717434631
300761,立华股份,2018-03-31,,,,,,,,,,,,,,,,,,,,,,,,,,,2019-04-26,1645657055.16,1645657055.16,1179822248.58,390186045.77,390186045.77,,,,1423252.76,1352601.18,373446022.95,381161718.13,,2019-04-26,474322268.86,148006691.87,116526174.91,-691874445.7,-41852601.18,1352601.18,1026534.14,,,,,2018,1,1645657055.16,1645657055.16,1179822248.58,390186045.77,390186045.77,,,,1423252.76,1352601.18,373446022.95,381161718.13,,474322268.86,148006691.87,-691874445.7,-41852601.18,1352601.18,1026534.14,,0.0,
300761,立华股份,2018-06-30,2019-01-22,164667303.03,102800000.0,10000000.0,12500000.0,,,3000000.0,4739111367.53,1352598963.09,,3386512404.44,186873355.11,902626376.91,159529100.28,1254881336.05,362600000.0,,316753203.37,1277935257.88,2789742002.01,14540077.67,,,,,2019-01-22,3321717196.89,3321717196.89,2621341572.82,538069996.04,538069996.04,,-19049577.31,,2763582.04,2287657.62,498441132.5,528879841.69,53034.13,2019-01-22,749240658.73,311245560.68,164297143.03,-958436898.14,-2437657.62,2287657.62,4942408.1,19049577.31,,,,2018,2,1676060141.7299998,1676060141.7299998,1441519324.2400002,147883950.26999998,147883950.26999998,,,,1340329.28,935056.4400000002,124995109.55000001,147718123.56,,274918389.87,163238868.81,-266562452.43999994,39414943.56,935056.4400000002,3915873.9599999995,,125300000.0,0.28541193869325915
300761,立华股份,2018-09-30,2019-01-22,158631991.61,39000000.0,15000000.0,5000000.0,,,72506.75,5246558009.31,1421636749.25,,3824921260.06,200143737.84,883433129.48,266193810.8,1291617322.56,362600000.0,,371436329.6,1353059439.94,3158931839.43,,,,,,2019-01-22,5268343468.14,5268343468.14,4040989213.38,976478851.66,976478851.66,,-19049577.31,,4427421.88,3548314.11,913838763.55,967412395.91,67790.73,2019-01-22,1109880374.1,307989996.22,158261831.61,-1257450831.97,-70098820.23,3648820.23,2027711.63,,,,,2018,3,1946626271.2500005,1946626271.2500005,1419647640.56,438408855.62,438408855.62,,0.0,,1663839.8399999999,1260656.4899999998,415397631.04999995,438532554.21999997,14756.599999999999,360639715.3699999,-3255564.4599999785,-299013933.83000004,-67661162.61,1361162.6099999999,-2914696.4699999997,,59000000.0,0.2709656019674823
300761,立华股份,2018-12-31,2019-04-09,254516414.44,39000000.0,15000000.0,5000000.0,,,,5692038691.93,1543903250.84,,4148135441.09,178969812.36,1060314629.73,303632233.24,1402476787.13,362600000.0,,438958251.63,1466492975.79,3380083208.66,58098048.31,,,,,2019-04-09,7214329050.45,7214329050.45,5519342401.12,1299693032.69,1299693032.69,,-37895162.99,,5444601.08,4036308.01,1213739675.24,1288348609.94,105780.46,2019-04-09,1711516683.96,847607369.43,253914504.44,-1763046976.97,-70486308.01,4036308.01,23197242.47,37895162.99,,,,2018,4,1945985582.3099995,1945985582.3099995,1478353187.7399998,323214181.0300001,323214181.0300001,,-18845585.680000003,,1017179.2000000002,487993.8999999999,299900911.69000006,320936214.0300001,37989.73000000001,601636309.8600001,539617373.2099999,-505596145.0,-387487.7800000012,387487.7799999998,21169530.84,,59000000.0,0.2712390646656881
300761,立华股份,2019-03-31,2019-04-26,656724695.79,10000000.0,12500000.0,60000000.0,,,,6821289555.0,1416517580.51,,5404771974.49,163942899.95,902041744.0,374924123.01,1423548003.02,403880000.0,,310477527.95,1282595467.51,4430850223.61,42981539.7,,,,,2019-04-26,1625914172.78,1625914172.78,1450887939.13,106636533.4,106636533.4,,,,22048.71,1186633.71,84613689.62,107825527.89,27325.67,2019-04-26,120882255.09,146940560.19,656724695.79,-891087811.75,1172413838.01,1086161.99,7698553.94,,,,,2019,1,1625914172.78,1625914172.78,1450887939.13,106636533.4,106636533.4,,,,22048.71,1186633.71,84613689.62,107825527.89,27325.67,120882255.09,146940560.19,-891087811.75,1172413838.01,1086161.99,7698553.94,,82500000.0,0.2076612595153205
300761,立华股份,2019-06-30,2019-08-23,398158630.1,8000000.0,12500000.0,60000000.0,,,,6722921781.61,1478880458.0,,5244041323.61,195404931.84,888629477.47,389436381.06,1572687884.01,403880000.0,,376319279.04,1352618381.36,4056927225.08,83023881.46,2704800000.0,,,,2019-08-23,3591313592.51,3591313592.51,2964779171.61,430561882.52,430561882.52,,-2032955.7,-3546368.43,427821.86,2169094.54,401696753.29,427787684.85,30736.26,2019-08-23,646876555.26,513345580.37,398158630.1,-1187909248.11,684674905.46,486825094.54,456706.82,5862324.13,,7935938.59,,2019,2,1965399419.7300003,1965399419.7300003,1513891232.48,323925349.12,323925349.12,,,,405773.14999999997,982460.8300000001,317083063.67,319962156.96000004,3410.59,525994300.16999996,366405020.18,-296821436.3599999,-487738932.54999995,485738932.55,-7241847.12,,80500000.0,0.21997585366013866
300761,立华股份,2019-09-30,2019-10-25,380072682.61,8000000.0,5000000.0,60000000.0,,,,7668233413.29,1583826292.94,,6084407120.35,312712109.68,944154503.43,323339940.56,1810417154.36,403880000.0,,425214908.7,1453012653.92,4635234154.76,121012972.5,3224700000.0,,,,2019-10-25,6204829511.56,6204829511.56,4605022641.64,1270927679.26,1270927679.26,,-356961.37,-3590242.23,226736.93,3156556.43,1217940134.06,1263252396.17,80608.66,2019-10-25,1646639853.88,1008695940.98,380072682.61,-2197271084.92,676187443.57,487812556.43,1503889.67,,,7935938.59,,2019,3,2613515919.05,2613515919.05,1640243470.0300002,840365796.74,840365796.74,,1675994.33,-43873.799999999814,-201084.93,987461.8900000001,816243380.77,835464711.32,49872.40000000001,999763298.6200001,495350360.61,-1009361836.8100002,-8487461.889999986,987461.8899999857,1047182.8499999999,,73000000.0,0.2065438292729891
300761,立华股份,2019-12-31,2020-04-24,193601114.35,,5007329.51,60129928.77,,,8600000.0,8565699180.47,1741233716.09,,6824465464.38,400982683.29,1116613283.16,293623078.03,2104231403.25,403880000.0,,473949613.84,1590026820.75,5124387669.9,58457123.13,2980256207.76,,,,2020-04-24,8870466583.29,8870466583.29,6394703948.68,1964251401.9,1964251401.9,,-22837789.33,-9531714.91,1962083.1,4365932.64,1861657773.53,1970944553.12,107700.97,2020-04-24,2417361404.49,1528704505.23,191683641.07,-3155357623.48,675765325.64,488884674.36,1076033.14,32369504.24,,7935938.59,,2019,4,2665637071.7300005,2665637071.7300005,1789681307.04,693323722.6400001,693323722.6400001,,-22480827.959999997,-5941472.68,1735346.1700000002,1209376.2099999995,643717639.47,707692156.9499998,27092.309999999998,770721550.6099997,520008564.25,-958086538.56,-422117.93000006676,1072117.9300000072,-427856.53,,65137258.28,0.20327981165391082
300761,立华股份,2020-03-31,2020-04-24,345550426.58,201000000.0,,60129928.77,,,8600000.0,8519577157.13,1891951398.99,,6627625758.14,398839208.77,1147830358.42,341858458.02,2105591033.17,403880000.0,,438709755.0,1730225278.66,4956115266.77,95958294.92,2266534563.17,,,,2020-04-24,1510798260.85,1510798260.85,1624845485.3,-196839706.24,-196839706.24,,,,2092281.78,2149375.77,-223024729.41,-196731472.55,30168.47,2020-04-24,-178225457.94,326280553.25,753252169.49,136324145.94,193850624.23,2149375.77,922055.07,,,7935938.59,,2020,1,1510798260.85,1510798260.85,1624845485.3,-196839706.24,-196839706.24,,,,2092281.78,2149375.77,-223024729.41,-196731472.55,30168.47,-178225457.94,326280553.25,136324145.94,193850624.23,2149375.77,922055.07,,261129928.77,0.22207104461829227
300761,立华股份,2020-06-30,2020-08-28,302830015.87,,,60121808.22,,,16100000.0,7908381297.38,1766249694.68,,6142131602.7,437847105.55,1187410001.29,342998794.49,2365589081.75,403880000.0,,492456869.21,1601534543.16,3924476067.61,110388594.16,1359440773.98,,,,2020-08-28,3333882954.93,3333882954.93,3288286416.79,-278453861.68,-278453861.68,,-143983315.63,-6881345.14,4353645.26,4389086.2,-332123291.64,-277251578.32,60752.45,2020-08-28,-34502398.3,922600951.64,300912587.59,557015853.79,-413284536.26,408284536.26,2176806.17,150864660.77,,8473854.16,,2020,2,1823084694.08,1823084694.08,1663440931.49,-81614155.44,-81614155.44,,,,2261363.4799999995,2239710.43,-109098562.22999999,-80520105.76999998,30583.979999999996,143723059.64,596320398.39,420691707.84999996,-607135160.49,406135160.49,1254751.1,,60121808.22,0.22333896511352433
300761,立华股份,2020-09-30,2020-10-23,546021385.8,,,220174205.99,,,16691250.0,8517764052.45,1975363242.45,,6542400810.0,457694886.65,1570929463.75,396817534.74,2593570199.68,403880000.0,,533498192.09,1643694203.47,4051941805.45,200360211.51,1138123547.94,,,,2020-10-23,5858990389.68,5858990389.68,5406135320.6,121815345.62,121815345.62,,-13754162.15,-9057732.5,5300205.54,5276574.38,61020835.27,125524734.22,90432.68,2020-10-23,167874348.15,1592489690.04,544103957.52,438665567.68,-254119626.67,409119626.67,7162875.25,,,8473854.16,,2020,3,2525107434.7500005,2525107434.7500005,2117848903.8100004,400269207.3,400269207.3,,130229153.47999999,-2176387.3600000003,946560.2800000003,887488.1799999997,393144126.90999997,402776312.53999996,29680.229999999996,202376746.45,669888738.4,-118350286.10999995,159164909.59,835090.4100000262,4986069.08,,220174205.99,0.231911007429446
300761,立华股份,2020-12-31,2021-03-06,318071698.13,100106944.44,22609688.4,493125000.0,,,37113400.0,9250517071.83,2570915862.88,,6679601208.95,449311401.15,1678476403.29,690260308.33,2954372457.67,403880000.0,,649470145.82,1939286724.13,4094273461.65,141916491.14,1511952428.77,,,,2021-03-06,8620966215.37,8620966215.37,7881614706.45,254075663.67,254075663.67,,-9858485.91,3743742.17,9036008.85,9785006.49,198193089.28,271690823.17,122406.19,2021-03-06,205009731.18,2261951278.81,314144112.64,-219588501.04,137039368.07,412960631.93,46019053.44,6114743.74,,8473854.16,,2020,4,2761975825.6900005,2761975825.6900005,2475479385.8499994,132260318.04999998,132260318.04999998,,3895676.24,12801474.67,3735803.3099999996,4508432.11,137172254.01,146166088.95000002,31973.51000000001,37135383.03,669461588.77,-658254068.72,391158994.74,3841005.2599999905,38856178.19,,615841632.84,0.2779213143348542
300761,立华股份,2021-03-31,2021-04-24,225805988.68,386461669.58,34491105.0,541250000.07,,402825163.47,36960904.88,10332112347.71,3364398903.18,,6967713444.53,418416092.75,1843012650.57,918351756.14,3084335209.59,403880000.0,443062857.7,691674778.23,2281129588.66,4312430619.48,221836261.12,1342319552.52,,,,2021-04-24,2735753789.29,2735753789.29,2257907888.86,288112235.58,288112235.58,,-20871461.58,1819576.43,10970205.22,5276574.38,290841108.5,288246600.99,27433.28,2021-04-24,193372043.05,798523599.33,221878403.19,-624267139.13,338629386.63,7270613.37,792420.63,,,8473854.16,,2021,1,2735753789.29,2735753789.29,2257907888.86,288112235.58,288112235.58,,-20871461.58,1819576.43,10970205.22,5276574.38,290841108.5,288246600.99,27433.28,193372043.05,798523599.33,-624267139.13,338629386.63,7270613.37,792420.63,,1365027938.1200001,0.32562546650256685
300761,立华股份,2021-06-30,2021-08-14,344700293.3,850685208.32,66775705.51,527875000.0,,410630043.48,64463400.0,10354458218.87,4009085781.38,,6345372437.49,529340325.04,1606607622.24,1193811712.69,3261964127.19,403880000.0,474891574.67,785531996.99,2898377650.54,3710405901.41,187271251.43,1088931356.18,,,,2021-08-14,5281141507.89,5281141507.89,4842406962.04,-280227175.17,-280227175.17,,-398826762.02,-694351.64,25870190.26,26566475.8,-298252431.17,-278675211.08,48462.39,2021-08-14,257338946.69,1380275403.87,344700293.3,-940663018.19,709952684.67,80465775.24,10315177.05,399521113.67,,8473854.16,,2021,2,2545387718.6000004,2545387718.6000004,2584499073.18,-568339410.75,-568339410.75,,-377955300.44,-2513928.07,14899985.040000001,21289901.42,-589093539.6700001,-566921812.0699999,21029.11,63966903.639999986,581751804.5399998,-316395879.06000006,371323298.03999996,73195161.86999999,9522756.42,,1855965957.31,0.38718450513169567
300761,立华股份,2021-09-30,2021-10-20,432900952.08,1061921141.65,111399064.93,543555000.0,,420554848.27,77617118.34,10272058854.05,4251093787.99,,6020965066.06,488278993.2,1520605650.39,1369888011.89,3442539146.94,403880000.0,505459763.03,712353061.97,3102113797.94,3219780708.55,202644567.25,994387364.51,,,,2021-10-20,7976028496.74,7976028496.74,7474690666.79,-604634546.6,-604634546.6,,-602837145.75,-1017859.14,44997859.73,45766529.34,-639569473.36,-600173878.53,77491.87,2021-10-20,466846847.49,2080748692.39,406384211.45,-1272201505.85,897594768.14,90920061.88,15779472.95,,,8473854.16,,2021,3,2694886988.8499994,2694886988.8499994,2632283704.75,-324407371.43,-324407371.43,,-204010383.73000002,-323507.5,19127669.469999995,19200053.540000003,-341317042.19,-321498667.45,29029.479999999996,209507900.8,700473288.5200002,-331538487.65999985,187642083.47000003,10454286.64,5464295.8999999985,,2137430054.85,0.41385021721462456
300761,立华股份,2021-12-31,2022-04-23,242822213.78,1119688881.52,143084872.2,609305000.0,,451137908.58,5783400.0,10964216991.55,4705173327.73,,6259043663.82,432474591.38,1874839258.0,1086254449.23,4191708023.44,403880000.0,513580374.3,911500941.25,3515103303.14,3487350895.71,147936754.44,713337220.37,100000000.0,,,2022-04-23,11131728138.55,11131728138.55,10253394650.23,-395585020.29,-395585020.29,0.0,-591625507.44,29393.01,68436708.23,62900471.79,-473204724.38,-386775318.97,112236.28,2022-04-23,681492571.61,2744647130.67,235949348.64,-1923162339.18,1163474962.15,112997693.96,55526588.37,591596114.43,,8480720.19,,2021,4,3155699641.8099995,3155699641.8099995,2778703983.4399996,209049526.31,209049526.31,,11211638.309999943,1047252.15,23438848.500000007,17133942.449999996,166364748.98000002,213398559.55999994,34744.41,214645724.12,663898438.28,-650960833.3300002,265880194.0100001,22077632.08,39747115.42,,2323216662.3,0.4291390193532493
300761,立华股份,2022-03-31,2022-04-23,599693159.34,1471419916.67,178750221.91,578855000.0,,429627005.93,14182367.39,11424288761.06,5342821139.18,,6081467621.88,426063186.28,1871350332.41,1124762305.24,4441010966.1,403880000.0,513048145.18,1051462630.12,4194765719.69,3622904453.41,177707398.96,469273296.73,300000000.0,,,2022-04-23,2710943104.31,2710943104.31,2479874495.17,-177576041.94,-177576041.94,0.0,-184712056.06,194755.36,28795223.01,45766529.34,-187732084.45,-176549594.12,2042.07,2022-04-23,255105791.74,656870312.99,544127258.94,-445710901.92,498783028.11,22868378.12,10920903.33,,,8480720.19,,2022,1,2710943104.31,2710943104.31,2479874495.17,-177576041.94,-177576041.94,0.0,-184712056.06,194755.36,28795223.01,45766529.34,-187732084.45,-176549594.12,2042.07,255105791.74,656870312.99,-445710901.92,498783028.11,22868378.12,10920903.33,,2658652144.5099998,0.4676721020385227
300761,立华股份,2022-06-30,2022-08-29,293665296.13,1901794444.44,192430351.44,598905000.0,,421369198.87,4223400.0,11933647694.05,5840732275.35,,6092915418.7,462624812.44,2341649705.79,1238836341.73,4648478653.01,403880000.0,513943443.03,1223955743.84,4695096987.8,3806099352.05,144453418.89,731285136.07,384761580.05,,,2022-08-29,5758111766.91,5758111766.91,5344953820.01,-155126952.99,-155126952.99,0.0,-126149412.24,-446241.69,52696698.44,52903673.08,-163176098.86,-140721412.48,10220487.76,2022-08-29,-1793783.87,1178629578.05,283360581.79,-951754320.77,1000959244.59,47072765.08,28582526.88,126595653.93,,8480720.19,,2022,2,3047168662.6,3047168662.6,2865079324.84,22449088.949999988,22449088.949999988,0.0,58562643.82000001,-640997.05,23901475.429999996,7137143.739999995,24555985.589999974,35828181.640000015,10218445.69,-256899575.61,521759265.05999994,-506043418.84999996,502176216.48,24204386.959999997,17661623.549999997,,3114498994.75,0.4894339455204575
300761,立华股份,2022-09-30,2022-10-25,483789295.85,801095888.89,205972260.9,568713625.77,,416508148.89,4131138.0,13158192641.97,4990891711.4,,8167300930.57,505441690.83,2332265343.93,1241505292.74,4893243224.74,459802501.0,504771432.33,1330911757.58,3868800299.68,4735146001.3,136474661.42,1408051673.59,386892423.15,,,2022-10-25,10122218755.31,10122218755.31,8651520544.98,649941183.67,649941183.67,0.0,-97159383.06,-1359338.33,82003205.65,82852072.3,630193316.66,669672676.07,10220490.93,2022-10-25,1314793736.15,1767134703.78,473470206.83,-2186091126.2,1108818047.21,68443238.41,47935456.2,,,8480720.19,,2022,3,4364106988.4,4364106988.4,3306566724.9699993,805068136.66,805068136.66,0.0,28990029.179999992,-913096.6400000001,29306507.21000001,29948399.22,793369415.52,810394088.5500001,3.169999999925494,1316587520.02,588505125.73,-1234336805.4299998,107858802.62,21370473.33,19352929.320000004,,1992289924.4499998,0.3792991824333696
300761,立华股份,2022-12-31,2023-04-22,547154637.57,1288693623.05,245133042.19,330953239.4,0.0,452056966.97,4223400.0,13656009567.69,5141230598.57,97689962.75,8417089006.37,526483875.23,2620547817.17,757304820.98,5735586906.42,459802501.0,502207475.5,1044787419.61,4197571446.1,4862845647.28,70478111.53,1312888950.13,0.0,0.0,0.0,2023-04-22,14447464154.73,14447464154.73,12367341253.81,890766828.95,890456791.7,-310037.25,-247322547.62,-4783515.07,97398638.11,99219373.01,864615267.11,915369910.82,10220494.0,2023-04-22,1845643051.35,2421491847.27,537489359.88,-2661106445.34,1117003568.74,83783006.8,35373712.57,252106062.69,0.0,8480720.19,0.0,2022,4,4325245399.42,4325245399.42,3715820708.83,240825645.2800001,240515608.0300001,-310037.25,-150163164.56,-3424176.74,15395432.459999993,16367300.710000008,234421950.45000005,245697234.75,3.0700000002980232,530849315.1999998,654357143.49,-475015319.14000034,8185521.529999971,15339768.39,-12561743.630000003,,2316836871.6099997,0.3764811801782936
300761,立华股份,2023-03-31,2023-04-22,457317877.43,1985597159.34,280287347.33,286501628.91,,434243648.68,4114422.0,13746043865.61,5605512864.52,97632823.14,8042898177.95,496109759.7,2454892420.12,803597280.81,5807149205.45,459802501.0,495297629.21,812007418.33,4721212902.86,4846015661.58,71633988.57,1614742484.39,,,,2023-04-22,3411082828.85,3411082828.85,3574949430.31,-390925728.42,-390982868.03,-57139.61,2999463.09,-2804022.33,20799033.0,21779756.1,-417227761.55,-390509672.38,4771.7,2023-04-22,-99213100.11,371302735.23,440715611.7,-643503649.28,645943026.67,20505829.66,9900034.75,,,8480720.19,,2023,1,3411082828.85,3411082828.85,3574949430.31,-390925728.42,-390982868.03,-57139.61,2999463.09,-2804022.33,20799033.0,21779756.1,-417227761.55,-390509672.38,4771.7,-99213100.11,371302735.23,-643503649.28,645943026.67,20505829.66,9900034.75,,2986629784.2599998,0.40779099203545627
300761,立华股份,2023-06-30,2023-08-07,186210067.6,2148819863.11,282108024.07,266036819.33,,439853987.11,23915905.8,13401935733.31,5804277146.3,97500103.17,7500158483.84,480072039.35,2531195418.47,646644581.96,6168726489.63,827644501.0,506604504.84,848295037.49,4911995697.56,4241385728.9,70401834.23,1254357985.75,,,,2023-08-07,6959089826.35,6959089826.35,7060399538.68,-591590642.22,-591780501.8,-189859.58,-1446783.32,-1620788.79,44164400.8,46098481.92,-621156440.61,-578685935.7,61143.02,2023-08-07,74286715.53,946831868.15,176113013.81,-821961050.12,386297915.97,414139282.6,27436435.9,2399778.28,,8480720.19,,2023,2,3548006997.5000005,3548006997.5000005,3485450108.3700004,-200664913.8,-200797633.76999998,-132719.96999999997,-4446246.41,1183233.54,23365367.799999997,24318725.82,-203928679.06,-188176263.32000005,56371.32,173499815.64,575529132.92,-178457400.84000003,-259645110.69999993,393633452.94,17536401.15,,3136818693.6200004,0.4330924473748737
300761,立华股份,2023-09-30,2023-10-26,727968454.4,2630876846.42,188327767.28,213453182.89,0.0,455919832.21,66865205.5,14287484452.89,6363962826.58,97355489.87,7826166136.44,479574107.15,2560876822.32,682555398.83,6366956588.54,827644501.0,519113015.64,884151784.86,5459954252.78,4802788660.92,88395034.69,1117904256.42,0.0,0.0,0.0,2023-10-26,11160681320.76,11160681320.76,10671602177.87,-284708789.62,-285043262.5,-334472.88,-1446783.32,-3835752.78,70312364.86,72510564.22,-326654153.56,-267725758.34,64428.77,2023-10-26,901086560.84,1686902428.73,708890950.36,-1423628319.03,693943607.69,433147349.76,12778689.46,,,8480720.19,,2023,3,4201591494.41,4201591494.41,3611202639.1900005,306881852.6,306737239.29999995,-144613.30000000002,0.0,-2214963.9899999998,26147964.060000002,26412082.299999997,294502287.05,310960177.36,3285.75,826799845.3100001,740070560.58,-601667268.91,307645691.72,19008067.159999967,-14657746.439999998,,3488577628.8,0.44542220483695644
300761,立华股份,2023-12-31,2024-04-22,366492712.08,2038260388.42,163363755.67,180953182.89,0.0,467663312.39,4223400.0,13664626453.48,5877860670.49,101978960.76,7684786822.23,476730908.87,2462089223.91,491806491.42,6805646081.14,827644501.0,520986052.99,993001561.8,5050807711.55,3885262038.22,101134118.24,708613467.86,0.0,0.0,0.0,2024-04-22,15354096858.27,15354096858.27,14610995141.06,-437409219.32,-438890221.31,-1481001.99,-126885616.44,-5253874.16,92393561.87,96052345.16,-457447354.59,-402284206.33,77799.23,2024-04-22,1450479021.85,2354256416.9,352134816.78,-1648789747.08,12956442.33,455260186.06,72271745.64,132139490.6,0.0,8332716.32,0.0,2023,4,4193415537.51,4193415537.51,3939392963.1899986,-152700429.7,-153846958.81,-1146529.1099999999,-125438833.12,-1418121.3800000004,22081197.010000005,23541780.939999998,-130793201.02999997,-134558447.98999998,13370.46,549392461.0099999,667353988.1700001,-225161428.04999995,-680987165.36,22112836.300000012,59493056.18,,2850240639.37,0.4301515808354258
300761,立华股份,2024-03-31,2024-04-22,787262029.37,2374433186.49,177421814.36,127415910.03,0.0,459621974.71,5844507.62,14059770265.21,6176219727.07,100607883.3,7782942654.84,499046720.32,2543937991.38,448340821.48,6960567421.9,827644501.0,519335479.77,973330921.51,5386599468.39,4114466765.54,95644016.43,372704183.56,0.0,0.0,0.0,2024-04-22,3661508242.9,3661508242.9,3332158789.69,80031532.61,78660455.15,-1371077.46,-7327164.11,-82742.45,21950541.05,5667509.68,43345589.31,84224327.52,196516.25,2024-04-22,218171962.62,404860398.35,774895706.04,-55127044.61,259715971.1,20458118.83,5594933.37,,,8332716.32,,2024,1,3661508242.9,3661508242.9,3332158789.69,80031532.61,78660455.15,-1371077.46,-7327164.11,-82742.45,21950541.05,5667509.68,43345589.31,84224327.52,196516.25,218171962.62,404860398.35,-55127044.61,259715971.1,20458118.83,5594933.37,,3138892885.59,0.4392831184697704
300761,立华股份,2024-06-30,2024-08-01,347469069.08,2133227170.59,104763340.31,92415910.02,0.0,460239403.01,18223400.0,14243609772.66,5826430846.57,100512409.99,8316666516.1,540320325.8,2960658913.67,220789344.02,7339248240.56,827644501.0,520959239.24,834230412.86,5054406788.31,4019010500.23,80717156.36,304931506.85,0.0,0.0,0.0,2024-08-01,7805091471.63,7805091471.63,6704359986.57,574602201.45,573135650.68,-1466550.77,42714816.03,-1585768.97,44308936.69,44876785.8,543555925.01,582393188.95,166799.54,2024-08-01,676925536.59,1003225610.59,329897617.15,-579270273.22,-119892463.54,38308721.48,10130238.62,-41394261.07,0.0,12173158.1,0.0,2024,2,4143583228.73,4143583228.73,3372201196.8799996,494570668.84000003,494475195.53,-95473.31000000006,50041980.14,-1503026.52,22358395.639999997,39209276.12,500210335.7,498168861.43000007,-29716.709999999992,458753573.97,598365212.24,-524143228.61,-379608434.64,17850602.65,4535305.249999999,,2790645823.9300003,0.40905577585771724
300761,立华股份,2024-09-30,2024-10-22,262824703.95,2197332120.2,94007924.28,71647273.59,,461468764.46,6223400.0,14745225120.12,5959609511.65,99006413.71,8686609194.76,522596910.85,2951814658.93,179948541.97,7502133506.83,827644501.0,523999222.71,825297447.65,5220861463.0,4330623763.14,64048174.71,698180347.87,,,,2024-10-22,12683822047.95,12683822047.95,10640845869.15,1160797230.41,1157824683.36,-2972547.05,42261555.47,-7103693.13,64876548.6,65459981.98,1140784982.7,1170264360.9,181756.24,2024-10-22,1805789012.33,1588096561.97,245515478.89,-1546089282.08,-366319067.23,298516000.0,17623667.57,,,12689633.41,,2024,3,4878730576.320001,4878730576.320001,3936485882.58,586195028.96,584689032.68,-1505996.2799999998,-453260.5600000024,-5517924.16,20567611.910000004,20583196.18,597229057.69,587871171.95,14956.699999999983,1128863475.7399998,584870951.38,-966819008.8599999,-246426603.69,260207278.52,7493428.950000001,,2824456082.53,0.4041721617066433
300761,立华股份,2024-12-31,2025-04-22,183364069.78,1601809019.45,73412170.27,82207591.32,0.0,473229192.01,5339807.32,14722259056.66,5564778026.44,97204368.87,9060276661.35,521988775.57,2834957598.04,206332590.1,7560900894.33,827644501.0,526694361.6,916652541.03,4803974665.86,4115508603.42,66808821.0,643171167.15,0.0,0.0,0.0,2025-04-22,17724875417.76,17724875417.76,14902289229.68,1520963179.35,1516188587.46,-4774591.89,-48795238.48,-15544459.91,84140769.36,96165776.73,1514437508.78,1558314156.79,3033209.67,2025-04-22,2408025257.96,1691760120.33,164725742.06,-1601828100.75,-993606233.22,308451425.24,4775218.35,64339698.39,0.0,12689633.41,0.0,2024,4,5041053369.809998,5041053369.809998,4261443360.5300007,360165948.9399998,358363904.10000014,-1802044.8399999999,-91056793.94999999,-8440766.780000001,19264220.759999998,30705794.750000007,373652526.0799999,388049795.88999987,2851453.4299999997,602236245.6300001,103663558.3599999,-55738818.67000008,-627287165.99,9935425.24000001,-12848449.22,,2230657973.05,0.3779839768491661
300761,立华股份,2025-03-31,2025-04-22,573683768.55,1909103980.93,42607667.79,51740000.71,0.0,477272383.55,5337432.92,15165431889.71,5773578662.24,93746271.33,9298106956.14,519620982.18,3012232042.14,279442086.84,7543479381.04,827644501.0,526288375.49,841422857.71,5041190735.24,4316932006.65,130678920.14,302553400.61,0.0,0.0,0.0,2025-04-22,4086417957.77,4086417957.77,3594013559.1,206056594.79,202598497.25,-3458097.54,11119228.72,-1236222.07,16559849.73,19603511.43,183898850.45,205632852.88,9056.35,2025-04-22,387868794.47,542890292.3,556235940.36,-216958834.33,220600237.78,19851536.98,7641628.92,,,12689633.41,,2025,1,4086417957.77,4086417957.77,3594013559.1,206056594.79,202598497.25,-3458097.54,11119228.72,-1236222.07,16559849.73,19603511.43,183898850.45,205632852.88,9056.35,387868794.47,542890292.3,-216958834.33,220600237.78,19851536.98,7641628.92,,2480724032.98,0.3807065109802425
300761,立华股份,2025-06-30,2025-08-19,461322581.87,2354869638.89,58891396.03,42332727.85,0.0,497168309.58,10945927.44,15362478150.05,6310287321.71,110080878.64,8942109949.7,528362609.63,3219448580.26,249119101.05,7678096556.8,837269641.0,558635994.63,891366881.02,5564791321.37,4372892448.89,80743361.59,250287170.99,0.0,0.0,0.0,2025-08-19,8353315506.01,8353315506.01,7521864618.75,148798767.04,138128025.07,-10670741.97,-55992985.59,-2068727.05,35941975.94,39073625.18,148481059.43,158187244.09,33475.89,2025-08-19,558655226.99,1029177713.7,435657667.03,-600423732.99,312700430.59,441558721.12,18592700.03,58061712.64,0.0,12689633.41,0.0,2025,2,4266897548.2400002,4266897548.2400002,3927851059.65,-57257827.75,-64470472.18000001,-7212644.430000001,-67112214.31,-832504.98,19382126.209999997,19470113.75,-35417791.01999998,-47445608.78999999,24419.54,170786432.51999998,486287421.4000001,-383464898.65999997,92100192.80999997,421707184.14,10951071.110000001,,2953262072.35,0.4107597263980136
300761,立华股份,2025-09-30,2025-10-28,428340743.74,2884119444.44,60144595.85,37665779.78,,516872378.89,41305927.44,16074731863.47,6948701299.72,108363236.87,9017667326.88,509200570.41,3080834180.97,177356646.51,7761422453.16,837269641.0,571709615.86,890930692.72,6147755004.96,5015982647.52,84459353.33,1032232789.52,,,,2025-10-28,13493150318.14,13493150318.14,12151350773.14,287113034.26,273989650.52,-13123383.74,-97000888.81,-890193.1,53072622.47,55855902.44,292472595.42,306555356.38,33475.89,2025-10-28,1340874098.75,1472708362.52,403862657.92,-1822135643.85,720398460.58,544174669.46,10942410.65,,,12689633.41,,2025,3,5139834812.129999,5139834812.129999,4629486154.389999,138314267.22,135861625.45,-2452641.7699999996,-41007903.22,1178533.9500000002,17130646.53,16782277.259999998,143991535.99,148368112.29,0.0,782218871.76,443530648.81999993,-1221711910.86,407698029.99000007,102615948.34000003,-7650289.380000001,,3498802198.96,0.4322747874576371
300761,立华股份,2025-12-31,2026-04-22,264468301.57,2579765954.81,55808556.78,37629091.43,0.0,531089869.64,3890900.0,16084257558.8,6759710823.31,7025354.12,9317521381.37,519879753.84,3087361010.16,186359884.81,7872612718.3,837269641.0,588322085.19,986839838.73,5976832440.74,4826064656.9,99884947.8,1027553981.99,0.0,0.0,0.0,2026-04-22,18729362431.47,18729362431.47,16662797154.47,577787575.21,567906334.2,-9881241.01,-177673402.75,-3955042.06,73004406.33,72927681.14,605622641.97,613121667.19,1571800.98,2026-04-22,1847983640.9,1652759179.86,249250828.61,-2157753283.88,394294729.15,556060869.85,11373204.1,181628444.81,0.0,18315055.3,0.0,2025,4,5236212113.330002,5236212113.330002,4511446381.33,290674540.95000005,293916683.68000007,3242142.7300000004,-80672513.94,-3064848.96,19931783.86,17071778.700000003,313150046.55,306566310.81000006,1538325.09,507109542.1500001,180050817.3399999,-335617640.0300002,-326103731.43000007,11886200.389999986,430793.44999999925,,3204293472.66,0.4202687502732531
300761,立华股份,2026-03-31,2026-04-22,677073047.25,3192888249.74,23518182.16,18837123.15,,568970460.94,3890900.0,16778719999.8,7279195761.33,5285680.28,9494238558.19,517987842.84,3178551093.92,262083508.67,7826894998.7,837269641.0,587815306.68,870457833.69,6472613567.86,5422025492.27,91729745.1,1116175211.41,,,,2026-04-22,4589845635.1,4589845635.1,4024781922.8,154852676.82,153113002.98,-1739673.84,-72403305.42,1559342.65,18599759.93,19410928.67,142740191.6,155856172.65,,2026-04-22,353768699.29,403202484.08,650932571.65,-512544105.78,560457149.15,20726926.6,17770607.33,,,18315055.3,,2026,1,4589845635.1,4589845635.1,4024781922.8,154852676.82,153113002.98,-1739673.84,-72403305.42,1559342.65,18599759.93,19410928.67,142740191.6,155856172.65,,353768699.29,403202484.08,-512544105.78,560457149.15,20726926.6,17770607.33,,3804214015.99,0.4338349863050797
300761,立华股份,2026-06-30,2026-08-22,367435630.51,2919319182.84,74355872.33,18814545.7,0.0,555203356.52,3890900.0,16334395137.56,7154740083.28,-1006649.12,9180661703.4,512540208.6,3298847935.63,279239890.19,7856747079.24,846337321.0,629549955.48,979490480.51,6367669800.31,4845763278.76,106690664.58,758879748.4,0.0,0.0,0.0,2026-08-22,9127683287.26,9127683287.26,8395974937.89,-71918808.32,-76127191.06,-4208382.74,-132575431.38,1113182.51,39510930.4,39174421.37,-73563278.48,-64642532.63,1433876.61,2026-08-22,520503212.78,831949684.41,351427412.82,-551064284.5,132737655.93,248703876.57,15308557.79,131462248.87,0.0,18315055.3,0.0,2026,2,4537837652.16,4537837652.16,4371193015.09,-226771485.14,-229240194.04,-2468708.9000000004,-60172125.95999999,-446160.1399999999,20911170.47,19763492.699999996,-216303470.07999998,-220498705.28,,166734513.48999995,428747200.33,-38520178.72000003,-427719493.21999997,227976949.97,-2462049.539999999,,3567692957.39,0.4380168364378604
600975,新五丰,2015-12-31,2016-04-23,501535417.6,90402110.0,14950000.0,176200000.0,,,,1690857643.06,560891108.48,60372268.08,1069594266.5,29109317.1,337911406.87,28862701.27,578102615.86,326337792.0,,47375856.4,325059343.39,959869623.55,7987090.1,,,,,2016-04-23,1326036664.34,1326036664.34,1196858505.32,36962714.34,5847798.4,-31114915.94,,,14364905.48,,29214975.01,-22792817.75,-1748230.62,2016-04-23,85856485.86,54588283.95,325545997.37,-207285541.23,358078863.97,20746448.89,17487348.46,439000.13,,624465.22,,2015,4,,,,,,,,,,,,,,,,,,,,,281552110.0,0.331719888295822
600975,新五丰,2016-03-31,2016-04-30,561511261.8,90402110.0,12000000.0,176200000.0,,,,1740506102.32,562924859.85,54102354.39,1123478888.08,38072669.13,333896116.69,28796265.36,597699478.01,326337792.0,,41252053.63,328054056.54,981978150.46,7986169.0,,,,,2016-04-30,367312735.5,367312735.5,297551634.04,53884621.58,47614707.89,-6269913.69,,,847927.2,,53816971.66,44438612.2,356850.56,2016-04-30,77647710.05,12700532.26,400801841.57,3781686.6,-6173552.45,3223552.45,47818.86,,,624465.22,,2016,1,367312735.5,367312735.5,297551634.04,53884621.58,47614707.89,-6269913.69,,,847927.2,,53816971.66,44438612.2,356850.56,77647710.05,12700532.26,3781686.6,-6173552.45,3223552.45,47818.86,,278602110.0,0.3234259616209629
600975,新五丰,2016-06-30,2016-08-30,597389104.51,90402110.0,8000000.0,176200000.0,,,,1798128564.59,549514520.38,52697491.75,1195916552.46,40047300.06,366860271.01,28594185.62,591799871.35,652675584.0,,43803413.08,315022689.3,1044849825.59,7986169.0,,,,,2016-08-30,803266183.45,803266183.45,623411438.65,142639175.56,129699399.23,-12939776.33,,,3553880.01,,142088951.34,124065344.75,878762.38,2016-08-30,130485378.16,19156184.09,596969104.51,166106569.11,-25168840.13,23483840.13,311353.2,1497490.29,,624465.22,,2016,2,435953447.95000005,435953447.95000005,325859804.60999995,88754553.98,82084691.34,-6669862.64,,,2705952.8099999996,,88271979.68,79626732.55,521911.82,52837668.11,6455651.83,162324882.51000002,-18995287.68,20260287.68,263534.34,,274602110.0,0.30560357651917813
600975,新五丰,2016-09-30,2016-10-27,548753472.46,90402110.0,4000000.0,176200000.0,,,,1857481966.68,548241284.22,50372240.48,1258868441.98,38768712.97,474901661.43,30348742.99,584144941.53,652675584.0,,39545756.65,313684377.61,1111299379.3,7986169.0,,,,,2016-10-27,1178679481.24,1178679481.24,918579234.84,205591065.08,190326037.48,-15265027.6,,,5727018.41,,203993990.75,177516558.26,1230278.84,2016-10-27,95208096.8,21044610.86,548543472.46,160857680.58,-33068302.29,27383302.29,585097.69,,,624465.22,,2016,3,375413297.78999996,375413297.78999996,295167796.19000006,62951889.52000001,60626638.249999985,-2325251.2699999996,,,2173138.4000000004,,61905039.41,53451213.50999999,351516.4600000001,-35277281.36,1888426.7699999996,-5248888.530000001,-7899462.16,3899462.16,273744.48999999993,,270602110.0,0.2951529511750296
600975,新五丰,2016-12-31,2017-04-28,615511121.85,128402110.0,30250000.0,145950000.0,,,,1914835202.05,617366002.44,73705807.43,1223763392.18,37108339.7,481776761.18,18832129.41,585622724.64,652675584.0,,63587661.38,420243992.45,1169399535.11,2627428.0,,,,,2017-04-28,1691374321.68,1691374321.68,1398635291.51,196621129.71,173554554.63,-23066575.08,,,8133701.22,,188013789.17,143184049.27,-763095.28,2017-04-28,137631260.63,31036675.04,596950276.3,135100646.14,-1327627.84,31342627.84,106725.14,19134367.01,,,,2016,4,512694840.44000006,512694840.44000006,480056056.66999996,-8969935.370000005,-16771482.849999994,-7801547.479999999,,,2406682.8099999996,,-15980201.580000013,-34332508.98999998,-1993374.12,42423163.83,9992064.18,-25757034.440000027,31740674.45,3959325.5500000007,-478372.54999999993,,304602110.0,0.3224120810913938
600975,新五丰,2017-03-31,2017-04-28,655412218.75,118402110.0,26250000.0,145950000.0,,,,1898525530.78,571833037.75,69544180.65,1257148312.38,37228046.9,437419036.53,19822274.68,578252762.28,652675584.0,,36251571.01,375467131.76,1159715034.96,2627428.0,,,,,2017-04-28,432414433.61,432414433.61,378588321.58,33384920.2,29223293.42,-4161626.78,,,2739031.21,,33266977.33,29542303.25,-119405.73,2017-04-28,69841633.9,12985788.27,636900873.2,-12196966.99,-17694070.01,3694070.01,423031.36,,,,,2017,1,432414433.61,432414433.61,378588321.58,33384920.2,29223293.42,-4161626.78,,,2739031.21,,33266977.33,29542303.25,-119405.73,69841633.9,12985788.27,-12196966.99,-17694070.01,3694070.01,423031.36,,290602110.0,0.30119849771789226
600975,新五丰,2017-06-30,2017-08-10,636036704.49,100402110.0,36750000.0,126700000.0,,,,1837997889.18,568747539.15,69621303.33,1199629046.7,39231556.35,389731044.74,22415222.82,570394786.18,652675584.0,,39720319.1,393637758.47,1102264234.34,2627428.0,,,,,2017-08-10,863974868.42,863974868.42,768100456.74,41133212.92,37048708.82,-4084504.1,,,2879493.83,,39914541.97,39082673.21,318258.22,2017-08-10,150645369.27,19123262.31,232525038.28,-403175051.19,-111895556.1,71145556.1,30240.0,2187726.32,,,,2017,2,431560434.80999994,431560434.80999994,389512135.16,7748292.7200000025,7825415.3999999985,77122.6799999997,,,140462.6200000001,,6647564.640000001,9540369.96,437663.94999999995,80803735.37,6137474.039999999,-390978084.2,-94201486.08999999,67451486.08999999,-392791.36,,263852110.0,0.3094386247656354
600975,新五丰,2017-09-30,2017-10-31,602999532.07,67052110.0,38500000.0,116200000.0,,,,1766010392.42,485582946.1,69331845.87,1211095600.45,38820421.93,338421448.62,25184333.26,564323628.04,652675584.0,,40094273.74,319342388.96,1034028058.3,2627428.0,,,,,2017-10-31,1296857097.3,1296857097.3,1172521783.57,52599766.67,48225805.11,-4373961.56,,,2406741.9,8478690.11,50494971.24,51489796.65,815489.76,2017-10-31,165048108.46,25086498.19,289699532.07,-315702604.18,-156596248.51,73746248.51,53240.0,943058.12,,,,2017,3,432882228.88,432882228.88,404421326.8299999,11466553.75,11177096.29,-289457.4599999995,,,-472751.93000000017,,10580429.270000003,12407123.439999998,497231.54000000004,14402739.189999998,5963235.880000003,87472447.00999999,-44700692.41,2600692.4100000113,23000.0,-1244668.1999999997,221752110.0,0.27496041256846504
600975,新五丰,2017-12-31,2018-03-24,545976091.97,56052110.0,40250000.0,105700000.0,,,,1777786368.97,508150873.7,66227674.9,1203407820.37,40981430.3,391370437.14,27546607.05,558865859.01,652675584.0,,70793220.62,351270994.39,1048432391.42,2627428.0,,,,,2018-03-24,1723720756.85,1723720756.85,1562886113.39,44911986.59,37433854.06,-7478132.53,,,3678634.81,11701682.92,33523868.14,46558970.37,6200523.82,2018-03-24,149142991.49,37875945.3,272576091.97,-289824719.99,-183692455.83,78487455.83,284303.54,4156111.83,,,,2017,4,426863659.54999995,426863659.54999995,390364329.8200002,-7687780.079999998,-10791951.049999997,-3104170.9700000007,,,1271892.9100000001,3222992.8100000005,-16971103.1,-4930826.280000001,5385034.0600000005,-15905116.969999999,12789447.109999996,25877884.189999998,-27096207.320000023,4741207.319999993,231063.53999999998,3213053.71,202002110.0,0.2858334851528918
600975,新五丰,2018-03-31,2018-04-28,556181901.92,56052110.0,42000000.0,95200000.0,,,,1739464136.41,475988839.58,64807438.83,1198667858.0,43296699.42,362036870.91,28903454.28,551920494.2,652675584.0,,62536549.67,329775889.93,1014852499.08,2627428.0,,,,,2018-04-28,399228465.29,399228465.29,380272891.64,-4739962.37,-6160198.44,-1420236.07,,,479167.15,2041223.26,-4715354.14,-4751434.57,317513.45,2018-04-28,22229066.49,8583773.71,282781901.92,-1050158.4,-10973098.14,2223098.14,10710.81,,,,,2018,1,399228465.29,399228465.29,380272891.64,-4739962.37,-6160198.44,-1420236.07,,,479167.15,2041223.26,-4715354.14,-4751434.57,317513.45,22229066.49,8583773.71,-1050158.4,-10973098.14,2223098.14,10710.81,,193252110.0,0.2736410769367004
600975,新五丰,2018-06-30,2018-08-31,348679755.32,9000000.0,42500000.0,84200000.0,,,,1583412748.47,434647768.0,66718427.27,1082046553.2,45086439.62,400685202.19,31404296.59,544062153.93,652675584.0,,52848341.38,300676109.1,862895267.4,2627428.0,,,,,2018-08-31,746671789.34,746671789.34,752485980.09,-56093708.77,-55602956.4,490752.37,1027810.64,,1454795.45,3976664.33,-57565818.25,-52991232.7,869734.78,2018-08-31,-62192190.9,8029611.58,348179755.32,273342186.98,-135546332.73,69244222.73,45381.73,-1027810.64,,,,2018,2,347443324.05,347443324.05,372213088.45000005,-51353746.400000006,-49442757.96,1910988.44,,,975628.2999999999,1935441.07,-52850464.11,-48239798.13,552221.3300000001,-84421257.39,-554162.1300000008,274392345.38,-124573234.58999999,67021124.59,34670.920000000006,,135700000.0,0.274500611681942
600975,新五丰,2018-09-30,2018-10-30,287744130.29,,43000000.0,73200000.0,,,,1629306503.2,472919882.55,61700085.99,1094686534.66,54958550.26,461549986.47,29324741.42,536310533.34,652675584.0,,82104617.9,352037152.84,910846758.09,2627428.0,,,,,2018-10-30,1215448459.32,1215448459.32,1193728597.28,-43453727.31,-42698465.81,755261.5,5676677.96,,1963039.21,5714702.27,-48489454.32,-37140752.35,2244357.64,2018-10-30,-66709350.21,40826923.59,287744130.29,248847160.97,-166969772.44,71167662.44,67601.73,,,,,2018,3,468776669.9799999,468776669.9799999,441242617.18999994,12639981.46,12904490.589999996,264509.13,4648867.32,,508243.76,1738037.9399999995,9076363.93,15850480.350000001,1374622.86,-4517159.310000002,32797312.010000005,-24495026.01000002,-31423439.71000001,1923439.7099999934,22219.999999999993,,116200000.0,0.2902583900703601
600975,新五丰,2018-12-31,2019-03-26,330184141.04,29000000.0,43500000.0,62200000.0,,,,1594092059.49,432412477.89,59377623.49,1102301958.11,56192377.82,464393634.61,19676710.25,537664123.96,652675584.0,,73027899.64,325585629.37,883732379.48,,,,,,2019-03-26,2041039866.32,2041039866.32,1971840131.37,-35838303.86,-37405504.86,-1567201.0,-3619701.75,,484631.81,6990201.06,-45689105.06,-28955685.59,1999295.83,2019-03-26,-51163217.45,34556444.67,330184141.04,250826746.8,-142055480.28,73583370.28,72032.48,3619701.75,,,,2018,4,825591407.0,825591407.0,778111534.0899999,7615423.450000003,5292960.950000003,-2322462.5,-9296379.71,,-1478407.4,1275498.79,2800349.259999998,8185066.760000002,-245061.81000000006,15546132.759999998,-6270478.920000002,1979585.830000013,24914292.159999996,2415707.8400000036,4430.75,,134700000.0,0.271259413981613
600975,新五丰,2019-03-31,2019-04-30,199083610.84,29000000.0,44000000.0,51200000.0,,,,1532132553.4,399416970.08,59860214.96,1072855368.36,58626589.23,512614971.38,21536795.65,530512668.14,652675584.0,,63302524.35,304876212.5,826210595.73,,,,,,2019-04-30,393450129.94,393450129.94,394157679.0,-29446589.75,-28963998.28,482591.47,947459.72,,852539.06,1184390.57,-27237661.08,-24605471.43,478014.04,2019-04-30,-107639918.62,11606739.51,199083610.84,-11597739.51,-11862872.07,1362872.07,9000.0,,,,,2019,1,393450129.94,393450129.94,394157679.0,-29446589.75,-28963998.28,482591.47,947459.72,,852539.06,1184390.57,-27237661.08,-24605471.43,478014.04,-107639918.62,11606739.51,-11597739.51,-11862872.07,1362872.07,9000.0,,124200000.0,0.26069348190118546
600975,新五丰,2019-06-30,2019-08-30,93102400.25,59000000.0,45800000.0,38400000.0,,,,1601720494.78,432410515.77,60997178.81,1108312800.2,65520175.52,648212897.17,22537067.21,526733035.13,652675584.0,,74354691.39,351816122.13,892071325.13,,,,,,2019-08-30,822600491.2,822600491.2,756786391.82,6010842.09,7630397.41,1619555.32,762261.81,-33566.77,2388681.7,2857857.29,8256608.38,14260822.33,295943.21,2019-08-30,-222596110.07,20164008.43,93102400.25,-19757773.43,5272142.71,3227857.29,23600.0,33566.77,,,,2019,2,429150361.26000005,429150361.26000005,362628712.82000005,35457431.84,36594395.69,1136963.85,-185197.90999999992,,1536142.6400000001,1673466.72,35494269.46,38866293.76,-182070.82999999996,-114956191.44999999,8557268.92,-8160033.92,17135014.78,1864985.22,14600.0,,143200000.0,0.26996627512679267
600975,新五丰,2019-09-30,2019-10-31,175535508.68,100000000.0,73200000.0,,,,,1552824350.09,430258632.55,62001219.86,1060564497.68,47284245.46,537137307.3,23828717.36,525016780.36,652675584.0,,60053910.51,389169604.8,862854443.73,,,,,,2019-10-31,1483197194.79,1483197194.79,1426551567.83,-41737460.43,-39113864.06,2623596.37,781321.46,-136493.66,3910420.86,4631510.51,-32141641.91,-22067925.22,445616.84,2019-10-31,-156535441.95,28697339.72,179026469.33,-28290320.69,33668090.93,4831909.07,24384.03,,,,,2019,3,660596703.5899999,660596703.5899999,669765176.0099999,-47748302.519999996,-46744261.47,1004041.05,19059.649999999907,-102926.89000000001,1521739.1599999997,1773653.2199999997,-40398250.29,-36328747.55,149673.63,66060668.120000005,8533331.29,-8532547.260000002,28395948.22,1604051.7800000003,784.0299999999988,,173200000.0,0.2770813276627603
600975,新五丰,2019-12-31,2020-04-14,177801910.76,99112615.0,62273201.11,,,,,1632840846.63,403285224.15,63956379.83,1165599242.65,56158270.57,541392621.55,19337035.94,528072790.95,652675584.0,,51417908.89,363443081.04,833550110.69,8289259.36,,,,,2020-04-14,2130425322.84,2130425322.84,1938480810.1,63297284.54,67876040.88,4578756.34,1515955.09,-1371880.61,5607017.65,6783992.07,60070850.94,75840648.5,2185555.02,2020-04-14,-73134551.13,56514232.78,177801910.76,-98945692.63,19698013.48,6801986.52,58477.15,-144074.48,,,,2019,4,647228128.05,647228128.05,511929242.27,105034744.97,106989904.94,1955159.9699999997,734633.6300000001,-1235386.9500000002,1696596.7900000005,2152481.5600000005,92212492.85,97908573.72,1739938.18,83400890.82,27816893.060000002,-70655371.94,-13970077.45,1970077.4499999993,34093.12,,161385816.11,0.24698379207155144
600975,新五丰,2020-03-31,2020-04-30,280238895.36,210689963.54,38461326.22,,,,,1847451689.66,516993119.44,64368156.16,1266090414.06,44418043.68,627706281.15,19653354.18,526188438.19,652675584.0,,63947994.94,478196670.26,1067210440.17,2849624.0,,,,,2020-04-30,426528313.85,426528313.85,299725048.8,100491171.41,100902947.75,411776.34,5129.99,-1026998.69,1907123.26,2104559.48,100906198.6,104723637.75,403337.86,2020-04-30,44238217.93,27488284.68,280238895.36,-27462147.5,85660914.17,2039085.83,26137.18,,,,,2020,1,426528313.85,426528313.85,299725048.8,100491171.41,100902947.75,411776.34,5129.99,-1026998.69,1907123.26,2104559.48,100906198.6,104723637.75,403337.86,44238217.93,27488284.68,-27462147.5,85660914.17,2039085.83,26137.18,,249151289.76,0.2798412117261621
600975,新五丰,2020-06-30,2020-08-29,234958216.04,281148862.91,38451744.0,,,,,1976422632.5,618918469.22,62139130.96,1295365032.32,67120011.36,675867890.53,32219918.75,518019434.31,652675584.0,,109194857.26,581032063.04,1094724970.32,24121203.0,,50000000.0,,,2020-08-29,924833716.0,924833716.0,719421876.57,149346057.19,147528808.32,-1817248.87,-239723.16,143849.36,6315777.72,6707844.85,148235991.97,151889214.79,311639.13,2020-08-29,70194137.46,71832535.47,234958216.04,-144940244.47,131902412.29,26297587.71,363870.0,-143849.36,,,,2020,2,498305402.15,498305402.15,419696827.77000004,48854885.78,46625860.56999999,-2229025.21,-244853.15,1170848.0499999998,4408654.46,4603285.369999999,47329793.370000005,47165577.03999999,-91698.72999999998,25955919.529999994,44344250.79,-117478096.97,46241498.120000005,24258501.880000003,337732.82,,319600606.91,0.3131508711965734
600975,新五丰,2020-09-30,2020-10-30,305150460.49,395219090.69,,55005937.5,,,,2237679307.46,787908237.6,66530598.12,1383240471.74,80949191.32,615761467.98,55214281.67,519788702.47,652675584.0,,117287939.07,695959870.94,1295554814.71,18584200.0,,50000000.0,,,2020-10-30,1823173714.96,1823173714.96,1493691484.59,237221496.61,236136662.3,-1084834.31,-352236.92,-2444147.47,7915130.66,8527052.82,234463699.71,241427553.7,1983736.34,2020-10-30,88947202.44,128544405.48,305150460.49,-221148956.48,259550303.77,29278863.23,363870.0,,,,,2020,3,898339998.96,898339998.96,774269608.0199999,87875439.42000002,88607853.98000002,732414.56,-112513.75999999998,-2587996.83,1599352.9400000004,1819207.9700000007,86227707.74000001,89538338.91,1672097.21,18753064.980000004,56711870.010000005,-76208712.00999999,127647891.48,2981275.5199999996,0.0,,450225028.19,0.3521095426736364
600975,新五丰,2020-12-31,2021-03-16,268621579.56,379489145.59,500659.72,54554548.61,,,,2228517878.68,727428454.9,72346376.87,1428743046.91,98371891.65,701720106.75,87814248.12,497982333.61,652675584.0,,72932662.39,637912671.53,1149417654.83,23583584.2,,,1618002.78,,2021-03-16,2723731158.81,2723731158.81,2311835689.11,282724071.78,282937990.82,213919.04,-414067.66,-3354211.45,8008253.68,8739546.96,276614558.57,283653162.06,-2726153.66,2021-03-16,155506162.85,240677263.81,266930483.56,-315543693.74,249166103.69,30521894.76,713069.29,414067.66,,,,2020,4,900557443.8499999,900557443.8499999,818144204.5200002,45502575.16999996,46801328.51999998,1298753.35,-61830.73999999999,-910063.98,93123.01999999955,212494.1400000006,42150858.859999985,42225608.360000014,-4709890.0,66558960.41,112132858.33,-94394737.26000002,-10384200.080000013,1243031.5300000012,349199.29000000004,,434544353.92,0.32641804755493903
600975,新五丰,2021-03-31,2021-04-30,382252151.87,670418781.43,2551845.83,177958274.59,,702006428.23,,3378165117.94,1831450647.85,86300296.19,1460414173.9,217573457.15,793771806.09,138332495.66,495960774.98,652675584.0,835389793.36,68763533.04,917042379.53,1395840700.84,48113539.2,,,,,2021-04-30,454351749.81,454351749.81,366216487.09,43521867.11,42635923.63,-885943.48,25144.95,125627.77,11857993.24,4881703.35,43784963.39,44993497.78,1225407.39,2021-04-30,-173662264.79,91163918.5,380561055.87,-90042009.49,377334846.59,5050255.25,1121909.01,,,,,2021,1,454351749.81,454351749.81,366216487.09,43521867.11,42635923.63,-885943.48,25144.95,125627.77,11857993.24,4881703.35,43784963.39,44993497.78,1225407.39,-173662264.79,91163918.5,-90042009.49,377334846.59,5050255.25,1121909.01,,1552935330.08,0.5421436146279361
600975,新五丰,2021-06-30,2021-08-31,245226823.34,795363520.21,22025006.94,190963537.46,,824331637.17,,3683028214.5,2124545313.48,100286678.7,1458196222.32,303492126.06,970052076.18,195573834.13,498483026.44,652675584.0,981785315.32,76290896.17,1075120870.46,1364105322.42,73993039.7,,,,,2021-08-31,968414903.05,968414903.05,793348244.51,73937694.73,80038133.76,6100439.03,41677.12,-10794.43,29420746.98,13248596.2,72166821.13,82166831.93,1355513.31,2021-08-31,-241977583.87,152948447.31,243945727.34,-155921258.22,374914085.87,45882375.4,1487824.53,-41677.12,,,,2021,2,514063153.23999995,514063153.23999995,427131757.42,30415827.620000005,37402210.13,6986382.51,16532.170000000002,-136422.2,17562753.740000002,8366892.85,28381857.739999995,37173334.150000006,130105.92000000016,-68315319.08000001,61784528.81,-65879248.730000004,-2420760.719999969,40832120.15,365915.52,,1832683701.7800002,0.5768474173278696
600975,新五丰,2021-09-30,2021-10-30,178805717.5,943320512.11,101992410.0,145102339.65,,1242970162.71,,4145709857.32,2759635828.2,101838985.72,1284235043.4,386410325.67,943718236.74,182654835.53,528496168.84,652675584.0,1430415556.35,114945137.94,1338460077.39,1273857832.37,70323471.3,,,,,2021-10-30,1453929997.3,1453929997.3,1421459863.92,-100423484.19,-99130738.14,1292746.05,49654.6,11929.5,40958436.68,22455876.94,-104592572.03,-94461104.07,-620304.42,2021-10-30,-371774050.79,217721752.33,177524621.5,-227838049.77,510206238.5,56907783.4,1385338.0,,,,,2021,3,485515094.25,485515094.25,628111619.4100001,-174361178.92000002,-179168871.9,-4807692.98,7977.479999999996,22723.93,11537689.7,9207280.740000002,-176759393.16,-176627936.0,-1975817.73,-129796466.92000002,64773305.02000001,-71916791.55000001,135292152.63,11025408.0,-102486.53000000003,,2433385424.4700003,0.6656606282582376
600975,新五丰,2021-12-31,2022-04-28,1146317563.68,864996626.22,239592689.46,615897952.84,,2289304991.27,2419468.72,7287153654.73,4579120164.84,247119086.82,2460914403.07,660869091.09,996670666.57,184343365.06,801631512.25,805040967.0,2795269222.36,198658202.08,1577523458.1,2395259911.34,103548167.85,,,1183330.71,,2022-04-28,2444380351.3,2444380351.3,2316353143.62,-296302009.77,-319183400.2,-22881390.43,-152222580.3,-4426562.37,97270997.9,104637310.46,-278866625.07,-311175156.2,-2212086.43,2022-04-28,-449820889.33,506491353.65,1145036467.68,-535775908.19,1585922033.32,140255471.48,503977.94,152222580.3,,,,2021,4,990450354.0000002,990450354.0000002,894893279.6999998,-195878525.57999998,-220052662.06,-24174136.48,-152272234.9,-4438491.87,56312561.220000006,82181433.52,-174274053.04,-216714052.13,-1591782.0100000002,-78046838.53999996,288769601.31999993,-307937858.41999996,1075715794.82,83347688.07999998,-881360.06,,4009792259.79,0.6283825457512826
600975,新五丰,2022-03-31,2022-04-30,804826194.55,592271316.68,138522495.25,805897447.9,,1740416811.04,,5783704960.38,3666171997.52,102222422.32,2015310540.54,472202124.69,1004117557.03,184725345.79,543955367.45,805040967.0,2093044972.9,166608953.94,1089330001.67,2100985808.85,91955345.48,,,,,2022-04-30,467490337.97,467490337.97,611348505.03,-142765516.13,-157519976.99,-14754460.86,-5750285.21,-3672383.8,41856032.47,17482352.29,-198851882.77,-156087948.18,-1493014.94,2022-04-30,-246177773.98,62488563.8,1233360594.25,-82774713.8,417276614.35,18114311.23,5013850.0,,,,,2022,1,467490337.97,467490337.97,611348505.03,-142765516.13,-157519976.99,-14754460.86,-5750285.21,-3672383.8,41856032.47,17482352.29,-198851882.77,-156087948.18,-1493014.94,-246177773.98,62488563.8,-82774713.8,417276614.35,18114311.23,5013850.0,,3277108070.87,0.6338794981131136
600975,新五丰,2022-06-30,2022-08-30,478791795.18,589321738.98,147567373.43,809024670.34,,2071688302.63,,6138852862.85,4079223086.33,108933926.94,1950695849.58,449115408.84,1186992436.33,152337407.39,591100061.71,805040967.0,2412957398.09,228609875.26,1167523513.49,2066127245.7,82850202.9,,,,,2022-08-30,1493538192.27,1493538192.27,1641932564.87,-222396804.39,-247315606.98,-24918802.59,-1334226.35,-6903061.63,86593117.12,35405729.79,-224250503.21,-241053853.55,-1835528.02,2022-08-30,-450779713.59,78842752.74,871565439.95,-181141622.15,358450308.01,34209400.73,5038006.0,-90599187.59,,,,2022,2,1026047854.3,1026047854.3,1030584059.8399999,-79631288.25999999,-89795629.98999998,-10164341.73,4416058.859999999,-3230677.83,44737084.650000006,17923377.5,-25398620.439999998,-84965905.37,-342513.0800000001,-204601939.60999998,16354188.939999998,-98366908.35000001,-58826306.34000003,16095089.499999996,24156.0,,3617602085.38,0.6644927281147109
600975,新五丰,2022-09-30,2022-10-29,345532927.58,558564329.34,83603620.09,887686083.34,,2205234868.97,,6323602926.62,4222421276.48,125583712.91,1975597937.23,434867501.79,1156958258.22,169785086.88,590625710.05,805040967.0,2598812087.24,211459208.79,1099432571.0,1973755857.57,110685603.9,,,,,2022-10-29,3233247048.93,3233247048.93,3167130895.44,-132817764.32,-127824400.55,4993363.77,177080.06,-8680970.56,139540083.03,56152706.99,-204026192.5,-117689010.85,-1758396.35,2022-10-29,-88439568.96,182062017.58,853810103.93,-311087966.89,108301172.1,56456191.54,6172214.35,,,,,2022,3,1739708856.6599998,1739708856.6599998,1525198330.5700002,89579040.07,119491206.42999999,29912166.36,1511306.4100000001,-1777908.9300000006,52946965.91,20746977.200000003,20224310.71000001,123364842.70000002,77131.66999999993,362340144.63,103219264.84000002,-129946344.73999998,-250149135.91,22246790.810000002,1134208.3499999996,,3735088901.74,0.6677239740504876
600975,新五丰,2022-12-31,2023-04-25,571651351.96,646899932.25,287073130.66,1332135693.54,,3742320869.1,921089.5,10103903226.03,7185006723.71,225157872.1,2693738630.22,840668643.1,1550703587.82,554692795.31,1316589845.97,1076479236.0,4313186649.73,378084192.78,2015836656.34,2435811388.57,53833277.17,,,2989965.75,,2023-04-25,5005482256.09,5005482256.09,4679172969.48,-77703328.24,-50733793.46,26969534.78,-65025482.69,-1809075.09,191147181.93,72943739.51,-164226146.04,-26270945.92,3764011.9,2023-04-25,44697718.87,257036289.43,570027895.96,-403682736.7,-221247584.47,74432387.93,6555146.71,65025482.69,,,,2022,4,1772235207.1600003,1772235207.1600003,1512042074.0399995,55114436.08,77090607.09,21976171.01,-65202562.75,6871895.470000001,51607098.900000006,16791032.520000003,39800046.46000001,91418064.92999999,5522408.25,133137287.82999998,74974271.85,-92594769.81,-329548756.57,17976196.390000008,382932.36000000034,,6008429625.549999,0.7111119893943317
600975,新五丰,2023-03-31,2023-04-29,825442549.5,906906801.67,287253815.12,1707545349.35,,4020473870.68,459533.58,10831163207.93,8163751411.69,211051796.87,2456359999.36,822789106.04,1731780888.7,589676033.65,1288905599.02,1076479236.0,4512426756.13,556897319.41,2342955627.82,2977247816.2,54033373.86,,,,,2023-04-29,1222375832.52,1222375832.52,1343534082.27,-227512378.62,-244578453.85,-17066075.23,,-3813060.85,57387293.74,19456328.23,-226120259.16,-236716623.33,-52305.18,2023-04-29,-124485038.06,78537142.04,844029707.33,-85086482.15,483573331.57,30873202.33,3167427.48,,,,,2023,1,1222375832.52,1222375832.52,1343534082.27,-227512378.62,-244578453.85,-17066075.23,,-3813060.85,57387293.74,19456328.23,-226120259.16,-236716623.33,-52305.18,-124485038.06,78537142.04,-85086482.15,483573331.57,30873202.33,3167427.48,,6922179836.82,0.7537280396359402
600975,新五丰,2023-06-30,2023-08-31,2012432261.26,1301075269.9,435116443.65,1398924939.11,,4485547946.13,648839.28,12505460380.8,8731774719.25,192292192.44,3581393469.11,824371497.37,1780212703.48,477000311.21,1448802420.11,1261292033.0,4974630877.28,543471739.63,2747406061.97,4143221659.79,54957276.42,,,,,2023-08-31,2514952130.3,2514952130.3,2827279405.73,-614244370.95,-649570050.61,-35325679.66,-95200337.33,-3455215.77,121269088.54,40818837.71,-609354545.28,-635163164.23,1790050.91,2023-08-31,-273930458.98,178456819.76,2010808805.26,-420701111.91,2135412480.2,41894792.92,3200000.31,95200337.33,,,,2023,2,1292576297.7800002,1292576297.7800002,1483745323.46,-386731992.33000004,-404991596.76,-18259604.429999996,,357845.0800000001,63881794.800000004,21362509.48,-383234286.12,-398446540.9,1842356.0899999999,-149445420.92000002,99919677.71999998,-335614629.76,1651839148.63,11021590.590000004,32572.830000000075,,7620664598.79,0.6982369663620022
600975,新五丰,2023-09-30,2023-10-28,1249646911.91,1345778784.68,412332408.93,1201788660.5,,4502696668.76,,12155562244.3,8527161688.55,182167635.42,3446232920.33,860326899.35,2082714829.83,305143537.66,1664022684.75,1261292033.0,4998074088.94,573008202.15,2728650779.85,3672509293.69,55009385.11,,64637436.61,,,2023-10-28,3874066662.0,3874066662.0,4179539139.43,-749404919.73,-790576285.75,-41171366.02,-114447168.35,-2416361.93,188363748.75,62632766.37,-742952744.46,-770664122.56,1823900.2,2023-10-28,-528466818.69,300193477.27,1248365815.91,-573564444.4,1780369183.04,65105752.96,3233550.48,,,,,2023,3,1359114531.6999998,1359114531.6999998,1352259733.6999998,-135160548.77999997,-141006235.14,-5845686.360000007,-19246831.019999996,1038853.8399999999,67094660.20999999,21813928.659999996,-133598199.18000007,-135500958.32999992,33849.29000000004,-254536359.70999998,121736657.50999999,-152863332.48999995,-355043297.1600001,23210960.04,33550.169999999925,,7462596522.870001,0.7015028607622463
600975,新五丰,2023-12-31,2024-04-20,1500060097.09,1855637662.74,479192404.89,1183420023.53,,4830485201.26,345217.36,12656515812.4,9490846704.61,173449273.89,2992219833.9,950706001.32,1872544680.78,334875172.54,1704166426.39,1261292033.0,5366696391.22,639070948.81,3376588326.5,3661317848.59,25634932.48,,136393269.95,3888288.18,,2024-04-20,5631944572.42,5631944572.42,6149270108.42,-1203418006.16,-1255307733.7,-51889727.54,-222448168.13,-2410662.56,257663022.06,81015792.46,-1200210671.09,-1219955337.75,4533326.07,2024-04-20,-642353258.16,333192246.82,1419638146.82,-570143633.04,2062107142.06,87144969.27,3605125.47,222448168.13,,,,2023,4,1757877910.42,1757877910.42,1969730968.9900002,-454013086.43000007,-464731447.95000005,-10718361.519999996,-108000999.78,5699.370000000112,69299273.31,18383026.089999996,-457257926.6299999,-449291215.19000006,2709425.87,-113886439.46999997,32998769.550000012,3420811.3600000143,281737959.02,22039216.309999995,371574.9900000002,,8348735292.42,0.7498783113209964
600975,新五丰,2024-03-31,2024-04-30,979050954.05,1333487290.53,646766598.46,1131059134.02,,4798461386.94,272933.21,12100043727.56,9201807900.56,160327680.04,2737908146.96,869618408.1,1974196716.7,267794572.02,1795439470.36,1261292033.0,5272272683.72,729584762.59,3171995944.09,3244200813.45,38023368.12,,116073618.36,,,2024-04-30,1429922405.05,1429922405.05,1552883796.13,-254311686.94,-259207917.46,-4896230.53,,-8099494.71,68098314.85,20713669.56,-256413049.01,-253651030.32,-2080274.98,2024-04-30,51690282.32,35834953.94,913563447.25,-27179097.82,-530585884.07,20634998.86,36865.96,,,,,2024,1,1429922405.05,1429922405.05,1552883796.13,-254311686.94,-259207917.46,-4896230.53,,-8099494.71,68098314.85,20713669.56,-256413049.01,-253651030.32,-2080274.98,51690282.32,35834953.94,-27179097.82,-530585884.07,20634998.86,36865.96,,7909774409.95,0.7604772435327029
600975,新五丰,2024-06-30,2024-08-10,1205192888.38,1325860751.72,703055061.25,1341020391.35,,4826047363.37,700371.86,12351195192.84,9426519006.74,179422368.2,2745253817.9,887229839.59,1873685967.23,287765812.3,1763692324.55,1261292033.0,5267900745.2,691644643.5,3154922790.43,3500253619.38,36043329.59,,108212117.51,2619578.31,,2024-08-10,3232893064.46,3232893064.46,3207878219.09,-246966016.0,-239293549.28,7672466.72,,-12299577.89,136895413.35,41827857.54,-250488119.99,-226782866.62,211316.54,2024-08-10,266489536.73,82508247.17,1187546013.25,-86902209.04,-411679461.26,42784422.56,541447.21,,,,,2024,2,1802970659.41,1802970659.41,1654994422.96,7345670.939999998,19914368.180000007,12568697.25,,-4200083.180000001,68797098.5,21114187.98,5924929.019999981,26868163.699999988,2291591.52,214799254.41,46673293.230000004,-59723111.220000006,118906422.81,22149423.700000003,504581.24999999994,,8195983567.69,0.7632070305394058
600975,新五丰,2024-09-30,2024-10-29,1449508346.95,1180111007.38,742080675.77,1282131822.85,,4894960542.83,648197.8,12422381489.68,9233889292.64,195043445.9,2993448751.14,864898529.76,1784372669.34,108152437.89,1902207554.84,1261292033.0,5299680011.61,614664347.53,2954165292.49,3596924361.31,23030835.59,,89820735.95,2526837.34,,2024-10-29,5270785067.08,5270785067.08,4976712161.0,1228917.24,15498626.26,14269709.02,,-12948681.14,204465291.31,62636014.5,-6269185.82,33773167.07,1808330.37,2024-10-29,855320385.38,131851725.91,1422348637.54,-135206319.18,-717403575.49,66250511.92,1003045.14,,,,,2024,3,2037892002.62,2037892002.62,1768833941.9099998,248194933.24,254792175.54,6597242.3,,-649103.25,67569877.96000001,20808156.96,244218934.17000002,260556033.69,1597013.83,588830848.65,49343478.739999995,-48304110.14,-305724114.23,23466089.36,461597.93000000005,,8099284048.83,0.7433268170286939
600975,新五丰,2024-12-31,2025-03-29,1170301299.91,966014524.44,800729030.27,1390243662.84,,4762120346.62,350271.59,12357742882.77,9144428167.89,191082560.73,3022232154.15,838975427.99,2074036960.69,44144965.25,1951810669.13,1261292033.0,5277821966.96,691603025.11,2893961327.04,3608880569.99,7587117.09,,75937018.73,2740098.8,-9308071.39,2025-03-29,7045046681.6,7045046681.6,6522033190.25,39320391.64,47629215.48,8308823.84,-65387244.9,-13972453.15,270365750.6,80448628.3,21504511.58,69169048.85,2557834.56,2025-03-29,856518905.6,140088240.99,1039166520.02,-143312105.63,-1093678426.77,83093859.77,1152164.34,65387244.9,,,,2024,4,1774261614.5200005,1774261614.5200005,1545321029.25,38091474.4,32130589.22,-5960885.18,,-1023772.0099999998,65900459.29000002,17812613.799999997,27773697.4,35395881.779999994,749504.19,1198520.2200000286,8236515.080000013,-8105786.449999988,-376274851.28,16843347.849999994,149119.20000000007,,7919107564.17,0.7399755970517705
600975,新五丰,2025-03-31,2025-04-29,1333755345.19,964235384.97,731338054.67,1374359212.98,,4748904838.08,266096.92,12242644713.11,9002311272.28,198480658.04,3041852782.79,770638200.42,2052521171.68,45872675.0,1915229503.24,1261292033.0,5152708669.3,659074679.32,2782159074.48,3722152221.6,11282033.28,4227200.0,78647128.11,2249679.57,-9308071.39,2025-04-29,1863428098.96,1863428098.96,1702476951.75,19620628.64,27018725.95,7398097.31,,-5890430.68,62227183.49,16317184.98,17266627.1,28910608.96,-1886371.58,2025-04-29,338806045.03,22401539.94,1201457715.33,-22393539.94,-154121309.78,15982123.56,8000.0,,,,,2025,1,1863428098.96,1863428098.96,1702476951.75,19620628.64,27018725.95,7398097.31,,-5890430.68,62227183.49,16317184.98,17266627.1,28910608.96,-1886371.58,338806045.03,22401539.94,-22393539.94,-154121309.78,15982123.56,8000.0,,7818837490.7,0.7353240646312231
600975,新五丰,2025-06-30,2025-08-23,1138229468.43,622294895.42,883598458.78,1158994314.13,,4721459455.98,746930.48,11919672553.74,8637000726.44,215205231.53,3067466595.77,719348035.66,2214147275.84,54362693.12,1874936931.67,1261292033.0,4995410078.49,714764734.57,2660242429.01,3644368763.46,11317038.36,,80770626.11,2352280.9,-9308071.39,2025-08-23,3687997482.29,3687997482.29,3337587898.96,45234441.62,57857112.42,12622670.8,,-4648283.43,122393332.92,30005206.7,42447269.94,61625476.06,33163.99,2025-08-23,605875452.22,37490157.47,1020330871.69,-37482157.47,-587228943.08,30340811.31,8000.0,,,,,2025,2,1824569383.33,1824569383.33,1635110947.21,25613812.979999997,30838386.470000003,5224573.490000001,,1242147.25,60166149.43,13688021.719999999,25180642.839999996,32714867.1,1919535.57,267069407.19000006,15088617.529999997,-15088617.529999997,-433107633.3000001,14358687.749999998,0.0,,7386347124.309999,0.7246005028661626
600975,新五丰,2025-09-30,2025-10-25,1075715686.25,897007397.72,723924394.88,1113619092.8,,4694434665.14,681830.38,11936133400.03,8740002265.58,194207693.68,3001923440.77,731622495.22,2397596681.66,54774500.16,1838212341.69,1261292033.0,4866359774.95,765082747.6,2832822304.67,3809643831.62,16552073.28,,90748393.05,2335118.54,-16449292.31,2025-10-25,5390194486.14,5390194486.14,4955546553.25,-13167492.46,-15516963.77,-2349471.31,,-8306960.98,180561006.12,43067850.71,-24562655.29,-8054060.28,80718.83,2025-10-25,811431761.1,41342318.47,993938291.79,-32257036.05,-824402953.28,44174105.93,8488.6,,,,,2025,3,1702197003.8500004,1702197003.8500004,1617958654.29,-58401934.08,-73374076.19,-14972142.110000001,,-3658677.5500000007,58167673.2,13062644.010000002,-67009925.23,-69679536.34,47554.840000000004,205556308.88,3852161.0,5225121.419999998,-237174010.19999993,13833294.620000001,488.60000000000036,,7428985550.54,0.7322306120973843
600975,新五丰,2025-12-31,2026-04-28,779698985.64,984808633.83,840866213.49,877505519.97,,4331224797.82,385690.24,10779675409.0,8440772591.39,175421630.32,2163481187.29,738702906.68,1739267020.99,27600121.46,1847079409.41,1249661740.0,4680838044.72,837342776.05,3129195658.69,2842942729.14,16699515.42,,225991004.47,1375827.18,,2026-04-28,7257738605.86,7257738605.86,7182102135.77,-876444829.22,-900716363.91,-24271534.69,-367297417.64,-5529807.62,231084101.96,54622495.84,-892398624.52,-887393060.25,2811393.48,2026-04-28,598045350.08,86872583.96,680743879.43,-89517210.0,-866950780.67,54235998.59,23398.6,367297417.64,,,,2025,4,1867544119.7199993,1867544119.7199993,2226555582.5200005,-863277336.76,-885199400.14,-21922063.380000003,,2777153.3600000003,50523095.84,11554645.130000003,-867835969.23,-879338999.97,2730674.65,-213386411.01999998,45530265.489999995,-57260173.95,-42547827.389999986,10061892.660000004,14909.999999999998,,7034405165.11,0.7830266006286943
600975,新五丰,2026-03-31,2026-04-29,781624422.86,880099199.58,646224660.68,1412070341.87,,4265254100.64,373043.24,10543494555.69,8568580554.07,188378619.94,1786535381.68,685235612.56,1682282708.74,29940826.57,1812094064.48,1249661740.0,4564161635.15,759942118.93,2790021803.59,2814640589.41,13903329.42,,183053012.68,1382146.06,,2026-04-29,1564843780.36,1564843780.36,1522863923.07,-376945805.61,-382505015.99,-5559210.38,-286433208.94,-8365454.05,52858153.1,12328260.32,-380515604.51,-378280639.17,-1891897.72,2026-04-29,-139438260.87,7314796.17,668451401.24,-5314796.17,132460578.85,11329346.03,2000000.0,,,,,2026,1,1564843780.36,1564843780.36,1522863923.07,-376945805.61,-382505015.99,-5559210.38,-286433208.94,-8365454.05,52858153.1,12328260.32,-380515604.51,-378280639.17,-1891897.72,-139438260.87,7314796.17,-5314796.17,132460578.85,11329346.03,2000000.0,,7203648302.77,0.8126888584056602
600975,新五丰,2026-06-30,2026-08-31,608308427.5,550611429.84,659429917.98,1887611437.82,,4251152950.78,373043.24,10324013076.59,8689881967.07,206766421.02,1427364688.5,657892784.2,1834793666.51,30901113.02,1775803894.53,1249661740.0,4449283568.85,784872496.02,2451146913.37,2776409625.62,18371005.92,,65940000.0,1391524.12,,2026-08-31,2833223715.97,2833223715.97,2985408878.95,-736116498.79,-750171055.44,-14054556.65,-320177308.07,-7743161.14,114675521.71,27083912.92,-743009849.28,-742792825.42,-37633.78,2026-08-31,-346255131.28,21425608.02,532863628.97,-16176595.05,214551475.87,25394030.83,2017434.02,320177308.07,,,,2026,2,1268379935.61,1268379935.61,1462544955.8799999,-359170693.17999995,-367666039.45000005,-8495346.27,-33744099.129999995,622292.9100000001,61817368.60999999,14755652.600000001,-362494244.77,-364512186.24999994,1854263.94,-206816870.40999997,14110811.85,-10861798.88,82090897.02000001,14064684.799999999,17434.02000000002,,7348805736.42,0.8417155133960998
603151,邦基科技,2018-12-31,2021-07-01,66240855.73,30000000.0,,,,,,317616395.25,164822476.92,1482231.02,151311687.31,,72348166.12,,80450032.57,93240000.0,,37134172.94,162742022.25,216582074.62,104320.0,,,9858129.73,,2021-07-01,1160103534.46,1160103534.46,1003682246.0,43575063.5,43506078.15,-68985.35,-1866898.9,,1538277.84,1565759.0,43126562.05,53619282.26,10114632.68,2021-07-01,12922306.16,15272192.48,65522855.73,-5990192.48,25422341.0,1522259.0,,1866900.0,,,,2018,4,,,,,,,,,,,,,,,,,,,,,30000000.0,0.5189356701509885
603151,邦基科技,2019-12-31,2021-07-01,87034620.28,10014500.0,,,,,,332969942.44,155130986.0,2235712.93,175603243.51,,87773651.27,,73615324.79,93240000.0,,34611495.11,151662007.67,237971838.82,306700.0,,,15314554.86,,2021-07-01,1004665232.64,1004665232.64,853152882.64,53429056.2,54742538.11,1313481.91,-374408.09,-3784602.8,599844.17,810550.0,51764119.53,60239126.45,5893664.84,2021-07-01,78864770.48,3386259.38,85451620.28,-3958955.93,-54977050.0,29977050.0,,374408.09,,,,2019,4,,,,,,,,,,,,,,,,,,,,,10014500.0,0.4659008704004988
603151,邦基科技,2020-12-31,2021-07-01,194526019.82,20017777.78,,,,,,474460393.7,155562482.7,2037733.96,316860177.04,,109379073.39,,77801206.23,126000000.0,,75677077.35,152720166.33,357061432.9,5125809.0,,,23005792.27,,2021-07-01,1723841130.94,1723841130.94,1483653588.75,111959466.02,112942954.56,983488.54,-65829.11,81927.85,-24644.28,346477.77,114479215.15,127868922.94,14725727.37,2021-07-01,169105687.7,23017225.98,194221854.82,-19300253.17,-41035199.99,47523199.99,1300000.0,65829.11,,,,2020,4,,,,,,,,,,,,,,,,,,,,,20017777.78,0.3278724310091976
603151,邦基科技,2021-06-30,2021-12-14,105830063.15,,1865827.67,,,3549233.9,,458835334.69,110080710.15,2206320.12,346548304.42,,106042932.54,8900094.0,92470750.56,126000000.0,6283487.69,56834281.12,103832990.86,283110091.83,26031381.0,,,15662270.11,,2021-12-14,1039117451.33,1039117451.33,906874918.8,67488127.38,67656713.54,168586.16,-34591.09,-2113582.26,279150.01,360890.34,65489027.38,80928573.19,13312958.54,2021-12-14,29806173.89,57688694.59,105830063.15,-59759436.68,-58438528.88,37605528.88,1774128.0,34591.09,,,,2021,2,,,,,,,,,,,,,,,,,,,,,5415061.57,0.2399133236422891
603151,邦基科技,2021-09-30,,,,,,,,,,,,,,,,,,,,,,,,,,,2022-10-18,1601609720.24,1601609720.24,1407736082.29,97939733.78,98127732.49,187998.71,,-624600.43,381704.11,457819.44,95925633.78,116908459.29,19626866.64,2022-10-18,61549634.87,69786138.37,155779502.08,-72020555.39,-28275597.22,38275597.22,1774128.0,,,,,2021,3,562492268.91,562492268.91,500861163.49,30451606.400000006,30471018.949999988,19412.54999999999,,1488981.8299999996,102554.09999999998,96929.09999999998,30436606.4,35979886.10000001,6313908.1000000015,31743460.979999997,12097443.780000001,-12261118.71,30162931.660000004,670068.3399999961,0.0,,0.0,
603151,邦基科技,2021-12-31,2022-09-23,187668287.76,20021666.7,1482764.98,,,2502760.92,,549491627.6,122326880.6,2281591.46,424883155.54,,100901386.36,49113875.13,90134398.69,126000000.0,5148723.53,46419178.07,117083789.2,342189023.89,7195140.0,,,21635408.8,,2022-09-23,2034916182.62,2034916182.62,1778850289.69,145822978.5,146066836.0,243857.5,-53557.31,-160157.16,725946.66,854749.12,131199538.89,156159881.73,25115738.6,2022-09-23,131507953.83,97313290.55,187668287.76,-98887923.67,-39173597.22,38528097.22,1804128.0,53557.31,,,,2021,4,433306462.3799999,433306462.3799999,371114207.4000001,47883244.72,47939103.510000005,55858.79000000001,,464443.27,344242.55000000005,396929.68,35273905.11,39251422.43999998,5488871.960000001,69958318.96000001,27527152.179999992,-26867368.28,-10898000.0,252500.0,30000.0,,24007192.6,0.22261827925255906
603151,邦基科技,2022-03-31,,,,,,,,,,,,,,,,,,,,,,,,,,,2023-04-25,337915903.58,337915903.58,291217745.34,26600824.2,26580632.96,-20191.24,-126149.27,-1898768.85,296393.41,308902.82,,24865960.78,5042606.77,2023-04-25,-45230307.23,84377247.5,67559985.04,-84045058.7,9167063.21,279152.79,49029.13,,,,,2022,1,337915903.58,337915903.58,291217745.34,26600824.2,26580632.96,-20191.24,-126149.27,-1898768.85,296393.41,308902.82,,24865960.78,5042606.77,-45230307.23,84377247.5,-84045058.7,9167063.21,279152.79,49029.13,,0.0,
603151,邦基科技,2022-06-30,2022-09-23,137423747.11,50054027.78,2576792.98,,,4094085.25,,641404382.62,157356482.65,1977883.36,482070016.61,,102550079.2,150082319.13,86962303.33,126000000.0,7442352.8,49368480.0,150903573.97,319355893.47,15406140.0,,,17413299.3,,2022-09-23,755557308.36,755557308.36,652096823.45,57186861.07,56883152.97,-303708.1,-125117.2,-1594358.12,761147.07,777127.63,50763778.47,59252238.42,9120696.37,2022-09-23,39171757.53,117072036.7,137423747.11,-116729222.5,27312924.32,628291.68,50000.0,125117.2,,,,2022,2,417641404.78000003,417641404.78000003,360879078.1100001,30586036.87,30302520.009999998,-283516.86,1032.070000000007,304410.73,464753.66,468224.81,,34386277.64,4078089.5999999996,84402064.75999999,32694789.200000003,-32684163.799999997,18145861.11,349138.8900000001,970.8700000000026,,56724906.01,0.24533116223377266
603151,邦基科技,2022-09-30,2022-10-18,98230041.3,30000000.0,2118620.24,,,4401979.64,,658742624.2,145301858.29,1853229.56,511587536.35,,104858382.79,102978956.21,177493889.88,126000000.0,6795468.62,38052402.47,138611515.71,306640823.72,2747233.1,6036684.93,,19830818.43,,2022-10-18,1197445737.67,1197445737.67,1031593184.64,86704843.92,86276482.02,-428361.9,,-1847938.42,1176062.33,1217843.84,79609943.92,92380553.09,13406487.47,2022-10-18,57895075.03,150797862.0,98230041.3,-156279474.27,8946152.78,1053847.22,50000.0,,,,,2022,3,441888429.31000006,441888429.31000006,379496361.18999994,29517982.85,29393329.049999997,-124653.80000000005,,-253580.2999999998,414915.2600000001,440716.2100000001,28846165.450000003,33128314.67,4285791.1000000015,18723317.5,33725825.3,-39550251.77000001,-18366771.54,425555.5399999999,0.0,,36520599.88,0.22057455059395864
603151,邦基科技,2022-12-31,2023-03-31,747401456.81,20022916.7,3825922.38,,,2776209.51,,1393159072.39,163247821.35,1673899.62,1228237351.42,,185167899.16,42098818.0,258300510.12,168000000.0,6148584.44,86832706.76,156848062.08,1007434722.44,14796632.35,,,15997836.15,,2023-03-31,1658462167.22,1658462167.22,1430762220.41,120431371.49,119823679.65,-607691.84,-128364.65,-3056524.84,-1007567.35,1606403.66,109926856.71,126031538.85,17940134.99,2023-03-31,59073515.34,172412372.75,747401456.81,-181794961.4,682454615.26,1337958.33,51000.0,128364.65,,,,2022,4,461016429.54999995,461016429.54999995,399169035.7700001,33726527.56999999,33547197.63000001,-179329.93999999994,,-1208586.42,-2183629.68,388559.81999999983,30316912.78999999,33650985.75999999,4533647.519999998,1178440.3100000024,21614510.75,-25515487.129999995,673508462.48,284111.1100000001,1000.0,,26625048.589999996,0.11717816334493962
603151,邦基科技,2023-03-31,2023-04-25,500000199.6,10000000.0,3818076.07,,,2636483.29,,1338945103.56,85736121.5,1704633.75,1251504348.31,,111502989.6,102433741.03,254308233.7,168000000.0,5781482.21,32967721.56,80944672.25,896884852.69,17162282.65,98000000.0,,14435414.62,,2023-04-25,390151205.11,390151205.11,335951805.85,23397265.65,23414011.62,16745.97,,-2981523.17,-2408523.77,123707.3,23028126.15,26970881.3,3746869.24,2023-04-25,-75434350.15,63944047.09,500000199.6,-161855448.73,-10111458.33,111458.33,,,,,,2023,1,390151205.11,390151205.11,335951805.85,23397265.65,23414011.62,16745.97,,-2981523.17,-2408523.77,123707.3,23028126.15,26970881.3,3746869.24,-75434350.15,63944047.09,-161855448.73,-10111458.33,111458.33,,,16454559.36,0.06403258899266594
603151,邦基科技,2023-06-30,2023-08-25,486125700.21,,1149407.83,,,2319166.78,,1256929503.54,66711293.45,1602408.81,1188615801.28,,95415865.05,138554982.32,280750910.4,168000000.0,3362645.62,28922023.76,62354109.2,761532531.45,8602595.3,,,14521138.15,,2023-08-25,737507995.49,737507995.49,631868103.42,44508718.62,44423239.65,-85478.97,-7133.62,-3826932.46,-4524332.13,275556.5,43260808.67,52788657.67,8430468.62,2023-08-25,-31240671.22,123498418.61,486125700.21,-124884068.72,-105151016.66,84185416.66,,7133.62,,,,2023,2,347356790.38,347356790.38,295916297.56999993,21111452.97,21009228.029999997,-102224.94,,-845409.29,-2115808.36,151849.2,20232682.520000003,25817776.37,4683599.379999999,44193678.93000001,59554371.519999996,36971380.00999999,-95039558.33,84073958.33,,,3468574.61,0.0530748090979766
603151,邦基科技,2023-09-30,2023-10-27,341774008.78,10000000.0,1154849.08,,,12696463.65,,1344180568.16,129254405.41,2910480.59,1212015682.16,,135839042.43,178808095.32,327744675.09,168000000.0,16377623.39,53209737.82,114584372.78,734079476.01,19233558.48,,,16561738.83,,2023-10-27,1150220942.34,1150220942.34,988811530.24,67865143.73,67654065.76,-211077.97,-10692.12,-7210082.29,-6053153.6,537295.94,67113853.53,78251548.11,10850268.69,2023-10-27,-75941531.57,228779109.2,341774008.78,-231503906.27,-98182010.19,84185416.66,84486.0,,,,,2023,3,412712946.8499999,412712946.8499999,356943426.82000005,23356425.110000007,23230826.110000007,-125599.0,-3558.500000000001,-3383149.83,-1528821.4699999997,261739.43999999994,23853044.86,25462890.439999998,2419800.0700000003,-44700860.349999994,105280690.58999999,-106619837.55000001,6969006.469999999,0.0,,,23851312.73,0.09615851357450558
603151,邦基科技,2023-12-31,2024-04-27,391443287.14,89584045.19,2351539.21,,,11407160.8,,1471024818.07,233774536.53,9123281.62,1228126999.92,,182484103.01,4167661.08,534158154.75,168000000.0,15860980.3,76681274.85,216161899.24,804445371.3,31625761.21,,,18853011.16,,2024-04-27,1646620919.75,1646620919.75,1431991564.45,83889648.5,83709282.04,-180366.46,-634706.51,-9030269.77,-7178583.47,827135.43,82408709.76,99296279.81,16078658.04,2024-04-27,-54222607.03,260295837.31,391443287.14,-263030005.13,-38690414.47,84518820.94,92486.0,634706.51,,,,2023,4,496399977.4100001,496399977.4100001,443180034.21000004,16024504.769999996,16055216.280000001,30711.51000000001,-624014.39,-1820187.4799999995,-1125429.87,289839.4900000001,15294856.230000004,21044731.700000003,5228389.35,21718924.53999999,31516728.110000014,-31526098.859999985,59491595.72,333404.2800000012,8000.0,,103342745.19999999,0.15891950540760738
603151,邦基科技,2024-03-31,2024-04-27,293793100.76,99500000.0,2178845.62,,,11360025.46,,1473710868.66,215328180.27,9922178.56,1248460509.83,,163177848.56,4164153.28,526481753.4,168000000.0,15213195.41,57540258.82,197829481.83,793158118.39,52213101.04,,,11150377.73,,2024-04-27,412455280.83,412455280.83,358180783.42,20333509.91,20642406.85,308896.94,,-4030272.68,297159.76,1212941.97,19524795.09,22187669.71,1536982.42,2024-04-27,-104548432.55,2731465.35,293793100.76,-2747512.0,9645758.54,682354.86,,,,,,2024,1,412455280.83,412455280.83,358180783.42,20333509.91,20642406.85,308896.94,,-4030272.68,297159.76,1212941.97,19524795.09,22187669.71,1536982.42,-104548432.55,2731465.35,-2747512.0,9645758.54,682354.86,,,113038871.08000001,0.14611290779567318
603151,邦基科技,2024-06-30,2024-08-15,160161980.07,139500000.0,1211826.0,,,12054217.5,28750499.0,1585387789.93,356884836.18,10547162.74,1217955791.01,,146858931.48,80716771.2,551558609.0,168000000.0,15389372.8,105854129.19,310158587.55,840081058.43,4330779.02,,,10803452.99,,2024-08-15,895309794.64,895309794.64,798807461.89,23428791.09,24362672.21,933881.12,,-17844055.36,1076369.49,4845484.86,20571936.79,24538581.95,202026.15,2024-08-15,-230685085.88,54120061.8,160161980.07,-76653051.88,76056830.69,1555022.91,,17844055.36,,,,2024,2,482854513.81,482854513.81,440626678.46999997,3095281.1799999997,3720265.3599999994,624984.1799999999,,-13813782.68,779209.73,3632542.8900000006,1047141.6999999993,2350912.2399999984,-1334956.27,-126136653.33,51388596.449999996,-73905539.88,66411072.15,872668.0499999999,,,152766043.5,0.22510885882106965
603151,邦基科技,2024-09-30,2024-10-29,164624723.83,171500000.0,25482834.06,,,13405157.68,18331852.0,1766742600.22,500646151.87,30073012.42,1236023435.93,,162028164.94,105254574.0,599154510.27,168000000.0,15655835.2,193470580.08,463159277.28,940800639.05,2882797.0,1500000.0,,10344356.8,,2024-10-29,1624395865.36,1624395865.36,1471970004.35,42696436.01,43875456.4,1179020.39,,-22770580.88,3477964.36,4938700.41,38430671.74,45201969.43,1228351.6,2024-10-29,-185099108.29,90942326.87,161624723.83,-129664879.78,84945424.76,38449307.79,,,,,,2024,3,729086070.7199999,729086070.7199999,673162542.4599999,19267644.919999998,19512784.189999998,245139.2699999999,,-4926525.52,2401594.87,93215.54999999981,17858734.950000003,20663387.48,1026325.4500000001,45585977.59,36822265.07000001,-53011827.900000006,8888594.070000008,36894284.88,,,210387991.74,0.2833724345627134
603151,邦基科技,2024-12-31,2025-04-22,168289592.79,207502510.22,26824386.48,,,12000866.99,12082641.0,1799677087.43,518557218.62,34470555.96,1246649312.85,,274700215.6,105698137.3,597678791.91,168000000.0,15053486.5,178131544.83,484147711.98,967256668.82,6020106.68,,,21282826.08,,2025-04-22,2541684550.96,2541684550.96,2307111154.18,50129794.93,51527390.51,1397595.58,-350671.37,-22917754.26,6077450.81,7413040.92,50527955.7,66181809.57,11746842.4,2025-04-22,-110180669.19,113948511.38,165289592.79,-182178497.24,66205472.08,40053979.15,18000.0,350671.37,,2653096.4,,2024,4,917288685.6000001,917288685.6000001,835141149.8299999,7433358.920000002,7651934.109999999,218575.19000000018,,-147173.38000000268,2599486.4499999997,2474340.51,12097283.96,20979840.14,10518490.8,74918439.1,23006184.50999999,-52513617.46000001,-18739952.680000007,1604671.3599999994,,,246327763.69,0.2881390346312167
603151,邦基科技,2025-03-31,2025-04-22,225181676.71,582342674.08,25233519.16,10000000.0,,12344556.08,7200429.0,2352704791.84,1031116318.04,46938877.27,1274649596.53,,268988997.76,13822703.82,768908357.76,168000000.0,14427887.44,290945079.66,991447806.16,1441113080.81,1676282.01,,,20627428.5,,2025-04-22,1075859521.79,1075859521.79,977253964.01,28000283.68,29198604.99,1198321.31,,-20265898.38,2933282.18,2964812.62,28809005.63,37638561.79,7106704.08,2025-04-22,-271411156.06,59232697.05,225181676.71,-59232697.05,387535937.03,1689883.14,,,,2653096.4,,2025,1,1075859521.79,1075859521.79,977253964.01,28000283.68,29198604.99,1198321.31,,-20265898.38,2933282.18,2964812.62,28809005.63,37638561.79,7106704.08,-271411156.06,59232697.05,-59232697.05,387535937.03,1689883.14,,,629920749.32,0.43826846513692264
603151,邦基科技,2025-06-30,2025-08-26,252898099.68,772522433.56,38936931.98,9950000.0,,20586006.85,39704319.0,2918627587.03,1478815288.89,133092323.41,1306719974.73,,300049013.2,9175164.47,769898243.13,169569671.0,26719208.05,451526035.05,1395662339.96,1990097405.01,753800.0,,,21976759.8,,2025-08-26,2392742694.51,2392742694.51,2183734516.97,64447449.38,64956934.0,509484.62,152171.9,-45270077.98,9202281.2,9567695.64,62972910.47,79617580.01,13312669.94,2025-08-26,-547724407.78,90472138.33,249898099.68,-85250678.93,717583593.6,7798079.14,309.73,45117906.08,,2653096.4,,2025,2,1316883172.7200003,1316883172.7200003,1206480552.9599998,36447165.7,35758329.010000005,-688836.6900000001,,-25004179.599999998,6268999.02,6602883.0200000005,34163904.84,41979018.220000006,6205965.859999999,-276313251.71999997,31239441.28,-26017981.88000001,330047656.57000005,6108196.0,,,841995372.39,0.5066817347515189
603151,邦基科技,2025-09-30,2025-10-28,201219858.84,964822101.87,37688726.23,9950000.0,,20694798.64,34750000.0,3219193846.56,1717474587.88,139521726.95,1362197531.73,21840421.24,349162670.02,8499588.67,769201935.37,170793917.0,25818495.92,507860130.12,1639642015.21,2265543383.76,253800.0,,,23982308.9,,2025-10-28,4148634861.28,4148634861.28,3809029189.02,106160842.76,104304759.31,-1856083.45,152171.9,-64418129.62,17107574.75,17394417.91,107123953.96,132397292.02,24004356.92,2025-10-28,-672415699.56,104902282.35,197219858.84,-106635660.02,810981625.63,39800031.56,309.73,,,2653096.4,,2025,3,1755892166.77,1755892166.77,1625294672.0500002,41713393.38,39347825.31,-2365568.07,0.0,-19148051.64,7905293.550000001,7826722.27,44151043.489999995,52779712.00999999,10691686.980000002,-124691291.77999997,14430144.019999996,-21384981.08999999,93398032.02999997,32001952.42,0.0,,1033155626.74,0.5335107700069933
603151,邦基科技,2025-12-31,2026-04-21,340445783.37,998606952.17,51306213.11,25800000.0,,114999210.34,44158210.0,3439344019.6,1922124113.35,140392737.38,1376827168.87,44304213.1,491321753.98,5612129.72,780441766.92,170989000.0,126378879.87,454053036.94,1722868017.37,2337257640.85,7005563.2,,,23077372.13,,2026-04-21,5699462619.21,5699462619.21,5264980994.0,110848733.06,99190036.36,-11658696.7,-12247831.65,-73762605.6,27229535.83,26668357.74,111187144.56,136916810.17,30866948.79,2026-04-21,-600628398.47,153401229.24,336375783.37,-126195865.76,897910454.81,58005709.57,197698.67,12247831.65,,2653096.4,,2025,4,1550827757.9299998,1550827757.9299998,1455951804.98,4687890.299999997,-5114722.950000003,-9802613.25,-12400003.55,-9344475.979999997,10121961.079999998,9273939.829999998,4063190.600000009,4519518.149999991,6862591.869999997,71787301.08999991,48498946.890000015,-19560205.74000001,86928829.17999995,18205678.009999998,197388.94,,1190712375.62,0.5588635804956624
603151,邦基科技,2026-03-31,2026-04-21,529648267.57,1094949871.36,59017798.38,105750000.0,,96232502.12,43308075.0,3594316393.6,2102762962.7,107991125.95,1383562304.95,51383695.98,530909815.21,6793230.0,768086940.93,171112600.0,122529789.22,420806534.85,1843338724.29,2500378246.94,10546675.62,20000000.0,,18645140.8,,2026-04-21,1444804022.63,1444804022.63,1350724002.19,4042246.33,-12837867.43,-16880113.76,-33548120.88,3408028.87,10797632.09,10314270.77,3591336.24,-1514268.51,11273434.26,2026-04-21,67572745.56,18105803.57,525648267.57,-39015066.85,160714805.49,9397926.83,12000.0,,,2653096.4,,2026,1,1444804022.63,1444804022.63,1350724002.19,4042246.33,-12837867.43,-16880113.76,-33548120.88,3408028.87,10797632.09,10314270.77,3591336.24,-1514268.51,11273434.26,67572745.56,18105803.57,-39015066.85,160714805.49,9397926.83,12000.0,,1355950171.8600001,0.5850244476096085
603151,邦基科技,2026-06-30,2026-08-25,722450445.72,1192111868.03,113604420.49,102800000.0,,93028004.07,105621295.71,3881670957.17,2460321559.7,74470316.75,1346879080.72,69731556.29,578124822.12,8311517.75,796493378.38,171281800.0,121508222.31,539125975.03,2144602049.9,2740612728.23,12254694.1,,,19814197.89,,2026-08-25,2675458884.01,2675458884.01,2516432908.04,-479718.35,-36016614.39,-35536896.04,-39546380.99,-2173684.66,22688957.29,22156709.14,-1009213.4,-24548375.24,11406622.19,2026-08-25,143906152.94,90182919.96,673267780.12,-89922138.96,282907982.77,24236551.02,,41720065.65,,2653096.4,,2026,2,1230654861.38,1230654861.38,1165708905.85,-4521964.68,-23178746.96,-18656782.279999997,-5998260.110000003,-5581713.53,11891325.2,11842438.370000001,-4600549.640000001,-23034106.729999997,133187.9299999997,76333407.38,72077116.38999999,-50907072.10999999,122193177.27999997,14838624.19,,,1501544292.59,0.6338305299050232
603363,傲农生物,2015-12-31,2016-05-27,192847798.77,207850000.0,27003778.66,,,,23161640.27,1348232091.29,902845563.0,64293870.57,381092657.72,23655171.23,242671195.6,60179651.4,331383439.57,300000000.0,,475938227.54,871557009.23,751314429.41,25701890.06,,,44899823.54,,2016-05-27,4012709117.34,4012709117.34,3260127664.54,33776936.24,38689352.19,4912415.95,,,19119486.99,,84515963.8,51565066.6,16158862.68,2016-05-27,129237958.28,206249415.81,180385887.99,-217781943.32,186455505.42,42788569.65,39781.0,7787334.69,,5623513.72,,2015,4,,,,,,,,,,,,,,,,,,,,,234853778.66,0.6696514411967079
603363,傲农生物,2016-09-30,,,,,,,,,,,,,,,,,,,,,,,,,,,2017-10-31,3476995694.17,3476995694.17,2834329418.83,63271757.65,79315476.93,16043719.28,,,17134656.64,,60771776.95,82064593.41,6251833.84,2017-10-31,58720906.49,197930890.3,115900820.28,-225025952.85,101819978.65,13859461.54,,,,,,2016,3,,,,,,,,,,,,,,,,,,,,,0.0,
603363,傲农生物,2016-12-31,2017-08-07,174267144.8,236925015.6,58150852.52,90000000.0,,,57642357.45,1711706349.38,1117956883.87,120631177.66,473118287.85,44873776.23,285270019.5,51483872.76,550498031.36,360000000.0,,494294648.36,951097370.33,801711274.33,52437515.53,,3661580.0,49887400.4,,2017-08-07,4978470598.39,4978470598.39,4107291807.0,91375506.77,108349955.85,16974449.08,,,25441483.24,,87645713.63,113312151.84,12152704.72,2017-08-07,128952368.29,275790748.2,137824249.29,-319593399.0,148079392.01,17779860.53,280270.0,5713012.38,,10394112.46,,2016,4,1501474904.2200003,1501474904.2200003,1272962388.17,28103749.119999997,29034478.919999987,930729.7999999989,,,8306826.599999998,,26873936.679999992,31247558.430000007,5900870.880000001,70231461.80000001,77859857.89999998,-94567446.15,46259413.359999985,3920398.990000002,,,385075868.12,0.6531242255863202
603363,傲农生物,2017-03-31,,,,,,,,,,,,,,,,,,,,,,,,,,,2018-04-28,1121673541.07,1121673541.07,897931601.04,23543913.65,28132716.69,4588803.04,,,8908618.93,,20949148.83,31838019.98,5252600.94,2018-04-28,-65477607.9,48605102.29,113806271.79,-50570482.29,92030112.69,5486232.32,34620.0,,,,,2017,1,1121673541.07,1121673541.07,897931601.04,23543913.65,28132716.69,4588803.04,,,8908618.93,,20949148.83,31838019.98,5252600.94,-65477607.9,48605102.29,-50570482.29,92030112.69,5486232.32,34620.0,,0.0,
603363,傲农生物,2017-06-30,2017-08-07,299708471.8,357200000.0,60904037.38,102000000.0,,,60703581.09,1999673992.0,1322670990.34,141328992.83,535674008.83,51189419.19,234155157.94,123918890.51,585648785.15,360000000.0,,583694273.78,1133022128.85,950729193.18,61161514.38,,14571820.0,35421264.62,,2017-08-07,2263964429.97,2263964429.97,1808735964.39,64215562.62,74582917.15,10367354.53,,,18184538.84,,60639460.33,85895407.83,11833164.42,2017-08-07,112198443.84,124659609.68,248134305.95,-135000678.03,133112290.85,14076492.87,97271.14,9045750.57,,10394112.46,,2017,2,1142290888.8999999,1142290888.8999999,910804363.3500001,40671648.97,46450200.46000001,5778551.489999999,,,9275919.91,,39690311.5,54057387.849999994,6580563.4799999995,177676051.74,76054507.39000002,-84430195.74000001,41082178.16,8590260.549999999,62651.14,,520104037.38,0.6614433130758046
603363,傲农生物,2017-09-30,2017-10-31,405314894.83,389000000.0,70350028.11,117000000.0,,,61489364.03,2397746806.53,1454190775.6,151472401.23,792083629.7,47865795.47,295023737.02,164469488.66,606311981.83,420000000.0,,618764295.85,1246585521.46,1223143737.84,103126546.96,,1272955.0,44813253.06,,2017-10-31,3458165787.78,3458165787.78,2774540766.99,90460183.49,104445946.42,13985762.93,,,28256420.3,26870185.03,85919569.17,122960024.1,17596652.84,2017-10-31,87554896.6,277766499.21,368655093.25,-289995347.56,433271294.92,21133623.57,109491.14,,,10394112.46,,2017,3,1194201357.8100004,1194201357.8100004,965804802.5999997,26244620.869999997,29863029.269999996,3618408.4000000004,,,10071881.46,,25280108.840000004,37064616.269999996,5763488.42,-24643547.24000001,153106889.52999997,-154994669.53,300159004.07000005,7057130.700000001,12220.0,,576350028.11,0.6064822072287495
603363,傲农生物,2017-12-31,2018-01-26,228942265.29,413200100.0,82152706.51,256000000.0,,,51349784.98,2538083643.37,1572534289.45,157080353.2,808469000.72,59266249.16,392057056.29,232614154.02,718823624.12,420000000.0,,539645963.79,1227513261.11,1176869064.61,47794333.85,,,37499546.39,,2018-01-26,4902660098.33,4902660098.33,3978169822.81,108118866.98,122076689.77,13957822.79,,,40273650.72,38364247.71,100279805.22,149146681.5,26685706.15,2018-03-31,41923400.17,440185874.49,185706414.4,-565526096.67,571484861.61,32244571.71,111638.27,15717642.32,,15154810.16,,2017,4,1444494310.5499997,1444494310.5499997,1203629055.8200002,17658683.49000001,17630743.349999994,-27940.140000000596,,,12017230.419999998,11494062.68,14360236.049999997,26186657.400000006,9089053.309999999,-45631496.42999999,162419375.28000003,-275530749.10999995,138213566.69,11110948.14,2147.1300000000047,,751352806.51,0.6195754397447796
603363,傲农生物,2018-03-31,2018-04-28,270924154.45,752700000.0,67317209.76,256000000.0,,,45917552.77,3081700122.56,2036993297.45,183765322.71,860941502.4,62210782.54,437054339.75,331077111.94,836951779.0,426090000.0,,709769023.11,1695087424.83,1433747269.32,83762246.61,,,29466046.58,,2018-04-28,1355894024.47,1355894024.47,1147883106.77,14083557.88,10563744.35,-3519813.53,,,15174198.22,14649992.17,11341267.73,13416499.46,3297191.02,2018-04-28,-173333142.42,228238399.49,222760138.86,-144788611.06,355175477.94,11553885.65,1540140.0,,,16283769.66,,2018,1,1355894024.47,1355894024.47,1147883106.77,14083557.88,10563744.35,-3519813.53,,,15174198.22,14649992.17,11341267.73,13416499.46,3297191.02,-173333142.42,228238399.49,-144788611.06,355175477.94,11553885.65,1540140.0,,1076017209.76,0.6609965981238463
603363,傲农生物,2018-06-30,2018-08-31,311548907.01,816640000.0,66082814.21,253000000.0,,,34410423.33,3148336187.7,2157741748.23,187397747.61,803196691.86,67913524.46,345445299.6,364182211.42,891009270.23,426065000.0,,682161463.75,1827543577.68,1336592952.03,65534317.03,,,32171326.41,,2018-08-31,2737196476.28,2737196476.28,2359155801.51,16850829.71,1155010.23,-15695819.48,-13583585.78,,32243819.88,31860721.27,9314307.96,7629227.63,4578386.07,2018-08-31,-65316542.38,314488844.94,273003675.81,-254991936.67,407605740.46,26431249.28,3723380.83,13583585.78,,18977190.17,,2018,2,1381302451.8100002,1381302451.8100002,1211272694.7400002,2767271.83,-9408734.12,-12176005.950000001,,,17069621.659999996,17210729.1,-2026959.7699999996,-5787271.830000001,1281195.0500000003,108016600.03999999,86250445.44999999,-110203325.60999998,52430262.51999998,14877363.63,2183240.83,,1135722814.21,0.685359383365703
603363,傲农生物,2018-09-30,2018-10-31,236118149.18,905316207.25,55268463.8,253000000.0,,,46450327.46,3333220242.03,2313617432.4,200127557.35,819475252.28,78881022.64,393056587.49,326601363.4,1049728811.36,426065000.0,,745852364.75,1968999286.29,1365248713.25,82763611.93,,,41060453.19,,2018-10-31,4230434999.05,4230434999.05,3642266608.9,31691291.17,16040950.15,-15650341.02,-15068057.1,,50671946.62,50059739.86,23727093.61,26510775.21,8500787.96,2018-10-31,-48971292.61,457240029.98,193749251.13,-418273863.95,475285870.68,57186568.5,4239138.59,,,19489025.66,,2018,3,1493238522.77,1493238522.77,1283110807.3899999,14840461.46,14885939.92,45478.460000000894,-1484471.3200000003,,18428126.74,18199018.59,14412785.649999999,18881547.580000002,3922401.8900000006,16345249.770000003,142751185.04000002,-163281927.28,67680130.22000003,30755319.22,515757.7599999998,,1213584671.05,0.6941087790199423
603363,傲农生物,2018-12-31,2019-04-30,170860598.69,925067848.77,103620868.11,212000000.0,,,44102441.35,3305029490.0,2296095076.59,195162020.49,813772392.92,83938420.58,433158730.06,296458233.12,1209860619.28,425980000.0,,725854603.04,1981560827.32,1226012410.71,32299945.85,,,27184131.38,,2019-04-30,5761891948.07,5761891948.07,4972732413.56,30125654.31,10242485.01,-19883169.3,-33543648.02,,70371044.55,69436700.08,27151724.78,21589504.85,9638016.09,2019-04-30,27261152.98,569159759.45,127277655.51,-547041734.81,461350057.05,76617081.32,6416788.97,33543648.02,,20808519.04,,2018,4,1531456949.0199995,1531456949.0199995,1330465804.6600003,-1565636.8600000031,-5798465.140000001,-4232828.280000001,-18475590.92,,19699097.93,19376960.22,3424631.170000002,-4921270.359999999,1137228.129999999,76232445.59,111919729.47000003,-128767870.85999995,-13935813.629999995,19430512.819999993,2177650.38,,1240688716.88,0.6947275609906888
603363,傲农生物,2019-03-31,2019-04-30,161820142.62,922295533.78,95625300.53,212000000.0,,,32925675.77,3537430363.79,2486340155.68,217475270.64,833614937.47,107223231.01,448480550.24,272083279.43,1284611184.64,436037000.0,,885069288.06,2183632338.2,1365189961.39,36604589.78,,,22488414.33,,2019-04-30,1339540358.38,1339540358.38,1142355431.6,17409628.41,26224500.21,8814871.8,-12570393.45,,19325560.25,18663069.85,13061050.46,23217563.4,-1001497.21,2019-04-30,96866620.88,107518831.03,112705799.51,-116117447.36,4678289.32,16121597.9,128250.0,,,23371472.13,,2019,1,1339540358.38,1339540358.38,1142355431.6,17409628.41,26224500.21,8814871.8,-12570393.45,,19325560.25,18663069.85,13061050.46,23217563.4,-1001497.21,96866620.88,107518831.03,-116117447.36,4678289.32,16121597.9,128250.0,,1229920834.31,0.7028661768527754
603363,傲农生物,2019-06-30,2019-08-06,260626253.03,1034913953.19,124567166.19,207000000.0,,,71606971.86,3935249428.88,2836682731.99,284114552.35,814452144.54,122145027.04,522467810.26,377730958.12,1307315436.01,434205750.0,,953698687.68,2492103570.99,1528400158.47,60755499.85,,10737038.85,28788645.97,,2019-08-06,2711067072.52,2711067072.52,2343088093.5,21396247.59,40900509.57,19504261.98,-2695665.31,-14328183.87,40101535.64,38738726.31,13754376.35,34813181.11,-2777318.0,2019-08-06,155481793.91,230576321.62,208556042.15,-257968601.0,183760906.53,32128867.1,220052.38,17023849.18,,76781047.94,,2019,2,1371526714.1399999,1371526714.1399999,1200732661.9,3986619.1799999997,14676009.36,10689390.18,9874728.139999999,,20775975.39,20075656.46,693325.8899999987,11595617.71,-1775820.79,58615173.03,123057490.59,-141851153.64,179082617.21,16007269.200000001,91802.38,,1366481119.38,0.7208393732738155
603363,傲农生物,2019-09-30,2019-10-31,227520205.0,1109456006.03,148817905.21,207000000.0,,,114564774.81,4520902343.61,3262988639.46,420261646.18,837652057.97,179353104.62,502200061.27,557151780.12,1466571552.18,434205750.0,,1147096870.54,2871742397.5,1579067290.86,111893080.32,428236.8,21963610.6,38801552.63,,2019-10-31,4262727954.08,4262727954.08,3717688643.27,40457514.77,79094115.82,38636601.05,-2695665.31,-22175853.52,64444610.32,64265293.12,29002038.59,69969094.23,-5558157.35,2019-10-31,180211491.36,411920548.54,164503799.94,-460913737.47,317823405.08,65978817.85,590087.84,,,127035337.7,,2019,3,1551660881.56,1551660881.56,1374600549.77,19061267.180000003,38193606.24999999,19132339.069999997,0.0,-7847669.65,24343074.68,25526566.809999995,15247662.24,35155913.120000005,-2780839.3499999996,24729697.450000018,181344226.92000002,-202945136.47000003,134062498.54999998,33849950.75,370035.45999999996,,1465273911.24,0.721756054755755
603363,傲农生物,2019-12-31,2020-04-10,254990118.25,1202160846.81,318912330.09,14024383.34,,,165507404.16,4921667891.79,3638093163.41,455530504.33,828044224.05,253242092.54,599270375.27,718195094.41,1668682171.55,434205750.0,,1346464555.86,3382216329.22,1514255379.9,85797512.93,,22908591.78,29427323.48,,2020-04-10,5788080067.37,5788080067.37,5050516209.37,29155731.15,100356032.88,71200301.73,-938521.3,-38705617.04,94219978.38,92649859.49,19220250.09,78067481.4,-22614809.18,2020-04-10,394159196.0,658441559.63,198025227.1,-727154826.63,403602067.99,86573208.52,722029.96,938521.3,,136002928.52,,2019,4,1525352113.29,1525352113.29,1332827566.1,-11301783.620000005,21261917.060000002,32563700.680000007,1757144.01,-16529763.52,29775368.059999995,28384566.369999997,-9781788.5,8098387.170000002,-17056651.83,213947704.64,246521011.08999997,-266241089.15999997,85778662.91000003,20594390.669999994,131942.12,,1535097560.2399998,0.7391992396477677
603363,傲农生物,2020-03-31,2020-04-10,373710590.6,1644285926.58,304994038.3,14022351.39,,,167687003.8,5843280377.41,4233916161.66,625588231.09,983775984.66,328909626.1,755860276.67,745658566.11,1894496022.27,434205750.0,,1297241261.46,3971988574.25,2030638343.05,115736375.08,,80746316.3,28547325.05,,2020-04-10,1748238772.5,1748238772.5,1327219600.06,151061637.17,251003339.24,99941702.07,,-14540017.24,34159568.4,33013189.36,149242066.02,242566313.86,-9680831.08,2020-04-10,42075933.26,320577417.99,315116148.31,-349191540.01,424156909.85,27936329.08,0.0,,,142274105.48,,2020,1,1748238772.5,1748238772.5,1327219600.06,151061637.17,251003339.24,99941702.07,,-14540017.24,34159568.4,33013189.36,149242066.02,242566313.86,-9680831.08,42075933.26,320577417.99,-349191540.01,424156909.85,27936329.08,0.0,,1963302316.27,0.7245786421661763
603363,傲农生物,2020-06-30,2020-07-14,791764545.17,1854185849.63,165185966.91,212000000.0,,,148308440.48,7978123846.2,4546717573.14,890651256.46,2540755016.6,635484608.99,922524792.21,963831674.38,2545457519.43,519990306.0,,1265641577.9,4096771772.91,2713536014.66,253022377.83,16000000.0,34396239.6,578438.33,,2020-07-14,4088228037.5,4088228037.5,3186237452.96,337915695.11,555425045.72,217509350.61,,-43562474.89,69937675.89,71659533.05,301228672.81,505030210.86,-29940729.17,2020-08-20,-134316450.82,1090638221.56,708117820.26,-1402424231.0,2046771434.53,106705471.07,192667.09,,,143397753.64,,2020,2,2339989265.0,2339989265.0,1859017852.9,186854057.94000003,304421706.48,117567648.54000002,,-29022457.65,35778107.49,38646343.69,151986606.79,262463897.0,-20259898.090000004,-176392384.07999998,770060803.5699999,-1053232690.99,1622614524.6799998,78769141.99,192667.09,,2231371816.54,0.5698980939366607
603363,傲农生物,2020-09-30,2020-10-31,917335019.61,2517258593.84,332943114.41,1174640000.0,,,228776869.25,10545636930.84,6820762967.28,1050758521.83,2674115441.73,883874756.74,1439050267.21,1418434730.36,2899894091.22,517829056.0,,1636408889.22,5309407232.08,3735433300.85,260678088.14,16000000.0,10803054.85,3264816.11,,2020-10-31,7334945014.31,7334945014.31,5922360453.73,502274974.03,815084022.14,312809048.11,,-53599753.06,127712332.7,134135599.43,452623157.95,763050749.18,-30955088.31,2020-10-31,-164177598.25,2152029220.39,880776235.68,-2750189737.09,3597244549.91,204116208.18,441560.25,,,375729422.83,,2020,3,3246716976.8100004,3246716976.8100004,2736123000.7699995,164359278.91999996,259658976.41999996,95299697.5,,-10037278.170000002,57774656.81,62476066.38000001,151394485.14,258020538.31999993,-1014359.1399999969,-29861147.430000007,1061390998.8299999,-1347765506.0900002,1550473115.3799999,97410737.11000001,248893.16,,4024841708.25,0.6467853020174762
603363,傲农生物,2020-12-31,2021-03-25,570939990.49,2679687298.31,375018561.74,1444580000.0,,,296291306.63,12018695344.23,8115488604.37,1161112198.08,2742094541.78,1222968962.37,1730811422.4,1482194183.52,3956691304.88,674016273.0,,2127589162.76,6248181801.52,3524310124.06,216503874.77,1388666.81,6810841.19,3325549.18,,2021-03-25,11517165757.65,11517165757.65,9529061468.02,572989297.63,993605033.17,420615735.54,-6568944.08,-84515200.18,179164417.83,187635153.11,549482394.03,965621683.91,-23085963.59,2021-03-25,406022923.58,3292547551.17,526504177.07,-4002215431.09,3924896999.46,402685729.43,35049302.25,6568944.08,,455139912.27,,2020,4,4182220743.339999,4182220743.339999,3606701014.290001,70714323.60000002,178521011.02999997,107806687.43,,-30915447.120000005,51452085.13000001,53499553.68000001,96859236.07999998,202570934.73000002,7869124.719999999,570200521.8299999,1140518330.7800002,-1252025694.0,327652449.5500002,198569521.25,34607742.0,,4499285860.05,0.675238731986507
603363,傲农生物,2021-03-31,2021-04-30,809699838.57,2679420528.95,473948670.36,1796339147.28,835292894.93,1544519954.59,83808609.64,15658346257.76,11267373674.56,1339500793.19,3051471790.01,1369557500.71,2360696786.24,1956756995.55,3546196840.21,674016273.0,1983212288.72,2420370012.68,6862854948.87,4674827878.05,452656465.75,3647983.42,7132699.54,2011290.59,149138789.17,2021-04-30,3894026527.03,3894026527.03,3267887826.93,162024387.44,305357410.85,143333023.41,,-8431795.56,87348332.44,88272518.84,154493900.29,297518729.59,-5537230.49,2021-04-30,49009746.76,1160405513.5,757359046.93,-1172218981.7,1354045260.66,71982644.31,1798956.39,,,490671056.99,,2021,1,3894026527.03,3894026527.03,3267887826.93,162024387.44,305357410.85,143333023.41,,-8431795.56,87348332.44,88272518.84,154493900.29,297518729.59,-5537230.49,49009746.76,1160405513.5,-1172218981.7,1354045260.66,71982644.31,1798956.39,,7329521196.110001,0.7195762240202146
603363,傲农生物,2021-06-30,2021-08-31,514104922.96,3086939592.97,906899085.55,1910319097.28,844384423.16,1385103277.77,135891230.09,16591517173.84,12669406428.82,1260383954.39,2661726790.63,1551360450.81,2461071139.85,1260781731.46,4894109503.42,685260893.0,2135118502.4,2941789762.48,8256641388.79,4505907891.15,491026146.88,8236355.9,93132699.54,,149138789.17,2021-08-31,8219871269.82,8219871269.82,7452523933.4,-162605915.32,-97260021.62,65345893.7,-175280881.16,-18502226.33,187858363.31,194064421.02,-178638161.1,-109418590.63,-7935726.64,2021-08-31,251038142.74,1964321994.08,444481425.32,-2018907116.92,1685889789.27,269981453.02,2291384.39,175280881.16,,497167228.76,,2021,2,4325844742.789999,4325844742.789999,4184636106.47,-324630302.76,-402617432.47,-77987129.71,,-10070430.769999998,100510030.87,105791902.18,-333132061.39,-406937320.21999997,-2398496.1499999994,202028395.98000002,803916480.5799999,-846688135.22,331844528.6099999,197998808.70999998,492428.00000000023,,8133645476.73,0.7636074685680928
603363,傲农生物,2021-09-30,2021-10-30,412450853.39,3327128835.75,1078964892.68,1935160391.84,853459767.22,1424503791.79,154694265.37,17220615052.95,13769484838.7,1124414623.36,2326715590.89,1396207064.97,2856852666.57,1159260108.24,5188926528.51,685262185.0,2170068847.73,3510064961.22,9260525659.06,5026605440.51,443683985.07,4766496.14,99521999.21,3582818.43,149135955.53,2021-10-30,13322017222.28,13322017222.28,12674618119.79,-502867701.36,-563706468.59,-60838767.23,-175280881.16,-36915050.88,298564955.45,305560904.89,-533550370.94,-588639885.54,-5276151.02,2021-10-30,342031569.98,2271782656.47,345184100.87,-2338041806.85,1814731561.53,353169790.1,4382994.67,,,507367228.56,,2021,3,5102145952.460001,5102145952.460001,5222094186.390001,-340261786.04,-466446446.97,-126184660.93,0.0,-18412824.550000004,110706592.13999999,111496483.86999997,-354912209.84000003,-479221294.90999997,2659575.62,90993427.24000001,307460662.38999987,-319134689.9299998,128841772.25999999,83188337.08000004,2091610.2799999998,,8619217679.28,0.7995930921376238
603363,傲农生物,2021-12-31,2022-04-30,542982423.15,3653888568.69,1083130121.67,2052945047.73,863193697.31,1557852252.64,151282118.54,17100526968.06,14907535910.76,889519303.15,1303471754.15,1196136110.86,2588853438.01,1288133791.4,5741030155.12,684412775.0,2478603085.83,3912454085.4,10116814251.31,4263223614.95,520737005.94,1001000.0,234236615.0,7589522.72,149099565.66,2022-04-30,18038160160.78,18038160160.78,17780504515.87,-1519871698.42,-1850919864.06,-331048165.64,-456803353.84,-56745145.94,431976164.78,440675555.24,-1511701945.96,-1806657226.93,29342900.03,2022-04-30,524291286.64,2708605912.06,443962438.1,-2806352386.39,2199634240.5,432437734.37,12059321.99,456803353.84,,488510828.5,,2021,4,4716142938.499998,4716142938.499998,5105886396.079998,-1017003997.0600001,-1287213395.4699998,-270209398.40999997,-281522472.67999995,-19830095.059999995,133411209.32999998,135114650.35000002,-978151575.02,-1218017341.39,34619051.05,182259716.65999997,436823255.59000015,-468310579.53999996,384902678.97,79267944.26999998,7676327.32,,9211009688.039999,0.8717588609172091
603363,傲农生物,2022-03-31,2022-04-30,536940130.15,3787336838.58,1274716568.53,2211545340.38,821812671.87,1713317043.3,191603139.23,17783216931.95,15991243613.16,799341437.73,992631881.06,1087975494.57,2943576137.53,1300393086.71,5727409747.95,688188379.0,2691593204.66,4031631545.35,10884621933.81,4735444236.06,565653421.82,,327451333.98,3037853.01,140923031.55,2022-04-30,4155179534.35,4155179534.35,4235973893.25,-351683571.56,-486086893.54,-134403321.98,,-8936025.99,145886256.38,141343743.89,-368235493.95,-506862360.86,-15910607.16,2022-04-30,133520190.55,404861278.91,410629441.07,-473316575.3,306356490.18,83396435.16,123542.52,,,488830828.5,,2022,1,4155179534.35,4155179534.35,4235973893.25,-351683571.56,-486086893.54,-134403321.98,,-8936025.99,145886256.38,141343743.89,-368235493.95,-506862360.86,-15910607.16,133520190.55,404861278.91,-473316575.3,306356490.18,83396435.16,123542.52,,9808728462.66,0.8992323309304925
603363,傲农生物,2022-06-30,2022-08-31,744096600.72,3897172784.56,1344675541.44,2036091615.14,744101017.65,1633213299.72,153227380.03,18330849866.84,15452381689.99,734389894.37,2144078282.48,1145168515.01,2965495030.5,1470156281.44,5793508813.41,811790401.0,2563233003.68,4005803521.59,10723654097.82,5156372636.72,483900917.64,200002000.0,299906275.28,3934251.9,126223465.07,2022-08-31,8817455600.85,8817455600.85,8907018132.54,-676740743.8,-903732660.98,-226991917.18,74267.6,-37529458.16,281701624.97,275821422.58,-703942435.18,-965110551.95,-50303777.35,2022-08-31,-186330269.15,736688131.68,632653880.0,-1041738001.87,1416737260.56,185289036.69,7381436.88,-74267.6,,471494619.61,,2022,2,4662276066.5,4662276066.5,4671044239.290001,-325057172.23999995,-417645767.44,-92588595.20000002,,-28593432.169999994,135815368.59000003,134477678.69,-335706941.22999996,-458248191.09000003,-34393170.19,-319850459.7,331826852.7699999,-568421426.5699999,1110380770.3799999,101892601.53,7257894.36,,9655254258.51,0.8429713735173255
603363,傲农生物,2022-09-30,2022-10-29,718650635.3,3971786422.84,1636309868.98,1822913663.12,,1538423626.34,220672832.75,18766513134.02,14856342252.07,890926055.96,3019244825.99,1248907625.82,3066802318.25,1294069072.25,6083970329.06,871640622.0,2445739569.95,3866317438.11,11110868141.34,5267507665.01,635153328.46,2000.0,444986801.75,3693738.62,,2022-10-29,15402561412.98,15402561412.98,14897189331.6,-572712659.9,-753443673.4,-180731013.5,374111.89,-57405443.38,403121896.14,393480112.43,-614425171.55,-846829607.7,-68619210.91,2022-10-29,18389737.1,1171757058.6,572864472.71,-1324640405.78,1437845422.16,266501995.31,11806292.76,,,475681598.6,,2022,3,6585105812.129999,6585105812.129999,5990171199.059999,104028083.89999998,150288987.58000004,46260903.68000001,299844.29000000004,-19875985.220000006,121420271.16999996,117658689.85000002,89517263.63,118280944.25,-18315433.559999995,204720006.25,435068926.91999996,-282902403.90999997,21108161.600000143,81212958.62,4424855.88,,8969433581.279999,0.7916410547859511
603363,傲农生物,2022-12-31,2023-04-29,719075847.25,3974545916.43,1892199412.73,1578742050.7,,1530803729.34,297071760.6,18663443077.82,15228586319.34,929260980.02,2505595778.46,1109532104.38,3288700249.8,1175083728.41,6339191493.31,871058222.0,2453987659.45,4117683431.27,11645149512.62,5115340893.97,452481479.93,2612003.0,166493857.56,200462.81,,2023-04-29,21613039521.91,21613039521.91,20664798615.34,-1038366505.16,-1225822318.73,-187455813.57,-330235546.25,-74857694.88,532473779.09,505831849.55,-987026749.86,-1311397760.72,-69212934.1,2023-04-29,663636691.19,1498944892.4,622508210.41,-1703213066.28,1220175449.6,373665464.32,13825145.35,330235546.25,,439171178.64,,2022,4,6210478108.93,6210478108.93,5767609283.74,-465653845.26,-472378645.33000004,-6724800.069999993,-330609658.14,-17452251.499999993,129351882.94999999,112351737.12,-372601578.31000006,-464568153.02,-593723.1899999976,645246954.09,327187833.8000002,-378572660.5,-217669972.56000018,107163469.00999999,2018852.5899999999,,8976291109.199999,0.8159580338870028
603363,傲农生物,2023-03-31,2023-04-29,482799271.01,3844475552.93,2233996225.37,1347167083.95,,1464701656.69,273739457.99,18555272425.3,15423031050.08,973601717.86,2158639657.36,906634867.68,3482297292.68,1104799342.18,6296408770.31,871058222.0,2378902070.8,4226136929.67,12101971574.34,5328874758.63,488792467.21,4602000.0,546635974.95,716219.45,,2023-04-29,4817861444.34,4817861444.34,4718079586.38,-179712567.24,-250464569.13,-70752001.89,,-19814831.72,123474106.79,119161788.41,-248716371.5,-279956443.13,-1580295.25,2023-04-29,252705770.68,222280152.15,396770516.87,-190643786.85,-288001357.76,90140295.48,2054853.0,,,439171178.64,,2023,1,4817861444.34,4817861444.34,4718079586.38,-179712567.24,-250464569.13,-70752001.89,,-19814831.72,123474106.79,119161788.41,-248716371.5,-279956443.13,-1580295.25,252705770.68,222280152.15,-190643786.85,-288001357.76,90140295.48,2054853.0,,8890340518.939999,0.831193996863705
603363,傲农生物,2023-06-30,2023-08-31,374191891.11,4091954048.31,2026363564.53,1411030036.24,,1359296124.17,223110565.57,17139198912.68,14862693080.35,730560276.51,1545945555.82,784705463.23,2845041833.92,1059584113.91,6239396000.83,871058222.0,2213565784.97,3796247873.95,11641353385.03,4413341261.8,448755615.85,7924860.76,286715229.4,1407867.41,,2023-08-31,10066629131.81,10066629131.81,10224557555.6,-809323427.02,-979105672.1,-169782245.08,-71463439.52,-30572060.86,248280941.7,242081357.64,-903857232.15,-1020484396.28,-7052428.53,2023-08-31,361219115.99,326209253.12,259767743.98,-309741751.08,-414107467.21,182686629.49,4965457.6,71463439.52,,439171178.64,,2023,2,5248767687.469999,5248767687.469999,5506477969.22,-629610859.78,-728641102.97,-99030243.19000001,,-10757229.14,124806834.90999998,122919569.22999999,-655140860.65,-740527953.15,-5472133.28,108513345.31,103929100.97,-119097964.22999999,-126106109.44999999,92546334.01,2910604.5999999996,,8888643773.25,0.8671754821256095
603363,傲农生物,2023-09-30,2023-10-28,299519600.45,4051040591.84,1750980159.63,1541923101.68,,1297629605.3,177616822.26,16540645664.51,14789293240.62,686424443.59,1064927980.3,580609971.21,2537673340.24,1095991330.46,6253361075.82,871058222.0,1993697958.35,3918124053.97,11554823637.16,4207131319.58,423750312.63,3965741.7,150693329.15,3113082.29,,2023-10-28,15176655806.29,15176655806.29,15510008060.77,-1289887940.75,-1533492173.17,-243604232.42,-72142553.84,-41853385.56,366267894.36,355796330.67,-1451987823.79,-1590221799.77,-12489374.86,2023-10-28,661293989.95,416584715.73,197084967.25,-387045336.01,-698451865.36,262721342.54,7234811.2,,,439171178.64,,2023,3,5110026674.480001,5110026674.480001,5285450505.17,-480564513.73,-554386501.07,-73821987.33999997,-679114.3200000077,-11281324.700000003,117986952.66000003,113714973.03000003,-548130591.64,-569737403.49,-5436946.329999999,300074873.96000004,90375462.61000001,-77303584.93,-284344398.15000004,80034713.04999998,2269353.6000000006,,8641573458.45,0.8941182551508408
603363,傲农生物,2023-12-31,2024-04-30,207660935.35,3835389620.75,1871691783.23,1181563196.63,,1163243741.27,207142792.53,13625213490.65,14128429997.37,459752521.47,-962969028.19,246316562.07,1328135336.11,954256577.49,5875476837.2,870274742.0,1614989873.1,3556550844.51,11359385977.49,2789121495.13,486951211.58,4602920.82,134802796.79,1525052.9,,2024-04-30,19457641131.79,19457641131.79,20379780613.52,-3650822227.67,-3768684352.22,-117862124.55,-846070049.3,-74274052.56,570277412.81,549988144.56,-3633222038.49,-3650142755.04,87052765.2,2024-04-30,984006832.75,511773564.24,152048913.68,-322076352.15,-1130333922.67,331268319.5,78179865.74,846070049.3,,386311352.87,,2023,4,4280985325.5,4280985325.5,4869772552.75,-2360934286.92,-2235192179.0499997,125742107.86999999,-773927495.4599999,-32420667.0,204009518.44999993,194191813.88999993,-2181234214.7,-2059920955.27,99542140.06,322712842.79999995,95188848.50999999,64968983.860000014,-431882057.31000006,68546976.96000001,70945054.53999999,,8051888341.879999,1.036932742893557
603363,傲农生物,2024-03-31,2024-04-30,206971116.8,3793673755.67,2166306212.89,1080778028.31,,1029031214.88,15184293.12,12599649513.69,13461999084.53,437960781.06,-1300310351.9,195329509.25,992625221.01,960854013.42,5678197207.1,870274742.0,1448124033.84,3157475813.92,11125949972.03,2388691029.61,384025654.71,985178.13,150117609.29,6522819.01,,2024-04-30,2407845116.9,2407845116.9,2451542092.89,-292019915.86,-372743346.37,-80723430.51,,-10688360.93,110030995.61,109742876.98,-363369835.13,-375395437.68,-5157756.32,2024-04-30,-28696382.95,137629035.01,144182514.25,60620390.18,-39797304.02,41028553.37,142730636.64,,,386259542.14,,2024,1,2407845116.9,2407845116.9,2451542092.89,-292019915.86,-372743346.37,-80723430.51,,-10688360.93,110030995.61,109742876.98,-363369835.13,-375395437.68,-5157756.32,-28696382.95,137629035.01,60620390.18,-39797304.02,41028553.37,142730636.64,,8069789211.749999,1.068442345948038
603363,傲农生物,2024-06-30,2024-08-31,427790769.55,3651605462.14,3102351364.93,201609761.72,,865014667.02,13096176.42,12407454353.33,13550002679.9,397489092.86,-1540037419.43,178714610.28,891817490.83,1039367424.78,5566118477.64,870274742.0,1283175843.92,3123177283.13,12262687320.51,2465398407.26,352610510.33,1056086.12,532497.91,538618.44,,2024-08-31,4655690008.91,4655690008.91,4554319182.67,-540006403.2,-652960205.65,-112953802.45,,-22344493.01,219650859.16,219247226.21,-603599107.54,-631958360.77,-7376858.89,2024-08-31,187807144.41,174801891.51,375030322.83,35584009.12,-399646.25,59043916.74,149132831.97,,,386743600.62,,2024,2,2247844892.0099998,2247844892.0099998,2102777089.7800002,-247986487.34000003,-280216859.28,-32230371.939999998,,-11656132.080000002,109619863.55,109504349.23,-240229272.40999997,-256562923.08999997,-2219102.5699999994,216503527.35999998,37172856.5,-25036381.060000002,39397657.77,18015363.370000005,6402195.330000013,,7820581255.809999,1.0920856361049884
603363,傲农生物,2024-09-30,2024-10-31,378551203.14,3596170295.59,3100171540.52,112584047.42,,735692225.57,9874535.19,11812989678.24,13262759395.29,369354479.3,-1819124196.35,185247072.97,801415125.23,970237990.19,5482507191.72,870274742.0,1084555349.98,3055139600.89,12197503991.15,2288033671.69,356940258.11,3642573.37,532497.91,538243.06,,2024-10-31,6925141428.12,6925141428.12,6645341290.52,-818989156.63,-953197224.77,-134208068.14,,-37869237.83,335485311.53,335509047.85,-872094062.13,-842841306.91,33577744.55,2024-10-31,155362935.6,232632874.18,335867519.81,-21884949.93,50378894.08,74861159.65,151529710.59,,,386743600.62,,2024,3,2269451419.21,2269451419.21,2091022107.8500004,-278982753.42999995,-300237019.12,-21254265.689999998,,-15524744.819999997,115834452.36999997,116261821.64000002,-268494954.59000003,-210882946.14,40954603.44,-32444208.810000002,57830982.67000002,-57468959.05,50778540.33,15817242.910000004,2396878.620000005,,7544618109.1,1.122726740354352
603363,傲农生物,2024-12-31,2025-04-30,1383912600.7,765327341.9,505113355.75,1462234553.47,,175508624.72,7287389.24,9506097034.21,6444948812.96,494966680.93,2566181540.32,213464403.8,816935693.48,474144720.94,3400106477.16,2605582626.0,336424526.26,1674511470.29,4614101676.54,3699211726.04,186380936.76,1813190.54,,436690.91,,2025-04-30,8762672770.35,8762672770.35,8366781012.18,579345018.87,63091581.34,-516253437.53,-137651322.86,-104845097.76,654062132.37,650953240.6,-1202508098.93,417423059.61,21403298.76,2025-04-30,-116781234.85,262681967.59,1131687533.4,-39074505.45,1135489922.04,110278666.08,164815255.79,137651322.86,,345386028.9,,2024,4,1837531342.2300005,1837531342.2300005,1721439721.6599998,1398334175.5,1016288806.11,-382045369.39,,-66975859.93000001,318576820.84000003,315444192.75,-330414036.8000001,1260264366.52,-12174445.789999995,-272144170.45,30049093.409999996,-17189555.520000003,1085111027.96,35417506.42999999,13285545.199999988,,2908183875.8399997,0.6779805413058889
603363,傲农生物,2025-03-31,2025-04-30,843852281.49,555693967.33,456927350.47,1512720086.14,,206396167.41,17081281.78,9193538073.43,5769579246.89,498806340.81,2925152485.73,287808547.51,834543287.7,462579856.53,3461713633.88,2602961826.0,371157759.32,1415819283.75,3852620223.31,3268062678.55,136118874.72,516665.32,,435201.02,,2025-04-30,1783121593.7,1783121593.7,1631555968.48,218305329.33,221671023.85,3365694.52,,-6892851.2,35724153.6,36492427.86,-35064636.73,226825281.34,3716508.08,2025-04-30,-345853887.69,90142165.06,536523685.07,-92430532.43,-156877037.09,12782034.11,175000.0,,,364426977.57,,2025,1,1783121593.7,1783121593.7,1631555968.48,218305329.33,221671023.85,3365694.52,,-6892851.2,35724153.6,36492427.86,-35064636.73,226825281.34,3716508.08,-345853887.69,90142165.06,-92430532.43,-156877037.09,12782034.11,175000.0,,2731737571.35,0.6275689729903341
603363,傲农生物,2025-06-30,2025-08-26,820185758.72,432681596.68,453392603.02,1580983741.48,,197329206.59,2832232.79,9170351796.83,5551939523.66,439028945.71,3179383327.46,314006019.35,905898171.16,462631587.77,3264431046.72,2602961826.0,353993264.32,1362590449.32,3592970350.45,3429301144.8,137171708.45,1603396.35,,533013.58,,2025-08-26,3956933251.63,3956933251.63,3628193633.66,360801140.43,375393633.1,14592492.67,,-18373915.03,65995107.79,67089286.6,-29743035.83,353577299.95,-14134224.96,2025-08-26,-316087344.52,132008436.77,449056875.89,-80123268.12,-286413060.16,40190388.01,344121.7,,,357127069.45,,2025,2,2173811657.9300003,2173811657.9300003,1996637665.1799998,142495811.1,153722609.25000003,11226798.15,,-11481063.830000002,30270954.189999998,30596858.740000002,5321600.8999999985,126752018.60999998,-17850733.04,29766543.170000017,41866271.70999999,12307264.310000002,-129536023.07000002,27408353.9,169121.7,,2664387147.7700005,0.6054227413150267
603363,傲农生物,2025-09-30,2025-10-28,696899200.38,366228929.98,474293639.19,1586852473.04,,187150545.64,539406.43,9148144968.13,5362979574.42,443227488.72,3341937904.99,318671660.46,887771099.63,428245748.3,3172510148.63,2602961826.0,341907009.39,1296371918.33,3446794455.55,3522080982.74,139063524.21,1208843.64,21922259.4,567178.81,,2025-10-28,6335161290.25,6335161290.25,5862439724.36,413933328.13,439170633.46,25237305.33,,-25573940.36,98626082.91,100113642.26,-61026405.63,400203260.86,-27263782.15,2025-10-28,-291468594.15,182595112.43,353065577.53,-133607659.96,-353526276.38,53765626.53,2561701.7,,,357209598.98,,2025,3,2378228038.62,2378228038.62,2234246090.7,53132187.69999999,63777000.359999955,10644812.659999998,,-7200025.329999998,32630975.119999997,33024355.660000004,-31283369.800000004,46625960.910000026,-13129557.189999998,24618750.370000005,50586675.66000001,-53484391.83999999,-67113216.21999997,13575238.520000003,2217580.0,,2614525587.85,0.5862368374247859
603363,傲农生物,2025-12-31,2026-04-23,697570126.52,297740034.26,579575063.24,1279350220.9,,172833269.17,,8741936737.35,5161733525.04,449729429.87,3130473782.44,345440540.78,955400828.99,421801478.26,3022063527.31,2602961826.0,324468937.22,1410227277.66,3565938399.52,3331931358.53,83253280.83,1112832.6,36488468.0,380877.58,,2026-04-23,8474746757.55,8474746757.55,7941988272.02,77621595.4,89408894.36,11787298.96,-60942041.88,-178912409.94,140374947.6,143193949.8,-474247516.98,97811169.75,15930601.85,2026-04-23,152943412.76,229897677.94,546796192.81,-171048577.95,-566748571.5,106971694.47,4692305.3,60942041.88,,337744304.77,,2025,4,2139585467.3000002,2139585467.3000002,2079548547.6600008,-336311732.73,-349761739.09999996,-13450006.369999997,,-153338469.57999998,41748864.69,43080307.54000001,-413221111.35,-302392091.11,43194384.0,444412006.90999997,47302565.50999999,-37440917.989999995,-213222295.12,53206067.94,2130603.5999999996,,2329498587.57,0.5904565178316207
603363,傲农生物,2026-03-31,2026-04-28,429852571.31,319697500.27,598034998.09,1259311016.2,,163060829.83,,8850567524.07,5341030383.06,411789206.93,3097747934.08,354208374.83,1161837223.06,420715199.18,2952562038.58,2602961826.0,318411521.29,1589698049.97,3777584192.62,3511001830.48,95617346.48,11002734.84,24524211.34,322861.49,,2026-04-28,2205836627.38,2205836627.38,2112067359.48,-13329775.76,-42822270.79,-29492495.03,,-17883890.17,24105710.03,25325768.93,-66549509.74,-39118890.94,4829842.8,2026-04-28,-117486820.24,41291961.95,326898722.08,-43998619.53,-58385713.49,13462416.2,965096.0,,,337744304.77,,2026,1,2205836627.38,2205836627.38,2112067359.48,-13329775.76,-42822270.79,-29492495.03,,-17883890.17,24105710.03,25325768.93,-66549509.74,-39118890.94,4829842.8,-117486820.24,41291961.95,-43998619.53,-58385713.49,13462416.2,965096.0,,2340104344.39,0.6034675594005171
603363,傲农生物,2026-06-30,2026-08-31,475419354.55,293136794.73,679351139.52,1212982929.19,,194692800.12,10352825.55,8813083602.32,5471105046.68,381580585.01,2960397970.63,373714976.66,1067358484.0,445263899.67,2904288310.77,2731061826.0,357828190.55,1474614635.39,3915442743.17,3484588304.98,80421064.99,11005866.75,39653442.51,213151.03,,2026-08-31,4520952423.17,4520952423.17,4445415079.55,-189828495.32,-271700904.73,-81872409.41,,-22262161.07,53899803.61,54920037.01,-251551609.99,-266630144.74,9281157.77,2026-08-31,-328617546.5,67517399.43,311200446.64,-74481834.27,167556007.53,27822104.77,1175944.6,,,337744304.77,,2026,2,2315115795.79,2315115795.79,2333347720.07,-176498719.56,-228878633.94000003,-52379914.379999995,,-4378270.8999999985,29794093.58,29594268.08,-185002100.25,-227511253.8,4451314.97,-211130726.26,26225437.480000004,-30483214.739999995,225941721.02,14359688.57,210848.6000000001,,2380163663.56,0.6207935035632431
603477,巨星农牧,2015-12-31,2017-04-21,155628859.91,258635763.37,1881582.72,11334491.39,,,,753818577.69,372376935.28,11408248.64,370033393.77,,267800220.7,24075077.22,106664016.23,180000000.0,,72925850.08,361042443.89,554615380.49,18916384.12,,,,,2017-04-21,543320866.16,543320866.16,441501688.98,39720458.69,40120599.86,400141.17,,,16059164.16,,43638065.78,55335417.43,8666562.0,2017-04-21,66234639.14,48864584.32,151628859.91,-43567464.26,103361404.8,26129159.71,4797.62,2868121.29,,,,2015,4,,,,,,,,,,,,,,,,,,,,,271851837.48,0.4939874743086208
603477,巨星农牧,2016-09-30,,,,,,,,,,,,,,,,,,,,,,,,,,,2017-12-15,394495752.63,394495752.63,322367945.11,34790430.72,35613919.75,823489.03,,,9669918.04,,34850430.72,42105803.44,6437062.78,2017-12-15,-72469027.26,30339223.29,37454272.98,-30166614.73,-12991002.94,9915922.86,172608.56,,,,,2016,3,,,,,,,,,,,,,,,,,,,,,0.0,
603477,巨星农牧,2016-12-31,2017-04-21,54350756.71,256763287.0,1996246.39,10856931.91,,,,853968534.0,410521975.59,12169297.56,431277260.85,,301160515.53,78563589.21,127289389.71,180000000.0,,107599918.57,399665043.68,555228568.8,43208811.23,,,,,2017-04-21,591650737.79,591650737.79,478202688.22,58293740.75,58231064.38,-62676.37,,,14031176.58,,58275196.67,68777581.05,10589221.91,2017-04-21,-18859244.41,57750221.15,50350756.71,-57577612.59,-26067958.41,12978324.57,172608.56,1886416.75,,,,2016,4,197154985.15999997,197154985.15999997,155834743.11,23503310.03,22617144.630000003,-886165.4,,,4361258.540000001,,23424765.950000003,26671777.61,4152159.13,53609782.85000001,27410997.86,-27410997.860000003,-13076955.47,3062401.710000001,0.0,,269616465.3,0.4807226018821906
603477,巨星农牧,2017-03-31,,,,,,,,,,,,,,,,,,,,,,,,,,,2018-04-28,121128627.18,121128627.18,99261436.99,11103083.43,10574845.6,-528237.83,,,3426126.52,,11104046.15,12766332.07,2190523.75,2018-04-28,-8874304.7,17230704.53,60382853.25,-17230704.53,34968423.52,3029540.02,,,,,,2017,1,121128627.18,121128627.18,99261436.99,11103083.43,10574845.6,-528237.83,,,3426126.52,,11104046.15,12766332.07,2190523.75,-8874304.7,17230704.53,-17230704.53,34968423.52,3029540.02,,,0.0,
603477,巨星农牧,2017-06-30,2017-10-23,31890110.01,257030072.48,,,,,,933454890.64,462004096.23,12203104.54,459247689.87,,372188412.45,153418114.11,137587026.3,180000000.0,,130843773.86,462004096.23,582801170.98,10219415.52,,,,,2017-10-23,305775584.34,305775584.34,254132057.85,26350666.25,25829034.57,-521631.68,,,7799075.03,,26330490.72,30906894.98,5101585.76,2017-10-23,174070.08,28603145.04,27890110.01,-28566014.17,5508148.02,6166160.71,37130.87,-277722.84,,,,2017,2,184646957.15999997,184646957.15999997,154870620.86,15247582.82,15254188.97,6606.149999999965,,,4372948.51,,15226444.569999998,18140562.91,2911062.01,9048374.78,11372440.509999998,-11335309.64,-29460275.500000004,3136620.69,,,257030072.48,0.4949399278557944
603477,巨星农牧,2017-09-30,2017-12-15,60977684.13,268294764.99,,,,,,977676680.86,485267190.83,13259713.47,479149776.56,,378030224.21,166349388.11,138624675.09,180000000.0,,138532593.56,485267190.83,616705501.68,6799672.79,,,,,2017-12-15,476571328.72,476571328.72,386846668.37,46259874.8,46798646.34,538771.54,,,11327563.43,11250730.74,46388698.64,56030318.12,9079714.1,2017-12-15,49202861.85,35801322.17,56977684.13,-35733953.05,-7362835.2,9101394.36,67369.12,,,,,2017,3,170795744.38000005,170795744.38000005,132714610.52000001,19909208.549999997,20969611.770000003,1060403.22,,,3528488.3999999994,,20058207.92,25123423.139999997,3978128.34,49028791.77,7198177.130000003,-7167938.879999995,-12870983.219999999,2935233.6499999994,30238.249999999993,,268294764.99,0.4963473102407856
603477,巨星农牧,2017-12-31,2018-04-20,462679027.81,335139900.35,,,,,,1365501919.09,554262531.88,12517602.83,798721784.38,,332597806.88,176375995.86,141219443.74,240000000.0,,154737601.84,552091505.48,991824374.22,6853791.12,,,128973.6,,2018-04-20,655487654.44,655487654.44,532845578.51,62387241.17,62513562.98,126321.81,,,15408865.27,15143773.97,62487831.75,74409010.74,11762892.91,2018-04-20,80887471.28,33542695.3,458679027.81,-33396639.81,360682295.85,13448329.2,146055.49,1771176.65,,,,2017,4,178916325.72000003,178916325.72000003,145998910.14,16127366.370000005,15714916.639999993,-412449.73000000004,,,4081301.84,3893043.2300000004,16099133.11,18378692.619999997,2683178.8100000005,31684609.43,-2258626.870000001,2337313.2399999984,368045131.05,4346934.84,78686.37,,335139900.35,0.4059038834960939
603477,巨星农牧,2018-03-31,2018-04-28,395728171.74,252000000.0,,,,,,1273103645.71,454264048.98,10175943.32,808663653.41,,344714962.59,187925532.24,137981098.02,240000000.0,,155726242.59,452093022.58,893455724.49,5530113.0,,,128973.6,,2018-04-28,124789575.86,124789575.86,102237714.48,12229812.43,10661640.19,-1568172.24,,,3508689.35,3654033.37,12084137.62,12437095.85,1946837.79,2018-04-28,37945003.19,12275968.11,391728171.74,-12067392.11,-92451544.8,3840691.63,208576.0,,,,,2018,1,124789575.86,124789575.86,102237714.48,12229812.43,10661640.19,-1568172.24,,,3508689.35,3654033.37,12084137.62,12437095.85,1946837.79,37945003.19,12275968.11,-12067392.11,-92451544.8,3840691.63,208576.0,,252000000.0,0.3568162344917805
603477,巨星农牧,2018-06-30,2018-08-29,375353017.45,232000000.0,,,,,,1311439217.2,484026929.63,26759336.29,800652951.28,,331182196.89,196098026.14,138779508.65,240000000.0,,175852686.8,481855903.23,918170253.22,9609778.86,,,128973.6,,2018-08-29,314340815.36,314340815.36,258077681.61,27970238.58,28198259.55,228020.97,,-1617906.16,4341647.87,6372706.02,26427835.52,32512848.79,5510981.08,2018-08-29,34879600.58,21562854.14,371353017.45,-21325478.14,-100532808.43,6603624.9,237376.0,1617906.16,,,,2018,2,189551239.5,189551239.5,155839967.13,15740426.149999999,17536619.36,1796193.21,,,832958.52,2718672.6499999994,14343697.9,20075752.939999998,3564143.29,-3065402.6099999994,9286886.030000001,-9258086.030000001,-8081263.63000001,2762933.2700000005,28800.0,,232000000.0,0.3690807193210418
603477,巨星农牧,2018-09-30,2018-10-31,290319507.24,252000000.0,,,,,,1355019070.5,505591227.14,27875779.12,821552064.24,,361923352.65,205210841.2,136921051.78,240000000.0,,206673189.42,503420200.74,956194522.38,8293312.99,,,128973.6,,2018-10-31,477156244.97,477156244.97,384636176.49,48001486.92,49049160.91,1047673.99,,-3407944.9,6973281.52,9146194.6,46459083.86,56675670.11,8822901.04,2018-10-31,-1927587.18,30168018.12,286319507.24,-62930642.12,-107318835.62,33359688.37,237376.0,,,,,2018,3,162815429.61,162815429.61,126558494.88,20031248.340000004,20850901.359999996,819653.02,,-1790038.74,2631633.6499999994,2773488.58,20031248.34,24162821.32,3311919.959999999,-36807187.76,8605163.98,-41605163.98,-6786027.189999998,26756063.47,0.0,,252000000.0,0.3731248055080417
603477,巨星农牧,2018-12-31,2019-04-26,308785269.63,252000000.0,,,,,,1401841310.67,543033542.15,27460568.09,831347200.43,,435524067.23,158528622.51,205401481.42,240000000.0,,238721620.08,540733542.15,987116350.67,3257579.41,,46065431.87,,,2019-04-26,618892056.81,618892056.81,504027535.66,58975556.66,59974947.95,999391.29,-2816121.49,,8982043.01,10612749.75,55090946.89,68610634.18,11323317.37,2019-04-26,3467037.53,47022465.32,262685269.63,-46785089.32,-152365973.35,35948714.4,237376.0,2816121.49,,,,2018,4,141735811.8399999,141735811.8399999,119391359.17000002,10974069.739999995,10925787.040000007,-48282.69999999995,,,2008761.4900000002,1466555.1500000004,8631863.030000001,11934964.070000008,2500416.33,5394624.71,16854447.2,16145552.799999997,-45047137.72999999,2589026.0299999975,0.0,,252000000.0,0.38737162189239593
603477,巨星农牧,2019-03-31,2019-04-26,311816423.44,252000000.0,,,,,,1376377109.82,507099945.51,26071406.78,843205757.53,,465819520.7,164087337.22,201369690.53,240000000.0,,220063774.0,504799945.51,959416775.97,4992242.95,,,,,2019-04-26,127574298.1,127574298.1,109029714.58,12377977.22,11146123.72,-1231853.5,,3433400.43,1701575.12,2903033.32,11698288.72,12478387.25,2131897.06,2019-04-26,22121501.49,16745289.87,271616421.44,-16745289.87,3671499.06,2903533.33,,,,,,2019,1,127574298.1,127574298.1,109029714.58,12377977.22,11146123.72,-1231853.5,,3433400.43,1701575.12,2903033.32,11698288.72,12478387.25,2131897.06,22121501.49,16745289.87,-16745289.87,3671499.06,2903533.33,,,252000000.0,0.36843096408099785
603477,巨星农牧,2019-06-30,2019-08-29,274830239.33,252000000.0,,,,,,1402580263.68,541150083.53,25051407.68,836378772.47,,479765318.6,172067079.53,199594297.61,240000000.0,,235720596.42,538850083.53,956814852.0,26889355.72,,56972472.5,,,2019-08-29,283584062.69,283584062.69,235877161.74,24317225.44,24101377.32,-215848.12,,1239869.88,3675776.07,5800574.8,23637703.77,27315714.92,4013774.86,2019-08-29,18407256.73,25290790.2,216930232.33,-45290790.2,-18898145.6,8002050.93,,-1239869.88,,,,2019,2,156009764.59,156009764.59,126847447.16000001,11939248.22,12955253.6,1016005.38,,-2193530.5500000003,1974200.9499999997,2897541.48,11939415.049999999,14837327.670000002,1881877.7999999998,-3714244.759999998,8545500.33,-28545500.330000006,-22569644.66,5098517.6,,,252000000.0,0.38582468151246124
603477,巨星农牧,2019-09-30,2019-10-30,252683271.05,252000000.0,,,,,,1405382963.52,531172675.31,25654328.73,848555959.48,,504668482.72,16677315.74,365913382.23,240000000.0,,245863340.72,528872675.31,973861778.09,2290878.87,,63161200.0,,,2019-10-30,416764458.13,416764458.13,342198861.15,36630321.41,37046784.89,416463.48,,1031785.47,5849335.34,8949636.27,35950799.74,42398029.55,6150681.92,2019-10-30,10671336.75,38289926.7,188484064.05,-38289926.7,-46623969.97,29935778.67,,,,,,2019,3,133180395.44,133180395.44,106321699.40999997,12313095.969999995,12945407.57,632311.6,,-208084.40999999992,2173559.27,3149061.4699999997,12313095.970000003,15082314.629999995,2136907.06,-7735919.98,12999136.500000004,7000863.5,-27725824.369999997,21933727.740000002,,,252000000.0,0.3779558234999487
603477,巨星农牧,2019-12-31,2020-02-28,284391784.13,252000000.0,,,,,,1423907704.74,546047268.8,25608143.1,852252292.84,,523021794.3,17261155.82,374890315.95,240000000.0,,258521268.15,543769809.69,984884544.32,120750.2,,56971200.0,,,2020-02-28,555559032.55,555559032.55,464883057.06,39511756.45,39667515.23,155758.78,,1917240.8,7970758.06,11968245.63,38625777.53,45228916.92,6455938.94,2020-02-28,54936780.29,48660016.39,227420582.13,-48660016.39,-41976179.73,31104977.73,,-1917240.8,,,,2019,4,138794574.41999996,138794574.41999996,122684195.91000003,2881435.0400000066,2620730.339999996,-260704.69999999998,,885455.3300000001,2121422.7199999997,3018609.3600000013,2674977.789999999,2830887.370000005,305257.0200000005,44265443.54,10370089.689999998,-10370089.689999998,4647790.240000002,1169199.0599999987,,,252000000.0,0.38348501590537154
603477,巨星农牧,2020-03-31,2020-04-29,289888775.66,292000000.0,,,,,,1424248896.97,567807243.08,24466760.13,831974893.76,,555907357.93,19657123.27,363948991.66,240000000.0,,239220244.76,565552311.96,994730067.16,67624.95,,49250000.0,,,2020-04-29,77918476.05,77918476.05,73646481.27,-3362370.4,-3190192.64,172177.76,,1987468.32,2370791.58,3346532.55,-3640340.6,-3678431.39,-488238.75,2020-04-29,-13537501.22,9492566.6,240638773.66,-9492566.6,37736630.13,3305460.42,,,,,,2020,1,77918476.05,77918476.05,73646481.27,-3362370.4,-3190192.64,172177.76,,1987468.32,2370791.58,3346532.55,-3640340.6,-3678431.39,-488238.75,-13537501.22,9492566.6,-9492566.6,37736630.13,3305460.42,,,292000000.0,0.39867135883901633
603477,巨星农牧,2020-06-30,2020-08-28,253708276.39,270000000.0,,,,,,1374387069.14,529061608.26,25776158.26,819549302.62,,564849073.04,20435076.7,361471059.02,240000000.0,,234125629.39,526829205.13,940826367.12,1658745.8,,49600000.0,,,2020-08-28,160601366.53,160601366.53,151095334.98,-20525497.65,-20310310.56,215187.09,-11827170.42,2126988.62,4681817.73,6555003.81,-21567480.94,-23534687.06,-3234376.5,2020-08-28,-16609770.33,13528284.97,204108275.39,-14628284.97,7792770.67,6855293.78,,11827170.42,,,,2020,2,82682890.48,82682890.48,77448853.71,-17163127.25,-17120117.919999998,43009.32999999999,,139520.30000000005,2311026.1500000004,3208471.26,-17927140.34,-19856255.669999998,-2746137.75,-3072269.1099999994,4035718.370000001,-5135718.370000001,-29943859.46,3549833.3600000003,,,270000000.0,0.3849436742671419
603477,巨星农牧,2020-09-30,2020-10-17,501047690.7,625673745.86,10354841.8,175009131.69,,,,4049672014.12,1444025125.08,41154032.82,2564492856.22,148315570.52,771568193.65,373677922.19,1173733393.56,467911629.0,,359223433.45,1228137946.17,1509330000.09,4851753.35,871360.0,67650000.0,215671.71,,2020-10-17,811412779.92,811412779.92,600679315.42,34735012.56,35641749.16,906736.6,6690646.52,2874162.9,11408994.48,14787462.33,158555362.62,150450446.29,-35156150.4,2020-10-17,43547941.28,112614676.97,425657341.23,28322502.1,125387215.74,26637448.09,14135629.41,,,651694566.42,,2020,3,650811413.39,650811413.39,449583980.43999994,55260510.21,55952059.72,691549.51,18517816.939999998,747174.2799999998,6727176.75,8232458.5200000005,180122843.56,173985133.35,-31921773.9,60157711.61,99086392.0,42950787.07,117594445.07,19782154.31,,,811037719.3499999,0.35657829079617176
603477,巨星农牧,2020-12-31,2021-04-01,485442974.01,686140492.86,18789052.67,179046311.09,,,21170000.0,4295314764.77,1587760879.65,47749397.89,2659804487.23,217301539.57,826913667.32,276494115.66,1422663301.59,467911629.0,,375496158.42,1369451288.96,1562948397.82,12035529.23,3455563.56,78298000.0,29443.0,,2021-04-01,1439190604.09,1439190604.09,998061026.96,127676931.93,133498212.02,5821280.09,-4656746.68,1840965.43,18727572.22,25190579.89,259170352.81,277739633.59,-24807191.67,2021-04-01,373234074.44,611315828.27,378821066.22,-416570729.05,194959219.17,38043425.3,69259643.46,2815781.25,,612145591.17,,2020,4,627777824.17,627777824.17,397381711.5400001,92941919.37,97856462.86,4914543.49,-11347393.2,-1033197.47,7318577.739999998,10403117.56,100614990.19,127289187.29999998,10348958.729999997,329686133.15999997,498701151.29999995,-444893231.15000004,69572003.42999999,11405977.209999997,55124014.05,,883975856.62,0.3696494824250719
603477,巨星农牧,2021-03-31,2021-04-16,500965148.89,568552181.28,38306314.53,376831378.88,,87217901.37,31586666.62,4898578761.17,1954395149.62,53530799.03,2890652812.52,241532529.47,1050228606.77,337707046.15,1477172226.04,467911629.0,135977789.37,440916325.87,1439315577.85,1905268363.19,16095419.35,4064000.0,95818000.0,163571.11,,2021-04-16,720223378.71,720223378.71,428392701.57,231104189.75,236846561.26,5742371.51,-369015.1,-2442190.21,10208260.95,11165347.83,226069622.62,240068155.67,1903210.93,2021-04-16,73144387.68,183779973.55,389118518.54,-159378763.02,96509440.91,11452490.44,19644519.47,,,611885700.88,,2021,1,720223378.71,720223378.71,428392701.57,231104189.75,236846561.26,5742371.51,-369015.1,-2442190.21,10208260.95,11165347.83,226069622.62,240068155.67,1903210.93,73144387.68,183779973.55,-159378763.02,96509440.91,11452490.44,19644519.47,,1070907776.06,0.39897187427342756
603477,巨星农牧,2021-06-30,2021-07-28,728310920.31,638656213.5,93769911.07,423245937.37,,105457938.41,58925666.61,5551353420.86,2179321311.38,55860361.45,3316171748.03,280492788.24,1226144483.16,491042896.84,1576106534.44,506093443.0,178546698.69,481673451.45,1571573781.74,2227926195.09,18610217.23,6590740.0,77516868.3,289008.69,,2021-07-28,1454445226.71,1454445226.71,991103060.89,288152142.04,296618886.7,8466744.66,-23139447.9,-5018371.33,20380048.31,22178082.06,291741577.77,310264071.55,8693208.44,2021-07-28,309501076.1,714675069.35,670066614.48,-675375977.03,657266157.98,60403510.65,38227251.0,23139447.9,,611670695.47,,2021,2,734221848.0,734221848.0,562710359.3199999,57047952.29000002,59772325.44,2724373.1500000004,-22770432.799999997,-2576181.12,10171787.36,11012734.229999999,65671955.149999976,70195915.88000003,6789997.51,236356688.42000002,530895095.8,-515997214.01,560756717.07,48951020.21,18582731.53,,1261130000.3500001,0.39257477342207947
603477,巨星农牧,2021-09-30,2021-10-30,502944773.38,733861229.86,112418730.31,469303873.13,,118209692.29,128227061.29,5638990796.14,2367008108.94,39374574.21,3232608112.99,252459354.69,1258551165.77,706592508.38,1575663829.29,506093443.0,197206495.57,491754807.93,1626892556.1,2061492294.52,64492223.95,6740160.0,66664413.38,264171.16,,2021-10-30,2084151253.31,2084151253.31,1656622732.07,202614624.73,210677157.73,8062533.0,-14341801.59,-7532327.45,33885338.16,36334020.49,205927786.32,231981404.68,9333240.92,2021-10-30,104256837.44,968147838.8,474365219.48,-889251578.62,881813520.75,84760650.44,74264047.39,,,611432925.2,,2021,3,629706026.5999999,629706026.5999999,665519671.18,-85537517.31000003,-85941728.97,-404211.66000000015,8797646.309999999,-2513956.12,13505289.849999998,14155938.430000003,-85813791.44999999,-78282666.87,640032.4800000004,-205244238.66000003,253472769.44999993,-213875601.59000003,224547362.76999998,24357139.79,36036796.39,,1433793525.5900002,0.41975739888780517
603477,巨星农牧,2021-12-31,2022-03-12,544002441.61,714058081.68,108412347.59,689261192.02,,138267582.6,118676597.86,6015777263.47,2688052082.1,38799263.02,3288925918.35,231458552.56,1326221420.15,846894408.97,1754185820.75,506093443.0,211461506.24,452683852.04,1718382956.51,2117108044.29,68026443.43,,78147545.08,131592.73,,2022-03-12,2982922735.67,2982922735.67,2416438587.97,258981782.6,266637738.0,7655955.4,-2615487.85,-3379122.33,47669543.5,40872516.28,307698107.46,296424042.73,10985595.03,2022-03-12,155208482.89,1173981365.18,508606414.93,-1035475870.22,1009870932.76,97600141.67,110888629.52,5994610.18,,611195771.59,,2021,4,898771482.3600001,898771482.3600001,759815855.8999999,56367157.870000005,55960580.27000001,-406577.5999999996,11726313.74,4153205.12,13784205.340000004,4538495.789999999,101770321.13999999,64442638.05000001,1652354.1099999994,50951645.44999999,205833526.3800001,-146224291.60000002,128057412.00999999,12839491.230000004,36624582.129999995,,1649999203.8899999,0.4468337114844386
603477,巨星农牧,2022-03-31,2022-04-30,428045190.48,746302930.03,155909980.21,782401192.02,,163283333.76,150054161.31,5936744619.44,2917907261.07,39584489.79,2979252868.58,242756251.66,1206985262.44,867943500.86,1829692984.36,506093443.0,238946961.08,476990090.11,1798887506.65,1875560539.67,87299102.71,,80230000.0,188241.95,,2022-04-30,734542263.84,734542263.84,821271321.76,-311127393.83,-310654629.73,472764.1,-133324723.63,-2736764.24,17106349.09,13363976.38,-290498787.01,-308665881.44,843154.56,2022-04-30,-90270421.79,267233188.98,395385554.28,-244183610.42,221201507.79,16769405.19,16903164.35,,,610966122.53,,2022,1,734542263.84,734542263.84,821271321.76,-311127393.83,-310654629.73,472764.1,-133324723.63,-2736764.24,17106349.09,13363976.38,-290498787.01,-308665881.44,843154.56,-90270421.79,267233188.98,-244183610.42,221201507.79,16769405.19,16903164.35,,1847897436.02,0.491499541940081
603477,巨星农牧,2022-06-30,2022-08-20,1176182770.92,701199537.6,237190801.52,824701395.93,746706526.83,192918189.68,187038615.23,7009851213.14,3725903183.18,35801379.23,3248146650.73,362890276.93,1239652440.01,954905216.69,1801352503.06,506093443.0,278780795.41,424582680.77,1750537134.45,2669352110.06,140137863.64,,114000000.0,184047.03,249570014.06,2022-08-20,1525437494.58,1525437494.58,1603870372.97,-263956492.89,-263752887.85,203605.04,-414063.01,-6872416.98,41733287.3,43272595.58,-233769547.23,-267553026.66,-2062817.0,2022-08-20,-128518362.5,557769543.65,1140807070.92,-526263911.3,1286997241.85,71005258.28,31505632.35,414063.01,,610781708.58,,2022,2,790895230.7399999,790895230.7399999,782599051.21,47170900.94,46901741.880000025,-269159.05999999994,132910660.61999999,-4135652.74,24626938.209999997,29908619.199999996,56729239.78,41112854.78,-2905971.56,-38247940.70999999,290536354.66999996,-282080300.88,1065795734.06,54235853.09,14602468.0,,2702716451.56,0.5315238611906307
603477,巨星农牧,2022-09-30,2022-10-29,1038954704.52,683059331.33,535734058.08,541706395.93,758388402.79,215088229.8,152598230.91,7190373052.35,3738823553.23,36098374.72,3415451124.4,392715974.59,1414733995.13,1078284206.46,1780982018.94,506093443.0,308177452.85,450933824.01,2046953741.88,2722619144.72,103226598.08,,114000000.0,375778.72,249570014.06,2022-10-29,2515920687.18,2515920687.18,2352939580.68,-96804487.18,-96336960.38,467526.8,-620330.5,-9980450.89,63723925.62,67468239.83,-69381310.88,-104224476.73,-4475685.8,2022-10-29,15342248.95,780321766.08,1003579004.52,-724932523.96,1204532918.95,85730777.0,55389242.12,,,610575441.09,,2022,3,990483192.5999999,990483192.5999999,749069207.7099998,167152005.70999998,167415927.47,263921.76,-206267.49,-3108033.91,21990638.32,24195644.25,164388236.35,163328549.93,-2412868.8,143860611.45,222552222.43000007,-198668612.66000003,-82464322.89999986,14725518.719999999,23883609.769999996,,2733976417.9300003,0.5199762969194005
603477,巨星农牧,2022-12-31,2023-03-30,880718854.12,512797069.46,775858112.35,224667200.27,770053337.2,223127607.17,102146674.64,7253935129.03,3543600398.1,39119714.94,3671215015.99,438744942.29,1439604893.55,1109850710.32,1926339178.57,506094309.0,331734794.52,398982109.74,2198545298.12,2532696603.86,117286691.43,,85000000.0,205116.49,249564523.52,2023-03-30,3967938253.12,3967938253.12,3388615137.72,158089633.5,161377481.56,3287848.06,-834000.56,-1674912.56,82234041.71,85823453.44,280325386.27,160446141.11,-7174420.22,2023-03-30,482403044.2,1116665959.62,855206035.59,-991562588.49,855292353.32,132393528.87,121148456.9,2508913.12,,610361771.03,,2022,4,1452017565.94,1452017565.94,1035675557.04,254894120.68,257714441.94,2820321.2600000002,-213670.06000000006,8305538.33,18510116.089999996,18355213.61,349706697.15,264670617.84000003,-2698734.42,467060795.25,336344193.53999984,-266630064.52999997,-349240565.63,46662751.870000005,65759214.78000001,,2506503326.45,0.48850731845100637
603477,巨星农牧,2023-03-31,2023-04-29,1085655939.83,854722273.08,574410019.92,576157200.27,781411182.93,215232417.98,54134544.76,7634449167.47,4132296023.7,37368898.34,3464784245.43,455099234.91,1485193905.88,1227549301.29,1907237052.1,506097908.0,332373305.18,584113295.53,2478644917.27,2767563085.08,145133253.8,,114000000.0,190806.14,249541812.65,2023-04-29,893591908.48,893591908.48,923676137.96,-205580306.84,-207129773.18,-1549466.34,-71028661.58,-1968769.45,22084326.55,22536143.48,-177580222.41,-203848374.74,-2857484.41,2023-04-29,77213796.58,302121995.8,1051155939.83,-296660399.16,415281381.96,15380413.55,33309144.3,,,610191264.12,,2023,1,893591908.48,893591908.48,923676137.96,-205580306.84,-207129773.18,-1549466.34,-71028661.58,-1968769.45,22084326.55,22536143.48,-177580222.41,-203848374.74,-2857484.41,77213796.58,302121995.8,-296660399.16,415281381.96,15380413.55,33309144.3,,3001933094.18,0.5412697017235379
603477,巨星农牧,2023-06-30,2023-08-31,658535591.75,954778545.9,479455787.09,665984219.11,793073728.99,219104803.01,43440113.94,7422436756.08,4095132665.47,33023584.85,3294280505.76,444709610.29,1409701249.98,1375974859.37,2076157494.18,506102102.0,325904775.67,421203792.46,2348634575.4,2257901005.94,140788874.23,,114000000.0,278558.01,249515358.23,2023-08-31,1973689828.99,1973689828.99,2002590447.16,-348321299.11,-349196488.09,-875188.98,-114610842.61,-3796476.15,47607124.54,48480734.6,-310544408.16,-352648108.11,-6025919.15,2023-08-31,-103772429.39,622829563.1,624012203.96,-555246645.58,428099194.56,46909731.99,67841935.75,114610842.61,,610036047.9,,2023,2,1080097920.51,1080097920.51,1078914309.2,-142740992.27,-142066714.90999997,674277.3600000001,-43582181.03,-1827706.7,25522797.99,25944591.12,-132964185.75000003,-148799733.37,-3168434.74,-180986225.97,320707567.3,-258586246.42000002,12817812.600000024,31529318.44,34532791.45,,3112397084.1000004,0.5517234838162173
603477,巨星农牧,2023-09-30,2023-10-28,636570121.16,1093052674.99,539782873.05,698069219.11,805003953.15,222659024.1,64516608.81,7674839985.72,4342940353.45,33368984.95,3298530647.32,414793712.92,1553175285.05,1583287229.47,2055087103.34,506102694.0,334466785.21,413138676.7,2528053486.54,2364632053.15,111188867.81,,115000000.0,250892.37,249511614.68,2023-10-28,3005862559.21,3005862559.21,3020731926.94,-342768127.02,-343297915.9,-529788.88,-20011671.46,-6781995.99,75865100.38,77632622.31,-293701001.69,-358540871.43,-10675076.44,2023-10-28,-84181545.1,875413622.0,602046121.42,-770915202.45,602311876.72,93049073.58,98629737.78,,,609869401.26,,2023,3,1032172730.22,1032172730.22,1018141479.78,5553172.090000033,5898572.189999998,345400.1,94599171.15,-2985519.8400000003,28257975.839999996,29151887.71,16843406.47000003,-5892763.319999993,-4649157.289999999,19590884.290000007,252584058.89999998,-215668556.87,174212682.16000003,46139341.589999996,30787802.03,,3358567744.4,0.565867218278242
603477,巨星农牧,2023-12-31,2024-03-23,445817777.47,1153271381.95,404861033.54,615348579.11,748147399.3,220249154.64,236827295.29,7720965323.92,4621230950.28,32164394.36,3067569979.28,386175890.5,1531600510.83,352981204.13,3753394111.23,509447511.0,332834694.62,404564793.79,2775382847.66,2111450567.73,25102541.29,,133000000.0,20284189.98,228466623.24,2024-03-23,4040713360.73,4040713360.73,4055521833.44,-645294123.57,-645875085.99,-580962.42,-111256538.77,-18257486.71,107297939.5,110105010.53,-551620569.77,-630022316.87,6755883.48,2024-03-23,-105053899.59,1003921019.2,401535441.55,-895112938.77,546687396.11,125877223.21,107160614.36,111256538.77,,581123073.7,,2023,4,1034850801.52,1034850801.52,1034789906.5,-302525996.5500001,-302577170.09000003,-51173.54000000004,-91244867.31,-11475490.72,31432839.120000005,32472388.22,-257919568.07999998,-271481445.44,17430959.92,-20872354.49000001,128507397.20000005,-124197736.31999993,-55624480.610000014,32828149.629999995,8530876.579999998,,3141877548.5399995,0.5985302039841
603477,巨星农牧,2024-03-31,2024-04-30,390491381.27,1193927305.85,430606740.54,820840174.44,747808800.9,187016116.63,271337976.23,7863444842.11,4890323430.03,32464161.71,2940657250.37,377091554.69,1709950680.17,400388660.36,3693515869.66,510028927.0,322615877.2,492094751.81,2838273497.55,2264049041.2,48314549.33,2877600.0,129410970.0,20296007.92,224808425.97,2024-04-30,948632662.53,948632662.53,926481745.98,-138047904.89,-137748137.54,299767.35,21623933.6,-2720033.53,48042810.3,48596440.76,-112275152.48,-141325945.04,1853480.95,2024-04-30,8711207.41,266517269.51,345068178.62,-239605193.21,174558835.11,26224276.95,34565257.57,,,580992705.63,,2024,1,948632662.53,948632662.53,926481745.98,-138047904.89,-137748137.54,299767.35,21623933.6,-2720033.53,48042810.3,48596440.76,-112275152.48,-141325945.04,1853480.95,8711207.41,266517269.51,-239605193.21,174558835.11,26224276.95,34565257.57,,3380199138.36,0.6219059875439755
603477,巨星农牧,2024-06-30,2024-08-31,374647712.46,1140892204.64,816181048.2,395857939.09,757824547.19,212695708.3,333107660.23,8132428193.45,5062413209.49,34682354.74,3035332629.22,467626998.0,1957427518.88,456492539.23,3626529482.57,510069068.0,313723611.52,675096901.45,3338388244.99,2485124116.96,26048736.41,,186318503.24,20357427.16,224555861.12,2024-08-31,2232749174.78,2232749174.78,1981190278.93,-44843627.73,-41345667.35,3497960.38,20479263.79,-3082651.58,98238593.44,98641276.92,-18313875.74,-47365265.18,3441582.27,2024-08-31,180437099.28,528531796.06,295914566.64,-423135392.86,137245511.64,62796070.56,111301286.08,-20479263.79,,580862337.55,,2024,2,1284116512.2500002,1284116512.2500002,1054708532.95,93204277.16,96402470.19,3198193.03,-1144669.8100000024,-362618.0500000003,50195783.14,50044836.160000004,93961276.74000001,93960679.85999998,1588101.32,171725891.87,262014526.55,-183530199.65,-37313323.47000003,36571793.61,76736028.50999999,,3323451447.4200006,0.6224971298937944
603477,巨星农牧,2024-09-30,2024-10-31,480199417.19,895130344.02,822886982.68,532317919.1,768587200.74,218504881.15,474217021.96,8529850468.95,5186645152.05,37369647.52,3305835669.38,530972026.42,2120219028.36,473596946.48,3597891098.08,510070138.0,330084704.53,618446954.67,3169047435.46,2790927155.79,35347651.26,,199232634.62,50242424.03,224549122.73,2024-10-31,3955352817.53,3955352817.53,3249552605.07,259481410.57,265666663.73,6185253.16,-5987765.95,-5943251.86,151815223.36,152039920.29,277131457.21,245306020.29,376548.93,2024-10-31,584865177.09,757291166.38,331259073.97,-590444801.19,-64578406.41,92706978.24,181524257.18,,,580735831.98,,2024,3,1722603642.75,1722603642.75,1268362326.14,304325038.3,307012331.08,2687292.7800000003,-26467029.74,-2860600.2800000003,53576629.92000002,53398643.36999999,295445332.95,292671285.46999997,-3065033.34,404428077.81000006,228759370.32,-167309408.33000004,-201823918.04999998,29910907.679999992,70222971.10000001,,3237427327.69,0.6080581565796734
603477,巨星农牧,2024-12-31,2025-03-22,576863694.94,1058372144.31,892355056.78,451220425.36,780507477.98,264956146.59,348223467.91,8764113124.65,5425519656.18,38069392.88,3300524075.59,568796380.57,2092577839.97,395604630.34,3708077876.78,510070255.0,418260638.64,571339417.66,3553171013.29,2863933360.71,34960383.16,658080.0,222428500.0,50343997.83,224548374.02,2025-03-22,6078247106.96,6078247106.96,4913437900.99,518548029.91,525433028.43,6884998.52,-42982106.83,-6413071.24,204964925.52,204932753.05,515874551.57,481550768.48,2301128.43,2025-03-22,1265091774.08,1042014805.0,476239385.17,-860147162.49,-329580369.17,116879861.21,185696158.26,42982106.83,,580601608.32,,2024,4,2122894289.4299998,2122894289.4299998,1663885295.9199996,259066619.34000003,259766364.70000002,699745.3599999994,-36994340.879999995,-469819.3799999999,53149702.16,52892832.76000002,238743094.36,236244748.19000003,1924579.5000000002,680226596.9899999,284723638.62,-269702361.29999995,-265001962.76000002,24172882.97,4171901.0799999833,,3447411251.02,0.6190608883082704
603477,巨星农牧,2025-03-31,2025-04-26,614769342.42,1392567654.74,772205239.52,256851280.02,791413786.98,274442925.33,325545435.11,9255157188.82,5819268738.98,39375684.54,3396512765.3,588264666.1,2506949149.24,443195752.37,3634492282.49,510070294.0,412500430.14,771379785.21,4143253312.33,3373305255.96,29180053.27,641500.0,282428500.0,50301454.67,224548124.45,2025-04-26,1645357655.95,1645357655.95,1357191189.44,129645889.86,130952181.52,1306291.66,-11755780.39,-1267636.31,51821506.35,50326948.93,132275766.45,123783268.73,1118079.46,2025-04-26,258345555.32,312012148.31,481455391.38,-247934524.46,-4983260.23,27746770.09,65300565.49,,,580482902.05,,2025,1,1645357655.95,1645357655.95,1357191189.44,129645889.86,130952181.52,1306291.66,-11755780.39,-1267636.31,51821506.35,50326948.93,132275766.45,123783268.73,1118079.46,258345555.32,312012148.31,-247934524.46,-4983260.23,27746770.09,65300565.49,,3487480886.59,0.628759579146806
603477,巨星农牧,2025-06-30,2025-08-30,670019066.15,1344409656.96,704458744.07,552335072.41,801837943.78,217760103.19,314054639.46,9482225398.3,6122461887.05,37287616.68,3322475894.57,606306427.1,2636913736.39,392047707.0,3716893475.89,510070333.0,383951174.12,758320346.24,4206828043.52,3553264757.09,47194898.99,2502400.0,320490626.33,50213795.51,224547874.88,2025-08-30,3717197226.07,3717197226.07,3207570349.14,181223614.97,185831838.77,4608223.8,-25522043.57,-5298980.28,99391262.97,96998728.87,180538066.21,156289959.93,-238957.82,2025-08-30,602252589.06,527432530.87,472467691.01,-387058480.76,-218461846.04,148049044.51,146047582.28,25522043.57,,580365919.36,,2025,2,2071839570.1200001,2071839570.1200001,1850379159.6999998,51577725.11,54879657.250000015,3301932.1399999997,-13766263.18,-4031343.97,47569756.62,46671779.940000005,48262299.760000005,32506691.200000003,-1357037.28,343907033.73999995,215420382.56,-139123956.29999998,-213478585.81,120302274.41999999,80747016.78999999,,3620801520.4100003,0.6456777422890256
603477,巨星农牧,2025-09-30,2025-10-25,616319819.8,1424230332.07,769247231.42,547016026.82,812220277.22,272269217.69,242549051.38,9704576903.5,6465332433.32,38030884.11,3201213586.07,682131306.5,2774855169.43,353081715.39,3740848113.33,510070333.0,420850990.15,921658755.81,4561994491.81,3674142951.21,49019771.67,,579157180.61,45516.91,224547874.88,2025-10-25,5639174971.99,5639174971.99,5050529268.04,107204186.12,112555677.35,5351491.23,-49637283.58,-5699611.73,147874940.96,144911859.93,86915058.83,55295136.86,7290963.36,2025-10-25,970242269.62,905804633.4,368604190.57,-644400983.86,-432798685.12,171798879.58,268772851.12,,,580245503.34,,2025,3,1921977745.9199996,1921977745.9199996,1842958918.9,-74019428.85,-73276161.42000002,743267.4300000006,-24115240.009999998,-400631.4500000002,48483677.99000001,47913131.06,-93623007.38000001,-100994823.07000001,7529921.180000001,367989680.56000006,378372102.53,-257342503.10000002,-214336839.08,23749835.070000023,122725268.84,,3824983085.22,0.6662147662499586
603477,巨星农牧,2025-12-31,2026-04-23,756405986.85,1429614774.1,689506609.89,734359253.48,822780155.66,307878443.31,177618488.83,9628102666.86,6478479949.71,37207071.77,3112415645.38,695095680.53,2593414426.3,448901829.27,3611874924.62,510070372.0,466578342.12,912172927.14,4397310331.87,3567699059.91,48850861.11,,562281823.66,5064693.18,224547625.31,2026-04-23,8000477749.75,8000477749.75,7418910225.41,30343306.49,34870985.38,4527678.89,-29857138.9,-8419463.2,198280160.08,194543495.64,49756315.99,-80243075.58,7878929.48,2026-04-23,1217888078.79,1082605154.66,539395831.91,-850684622.05,-303505900.12,198956875.93,219527632.94,29857138.9,,580123398.33,,2025,4,2361302777.76,2361302777.76,2368380957.37,-76860879.63000001,-77684691.97,-823812.3400000008,19780144.68,-2719851.469999999,50405219.120000005,49631635.70999998,-37158742.839999996,-135538212.44,587966.1200000001,247645809.16999996,176800521.2600001,-206283638.18999994,129292785.0,27157996.349999994,-49245218.18000001,,3984139236.4399996,0.6728719223164263
603477,巨星农牧,2026-03-31,2026-04-23,712783947.0,1617843794.36,722460476.99,674626026.83,833288039.86,268709637.75,236036182.09,9246409150.81,6452894348.78,37295953.35,2756218848.68,542105315.15,2453021958.96,456444816.99,3558387543.29,510070411.0,426994149.36,893312945.65,4401963209.99,3413199288.32,50257039.64,,368074246.58,5071429.71,224547375.74,2026-04-23,1925689936.34,1925689936.34,1998999497.33,-356416151.74,-356327270.16,88881.58,-121268008.38,206391.4,47183007.5,46480860.59,-301864790.56,-379366633.42,-1362929.19,2026-04-23,-159332692.89,106663059.54,510334914.78,-37426886.22,167626423.46,26404266.86,68809872.4,,,580012446.77,,2026,1,1925689936.34,1925689936.34,1998999497.33,-356416151.74,-356327270.16,88881.58,-121268008.38,206391.4,47183007.5,46480860.59,-301864790.56,-379366633.42,-1362929.19,-159332692.89,106663059.54,-37426886.22,167626423.46,26404266.86,68809872.4,,4116927975.79,0.6978811172567154
603477,巨星农牧,2026-06-30,2026-08-28,693941522.24,1374338656.31,638976713.95,612313294.15,842888377.4,276357518.82,348561934.35,8976630708.55,6230043527.74,33916707.92,2712670472.89,465243624.79,2366849035.89,461561288.86,3492784617.66,522979262.0,381652052.56,1043830228.92,4111783847.94,3309419264.9,24060243.5,,619618667.32,10313923.69,224547126.17,2026-08-28,3556832180.35,3556832180.35,3903172714.76,-838264876.96,-838125240.81,139636.15,-174821451.61,-1472772.28,96972377.33,96960731.79,-763443639.73,-904746403.67,5502282.89,2026-08-28,-285737692.95,159797259.09,437443826.32,-46370149.58,230278446.47,75101012.55,112133783.86,174821451.61,,579901522.89,,2026,2,1631142244.01,1631142244.01,1904173217.4300003,-481848725.22,-481797970.6499999,50754.56999999999,-53553443.23000002,-1679163.68,49789369.83,50479871.2,-461578849.17,-525379770.24999994,6865212.08,-126405000.06,53134199.55,-8943263.36,62652023.00999999,48696745.69,43323911.45999999,,3744874560.63,0.6940291664004904
603609,禾丰股份,2015-12-31,2016-03-29,735533065.9,393240000.0,174500000.0,30000000.0,,,,4112357035.32,1188362993.35,261707782.23,2662286259.74,4587300.99,937329522.79,116979686.31,1205670686.66,831176469.0,,310256255.07,1158362993.35,2152931609.06,14000000.0,,,,,2016-03-29,9696306639.18,9696306639.18,8696127360.54,314180763.53,323999610.09,9818846.56,,,43174549.2,,281641945.55,377045609.12,84657287.73,2016-03-29,465025293.77,239150511.31,735533065.9,-135675750.25,-60041757.56,72528003.3,3409755.96,10010391.95,,290425.67,,2015,4,,,,,,,,,,,,,,,,,,,,,597740000.0,0.28897369152129765
603609,禾丰股份,2016-03-31,2016-04-28,591431801.7,591240000.0,143500000.0,,,,,4282097214.02,1283011878.21,268486044.78,2730599291.03,5388823.71,900699898.34,116704114.29,1205093113.45,831176469.0,,274096029.06,1283011878.21,2249516918.57,49541361.62,,,,,2016-04-28,2082990279.36,2082990279.36,1840993138.97,68313031.29,72597468.45,4284437.16,,,10765012.87,,58110858.02,72941195.5,11437500.22,2016-04-28,-212100479.49,48355786.92,591431801.7,-61204197.69,129179580.24,8372419.76,310650.66,,,290425.67,,2016,1,2082990279.36,2082990279.36,1840993138.97,68313031.29,72597468.45,4284437.16,,,10765012.87,,58110858.02,72941195.5,11437500.22,-212100479.49,48355786.92,-61204197.69,129179580.24,8372419.76,310650.66,,734740000.0,0.2996223145073155
603609,禾丰股份,2016-06-30,2016-08-24,741711699.38,701240000.0,83500000.0,,,,,4700173478.48,1649083108.69,286969065.73,2764121304.06,7456862.02,1071972027.04,162555748.34,1214485676.97,831176469.0,,385795488.04,1646083108.69,2541376617.87,59627644.11,,,,,2016-08-24,5052237376.76,5052237376.76,4516805827.96,185084016.03,204692633.19,19608617.16,,,20110197.56,,174460985.28,224778425.93,31674149.01,2016-08-24,65631813.58,145425368.17,741711699.38,-163160100.55,103519893.4,91091906.6,835254.13,15828747.81,,290425.67,,2016,2,2969247097.4000006,2969247097.4000006,2675812688.99,116770984.74,132095164.74,15324180.0,,,9345184.69,,116350127.25999999,151837230.43,20236648.79,277732293.07,97069581.24999999,-101955902.86000001,-25659686.83999999,82719486.83999999,524603.47,,784740000.0,0.3508557963318624
603609,禾丰股份,2016-09-30,2016-10-27,595202530.49,841240000.0,20000000.0,,,,,4948996322.63,1767807797.9,306021372.24,2875167152.49,9059278.92,1066803748.06,156082071.18,1227654645.8,831176469.0,,548279178.73,1762807797.9,2702943117.41,110968551.79,,,,,2016-10-27,8480149125.91,8480149125.91,7627139950.96,296129864.46,331693270.93,35563406.47,,,31424613.75,,282944994.39,365440399.96,49163954.94,2016-10-27,-4448301.61,266700541.94,595202530.49,-304862839.89,168781803.07,109072196.93,995754.13,,,290425.67,,2016,3,3427911749.1499996,3427911749.1499996,3110334123.0,111045848.42999998,127000637.74000001,15954789.309999999,,,11314416.190000001,,108484009.10999998,140661974.02999997,17489805.929999996,-70080115.19,121275173.77000001,-141702739.33999997,65261909.66999999,17980290.330000013,160500.0,,861240000.0,0.35720531652376536
603609,禾丰股份,2016-12-31,2017-04-25,707314594.46,981240000.0,10000000.0,50000000.0,,,,5169472910.89,1848313530.57,314988438.39,3006170941.93,10307124.44,1195567396.95,146107929.77,1435561062.24,831176469.0,,446947350.23,1793305066.82,2627013804.37,35540074.21,,22779500.0,,,2017-04-25,11870578122.31,11870578122.31,10727483635.93,426978443.55,462789734.49,35811290.94,,,44793317.49,,399573783.81,524025876.11,84955953.62,2017-04-25,204935490.07,524886678.8,707314594.46,-564358494.73,331177100.55,128942899.45,1475181.78,18187698.49,,290425.67,,2016,4,3390428996.3999996,3390428996.3999996,3100343684.9700003,130848579.09000003,131096463.56,247884.4699999988,,,13368703.740000002,,116628789.42000002,158585476.15000004,35791998.68000001,209383791.68,258186136.86,-259495654.84000003,162395297.48000002,19870702.519999996,479427.65,,1041240000.0,0.35754390484885734
603609,禾丰股份,2017-03-31,2017-04-25,617658969.39,1301240000.0,,50000000.0,,,,5645347219.3,2239247744.91,330951831.17,3075147643.22,9761466.81,1339688655.3,133171722.55,1457825370.55,831176469.0,,488119308.86,2184247744.91,2950244696.65,141308841.44,,20000000.0,,,2017-04-25,2690395962.15,2690395962.15,2432059807.31,70371106.27,71695123.49,1324017.22,,,14141184.17,,60585206.73,67882395.25,8457990.55,2017-04-25,-273905958.09,101864129.92,617658969.39,-117172906.71,301558120.82,14043451.58,245845.0,,,413110.36,,2017,1,2690395962.15,2690395962.15,2432059807.31,70371106.27,71695123.49,1324017.22,,,14141184.17,,60585206.73,67882395.25,8457990.55,-273905958.09,101864129.92,-117172906.71,301558120.82,14043451.58,245845.0,,1351240000.0,0.3966536792023321
603609,禾丰股份,2017-06-30,2017-08-24,959694964.11,1401240000.0,,48300000.0,,,,5832426497.12,2485109710.23,319620337.14,3027696449.75,7880613.55,1221558129.69,165790209.37,1479922903.2,831176469.0,,528788848.0,2432055825.23,3094650972.86,99476637.7,,60000000.0,,,2017-08-24,6000482588.7,6000482588.7,5497425889.36,108100180.76,105023503.75,-3076677.01,,,30763871.51,,96851269.4,115524505.72,23687046.55,2017-08-24,106421971.82,122792900.36,959694964.11,-163023287.15,309169472.69,106182099.71,349565.0,20351358.19,,290425.67,,2017,2,3310086626.5499997,3310086626.5499997,3065366082.0499997,37729074.49000001,33328380.260000005,-4400694.2299999995,,,16622687.340000002,,36266062.67000001,47642110.47,15229056.0,380327929.90999997,20928770.439999998,-45850380.44000001,7611351.870000005,92138648.13,103720.0,,1449540000.0,0.426085045642174
603609,禾丰股份,2017-09-30,2017-10-28,656718580.99,1236240000.0,,48300000.0,,,,6014414757.56,2478872554.68,351795220.95,3183746981.93,13569361.11,1190246182.81,73110776.78,1574802290.49,831176469.0,,713243895.27,2422014448.68,2994796190.82,179994382.3,,30000000.0,,,2017-10-28,9994575058.15,9994575058.15,9123346712.54,264150712.94,280998919.74,16848206.8,,,45940514.39,47145185.59,249474133.35,312308502.05,48798922.54,2017-10-28,202559318.66,199702786.51,656718580.99,-389030425.19,135886019.89,125715552.51,672618.97,,,290425.67,,2017,3,3994092469.45,3994092469.45,3625920823.1800013,156050532.18,175975415.99,19924883.810000002,,,15176642.879999999,,152622863.95,196783996.33,25111875.99,96137346.84,76909886.14999999,-226007138.04,-173283452.8,19533452.800000012,323053.97,,1284540000.0,0.41215523947099025
603609,禾丰股份,2017-12-31,2018-03-13,748944362.8,1191240000.0,20000000.0,20300000.0,,,,5985861995.54,2239597668.04,355960084.62,3390304242.88,19281856.15,1218001011.96,122640897.91,1537692913.05,831176469.0,,524321952.83,2199893607.8,2796233033.19,32362984.62,,24553300.0,,,2018-03-13,13695843458.67,13695843458.67,12521474992.06,471024473.92,499954813.31,28930339.39,,,60854400.51,64240983.0,389607877.28,561803106.75,81324570.84,2018-03-13,611390370.75,466394339.41,740680891.81,-626407536.2,49874197.61,151273956.92,131119.94,31645548.86,,290425.67,,2017,4,3701268400.5200005,3701268400.5200005,3398128279.5199986,206873760.98000002,218955893.57,12082132.59,,,14913886.119999997,17095797.409999996,140133743.92999998,249494604.7,32525648.300000004,408831052.09000003,266691552.90000004,-237377111.01000005,-86011822.27999999,25558404.40999998,-541499.03,,1231540000.0,0.3741478954424107
603609,禾丰股份,2018-03-31,2018-04-25,633909984.1,1331240000.0,,60300000.0,,,,6414154492.93,2576080986.43,354521921.56,3483551584.94,19496565.67,1294529566.88,124150289.0,1542607962.38,831176469.0,,624192660.6,2496622113.34,3122924816.41,103428105.92,,49703800.0,,,2018-04-25,3129332297.72,3129332297.72,2835788552.5,91763985.23,99522820.64,7758835.41,,,15012966.65,16760191.13,88331450.07,110127007.28,14005524.7,2018-04-25,-144835288.11,102716180.84,625694866.05,-111892411.86,142150880.82,17849119.18,641825.23,,,290425.67,,2018,1,3129332297.72,3129332297.72,2835788552.5,91763985.23,99522820.64,7758835.41,,,15012966.65,16760191.13,88331450.07,110127007.28,14005524.7,-144835288.11,102716180.84,-111892411.86,142150880.82,17849119.18,641825.23,,1391540000.0,0.4016244057216714
603609,禾丰股份,2018-06-30,2018-08-28,756497727.52,1212230000.0,30000000.0,50000000.0,,,,6509739774.43,2656850099.31,388954274.04,3463935401.08,16093890.75,1306547551.42,181816218.47,1525109227.41,831176469.0,,797505254.46,2585092073.38,3216676641.05,54789366.38,,40289500.0,,,2018-08-28,6850215702.49,6850215702.49,6297480308.08,164359110.71,192432321.14,28073210.43,-10691401.07,-25031735.81,33085461.73,36549414.58,157546972.69,221310759.78,33149593.38,2018-08-28,290259024.18,197883903.65,749594812.67,-227373483.03,-53464658.1,118974658.1,1066892.92,35723136.88,,290425.67,,2018,2,3720883404.77,3720883404.77,3461691755.58,72595125.48,92909500.49999999,20314375.02,,,18072495.08,19789223.449999996,69215522.62,111183752.5,19144068.68,435094312.29,95167722.81,-115481071.17,-195615538.92,101125538.91999999,425067.68999999994,,1292230000.0,0.40813460927363054
603609,禾丰股份,2018-09-30,2018-10-25,560535329.36,1192230000.0,38000000.0,40000000.0,,,,6847127179.98,2721966992.67,418435550.37,3706724636.94,13866897.15,1352846757.27,240506738.93,1534874533.18,831176469.0,,903763004.64,2659190274.68,3336957521.62,65911232.19,,,,,2018-10-25,11479083463.3,11479083463.3,10510246761.25,405271572.95,467078236.98,61806664.03,-8514579.41,-39469148.47,59127931.11,54233446.14,398265406.12,512432820.54,50441413.36,2018-10-25,278295703.02,320175157.06,551271184.36,-382923285.99,-85032946.74,131292946.74,1179134.92,,,290425.67,,2018,3,4628867760.809999,4628867760.809999,4212766453.17,240912462.23999998,274645915.84000003,33733453.6,2176821.66,-14437412.66,26042469.38,17684031.560000002,240718433.43,291122060.76,17291819.98,-11963321.160000026,122291253.41,-155549802.96,-31568288.639999993,12318288.64,112242.0,,1270230000.0,0.3975341659533701
603609,禾丰股份,2018-12-31,2019-04-29,928902753.06,1347690168.49,32999999.96,118500000.0,,,23345833.38,6930694562.43,2664706583.41,414072220.38,3851915758.64,30484794.88,1410869192.26,255719188.3,1516702438.29,845751469.0,,572729779.31,2502607782.62,3156850536.93,197497688.18,,,,,2019-04-29,15750798120.67,15750798120.67,14421297677.4,551928618.35,604689153.87,52760535.52,-124028241.87,,74900937.42,66635982.41,542459604.74,690589606.3,86850335.0,2019-04-29,501404915.59,427473918.37,889204873.97,-509731536.62,166992723.63,155249212.54,11789308.39,124028241.87,,290425.67,,2018,4,4271714657.370001,4271714657.370001,3911050916.1499996,146657045.40000004,137610916.89,-9046128.509999998,-115513662.46000001,,15773006.310000002,12402536.269999996,144194198.62,178156785.75999993,36408921.64,223109212.57,107298761.31,-126808250.63,252025670.37,23956265.799999997,10610173.47,,1499190168.45,0.3844790099184108
603609,禾丰股份,2019-03-31,2019-04-29,708320738.38,1291388532.38,66999940.56,76500000.0,,,20095833.39,7183258755.47,2705724875.56,471652994.29,4005880885.62,46818809.09,1316942564.32,289751699.8,1636306605.54,845751469.0,,598044040.83,2588918933.51,3137032125.06,197694141.16,,,,,2019-04-29,3512085453.86,3512085453.86,3192110448.58,140999877.5,162025976.14,21026098.64,414166.99,-20990582.72,19178659.24,20215124.25,134261140.24,165239711.01,10156085.32,2019-04-29,13296100.82,82771783.06,714321550.97,-93937527.67,-95224802.16,20146745.96,1115141.21,,,290425.67,,2019,1,3512085453.86,3512085453.86,3192110448.58,140999877.5,162025976.14,21026098.64,414166.99,-20990582.72,19178659.24,20215124.25,134261140.24,165239711.01,10156085.32,13296100.82,82771783.06,-93937527.67,-95224802.16,20146745.96,1115141.21,,1434888472.94,0.3766709466646471
603609,禾丰股份,2019-06-30,2019-08-15,1573431869.6,1449522585.98,56374186.31,42500000.0,,,16845833.4,8317280762.53,2952301452.65,524993038.82,4839986271.06,56033181.19,1434517398.92,85569862.73,1844448325.69,922304396.0,,671815155.23,2873925406.94,4051663212.28,326934235.0,,,,,2019-08-15,7727400004.75,7727400004.75,6985820614.94,359008639.18,429746542.87,70737903.69,-269072.43,-18534402.05,39721751.73,40211708.7,358296799.48,463472822.17,31218522.69,2019-08-15,299291784.62,211754778.24,1488930871.05,-378785068.92,679776007.24,194694461.11,1235466.0,18803474.48,,290425.67,,2019,2,4215314550.89,4215314550.89,3793710166.3599997,218008761.68,267720566.73000002,49711805.05,-683239.4199999999,2456180.669999998,20543092.49,19996584.450000003,224035659.24,298233111.16,21062437.37,285995683.8,128982995.18,-284847541.25,775000809.4,174547715.15,120324.79000000004,,1548396772.29,0.3549599366598695
603609,禾丰股份,2019-09-30,2019-10-25,1609685128.42,1411012465.7,52987170.91,42500000.0,,,14994779.23,8829221113.87,3002368668.54,621524668.42,5205327776.91,59836261.46,1330584026.65,170941517.37,1874785547.9,922304396.0,,811158972.23,2923846494.31,4165305087.22,437311341.21,,,,,2019-10-25,12743225876.96,12743225876.96,11419337434.95,713087990.71,864985222.2,151897231.49,-5409240.15,-27678451.02,59700628.47,59668390.61,704761464.34,933155551.96,65556455.05,2019-10-25,582911553.62,384826859.83,1534731303.51,-549750402.35,616139019.52,227218147.63,1267093.0,,,290425.67,,2019,3,5015825872.209999,5015825872.209999,4433516820.010001,354079351.53000003,435238679.33000004,81159327.80000001,-5140167.720000001,-9144048.969999999,19978876.740000002,19456681.909999996,346464664.86,469682729.79,34337932.36,283619769.0,173072081.58999997,-170965333.43,-63636987.72000003,32523686.51999998,31627.0,,1506499636.6100001,0.3400490971761392
603609,禾丰股份,2019-12-31,2020-03-31,1554781324.13,1050878205.81,70593717.62,174330000.0,,,11025000.09,9149772043.85,2650280580.86,801351905.45,5698139557.54,94826312.88,1568373133.15,240012874.86,2023113939.02,922304396.0,,659216483.84,2432687335.19,3962200380.44,337463267.56,40000000.0,,,,2020-03-31,17792091973.58,17792091973.58,15792020015.55,1199347355.96,1497464315.81,298116959.85,-98459269.89,-26344201.05,76392967.3,77508278.78,1190975760.51,1594502148.33,84706528.93,2020-03-31,1111605966.58,752328478.91,1508390481.68,-874207823.29,378955170.8,256169043.57,5272664.08,98459269.89,,290425.67,,2019,4,5048866096.620003,5048866096.620003,4372682580.599998,486259365.25,632479093.6099999,146219728.36,-93050029.74,1334249.9699999988,16692338.829999998,17839888.17,486214296.16999996,661346596.3699999,19150073.88000001,528694412.9599999,367501619.08,-324457420.93999994,-237183848.71999997,28950895.939999998,4005571.08,,1295801923.4299998,0.28965536716746737
603609,禾丰股份,2020-03-31,2020-04-28,1365507753.77,1125773691.68,81970598.1,322830000.0,,,22077333.31,10042767918.93,3143558705.16,907447035.78,5991762177.99,125187857.78,1742222361.97,263472899.21,2204596504.16,922304396.0,,782861798.95,2758390174.52,4443540332.06,476865157.94,160000000.0,,,,2020-04-28,4457455800.34,4457455800.34,3938358381.46,303680389.66,352361283.87,48680894.21,-1507666.89,-23257043.5,13868688.22,18809962.33,303734949.01,388868960.58,37186068.99,2020-04-28,-40329752.04,249581655.29,1347636968.57,-392292157.56,271971156.55,40234831.31,1062590.0,,,290425.67,,2020,1,4457455800.34,4457455800.34,3938358381.46,303680389.66,352361283.87,48680894.21,-1507666.89,-23257043.5,13868688.22,18809962.33,303734949.01,388868960.58,37186068.99,-40329752.04,249581655.29,-392292157.56,271971156.55,40234831.31,1062590.0,,1530574289.78,0.3130171612583603
603609,禾丰股份,2020-06-30,2020-08-07,1622191216.53,1223388823.53,93200042.05,353830000.0,,,66953833.28,10447642061.07,3375409637.12,942841932.24,6129390491.71,181047726.38,1734856819.92,353897369.68,2269553170.07,922059896.0,,788384791.99,2915573253.77,4521221681.29,455359431.84,100000000.0,,,,2020-08-07,9848379852.28,9848379852.28,8806688412.71,606015736.01,681326338.9,75310602.89,-11612155.42,-24175313.93,31065360.72,37905838.1,602590219.79,762135959.93,80417791.15,2020-08-07,451396027.78,506939660.64,1609864732.06,-611726432.66,261794505.53,243619920.58,2127566.33,35787469.35,,290425.67,,2020,2,5390924051.940001,5390924051.940001,4868330031.249999,302335346.34999996,328965055.03,26629708.68,-10104488.53,-918270.4299999997,17196672.5,19095875.770000003,298855270.78,373266999.34999996,43231722.160000004,491725779.82,257358005.35,-219434275.09999996,-10176651.02000001,203385089.27,1064976.33,,1670418865.58,0.323078606386933
603609,禾丰股份,2020-09-30,2020-10-27,1327491810.09,1328220741.2,95228089.23,352830000.0,,,49398235.14,11250796245.86,3704776317.56,1100019487.49,6446000440.81,202574066.97,1963953478.82,365457368.84,2450650945.78,922059896.0,,1044155759.62,3264877131.82,4917900397.8,540392843.78,100000000.0,4000000.0,,,2020-10-27,16857939370.84,16857939370.84,15254503331.16,928184218.31,1038005536.19,109821317.88,-17267757.41,-44982365.28,48452460.18,56352179.63,919750306.36,1153404205.93,113292732.82,2020-10-27,282805713.73,699428222.05,1313190420.09,-863635618.41,386307052.53,278602342.79,3009190.61,,,290425.67,,2020,3,7009559518.559999,7009559518.559999,6447814918.450001,322168482.29999995,356679197.2900001,34510714.989999995,-5655601.99,-20807051.35,17387099.46,18446341.53,317160086.57000005,391268246.0000001,32874941.669999987,-168590314.04999995,192488561.40999997,-251909185.75,124512546.99999997,34982422.21000001,881624.2799999998,,1776278830.43,0.32929014414630975
603609,禾丰股份,2020-12-31,2021-03-31,1197722799.16,1110672869.4,121896906.66,574880271.67,,,15458230.92,11646508203.99,3744806652.79,1149304061.85,6752397489.35,221654027.17,2473827570.38,322895206.9,2860162059.91,922059896.0,,1072968589.85,3110292424.22,4790092495.07,531140679.24,50000000.0,4000000.0,3386523.0,,2021-03-31,23817600766.26,23817600766.26,21683591011.74,1235162151.48,1357578963.47,122416811.99,-35172892.83,-6184987.84,64680213.72,75771816.48,1230677435.86,1525335770.37,151654167.45,2021-03-31,765945453.03,1400466040.74,1186197643.04,-1506349447.57,419432876.57,307059194.55,57631307.35,35172892.83,,290425.67,,2020,4,6959661395.419998,6959661395.419998,6429087680.580002,306977933.1700001,319573427.28,12595494.11,-17905135.419999998,38797377.44,16227753.54,19419636.85,310927129.4999999,371931564.4399998,38361434.629999995,483139739.29999995,701037818.69,-642713829.16,33125824.04000002,28456851.75999999,54622116.74,,1807450047.73,0.32153900441224603
603609,禾丰股份,2021-03-31,2021-04-22,1072931572.78,1371482521.07,154530727.28,888902774.18,,168020131.68,10688281.09,12790487099.19,4616183202.09,1136343006.49,7037960890.61,205807702.64,2940955436.23,239528529.4,2894529028.05,922059896.0,193902841.65,1196601222.75,3493503694.4,5594165971.64,731905003.56,50000000.0,2600000.0,3990225.41,,2021-04-22,6323388582.64,6323388582.64,5726136025.71,290928241.18,311331504.6,20403263.42,-10604510.87,-17423323.82,18222684.28,19968124.0,299181338.6,366901173.26,43983772.16,2021-04-22,-556311101.38,211591052.98,1052705225.67,-179367495.22,602232370.71,22393072.27,6384764.4,,,290425.67,,2021,1,6323388582.64,6323388582.64,5726136025.71,290928241.18,311331504.6,20403263.42,-10604510.87,-17423323.82,18222684.28,19968124.0,299181338.6,366901173.26,43983772.16,-556311101.38,211591052.98,-179367495.22,602232370.71,22393072.27,6384764.4,,2582936154.2099996,0.3609075374762182
603609,禾丰股份,2021-06-30,2021-08-31,1179842662.66,1329964971.47,194489490.68,1063471857.47,,132252805.27,40650949.22,12928887740.44,4993199073.58,1120084051.55,6815604615.31,256692778.16,2788191589.3,431126791.75,2951284334.48,921960196.0,207910928.94,1268848903.55,3703172362.37,5492678718.48,716824959.07,,4000000.0,4780649.1,,2021-08-31,13643435181.93,13643435181.93,12660124510.93,251354903.81,231934030.51,-19420873.3,-69806868.04,-21675942.31,43363957.45,45183548.74,260259698.8,330109356.68,78409461.6,2021-08-31,-252667217.53,404495721.21,1151503252.9,-328808368.28,546820519.36,236798143.75,11368854.97,69806868.04,,2135421.24,,2021,2,7320046599.29,7320046599.29,6933988485.22,-39573337.370000005,-79397474.09000003,-39824136.72,-59202357.17000001,-4252618.489999998,25141273.17,25215424.740000002,-38921639.80000001,-36791816.57999998,34425689.44,303643883.85,192904668.23,-149440873.05999997,-55411851.350000024,214405071.48,4984090.57,,2720179124.89,0.3862048440533578
603609,禾丰股份,2021-09-30,2021-10-29,1172549370.69,1837300075.04,202426559.24,1059074415.69,,126989216.3,58679410.48,13039532112.83,5498522713.2,1077007687.77,6464001711.86,189718533.58,2430473719.81,437151219.8,3158967121.17,921960196.0,197290847.25,1303617629.35,4192175625.56,5541851081.86,682632443.02,,3800000.0,3767391.58,,2021-10-29,21763305738.81,21763305738.81,20496103856.61,48189032.82,-27941849.57,-76130882.39,-157713801.12,-35348642.27,73006424.05,68211157.26,60697203.49,120705912.59,119690661.91,2021-10-29,-222524756.66,805961400.88,1141356696.91,-730002182.81,907782482.84,278800433.78,21565404.14,,,2135421.24,,2021,3,8119870556.880001,8119870556.880001,7835979345.68,-203165870.99,-259875880.07999998,-56710009.09,-87906933.08,-13672699.960000005,29642466.599999994,23027608.520000003,-199562495.31,-209403444.09,41281200.31,30142460.870000005,401465679.67,-401193814.53,360961963.48,42002290.02999997,10196549.17,,3225790266.2700005,0.4216809825399972
603609,禾丰股份,2021-12-31,2022-04-29,1233577781.76,1546199813.26,191145065.59,1245618946.13,,123468375.46,47702610.06,12971506159.72,5458902516.24,1048244773.71,6464358869.77,170216684.34,2691222420.95,602237560.51,3232947014.55,921960196.0,199981121.45,1300059112.55,3978984506.24,5374246410.42,618652966.25,,3900000.0,9681957.6,,2022-04-29,29468925899.6,29468925899.6,27900298516.35,118530518.15,24541867.84,-93988650.31,-27296568.01,-44732527.34,100665726.06,103590360.22,134826072.01,207666085.52,151503439.25,2022-04-29,299160222.36,1184900722.79,1198273561.91,-1051027476.87,764760161.07,338300252.69,98276338.4,27296568.01,,2135421.24,,2021,4,7705620160.789997,7705620160.789997,7404194659.739998,70341485.33000001,52483717.41,-17857767.92,130417233.11,-9383885.07,27659302.010000005,35379202.95999999,74128868.51999998,86960172.93,31812777.340000004,521684979.02,378939321.90999997,-321025294.06000006,-143022321.76999998,59499818.910000026,76710934.26,,3106432200.44,0.4208379851209071
603609,禾丰股份,2022-03-31,2022-04-29,903505306.46,1819446939.35,382025837.39,1042571340.28,,183490811.98,33045595.88,13239246061.8,5905176743.69,1008397964.53,6325671353.58,124740435.46,2700039320.29,503393452.75,3409825437.24,921960196.0,262729406.82,1433950743.22,4584791474.53,5513796629.22,663744863.52,,2600000.0,9103521.69,,2022-04-29,6374353021.62,6374353021.62,6123446383.05,-128176181.71,-176105012.26,-47928830.55,-12336418.11,-1110987.47,32732377.36,29486652.93,-118590450.86,-148479491.93,19883855.18,2022-04-29,-364899379.02,163974507.57,884392653.86,-182798314.14,233951493.7,29993463.86,2589861.5,,,2135421.24,,2022,1,6374353021.62,6374353021.62,6123446383.05,-128176181.71,-176105012.26,-47928830.55,-12336418.11,-1110987.47,32732377.36,29486652.93,-118590450.86,-148479491.93,19883855.18,-364899379.02,163974507.57,-182798314.14,233951493.7,29993463.86,2589861.5,,3427534928.9999995,0.44603572711958006
603609,禾丰股份,2022-06-30,2022-08-16,2189993810.76,1647315282.33,363096293.76,1059070817.64,1260637836.49,163644499.76,27458766.52,14922199538.84,7128087264.11,1054012643.56,6740099631.17,130810389.34,2885426476.63,509437487.05,3413537772.83,916218196.0,260101938.25,1512891413.1,4555232789.11,7053254862.54,734161170.69,,1700000.0,9298585.23,238927343.52,2022-08-16,13786913337.73,13786913337.73,13063274089.6,46650221.89,30844319.41,-15805902.48,-256757.22,-3504299.54,75110784.75,78146683.57,48477338.82,90906716.83,47250209.73,2022-08-16,-235657619.04,286247162.08,2157977659.76,-290059312.03,1484204780.79,66707173.25,3488039.61,256757.22,,2135421.24,,2022,2,7412560316.11,7412560316.11,6939827706.55,174826403.6,206949331.67,32122928.069999997,12079660.889999999,-2393312.0700000003,42378407.39,48660030.63999999,167067789.68,239386208.76,27366354.549999997,129241759.97999999,122272654.50999999,-107260997.88999999,1250253287.09,36713709.39,898178.1099999999,,4493764729.9800005,0.47768341694914185
603609,禾丰股份,2022-09-30,2022-10-26,1620240803.49,1123524427.58,351802603.71,1192295964.27,1273362330.22,163070901.11,25127755.48,15220021183.88,7067737905.44,1109178784.42,7043104494.02,181260146.87,2948015103.64,483904751.48,3465112366.3,916218196.0,254472727.81,1669731026.9,4354488454.62,7134226143.97,762520203.66,,1000000.0,9947732.85,238927343.52,2022-10-26,23521566015.69,23521566015.69,22115211046.59,349691848.01,366213685.38,16521837.37,-3205525.63,-12015867.23,118437388.35,123629381.22,353145999.78,453820361.16,71759863.41,2022-10-26,-227945679.32,451614456.76,1585048797.03,-446909002.48,1058842054.75,100811714.24,9841699.2,,,2135421.24,,2022,3,9734652677.96,9734652677.96,9051936956.99,303041626.12,335369365.96999997,32327739.85,-2948768.4099999997,-8511567.690000001,43326603.599999994,45482697.650000006,304668660.96,362913644.33000004,24509653.68,7711939.719999999,165367294.68,-156849690.45000005,-425362726.03999996,34104540.989999995,6353659.59,,4104056226.89,0.46437109515495695
603609,禾丰股份,2022-12-31,2023-03-31,1688741603.6,933785791.96,471328595.34,1312757309.28,1257828066.86,223002370.8,7685803.59,15427594029.54,7071968420.24,1119910247.51,7235715361.79,186579922.68,3361552176.45,601125529.45,3547181704.3,919430450.0,328428097.1,1692252639.28,4154985241.43,7105740345.26,638741381.87,,600000.0,5334961.22,233677472.64,2023-03-31,32811758209.54,32811758209.54,30839271196.05,512797304.59,536077495.73,23280191.14,-30098736.85,-11686265.27,160680329.03,167066021.4,518898468.37,656599013.64,92258009.59,2023-03-31,196266510.34,842818657.41,1648980222.82,-743139911.44,995492458.01,139539838.45,100849426.02,30098736.85,,290425.67,,2022,4,9290192193.850002,9290192193.850002,8724060149.46,163105456.57999998,169863810.35000002,6758353.770000001,-26893211.220000003,329601.9600000009,42242940.68000001,43436640.18000001,165752468.59000003,202778652.47999996,20498146.180000007,424212189.65999997,391204200.65,-296230908.96000004,-63349596.74000001,38728124.20999999,91007726.82,,4198702134.24,0.4583973629782415
603609,禾丰股份,2023-03-31,2023-04-28,1345734804.82,1125443021.21,412973235.66,1208993515.72,1270275941.16,220124011.09,8957311.79,15021859133.78,6705688800.03,1056937388.87,7259232944.88,198377669.56,3177217428.04,289626991.26,3748883704.27,919430450.0,303710301.46,1511073431.49,3913269890.27,6764492988.24,650808703.37,,,2344652.88,233677472.64,2023-04-28,7843617840.18,7843617840.18,7481627850.96,19434574.57,207967.14,-19226607.43,-13664284.99,-23820215.17,40112272.49,39651758.77,-30439130.62,1057871.37,13965012.58,2023-04-28,-288366567.32,113359208.76,1317132240.26,-44584058.34,2345374.1,35518530.08,61309792.55,,,290425.67,,2023,1,7843617840.18,7843617840.18,7481627850.96,19434574.57,207967.14,-19226607.43,-13664284.99,-23820215.17,40112272.49,39651758.77,-30439130.62,1057871.37,13965012.58,-288366567.32,113359208.76,-44584058.34,2345374.1,35518530.08,61309792.55,,4237809724.84,0.44639539888579854
603609,禾丰股份,2023-06-30,2023-08-16,1660917279.45,963535042.01,594798824.15,1291664114.75,1282248378.3,330828851.48,37536866.92,15520799349.7,7358413449.03,1052475292.96,7109910607.71,265178044.9,3027704599.6,304471666.92,3965916153.0,919433269.0,421248967.67,1617195420.5,4310254501.33,6954845644.99,623114586.15,,,1475134.12,233632570.23,2023-08-16,16707972782.22,16707972782.22,15899217688.34,-25363447.31,-55423054.35,-30059607.04,-80834494.33,-25440585.17,79810845.15,82077806.64,-91831099.1,-36316372.47,46709081.71,2023-08-16,250567972.06,249239147.97,1631973405.71,-178335076.67,-89010397.41,167332171.6,71225761.42,80834494.33,,27107934.61,,2023,2,8864354942.039999,8864354942.039999,8417589837.38,-44798021.879999995,-55631021.49,-10832999.61,-67170209.34,-1620370.0,39698572.660000004,42426047.87,-61391968.47999999,-37374243.839999996,32744069.130000003,538934539.38,135879939.20999998,-133751018.32999998,-91355771.50999999,131813641.52,9915968.870000005,,4463075210.690001,0.4741001596140233
603609,禾丰股份,2023-09-30,2023-10-28,1221689818.7,891763275.1,590931396.09,1201763545.91,1294020812.82,358050733.24,23509510.7,15682609632.41,7437069036.45,1083239030.2,7162301565.76,271891993.27,3115970004.86,329150856.07,4046409619.73,919433269.0,446892258.44,1853184992.29,4456671170.76,7060181234.22,571937581.74,,,1867536.43,233632570.23,2023-10-28,26892550110.01,26892550110.01,25535965271.71,39534693.47,3822016.92,-35712676.55,-64175941.24,-43593277.0,127500845.6,129040018.31,-21885560.4,61630670.17,85317437.71,2023-10-28,126788958.4,393546542.03,1192598012.64,-321918937.82,-261553897.02,200128053.37,82941589.09,,,1480025.17,,2023,3,10184577327.789999,10184577327.789999,9636747583.369999,64898140.78,59245071.27,-5653069.509999998,16658553.089999996,-18152691.83,47690000.44999999,46962211.67,69945538.69999999,97947042.64,38608355.99999999,-123779013.66,144307394.05999997,-143583861.15,-172543499.61,32795881.77000001,11715827.670000002,,4336529763.16,0.4742239468283647
603609,禾丰股份,2023-12-31,2024-03-30,1915378798.77,970957309.5,932730557.07,920051517.19,1305789795.09,368001422.29,42542892.62,14937114834.54,7321689145.52,956130680.23,6659295008.79,199776536.89,2686755249.88,158377935.65,4168026657.86,919433663.0,525191183.39,1629789558.94,4558424323.85,6422826044.37,600544056.16,829591.32,,6656358.86,233672216.24,2024-03-30,35970261909.41,35970261909.41,34540124263.81,-457037550.28,-588033027.34,-130995477.06,-143836924.38,-38716956.58,171600672.91,179236989.51,-503050322.71,-489577874.62,107091597.63,2024-03-30,956152750.32,486888624.03,1895034560.64,-402864641.04,-308196369.71,260193609.83,78944914.78,143836924.38,,290425.67,,2023,4,9077711799.400005,9077711799.400005,9004158992.099998,-496572243.75,-591855044.26,-95282800.51,-79660983.13999999,4876320.420000002,44099827.31,50196971.19999999,-481164762.31,-551208544.79,21774159.92,829363791.9200001,93342082.0,-80945703.22000003,-46642472.68999997,60065556.46000001,-3996674.3100000024,,4497530601.14,0.4901675609127415
603609,禾丰股份,2024-03-31,2024-04-27,1478066180.69,586895304.31,589772507.02,1698250065.06,1317562229.61,372428591.17,38431385.41,14867819856.75,7386602900.04,926977547.62,6554239409.09,204946435.6,2671033450.81,173926137.98,4080487639.57,919433663.0,514618399.23,1652348855.75,3834079855.83,6302156935.46,677968451.81,841973.28,,3087761.56,233672216.24,2024-04-27,7221755333.0,7221755333.0,6892337674.19,-102487079.3,-133571999.97,-31084920.67,-1599811.76,-19892569.12,41032916.45,43502145.22,-98204158.32,-100321073.27,27319256.36,2024-04-27,-344752921.6,65760246.64,1457773371.79,-102308173.24,9381982.14,28876854.24,2183595.17,,,290425.67,,2024,1,7221755333.0,7221755333.0,6892337674.19,-102487079.3,-133571999.97,-31084920.67,-1599811.76,-19892569.12,41032916.45,43502145.22,-98204158.32,-100321073.27,27319256.36,-344752921.6,65760246.64,-102308173.24,9381982.14,28876854.24,2183595.17,,4564908697.17,0.4968181597039244
603609,禾丰股份,2024-06-30,2024-08-16,1488996226.64,674139778.49,485908209.02,1654928098.68,1328243066.73,382835599.65,63484154.23,14853926663.62,7363161225.25,911038097.19,6579727341.18,216879206.48,2738172123.67,200037165.89,4054429414.48,919433761.0,517659037.44,1521942223.03,3809383094.88,6255614694.26,645300541.06,897692.1,,1346454.44,233672121.65,2024-08-16,14970615974.23,14970615974.23,14177941789.59,-34052713.06,-77432940.23,-43380227.17,-18124215.73,-29191343.63,82986128.03,86836679.02,-32334573.04,-25155047.39,39767717.42,2024-08-16,-46892367.72,205659065.0,1467485188.28,-249934508.61,-132200986.57,62827295.41,5219498.94,18124215.73,,290425.67,,2024,2,7748860641.23,7748860641.23,7285604115.400001,68434366.24,56139059.739999995,-12295306.5,-16524403.97,-9298774.509999998,41953211.58,43334533.8,65869585.279999994,75166025.88,12448461.060000002,297860553.88,139898818.36,-147626335.37,-141582968.70999998,33950441.17,3035903.7700000005,,4526054752.57,0.49570469761936664
603609,禾丰股份,2024-09-30,2024-10-30,1623210845.22,607166859.28,400953509.57,1726292630.28,1338657695.35,417612306.81,47150698.4,15286850905.96,7642905236.0,905088339.49,6738857330.47,207805820.24,2777542383.13,245795408.53,4012836279.25,919434056.0,540933060.77,1708320159.55,3989993687.25,6634579128.7,631395294.18,956506.41,,1115319.22,233671579.1,2024-10-30,24010607723.13,24010607723.13,22483691866.68,289132358.56,264649404.75,-24482953.81,-22177871.04,-36855628.9,124921793.68,133876239.31,291010655.14,350916348.75,65675660.73,2024-10-30,414019692.83,297428385.1,1597753986.39,-341003246.58,-371411335.11,89178366.12,8035305.97,,,290425.67,,2024,3,9039991748.900002,9039991748.900002,8305750077.09,323185071.62,342082344.98,18897273.360000003,-4053655.3099999987,-7664285.27,41935665.650000006,47039560.29000001,323345228.18,376071396.14,25907943.309999995,460912060.54999995,91769320.10000002,-91068737.96999997,-239210348.54000002,26351070.71000001,2815807.0299999993,,4490683001.29,0.49996596964389856
603609,禾丰股份,2024-12-31,2025-04-26,1794235141.02,567278990.41,497542789.55,1444154268.34,1349079789.0,420845598.26,94867723.87,14882522901.31,7305124096.76,882210481.68,6695188322.87,216354910.6,2809039422.59,189068183.7,4307643182.96,919434448.0,547493899.54,1629553678.79,3919699494.63,6014048367.07,552101624.23,904884.08,,8223061.85,233670941.96,2025-04-26,32545260037.87,32545260037.87,30447129165.17,342468141.14,310296050.36,-32172090.78,-53274841.91,-141911879.37,168191270.31,181050699.18,349481351.97,443614600.9,83607979.72,2025-04-26,1176900496.53,393119573.96,1748491877.6,-448278145.58,-877353019.52,120402126.46,10336063.55,53274841.91,,19864604.9,,2024,4,8534652314.739998,8534652314.739998,7963437298.489998,53335782.57999998,45646645.610000014,-7689136.9700000025,-31096970.869999997,-105056250.47,43269476.629999995,47174459.870000005,58470696.83000004,92698252.14999998,17932318.990000002,762880803.7,95691188.85999995,-107274899.0,-505941684.40999997,31223760.33999999,2300757.580000001,,4278901435.5600004,0.49085253523224776
603609,禾丰股份,2025-03-31,2025-04-26,1298148834.91,929017311.12,480371424.03,1703274733.98,1359497608.29,420734131.26,90628206.45,15445753097.0,7754322498.45,903332724.7,6788097873.85,219145472.98,3095294287.3,168818307.86,4269965024.64,919434448.0,539749932.18,1582910520.62,4105508385.22,6267360535.99,908097356.62,857450.73,,2816253.99,233670941.96,2025-04-26,7707503546.35,7707503546.35,7135772484.91,117943058.95,141173453.79,23230394.84,-9439719.77,-14608417.56,39652233.34,42896957.24,114202200.67,169490084.51,26176604.93,2025-04-26,-663158753.5,62213556.32,1219948634.51,-375973618.6,510407466.29,19857681.8,434023.1,,,19864604.9,,2025,1,7707503546.35,7707503546.35,7135772484.91,117943058.95,141173453.79,23230394.84,-9439719.77,-14608417.56,39652233.34,42896957.24,114202200.67,169490084.51,26176604.93,-663158753.5,62213556.32,-375973618.6,510407466.29,19857681.8,434023.1,,4892895208.68,0.5020358961944114
603609,禾丰股份,2025-06-30,2025-08-19,1397734900.12,1925181552.29,580093326.94,2143241068.38,1368807087.67,508573160.34,49782681.84,18764587972.41,10579411287.92,1362093973.9,6823082710.59,246879840.21,4414192127.2,401359940.78,5558991538.08,912480728.0,634469005.34,2381924491.73,6427805238.65,7914237598.26,1198899868.89,845068.77,,2944920.55,233666322.7,2025-08-19,17406638787.95,17406638787.95,16296215474.99,233069240.01,240108730.3,7039490.29,-44567555.81,-5866567.06,100318212.75,101642519.57,137775404.13,288863791.88,47664539.42,2025-08-19,-512062323.27,201441189.54,1351808101.61,-632764683.7,747864029.5,124882111.51,2211930.01,44567555.81,,30224168.56,,2025,2,9699135241.6,9699135241.6,9160442990.08,115126181.05999999,98935276.51000002,-16190904.55,-35127836.04000001,8741850.5,60665979.41,58745562.32999999,23573203.459999993,119373707.37,21487934.490000002,151096430.23000002,139227633.22,-256791065.10000002,237456563.20999998,105024429.71000001,1777906.9099999997,,6525896195.620001,0.5637966207131831
603609,禾丰股份,2025-09-30,2025-10-30,1535270492.15,2236023880.18,452793162.41,2045760608.85,1377701219.13,506314322.79,41630489.7,18642443389.74,10594277473.49,1337792756.62,6710373159.63,242542149.74,3902168314.84,410237102.95,5573867569.3,912491034.0,635700445.84,2275231086.91,6537912993.16,7718447922.96,1252259831.52,922456.02,,6102391.03,233649119.93,2025-10-30,28072618362.14,28072618362.14,26448712637.79,129115796.06,96379596.13,-32736199.93,-175323063.88,-27642807.81,158771460.83,159165121.35,26813515.7,184289836.53,82743353.78,2025-10-30,-117681845.74,472940861.63,1499119305.22,-891964251.87,760249481.37,171921135.32,11594750.93,,,28958168.09,,2025,3,10665979574.189999,10665979574.189999,10152497162.800001,-103953443.94999999,-143729134.17000002,-39775690.22,-130755508.07,-21776240.75,58453248.08000001,57522601.78,-110961888.42999999,-104573955.35,35078814.36,394380477.53,271499672.09000003,-259199568.16999996,12385451.870000005,47039023.80999999,9382820.92,,6618593193.36,0.5682880324217926
603609,禾丰股份,2025-12-31,2026-04-30,1720159136.73,1860677880.49,476613275.31,2071414535.29,1386717739.62,548934023.1,30577766.07,18179629430.21,10231430080.95,1329143293.21,6619056056.05,246509413.75,3616985768.42,284606615.03,5680220459.27,912491133.0,706103835.02,2197894265.86,6105190744.42,7093189790.24,1151511996.81,,,10741773.29,233649597.78,2026-04-30,35761520925.94,35761520925.94,33692727698.13,52516855.05,-3317254.1,-55834109.15,-225484767.78,-59717545.66,214770807.6,213400859.71,-75371898.28,140878923.72,137079133.32,2026-04-30,681096407.91,652916291.69,1689182180.39,-1039555043.82,300305454.76,205224036.41,24106437.78,225484767.78,,29876858.44,,2025,4,7688902563.800003,7688902563.800003,7244015060.34,-76598941.01,-99696850.22999999,-23097909.22,-50161703.900000006,-32074737.849999998,55999346.76999998,54235738.360000014,-102185413.98,-43410912.81,54335779.53999999,798778253.65,179975430.06000006,-147590791.95000005,-459944026.61,33302901.090000004,12511686.850000001,,6344357453.81,0.5627964046367151
603609,禾丰股份,2026-03-31,2026-04-30,1084346759.67,1955792920.26,683395725.64,2005761540.4,1395730255.32,578459149.3,26393655.17,18769817619.41,10801445457.72,1350755264.6,6617616897.09,285604944.98,4038884319.36,252201394.5,5606474099.53,908291133.0,727806351.2,2557973552.74,6706928819.87,7634336518.21,1200614271.56,,,12280704.08,233649597.78,2026-04-30,8930501147.98,8930501147.98,8269008602.25,8660905.6,38340751.9,29679846.3,-152984424.03,-13952433.56,57449251.82,52388339.6,7141338.84,75045280.95,33241873.83,2026-04-30,-681236699.69,93128857.93,1043137051.45,-110974917.49,149355640.29,38510533.77,6155895.33,,,29876858.44,,2026,1,8930501147.98,8930501147.98,8269008602.25,8660905.6,38340751.9,29679846.3,-152984424.03,-13952433.56,57449251.82,52388339.6,7141338.84,75045280.95,33241873.83,-681236699.69,93128857.93,-110974917.49,149355640.29,38510533.77,6155895.33,,6619139590.92,0.5754688551981533
603609,禾丰股份,2026-06-30,2026-08-31,1217523422.53,1756012727.53,532853514.11,2351905209.43,1404306639.5,578428374.96,32153968.15,18798405374.11,10847526327.26,1359872864.64,6591006182.21,302596061.6,4099826365.93,107309659.5,5601758939.07,908291133.0,716063136.33,2465298994.6,6389145323.55,7811145908.2,1142003155.75,,,11258268.25,233649438.49,2026-08-31,18962827693.7,18962827693.7,17762098436.0,-8479319.07,28274667.91,36753986.98,-219718469.51,-17575252.95,114088409.94,106908069.87,-18423533.54,122197722.53,84754190.05,2026-08-31,-351292249.62,179547327.53,1182384879.39,-198235515.8,47758818.4,120305981.36,11815657.45,219718469.51,,29876858.44,,2026,2,10032326545.720001,10032326545.720001,9493089833.75,-17140224.67,-10066083.989999998,7074140.679999996,-66734045.47999999,-3622819.3899999987,56639158.12,54519730.27,-25564872.38,47152441.58,51512316.22,329944450.07000005,86418469.6,-87260598.31000002,-101596821.88999999,81795447.59,5659762.119999999,,6623506465.53,0.5770450264999443
603717,天域生物,2015-12-31,2016-04-29,146237850.63,147901672.83,90000000.0,30000000.0,134351026.23,,,1406469374.41,914747112.87,1021627.82,490700633.72,,839306432.24,1200000.0,16050041.29,129533700.0,,465002060.48,750396086.64,1311511563.61,,,,,,2016-04-29,820348832.91,820348832.91,571710841.48,98212661.25,98153797.05,-58864.2,,,26131101.51,,97494170.8,117227858.14,19933054.33,2016-04-29,-213207472.29,6108645.86,145227626.71,-6017569.65,213146427.27,20199937.5,91076.21,11164644.99,,,,2015,4,,,,,,,,,,,,,,,,,,,,,402252699.06,0.6503853759728877
603717,天域生物,2016-03-31,,,,,,,,,,,,,,,,,,,,,,,,,,,2017-04-29,47279882.03,47279882.03,39383062.04,-34377114.53,-34386432.47,-9317.94,,,11026654.51,,-34121082.93,-34026499.46,146035.76,2017-04-29,-17259331.77,3047551.84,102029684.97,-3046141.84,-22892468.13,4479468.13,1410.0,,,,,2016,1,47279882.03,47279882.03,39383062.04,-34377114.53,-34386432.47,-9317.94,,,11026654.51,,-34121082.93,-34026499.46,146035.76,-17259331.77,3047551.84,-3046141.84,-22892468.13,4479468.13,1410.0,,0.0,
603717,天域生物,2016-06-30,2016-08-31,148974639.47,116568992.64,65000000.0,30000000.0,136655873.63,,,1391341531.59,872892768.66,998988.71,517449774.22,,559241100.08,1950000.0,15875045.63,129533700.0,,424899732.36,706236895.03,1187565850.76,,,9952500.0,14903389.05,,2016-08-31,361327961.12,361327961.12,263890089.44,26749140.5,26726501.39,-22639.11,,,14456222.62,,26367410.81,31982293.59,5797231.35,2016-08-31,64043646.69,3956113.75,138005123.1,-3953353.75,-67312796.55,9411582.17,2760.0,11478148.38,,,,2016,2,314048079.09000003,314048079.09000003,224507027.4,61126255.03,61112933.86,-13321.17,,,3429568.1099999994,,60488493.739999995,66008793.05,5651195.59,81302978.46,908561.9100000001,-907211.9100000001,-44420328.42,4932114.04,1350.0,,348224866.27,0.6273749103589784
603717,天域生物,2016-09-30,,,,,,,,,,,,,,,,,,,,,,,,,,,2017-10-27,472985936.49,472985936.49,343326359.2,30626633.93,30591436.46,-35197.47,,,24350961.44,,30575625.93,36239101.11,5898902.6,2017-10-27,51251744.27,4018141.03,135070302.07,-4015331.03,-57393737.88,12942523.5,2810.0,,,,,2016,3,111657975.37,111657975.37,79436269.75999999,3877493.4299999997,3864935.0700000003,-12558.36,,,9894738.820000002,,4208215.120000001,4256807.52,101671.25,-12791902.419999994,62027.279999999795,-61977.279999999795,9919058.669999994,3530941.33,50.0,,0.0,
603717,天域生物,2016-12-31,2017-02-14,147244984.99,102500000.0,55000000.0,25000000.0,138999184.94,,,1481737139.52,880163961.82,960253.18,600612924.52,,796494453.19,2050800.0,15488429.94,129533700.0,,482332097.58,716164776.88,1337433649.25,,,300000.0,11734092.41,,2017-02-14,825610618.68,825610618.68,576403141.82,109912290.8,109850916.16,-61374.64,,,31430729.25,,110118738.49,132495626.59,22802629.82,2017-02-14,129111675.03,6400517.45,146731787.19,-6754097.39,-120853417.16,33988121.92,646420.06,10429884.78,,,,2016,4,352624682.18999994,352624682.18999994,233076782.62000006,79285656.87,79259479.69999999,-26177.17,,,7079767.809999999,,79543112.56,96256525.48,16903727.22,77859930.75999999,2382376.4200000004,-2738766.36,-63459679.279999994,21045598.42,643610.06,,321499184.94,0.5940081667286304
603717,天域生物,2017-03-31,2017-04-29,631015965.17,214796176.2,,25000000.0,140290375.37,,,2030155365.39,835111726.82,942275.1,1194101363.47,,858750359.07,2135136.0,18954699.01,172711600.0,,371767702.34,669821351.45,1880602080.61,,,300000.0,11652812.65,,2017-04-29,204618837.01,204618837.01,145430302.24,23302338.95,23284360.87,-17978.08,,,8003162.64,,22107155.38,30495416.5,7219255.03,2017-04-29,-146158228.75,5447882.58,630502382.47,-5444882.58,635373706.61,3141667.16,3000.0,,,,,2017,1,204618837.01,204618837.01,145430302.24,23302338.95,23284360.87,-17978.08,,,8003162.64,,22107155.38,30495416.5,7219255.03,-146158228.75,5447882.58,-5444882.58,635373706.61,3141667.16,3000.0,,380086551.57,0.4113536042890846
603717,天域生物,2017-06-30,2017-08-30,536192744.12,212296176.2,25000000.0,,141595912.36,,,2085150344.18,872958189.89,928212.78,1211263941.51,,949346786.32,2272021.0,19782296.15,172711600.0,,392297841.56,731362277.53,1973276291.75,16914834.5,,,20117400.57,,2017-08-30,385782321.78,385782321.78,265700615.4,40464916.99,40432876.59,-32040.4,,,14296589.6,,39615664.77,53619593.15,12187275.55,2017-08-30,-209066156.29,23189886.68,535678767.67,-27186677.68,625199814.45,6153470.92,3000.0,9313117.83,,5002663.84,,2017,2,181163484.76999998,181163484.76999998,120270313.16,17162578.040000003,17148515.720000003,-14062.32,,,6293426.96,,17508509.390000004,23124176.65,4968020.5200000005,-62907927.53999999,17742004.1,-21741795.1,-10173892.159999967,3011803.76,0.0,,378892088.56,0.41865479500150715
603717,天域生物,2017-09-30,2017-10-27,269336688.51,127296176.2,25000000.0,79574172.5,142915795.91,,,2048680274.5,827352891.13,913519.04,1220413864.33,,1014736263.46,167377159.77,25835948.63,172711600.0,,371950347.03,604862922.72,1679706936.13,790000.0,,5355337.8,17835926.55,,2017-10-27,534707277.46,534707277.46,372984766.96,49614839.81,49568105.67,-46734.14,,,19392214.79,22097076.64,48844061.95,66619616.75,15998308.42,2017-10-27,-202060904.37,184473244.34,268822712.06,-292714329.77,616866159.01,9054715.45,23265.0,,,5002663.84,,2017,3,148924955.68,148924955.68,107284151.55999997,9149922.82,9135229.079999998,-14693.739999999998,,,5095625.1899999995,,9228397.18,13000023.600000001,3811032.869999999,7005251.919999987,161283357.66,-265527652.08999997,-8333655.440000057,2901244.5299999993,20265.0,,374786144.61,0.4038467599986647
603717,天域生物,2017-12-31,2018-03-31,232073121.16,188584864.6,174250205.51,74574172.5,,,,2395003913.09,1101972349.66,904531.0,1292127032.43,,1174476713.54,169946799.21,30673009.6,172711600.0,,563274725.9,1027398177.16,2017118745.23,104264559.43,,5905337.8,37963318.49,,2018-03-31,947250751.17,947250751.17,653101827.34,121328007.91,121272285.73,-55722.18,,,25569746.28,28896700.44,113641226.49,144430650.4,22560770.35,2018-03-31,-228465287.13,195739069.45,225653022.8,-343980155.88,651366678.62,24680875.07,23265.0,26493157.24,,5002664.84,,2017,4,412543473.71,412543473.71,280117060.38000005,71713168.1,71704180.06,-8988.04,,,6177531.490000002,6799623.800000001,64797164.53999999,77811033.65,6562461.930000002,-26404382.75999999,11265825.109999985,-51265826.110000014,34500519.610000014,15626159.620000001,0.0,,437409242.61,0.46011296417392944
603717,天域生物,2018-03-31,2018-04-28,197035588.38,242310843.92,180699733.55,69574172.5,,,,2460017463.44,1170086964.97,2385132.74,1287545365.73,,1126861516.66,4447760.62,202934551.3,172711600.0,,493471638.89,1100512792.47,1967950485.27,104264559.43,,30731544.0,36260896.65,,2018-04-28,159714091.42,159714091.42,114408961.31,-4581666.7,-4601064.96,-19398.26,,,6114379.78,7560876.1,-4564029.16,-3219632.33,1302751.75,2018-04-28,-99144981.3,18737850.04,185150231.1,19304429.82,39337759.78,4002611.87,,,,5002664.84,,2018,1,159714091.42,159714091.42,114408961.31,-4581666.7,-4601064.96,-19398.26,,,6114379.78,7560876.1,-4564029.16,-3219632.33,1302751.75,-99144981.3,18737850.04,19304429.82,39337759.78,4002611.87,,,492584749.97,0.4756417311500677
603717,天域生物,2018-06-30,2018-08-10,99478953.6,358160843.92,162165367.43,64574172.5,,,,2833934443.94,1528263570.58,2381656.75,1303289216.61,,1258457068.69,1112971.54,209342588.32,241796240.0,,724255795.51,1463689398.08,2209140142.16,104264559.43,,49400786.52,65758102.14,,2018-08-10,577164073.88,577164073.88,409956534.45,45704504.18,45681629.93,-22874.25,-17032830.95,,15898509.82,17497531.3,45179367.38,55506737.17,9909726.56,2018-08-10,-191142760.33,24587095.3,82112823.56,-37185933.56,84788494.65,43724212.58,666581.88,17032830.95,,5002664.84,,2018,2,417449982.46000004,417449982.46000004,295547573.14,50286170.88,50282694.89,-3475.9900000000016,,,9784130.04,9936655.200000001,49743396.54000001,58726369.5,8606974.81,-91997779.03000002,5849245.260000002,-56490363.38,45450734.870000005,39721600.71,,,584900383.85,0.5392727322426222
603717,天域生物,2018-09-30,2018-10-23,233136917.7,371394458.48,168647107.19,59574172.5,,,,3017338981.24,1702969814.62,2374228.63,1311994937.99,,1028043025.51,1592503.96,208950938.75,241796240.0,,723590143.75,1643395642.12,2294106955.61,104264559.43,,,66017871.87,,2018-10-23,763294970.78,763294970.78,538885413.05,54410225.56,54379923.19,-30302.37,-15553139.97,,25665750.05,27504977.16,53181207.74,64735976.34,10470971.23,2018-10-23,-47941561.77,33254914.82,214107124.83,-67722953.08,104118616.88,48805706.6,667781.88,,,5002664.84,,2018,3,186130896.89999998,186130896.89999998,128928878.59999996,8705721.380000003,8698293.259999998,-7428.119999999999,1479690.9799999986,,9767240.23,10007445.86,8001840.359999999,9229239.170000002,561244.6699999999,143201198.56,8667819.52,-30537019.519999996,19330122.22999999,5081494.020000003,1200.0,,599615738.1700001,0.5643945957706584
603717,天域生物,2018-12-31,2019-04-26,265278934.63,405716264.13,34529903.83,54574172.5,,,14307644.77,3095146078.48,1718215600.84,27686146.5,1349244331.14,,995227272.75,5643734.68,205289623.39,241796240.0,,818085610.0,1648893783.57,2251832921.21,106964559.43,,170171771.18,88394491.15,,2019-04-26,1047722732.57,1047722732.57,725556270.98,91659618.71,91621234.21,-38384.5,-20682587.37,,36513863.11,38268982.39,89605307.63,106300008.67,16129896.63,2019-04-26,2773811.78,36584002.75,192404558.85,-75490345.01,39468069.28,68001848.81,668181.88,20682587.37,,5002664.84,,2018,4,284427761.7900001,284427761.7900001,186670857.93000007,37249393.14999999,37241311.019999996,-8082.130000000001,-5129447.4,,10848113.059999999,10764005.23,36424099.88999999,41564032.33,5658925.4,50715373.550000004,3329087.9299999997,-7767391.930000007,-64650547.599999994,19196142.21,400.0,,494820340.46,0.5551323127481599
603717,天域生物,2019-03-31,2019-04-30,316191348.31,406990827.5,79803760.32,49574172.5,,,109502092.96,3122147769.26,1744053789.76,27682774.59,1350411204.91,,951771504.82,5101284.93,202794900.97,241796240.0,,772836973.31,1582437524.3,2261853649.58,107964559.43,3000000.0,,45055744.85,,2019-04-30,171209033.54,171209033.54,119217784.83,1166873.77,1163501.86,-3371.91,,371942.08,7036255.01,8236819.62,-217941.03,2478909.54,2454544.26,2019-04-30,-60854531.84,4338399.98,206732545.85,-5338399.98,80520918.82,6760730.87,,,,5002664.84,,2019,1,171209033.54,171209033.54,119217784.83,1166873.77,1163501.86,-3371.91,,371942.08,7036255.01,8236819.62,-217941.03,2478909.54,2454544.26,-60854531.84,4338399.98,-5338399.98,80520918.82,6760730.87,,,536368760.32,0.5586070611172158
603717,天域生物,2019-06-30,2019-08-23,386650636.01,404120827.5,86083069.26,44574172.5,247785286.88,,88125021.96,3316953122.0,1903035175.62,30679548.86,1383238397.52,,1003872369.57,4984270.32,197990517.75,241796240.0,,725617099.04,1520423017.28,2410488382.86,107964559.43,,67438737.09,46162985.72,,2019-08-23,433725499.69,433725499.69,280418255.6,33994066.38,33987468.74,-6597.64,,-16620643.61,17017931.75,17224234.93,33328146.41,42794722.2,9134568.65,2019-08-23,-169622788.44,5776236.68,312913103.71,-6686436.68,296817769.98,15500492.65,89800.0,16620643.61,,5002664.84,,2019,2,262516466.15,262516466.15,161200470.77000004,32827192.610000003,32823966.880000003,-3225.7300000000005,,-16992585.689999998,9981676.74,8987415.309999999,33546087.44,40315812.660000004,6680024.390000001,-108768256.6,1437836.6999999993,-1348036.6999999993,216296851.16000003,8739761.780000001,,,782563356.14,0.5737298977781573
603717,天域生物,2019-09-30,2019-10-31,265719324.31,304638513.55,91367648.04,159574172.5,247956149.7,,67674800.59,3313213887.01,1891250311.85,32674986.31,1389288588.85,,1051387578.29,4507246.67,196365449.73,241796240.0,,716473123.69,1414015155.02,2333037338.69,133864559.43,,68805895.65,49606213.6,,2019-10-31,615116662.9,615116662.9,417140875.91,40044257.71,40033097.52,-11160.19,,-18531124.36,29650595.77,29029593.33,29656788.74,48062516.93,6621557.29,2019-10-31,-281450766.93,7853596.91,189032517.5,5833702.34,272245023.24,26028444.29,96930.0,,,5002664.84,,2019,3,181391163.20999998,181391163.20999998,136722620.31,6050191.329999998,6045628.780000001,-4562.55,,-1910480.75,12632664.02,11805358.399999999,-3671357.670000002,5267794.729999997,-2513011.3600000003,-111827978.49000001,2077360.2300000004,12520139.02,-24572746.74000001,10527951.639999999,7130.0,,803536483.79,0.5708204711035885
603717,天域生物,2019-12-31,2020-04-25,320675489.66,278062157.38,122097103.08,199574172.5,248238842.68,,60647189.34,3457126873.63,2006211230.24,40251588.21,1410664055.18,,993343132.71,430847.43,190615934.45,241796240.0,,767811434.36,1495692341.62,2385193633.43,25000000.0,,115405895.65,108996499.72,,2020-04-25,837308909.97,837308909.97,560674711.33,61419724.04,61405165.75,-14558.29,,-36051637.43,36932597.89,40883358.77,44552951.68,69224717.39,7153025.61,2020-04-25,-303095938.16,9262023.76,219072449.61,-8349172.43,338113001.35,40986289.95,101904.0,36051637.43,,5002664.84,,2019,4,222192247.07000005,222192247.07000005,143533835.42000002,21375466.33,21372068.229999997,-3398.1000000000004,,-17520513.07,7282002.120000001,11853765.440000005,14896162.940000001,21162200.46,531468.3200000003,-21645171.23000002,1408426.8499999996,-14182874.77,65867978.110000014,14957845.660000004,4974.0,,847972275.6400001,0.58031171651316
603717,天域生物,2020-03-31,2020-04-30,329535307.56,293129132.61,167176005.36,243564172.5,248400887.32,,57629268.51,3370724722.78,1925599835.91,41883559.35,1403241327.52,,85725111.77,353177.53,187965274.7,241796240.0,,612862692.91,1374050109.55,2178323472.95,681317076.48,,118899000.0,123425671.81,,2020-04-30,87523920.56,87523920.56,45083865.99,-7418047.66,-7540756.52,-122708.86,,582008.46,12587191.99,11747430.85,-7357958.86,-6413857.44,550127.69,2020-04-30,-66534007.17,522548.8,255627440.05,-282677.9,103371675.51,9331465.33,,,,5002664.84,,2020,1,87523920.56,87523920.56,45083865.99,-7418047.66,-7540756.52,-122708.86,,582008.46,12587191.99,11747430.85,-7357958.86,-6413857.44,550127.69,-66534007.17,522548.8,-282677.9,103371675.51,9331465.33,,,952270197.79,0.5712717573453653
603717,天域生物,2020-06-30,2020-08-28,238372058.06,329957854.85,122865106.39,235524072.5,248565851.14,,37015681.94,3390930600.41,1926780454.59,72197973.48,1391952172.34,216124.58,92188930.86,353177.53,169829230.37,241796240.0,,588100569.39,1403822737.05,2135019096.91,612968059.59,100000.0,81260000.0,136802581.16,,2020-08-28,227806635.63,227806635.63,148947036.31,-18711882.84,-18965497.57,-253614.73,,-18971323.17,27436678.89,26075026.68,-24754459.16,-25357749.36,-1664118.53,2020-08-28,-69779612.11,71633868.14,151618717.55,-62985529.06,65311409.11,40212058.7,1088885.0,,,5002664.84,,2020,2,140282715.07,140282715.07,103863170.32,-11293835.18,-11424741.05,-130905.87000000001,,-19553331.630000003,14849486.9,14327595.83,-17396500.3,-18943891.919999998,-2214246.2199999997,-3245604.9399999976,71111319.34,-62702851.160000004,-38060266.400000006,30880593.370000005,,,936912884.88,0.5682158326558
603717,天域生物,2020-09-30,2020-10-16,220126097.27,306169251.92,121757546.2,245524072.5,248743811.7,,16122254.85,3490703140.71,1989385166.49,107095515.71,1394222458.51,5705615.37,93089563.26,1168271.86,166656441.53,241796240.0,,680434301.06,1477686201.55,2198009772.31,594004433.46,100000.0,107591585.0,154435397.14,,2020-10-16,441247932.47,441247932.47,318568303.84,-16436916.66,-16797669.17,-360752.51,,-24480728.45,39235210.12,39403209.13,-23792531.98,-22858467.91,-1441701.96,2020-10-16,-124199273.44,73205519.29,146759143.54,-63805579.41,115691546.78,48617733.23,1840485.0,,,5002664.84,,2020,3,213441296.84000003,213441296.84000003,169621267.52999997,2274966.1799999997,2167828.3999999985,-107137.78,,-5509405.2799999975,11798531.229999997,13328182.450000003,961927.1799999997,2499281.4499999993,222416.57000000007,-54419661.33,1571651.150000006,-820050.349999994,50380137.67,8405674.529999994,751600.0,,922194682.3199999,0.5699095816223904
603717,天域生物,2020-12-31,2021-04-06,181458421.64,314044473.78,143407238.15,212024072.5,248921772.26,,4000000.0,3317592718.07,1957102056.83,120750060.87,1239740600.37,7057155.41,74450213.63,1307503.94,164259733.38,241796240.0,,741207702.21,1480595474.03,2062979769.28,505234196.18,,59091585.0,94660715.26,,2021-04-06,582542897.16,582542897.16,520654103.22,-157445616.79,-158597144.13,-1151527.34,-31871717.06,-34423858.5,48077354.4,58014331.96,-161718442.57,-167243728.62,-2165277.01,2021-04-06,-86511975.38,77871156.84,114293528.84,-64068602.05,45801656.66,60214833.03,1848985.0,31871717.06,,5002664.84,,2020,4,141294964.68999994,141294964.68999994,202085799.38000005,-141008700.13,-141799474.95999998,-790774.8300000001,,-9943130.05,8842144.280000001,18611122.83,-137925910.59,-144385260.71,-723575.0499999998,37687298.06,4665637.549999997,-263022.6400000006,-69889890.12,11597099.800000004,8500.0,,918397556.6899999,0.5899163107545456
603717,天域生物,2021-03-31,2021-04-16,152760013.81,243899406.43,127271454.09,207024072.5,249095864.11,37313270.53,,3135581338.24,1752003790.08,138630400.26,1244947147.9,4927324.33,80295115.6,1342902.17,162025997.77,241796240.0,42592139.98,605808307.23,1247102210.98,1957961196.56,515117773.49,,59091585.0,109017229.34,,2021-04-16,138529908.46,138529908.46,116230470.21,5206547.53,4393916.92,-812630.61,237378.3,7533917.59,-4895540.08,13063920.79,3824791.36,9561215.71,6066856.1,2021-04-16,-24908471.87,695294.98,85914863.94,65229505.8,-69019698.83,7575159.49,1255.0,,,5002664.84,,2021,1,138529908.46,138529908.46,116230470.21,5206547.53,4393916.92,-812630.61,237378.3,7533917.59,-4895540.08,13063920.79,3824791.36,9561215.71,6066856.1,-24908471.87,695294.98,65229505.8,-69019698.83,7575159.49,1255.0,,864604067.66,0.5587492720132716
603717,天域生物,2021-06-30,2021-08-27,425783597.4,196188940.42,347754463.72,195185256.06,,20060293.07,,3473161240.95,1737498203.37,138695666.48,1596967371.1,4548927.14,82200331.52,2631289.46,159651506.79,290146240.0,26682043.4,644464078.61,1506139840.16,2338784014.25,415104161.63,,27880585.0,151304637.13,,2021-08-27,307783363.28,307783363.28,258845268.38,-36818110.53,-38615474.92,-1797364.39,-714705.59,-40952419.74,9300692.14,26778762.03,-50738629.18,-42171714.93,1025416.68,2021-08-27,-37371088.75,762775.55,383228581.32,66513172.23,239472969.0,35017232.97,1532402.0,714705.59,,5002664.84,,2021,2,169253454.81999996,169253454.81999996,142614798.17000002,-42024658.06,-43009391.84,-984733.7799999999,-952083.8899999999,-48486337.33,14196232.22,13714841.240000002,-54563420.54,-51732930.64,-5041439.42,-12462616.879999999,67480.57000000007,1283666.4299999997,308492667.83,27442073.479999997,1531147.0,,759188953.2700001,0.5002641924262489
603717,天域生物,2021-09-30,2021-10-30,257599309.55,183180069.08,331365645.15,190611083.56,,19946740.94,,3333483805.5,1591057632.19,169604153.6,1572822019.71,6404222.91,104782484.52,2864213.39,170384655.85,290146240.0,26531828.28,619081678.59,1365470923.29,2231000985.71,417851701.12,,34597184.3,60533163.88,,2021-10-30,443922578.18,443922578.18,373421309.36,-60980076.37,-65207397.64,-4227321.27,-1402062.94,-48620089.38,22134256.65,37758187.37,-77584426.13,-72760168.1,-1122798.91,2021-10-30,-120411073.22,1220597.78,202845058.75,84140336.37,124502266.76,42160171.94,20607339.64,,,5002664.84,,2021,3,136139214.90000004,136139214.90000004,114576040.98000002,-24161965.839999996,-26591922.72,-2429956.88,-687357.35,-7667669.640000001,12833564.509999998,10979425.339999996,-26845796.949999996,-30588453.169999994,-2148215.59,-83039984.47,457822.23,17627164.140000008,-114970702.24,7142938.969999999,19074937.64,,725103538.73,0.47729574373958966
603717,天域生物,2021-12-31,2022-04-26,305658474.91,166342325.39,326307511.13,212111083.56,,41003138.0,2485112.39,3328832887.59,1717243213.64,193732247.14,1417857426.81,6355288.73,105950652.5,3926644.65,168223569.66,290146240.0,54755208.54,684180381.93,1423962449.71,2222820052.81,129078373.28,,53747284.3,108392995.2,,2022-04-26,638082659.11,638082659.11,588923177.32,-214744456.67,-220561484.78,-5817028.11,-1390402.75,-170581397.89,33936990.92,48762118.64,-246817349.71,-240619882.92,-15138382.55,2022-04-26,-223316026.43,6934923.92,176346507.4,79451928.75,205917076.24,50077945.1,21633329.94,1390402.75,,5002664.84,,2021,4,194160080.93,194160080.93,215501867.96000004,-153764380.29999998,-155354087.14,-1589706.8400000008,11660.189999999944,-121961308.50999999,11802734.270000003,11003931.270000003,-169232923.58,-167859714.82,-14015583.64,-102904953.21000001,5714326.14,-4688407.620000005,81414809.48,7917773.160000004,1025990.3000000007,,745764058.0799999,0.5158694568423485
603717,天域生物,2022-03-31,2022-04-30,563538805.19,101404212.66,325070748.6,636592235.08,,138330950.95,2485112.39,3648364419.44,2005363129.01,202267522.44,1440733767.99,5825465.69,135782471.38,7392013.44,12611103.68,290146240.0,190657917.23,583477541.23,1188549125.0,2467770786.87,157003850.7,,46205009.3,43006582.01,,2022-04-30,123504035.84,123504035.84,118906290.6,22876341.18,20834244.26,-2042096.92,-122877.63,-463294.48,1179818.82,10169397.65,-26785365.94,20740432.69,-120312.42,2022-04-30,-28128563.13,18036318.57,536967600.61,139522537.43,249227118.91,8736773.84,218170656.0,,,5564464.84,,2022,1,123504035.84,123504035.84,118906290.6,22876341.18,20834244.26,-2042096.92,-122877.63,-463294.48,1179818.82,10169397.65,-26785365.94,20740432.69,-120312.42,-28128563.13,18036318.57,139522537.43,249227118.91,8736773.84,218170656.0,,1201398147.29,0.5496608612682968
603717,天域生物,2022-06-30,2022-08-12,334655578.88,111092822.23,70707877.4,634561913.04,,162170425.0,11342436.39,3731033005.19,2055066739.58,233927738.66,1442038526.95,20991728.11,239135990.45,23466503.07,22203041.84,290146240.0,220655766.88,666999744.01,1204372846.38,2280422683.65,419050628.45,,24205009.3,196242996.25,,2022-08-12,348690853.12,348690853.12,305905381.32,22665876.63,15289558.11,-7376318.52,-120055.93,-12601321.83,5879889.14,17973185.11,-26480431.11,11905473.05,-1702739.79,2022-08-12,-20838712.13,30144809.91,309321572.79,-16567090.91,170380868.43,38086465.33,222170656.0,120055.93,,5564464.84,,2022,2,225186817.28,225186817.28,186999090.72,-210464.55000000075,-5544686.150000002,-5334221.6,2821.7000000000116,-12138027.35,4700070.319999999,7803787.459999999,304934.83000000194,-8834959.64,-1582427.37,7289851.0,12108491.34,-156089628.34,-78846250.47999999,29349691.49,4000000.0,,978533037.67,0.5508036880728014
603717,天域生物,2022-09-30,2022-10-31,363395813.38,141813140.15,75373564.95,675027726.7,,157550815.53,31680311.26,3840032566.75,2122535166.31,264756654.5,1452740745.94,34772168.78,288396970.89,7343742.96,62601533.87,290146240.0,212884136.57,655533627.91,1219663461.28,2360773511.74,263007787.44,,12000000.0,138858465.82,,2022-10-31,645053408.55,645053408.55,522033870.89,33283049.66,50235646.98,16952597.32,241936.4,-17165344.75,11644638.16,22618051.48,-15737884.87,48359163.86,-1405621.34,2022-10-31,46031376.39,57150747.95,343378108.84,-45655531.31,166655756.36,47246898.42,222388153.64,,,5564464.84,,2022,3,296362555.42999995,296362555.42999995,216128489.57,10617173.030000001,34946088.87,24328915.84,361992.32999999996,-4564022.92,5764749.0200000005,4644866.370000001,10742546.24,36453690.81,297118.44999999995,66870088.519999996,27005938.040000003,-29088440.400000002,-3725112.069999993,9160433.090000004,217497.6399999857,,1049765247.33,0.5527388451568267
603717,天域生物,2022-12-31,2023-04-29,287725879.62,142134338.88,82192021.95,649161913.04,,172832066.22,39447302.55,3427792694.38,2026856680.24,293526032.15,1107409981.99,55030802.99,239742877.09,7367717.95,68173834.03,290146240.0,231289675.43,666006937.07,1130848825.21,1914412328.52,309116506.28,,38200000.0,64211057.59,,2023-04-29,944914502.25,944914502.25,837893019.41,-312194835.94,-268496865.3,43697970.64,-95722982.28,-247636637.78,14608852.77,29183181.83,-389123512.57,-323030070.58,-48299250.64,2023-04-29,105530306.65,83336159.59,241547139.64,-93628647.28,53298972.87,60324188.2,220085213.02,95722982.28,,5564464.84,,2022,4,299861093.70000005,299861093.70000005,315859148.52,-345477885.6,-318732512.28000003,26745373.32,-95964918.68,-230471293.03,2964214.6099999994,6565130.349999998,-373385627.7,-371389234.44,-46893629.3,59498930.260000005,26185411.64,-47973115.97,-113356783.49000001,13077289.780000001,-2302940.619999975,,1046320340.0899999,0.5913008343716674
603717,天域生物,2023-03-31,2023-04-29,277992725.58,148802614.48,77232998.34,808911913.04,,158582676.25,186177146.92,3650810564.61,2292888715.47,274030483.56,1083891365.58,55466017.9,230771497.33,14737514.37,208098823.54,290146240.0,223035854.64,618617420.42,1105433815.47,1951834727.74,351283268.04,5000.0,54900000.0,59558311.42,,2023-04-29,188942002.31,188942002.31,225994063.1,-46946017.53,-69705511.33,-22759493.8,-8084753.27,-3620939.99,106992.27,4111006.77,-47347024.0,-69219699.12,-645600.97,2023-04-29,-127334108.06,15183579.04,170276622.11,-6903877.06,62967467.59,15880428.61,7310.0,,,5564463.84,,2023,1,188942002.31,188942002.31,225994063.1,-46946017.53,-69705511.33,-22759493.8,-8084753.27,-3620939.99,106992.27,4111006.77,-47347024.0,-69219699.12,-645600.97,-127334108.06,15183579.04,-6903877.06,62967467.59,15880428.61,7310.0,,1193530202.11,0.6280492167127655
603717,天域生物,2023-06-30,2023-08-31,179385527.53,156561497.19,86069067.88,802454109.48,,159028391.22,227767613.55,3565506938.26,2272709971.21,243073319.1,1049723647.95,53456343.39,206134607.81,22007706.4,235113273.94,290146240.0,222454788.76,579784829.73,1050424460.51,1809632363.42,400317092.98,,,48296289.47,,2023-08-31,432525442.82,432525442.82,466413365.33,-90902386.3,-137721344.63,-46818958.33,-17638932.83,-7892405.7,7814796.61,12141468.63,-89452177.38,-136453888.78,-1393531.21,2023-08-31,-187706018.48,53761091.63,101661506.33,-48891914.47,96712299.64,30823869.32,7753.0,7892405.7,,5564463.84,,2023,2,243583440.51,243583440.51,240419302.23,-43956368.769999996,-68015833.3,-24059464.529999997,-9554179.559999999,-4271465.71,7707804.340000001,8030461.860000001,-42105153.379999995,-67234189.66,-747930.24,-60371910.41999999,38577512.59,-41988037.41,33744832.05,14943440.71,443.0,,1204113065.77,0.6374156636248486
603717,天域生物,2023-09-30,2023-10-31,157280890.66,163584622.15,100574465.82,803796510.94,,158576030.76,253221879.65,3616689883.79,2355638414.56,235979188.83,1025072280.4,46531522.57,210913637.06,8671518.43,269787991.64,290146240.0,212015180.81,581092044.87,1107754758.51,1844385107.04,435545694.7,14000000.0,3000000.0,79590865.05,,2023-10-31,593236623.2,593236623.2,625668892.47,-115266002.07,-172829090.68,-57563088.61,-18274128.16,-12408379.03,15394360.55,20530010.79,-113013707.41,-171505785.96,-3187717.62,2023-10-31,-223681676.06,79475079.1,93238597.89,-88593879.94,163967014.25,38383819.54,19775.0,,,5564463.84,,2023,3,160711180.38000005,160711180.38000005,159255527.14000005,-24363615.769999996,-35107746.05000001,-10744130.280000001,-635195.3300000019,-4515973.329999999,7579563.94,8388542.159999998,-23561530.03,-35051897.18000001,-1794186.4100000001,-35975657.58000001,25713987.46999999,-39701965.47,67254714.61,7559950.219999999,12022.0,,1226531629.67,0.6513244127227963
603717,天域生物,2023-12-31,2024-04-30,151602505.27,135141175.81,135995878.7,751373698.12,,157391961.8,262198061.47,3272635868.81,2438286169.05,188691543.71,645658156.05,34601901.85,159630145.89,19057210.19,265644244.9,290146240.0,202486742.72,684004086.17,1238154022.21,1627464954.7,459172670.11,10293500.8,3000000.0,84147595.94,,2024-04-30,670454363.38,670454363.38,901209132.02,-461636824.63,-565887558.35,-104250733.72,-165475728.73,-11423582.2,19544164.95,30557252.55,-483348525.26,-569423812.64,-12694507.9,2024-04-30,-175930450.01,84544952.79,95036332.54,-102235789.51,131655432.44,49307713.06,31206.09,165475728.73,,5564463.84,,2023,4,77217740.17999995,77217740.17999995,275540239.54999995,-346370822.56,-393058467.67,-46687645.11,-147201600.57,984796.8300000001,4149804.3999999985,10027241.760000002,-370334817.85,-397918026.67999995,-9506790.280000001,47751226.05000001,5069873.6900000125,-13641909.570000008,-32311581.810000002,10923893.520000003,11431.09,,1179902714.43,0.7450526935453449
603717,天域生物,2024-03-31,2024-04-30,199865686.86,173482667.77,133661570.86,827543741.66,,156026612.37,281093041.04,3349764635.23,2476440477.82,218637902.3,654686255.11,25632278.87,181199953.21,20399218.2,331962009.7,290146240.0,196810076.91,594068987.03,1183029046.7,1601825978.15,524535250.81,1064320.0,3000000.0,75702224.36,,2024-04-30,211157093.9,211157093.9,174097406.42,9028099.06,18520621.51,9492522.45,7125718.21,3033363.43,3835494.3,8079277.61,1788894.4,20230587.01,2225495.82,2024-04-30,-14786979.09,9401461.78,132235266.08,-15858430.31,67844342.94,10556203.85,108000.0,,,5564463.84,,2024,1,211157093.9,211157093.9,174097406.42,9028099.06,18520621.51,9492522.45,7125718.21,3033363.43,3835494.3,8079277.61,1788894.4,20230587.01,2225495.82,-14786979.09,9401461.78,-15858430.31,67844342.94,10556203.85,108000.0,,1290714592.6599998,0.7392879045216751
603717,天域生物,2024-06-30,2024-08-31,179590104.57,155465473.17,131846126.84,813529272.35,,127306847.96,265979249.23,3309581048.09,2442056929.42,215064558.21,652459560.46,20960799.69,221840665.18,30238321.22,333336431.56,290146240.0,164795022.17,633254651.19,1204028380.99,1561019554.49,534519372.3,,3000000.0,73537247.94,,2024-08-31,423381788.06,423381788.06,360172864.67,6228578.44,13701203.81,7472625.37,8682139.53,-7165855.02,-1788510.21,23525135.05,-3069602.22,10870638.24,1043528.27,2024-08-31,57925350.75,34918876.37,119537994.28,-41116027.72,7646567.58,22101008.31,276171.83,-8682139.53,,7207726.18,,2024,2,212224694.16,212224694.16,186075458.25000003,-2799520.62,-4819417.700000001,-2019897.0799999991,1556421.3199999994,-10199218.45,-5624004.51,15445857.440000001,-4858496.62,-9359948.770000001,-1181967.5499999998,72712329.84,25517414.589999996,-25257597.409999996,-60197775.36,11544804.459999999,168171.83000000002,,1228147720.3200002,0.7378749436667644
603717,天域生物,2024-09-30,2024-10-31,161294801.64,87282963.19,180170067.21,818389413.12,,112934030.93,254126704.2,3275280190.31,2396172629.24,230812173.0,648295388.07,19386952.61,230337207.94,19329864.91,344743955.13,290146240.0,158272674.58,605402221.43,1180381160.4,1508881641.94,572790876.82,4028160.0,,78936282.86,,2024-10-31,624472530.5,624472530.5,501189408.91,6387662.07,27281131.61,20893469.54,7322808.98,-12106516.72,9137237.34,25342543.25,-1720650.19,25587068.4,-95316.9,2024-10-31,105225410.58,52125824.66,115160450.82,-61213199.64,-23938126.12,33004191.22,325986.83,,,7207726.18,,2024,3,201090742.44,201090742.44,141016544.24,159083.6299999999,13579927.799999999,13420844.169999998,-1359330.5499999989,-4940661.700000001,10925747.55,1817408.1999999993,1348952.0300000003,14716430.159999998,-1138845.17,47300059.83,17206948.29,-20097171.92,-31584693.700000003,10903182.91,49815.0,,1198776474.45,0.7315931737165992
603717,天域生物,2024-12-31,2025-04-16,178048527.26,88932107.34,190098672.23,753368736.78,,111109637.95,267991884.49,3214984288.09,2506452041.54,189793136.5,518739110.05,22811318.92,223765533.14,21371625.26,337289989.64,290146240.0,152085852.0,638329893.72,1346348150.33,1452794300.42,613033064.02,,,89332338.91,,2025-04-16,801506706.66,801506706.66,714680430.17,-107357787.62,-86843112.49,20514675.13,-15837153.91,-27361848.82,9967249.01,36528507.72,-113140581.89,-89670925.19,-315270.97,2025-04-16,135287021.94,54019050.23,100267192.32,-64888920.59,-65255609.92,43307389.18,526099.83,15837153.91,,2082182.88,,2024,4,177034176.15999997,177034176.15999997,213491021.25999993,-113745449.69,-114124244.1,-378794.41000000015,-23159962.89,-15255332.1,830011.6699999999,11185964.469999999,-111419931.7,-115257993.59,-219954.06999999998,30061611.36,1893225.5700000003,-3675720.950000003,-41317483.8,10303197.96,200112.99999999994,,1143509154.3,0.7796156425476859
603717,天域生物,2025-03-31,2025-04-30,154661388.37,66577437.38,155780927.82,781376050.12,,74936475.22,250613507.05,3053355837.67,2317727614.56,203120884.47,532507338.64,28871986.27,202900702.9,23813332.98,330264220.87,290146240.0,113111355.95,589132797.93,1181059603.97,1331315032.87,618561981.17,,,66948538.17,,2025-04-30,225272371.07,225272371.07,190100655.77,13768228.59,27095976.56,13327747.97,-42055.87,4227519.86,13633844.21,12132363.84,-6389156.76,26885314.53,174772.76,2025-04-30,46955521.04,8671943.51,89356979.46,-18446538.53,-39473444.59,9119273.7,,,,2082182.88,,2025,1,225272371.07,225272371.07,190100655.77,13768228.59,27095976.56,13327747.97,-42055.87,4227519.86,13633844.21,12132363.84,-6389156.76,26885314.53,174772.76,46955521.04,8671943.51,-18446538.53,-39473444.59,9119273.7,,,1078670890.54,0.7590755017694386
603717,天域生物,2025-06-30,2025-08-30,157735338.11,76198377.6,203314214.89,753727766.12,,75473419.93,215029332.03,3036460559.77,2296058691.91,210844740.73,529557127.13,30904975.88,199287428.79,44310286.17,332260178.73,290146240.0,108262610.72,580986551.74,1225840079.99,1239699687.69,611120801.87,,,94690437.37,,2025-08-30,412302956.07,412302956.07,351962266.79,10818017.08,31869621.31,21051604.23,7161672.76,-3008690.21,16663808.43,27296261.71,-19301739.02,23252699.36,765007.12,2025-08-30,89825730.55,25928304.31,92160647.63,-46292348.42,-51723815.26,18491837.38,200.0,-7161672.76,,2082182.88,,2025,2,187030585.0,187030585.0,161861611.02,-2950211.51,4773644.75,7723856.26,7203728.63,-7236210.07,3029964.219999999,15163897.870000001,-12912582.26,-3632615.170000002,590234.36,42870209.51,17256360.799999997,-27845809.89,-12250370.669999994,9372563.68,,,1108713778.54,0.7561628569560335
603717,天域生物,2025-09-30,2025-10-30,145924090.03,79084827.93,218337988.07,733247834.55,,65477666.01,190572001.68,2993661485.46,2287335577.61,188610166.74,517715741.11,41673553.5,218732867.73,35991770.2,342046747.78,290146240.0,106264526.09,592192939.14,1272865283.05,1295638340.86,615155242.16,,,108512487.31,,2025-10-30,535601036.79,535601036.79,465094696.2,-1610894.0,10668058.84,12278952.84,-13487433.3,19218744.68,31050606.74,44022152.82,-34157837.87,4312882.49,2793454.09,2025-10-30,147211536.83,34467958.7,78681406.32,-67463775.81,-101406021.68,40022030.03,23825.54,,,2082182.88,,2025,3,123298080.72000003,123298080.72000003,113132429.40999997,-12428911.08,-21201562.47,-8772651.39,-20649106.060000002,22227434.89,14386798.309999999,16725891.11,-14856098.849999998,-18939816.869999997,2028446.9699999997,57385806.280000016,8539654.390000004,-21171427.39,-49682206.42000001,21530192.650000002,23625.54,,1096148316.56,0.7640595266764214
603717,天域生物,2025-12-31,2026-04-30,153391521.44,91081734.71,193216556.34,692141262.98,,64756594.73,192181718.73,2893138611.22,2299496368.36,181219480.52,412422762.34,48154031.49,224711683.84,35659779.4,347088470.81,290146240.0,102517107.53,683149945.65,1325629068.66,1126478959.03,639669552.0,8434480.0,,119173526.64,,2026-04-30,725588873.17,725588873.17,726495343.41,-106903872.77,-102015606.15,4888266.62,-22928085.66,-2403113.01,9064074.22,53336334.08,-138808459.34,-101905573.15,5786963.97,2026-04-30,258297702.61,53479070.84,90941798.16,-122957930.95,-144722650.62,50055246.82,200782.54,22928085.66,,1520382.88,,2025,4,189987836.37999994,189987836.37999994,261400647.20999998,-105292978.77,-112683664.99000001,-7390686.22,-9440652.36,-21621857.689999998,-21986532.519999996,9314181.259999998,-104650621.47,-106218455.64,2993509.88,111086165.78,19011112.14,-55494155.14,-43316628.94,10033216.79,176957.0,,1041196148.76,0.7948103002884925
603717,天域生物,2026-03-31,2026-04-30,129577934.45,91096430.57,153314200.04,694862691.56,,91546280.41,257246609.99,2869223829.32,2281320107.54,205445054.48,382458667.3,56302472.83,240310080.96,30283957.05,342648290.7,290146240.0,134600985.65,624860941.58,1213710673.57,1075618474.65,641888667.58,3359482.98,7237191.4,116048683.57,,2026-04-30,153901746.67,153901746.67,143861684.08,-10518672.2,-6628521.08,3890151.12,-12308147.82,5124689.87,11563217.44,12675916.94,-21170027.6,-6639605.16,-196979.86,2026-04-30,-41369504.24,2340815.43,74887960.0,11190591.9,14120832.02,8298951.73,35000.0,,,1520382.88,,2026,1,153901746.67,153901746.67,143861684.08,-10518672.2,-6628521.08,3890151.12,-12308147.82,5124689.87,11563217.44,12675916.94,-21170027.6,-6639605.16,-196979.86,-41369504.24,2340815.43,11190591.9,14120832.02,8298951.73,35000.0,,1030819602.5799999,0.7951000839417495
603717,天域生物,2026-06-30,2026-08-29,135311732.91,91086483.47,184343104.85,688760388.07,,84543115.86,224892105.93,2855664861.74,2312726721.29,204105201.62,338832938.83,56828168.7,227704707.68,30685985.65,335047488.52,290146240.0,125606726.54,661584661.25,1291406002.39,1161224845.24,638591279.88,,8363291.4,116512092.93,,2026-08-29,350661138.6,350661138.6,354047395.92,-54376311.09,-51610011.63,2766299.46,-11370262.87,-3928469.02,3223670.49,24873223.75,-63780002.8,-51094099.97,2564497.33,2026-08-29,-5286259.1,4517366.78,60868055.11,-8756648.32,-15979219.2,16226502.47,35000.0,11370262.87,,1520382.88,,2026,2,196759391.93000004,196759391.93000004,210185711.84,-43857638.89,-44981490.550000004,-1123851.6600000001,937884.9500000011,-9053158.89,-8339546.949999999,12197306.81,-42609975.199999996,-44454494.81,2761477.19,36083245.14,2176551.35,-19947240.22,-30100051.22,7927550.74,0.0,,1048733092.2500001,0.8098732986057827
605296,神农集团,2015-12-31,2016-06-24,89483003.41,140000000.0,,,,,,720305997.95,275717713.52,,444588284.43,16310312.34,100712212.03,43446112.8,340389967.82,102000000.0,,42630285.27,243998570.27,227290632.71,3800000.0,,,,,2016-06-24,807452279.12,807452279.12,642965844.14,85120804.45,85120804.45,,,,9132141.66,,88414304.45,87686502.46,-174811.85,2016-06-24,163104797.2,108629884.28,89483003.41,-105868787.85,-30913529.71,12913529.71,3111569.2,1081800.0,,,,2015,4,,,,,,,,,,,,,,,,,,,,,140000000.0,0.3827785889673223
605296,神农集团,2016-12-31,2017-09-29,151393910.87,115800000.0,,,,,,873381565.46,280368195.65,,593013369.81,14383001.97,138335491.53,64640560.67,383636283.93,102000000.0,,54730798.95,250190876.0,320577606.59,2468800.0,,,,,2017-09-29,1014013758.95,1014013758.95,748656807.51,168825085.38,168825085.38,,,,5630331.05,,166950585.38,170190737.86,4069939.38,2017-09-29,220740399.17,113883082.23,151393910.87,-108535562.09,-50293929.62,26093929.62,1547520.14,3837600.0,,,,2016,4,,,,,,,,,,,,,,,,,,,,,115800000.0,0.3210145562235828
605296,神农集团,2017-06-30,2017-09-29,131584568.79,128000000.0,,42000000.0,,,,963396262.51,303067560.64,,660328701.87,38066301.73,142294603.12,82306328.92,443273676.31,102000000.0,,38812133.8,232258199.09,314765221.13,627522.75,,,,,2017-09-29,522924330.78,522924330.78,390463643.41,87715332.06,87715332.06,,,,2951573.86,,86641332.06,88963644.12,2765174.43,2017-09-29,60039551.83,113587289.04,131584568.79,-110322518.52,30473624.61,23726375.39,4368094.12,3546800.0,,,,2017,2,,,,,,,,,,,,,,,,,,,,,170000000.0,0.31458245421297154
605296,神农集团,2017-12-31,2020-04-10,136417657.08,60000000.0,10000000.0,59000000.0,,,,1022433742.55,299461208.85,,722972533.7,46248345.46,178763041.58,21229208.16,533129995.45,102000000.0,,60023110.9,208910692.55,329076865.94,7404327.2,,,,,2020-04-10,1043541851.13,1043541851.13,795316435.23,157355054.93,157355054.93,,-2133257.24,,5702334.0,5734858.21,146937154.93,158597153.39,7147838.19,2020-04-10,189242502.78,198858774.78,136417657.08,-190840349.35,-13378407.22,26578407.22,7000769.13,2133300.0,,,,2017,4,,,,,,,,,,,,,,,,,,,,,129000000.0,0.2928905770491583
605296,神农集团,2018-12-31,2020-04-10,54956533.26,90000000.0,36000000.0,47600000.0,,,,1104112981.51,380409723.0,,723703258.51,43967741.66,230577217.67,34783005.26,610262614.2,103530000.0,,103962839.96,301993598.05,321689620.3,6859008.23,,,,,2020-04-10,1091734477.72,1091734477.72,919659205.28,70727424.81,70727424.81,,-4974771.75,,6671041.89,6381299.91,63831036.29,79663964.85,5906151.26,2020-04-10,106193262.32,172020550.76,54956533.26,-163418131.9,-24236254.24,98839554.24,9099450.27,4974771.75,,,,2018,4,,,,,,,,,,,,,,,,,,,,,173600000.0,0.34453876493667024
605296,神农集团,2019-12-31,2020-04-10,461001377.87,85125506.59,29165748.6,85200000.0,,,23979104.84,1677944695.58,456185169.9,,1221759525.68,34187667.06,309318224.66,74342737.1,667076490.71,360199012.0,,83967228.69,319338853.04,793866975.2,11137944.11,,,,,2020-04-10,1733080679.6,1733080679.6,1116358745.27,469076168.37,469076168.37,,-1316070.02,496755.04,10269411.21,10307902.9,467125286.28,478174703.26,3178252.54,2020-04-10,573495396.46,237397883.58,461001377.87,-232860394.12,65409842.27,46581881.18,3844882.39,819314.98,,,,2019,4,,,,,,,,,,,,,,,,,,,,,199491255.19,0.271871397848613
605296,神农集团,2020-03-31,,,,,,,,,,,,,,,,,,,,,,,,,,,2021-05-27,648930955.89,648930955.89,269854349.43,341166292.35,341166292.35,,,-1897522.24,1657184.72,2760917.18,342728792.35,345055213.87,1318897.62,2021-05-27,202033171.03,62309540.26,552560156.05,-61730636.26,-48743756.59,8418990.72,553837.0,,,,,2020,1,648930955.89,648930955.89,269854349.43,341166292.35,341166292.35,,,-1897522.24,1657184.72,2760917.18,342728792.35,345055213.87,1318897.62,202033171.03,62309540.26,-61730636.26,-48743756.59,8418990.72,553837.0,,0.0,
605296,神农集团,2020-06-30,2020-10-30,408561028.52,86486268.33,79166.67,60000000.0,,,,2216259801.01,364909448.35,,1851350352.66,86234093.41,342515643.52,66970860.71,762688357.68,360199012.0,,111136435.69,283233940.16,1141221442.49,39097620.45,300000000.0,,,,2020-10-30,1313771628.65,1313771628.65,596921024.89,629590826.98,629590826.98,,-5430728.74,-1488027.01,2439342.31,5060579.93,628190746.88,633611837.9,2931187.03,2020-10-30,582732146.95,249524952.39,408561028.52,-548686726.09,-86485770.21,9926149.44,2095773.16,5430728.74,,,,2020,2,664840672.7600001,664840672.7600001,327066675.46,288424534.63,288424534.63,,,409495.23,782157.5900000001,2299662.7499999995,285461954.53,288556624.03,1612289.4099999997,380698975.9200001,187215412.13,-486956089.83000004,-37742013.61999999,1507158.7199999988,1541936.16,,146565435.0,0.164651025201875
605296,神农集团,2020-09-30,,,,,,,,,,,,,,,,,,,,,,,,,,,2021-10-22,2008959826.7,2008959826.7,940989110.53,937624035.15,937624035.15,,-5536727.51,-2173452.95,3246809.65,6805798.81,,947754337.77,5771220.83,2021-10-22,929103497.68,453388503.65,308644197.37,-924061916.32,-157398761.86,111839141.09,3018206.39,,,,,2020,3,695188198.05,695188198.05,344068085.64,308033208.16999996,308033208.16999996,,-105998.76999999955,-685425.9400000002,807467.3399999999,1745218.88,,314142499.87,2840033.8000000003,346371350.7299999,203863551.26,-375375190.23,-70912991.65000002,101912991.65,922433.2300000002,,0.0,
605296,神农集团,2020-12-31,2021-04-20,278419116.67,117525183.03,70583.33,60000000.0,,,,2875491047.82,615948088.88,,2259542958.94,92656529.11,558938146.94,314078800.14,902321054.88,360199012.0,,274710281.17,528689869.48,1395966662.04,19115561.78,280000000.0,,12659477.93,,2021-04-20,2724481580.06,2724481580.06,1385573529.76,1137918758.6,1137918758.6,,-5818795.26,-880796.76,3813452.79,7960066.64,1135879540.31,1151279247.17,5388087.22,2021-04-20,885828665.54,628850223.86,278419116.67,-908032034.72,-160378892.02,114850040.69,2828423.34,6699592.02,,,,2020,4,715521753.3599999,715521753.3599999,444584419.23,200294723.44999993,200294723.44999993,,-282067.75,1292656.1900000002,566643.1400000001,1154267.83,,203524909.4000001,-383133.61000000034,-43274832.139999986,175461720.21000004,16029881.600000024,-2980130.1599999964,3010899.599999994,-189783.05000000028,,177595766.36,0.21420622726228605
605296,神农集团,2021-03-31,2021-05-27,203583718.11,135468117.46,,60000000.0,,,,3106634556.04,532709988.84,,2573924567.2,62098723.25,791329336.79,264573614.95,1015176835.14,360199012.0,,202165504.43,446063184.16,1483242303.97,120322518.77,30000000.0,,5170139.98,,2021-05-27,862801080.58,862801080.58,491334465.23,314381608.26,314381608.26,,-1632.2,-3939723.87,1356863.7,1726850.0,313503708.26,322355567.61,3624468.53,2021-05-27,-43715587.37,279532083.47,203583718.11,-47414136.21,16294325.02,1705674.98,926550.0,,,,,2021,1,862801080.58,862801080.58,491334465.23,314381608.26,314381608.26,,-1632.2,-3939723.87,1356863.7,1726850.0,313503708.26,322355567.61,3624468.53,-43715587.37,279532083.47,-47414136.21,16294325.02,1705674.98,926550.0,,195468117.46,0.17147494474504293
605296,神农集团,2021-06-30,2021-08-17,1817483953.28,73524800.67,15416687.48,,,104915794.26,,5291497652.56,576598875.98,,4714898776.58,150742315.78,757469093.35,387193664.86,1183939020.99,400229012.0,188440393.3,238666035.4,440472457.66,3171746126.43,90809890.76,220000000.0,,8036225.35,,2021-08-17,1587978953.05,1587978953.05,1095713006.32,363921417.64,363921417.64,,-5424843.25,-5452733.87,3208978.48,2765098.44,364078769.99,378579272.96,6593405.63,2021-08-17,86055284.02,562998914.03,1817483953.28,-543258731.29,1996268283.88,3388564.13,1292256.73,5424843.25,,,,2021,2,725177872.4699999,725177872.4699999,604378541.0899999,49539809.379999995,49539809.379999995,,-5423211.05,-1513010.0,1852114.78,1038248.44,50575061.73000002,56223705.349999964,2968937.1,129770871.38999999,283466830.55999994,-495844595.08,1979973958.8600001,1682889.15,365706.73,,193857282.41000003,0.10896704748627155
605296,神农集团,2021-09-30,2021-10-22,1046013223.18,33035708.34,15294230.48,,,105275199.45,,5063967661.26,584164029.5,,4479803631.76,136683657.77,714819914.97,383831106.26,1376997301.19,400229012.0,186444818.99,275280583.38,446287748.28,2749978504.04,81940976.08,740000000.0,,13334103.41,,2021-10-22,2214216230.18,2214216230.18,1715524863.33,228883305.36,228883305.36,,-95162379.1,-8602183.91,890418.92,3123220.69,218582220.64,239285036.73,9717454.95,2021-10-22,220991423.23,786146416.73,1046013223.18,-1298753352.1,1845356035.38,96120425.16,1693168.73,,,,,2021,3,626237277.1299999,626237277.1299999,619811857.01,-135038112.27999997,-135038112.27999997,,-89737535.85,-3149450.04,-2318559.56,358122.25,-145496549.35000002,-139294236.23,3124049.3199999994,134936139.20999998,223147502.70000005,-755494620.81,-150912248.5,92731861.03,400912.0,,153605138.27,0.11535698262232784
605296,神农集团,2021-12-31,2022-04-22,1080171699.17,33039279.17,16834644.85,,,110451194.73,,5169809978.42,673597626.6,,4496212351.82,130613045.92,812687982.09,309777305.8,1586444644.81,400229012.0,213346246.46,338861651.79,528260463.73,2709785589.2,57348752.08,651377280.1,,14770085.26,,2022-04-22,2779458827.93,2779458827.93,2182353833.61,245292025.42,245292025.42,,-102453337.0,-4714406.03,-3575161.71,9348499.96,238551133.49,275976461.98,15114066.63,2022-04-22,585857697.28,1184239648.82,1074971699.17,-1591682586.96,1802377472.18,105999950.18,400982.17,107167743.03,,,,2021,4,565242597.75,565242597.75,466828970.2800002,16408720.059999973,16408720.059999973,,-7290957.900000006,3887777.88,-4465580.63,6225279.270000001,19968912.850000024,36691425.25000003,5396611.680000002,364866274.04999995,398093232.0899999,-292929234.86000013,-42978563.20000005,9879525.02000001,-1292186.56,,160325118.75,0.13029446525341445
605296,神农集团,2022-03-31,2022-04-22,812823972.67,15018104.17,2955473.6,,,115683372.82,,4889862630.8,543655770.79,,4346206860.01,136704996.96,649873556.8,297634031.78,1681204899.29,400229012.0,208258525.97,267232472.18,391194249.04,2390573476.02,15323275.24,718361015.3,,5355633.68,,2022-04-22,553117885.9,553117885.9,590788644.01,-150005491.81,-150005491.81,,-53313259.47,-1416784.34,-1908113.39,165449.99,-152334486.73,-144075367.75,1998865.87,2022-04-22,-50986565.02,131133268.2,812823972.67,-185378656.49,-30982504.99,186624.99,964000.0,,,,,2022,1,553117885.9,553117885.9,590788644.01,-150005491.81,-150005491.81,,-53313259.47,-1416784.34,-1908113.39,165449.99,-152334486.73,-144075367.75,1998865.87,-50986565.02,131133268.2,-185378656.49,-30982504.99,186624.99,964000.0,,133656950.58999999,0.11118017249925399
605296,神农集团,2022-06-30,2022-08-30,882436679.67,15001541.67,25419465.68,,,92412770.6,,4873284612.56,594744632.93,,4278539979.63,134990808.3,789849724.83,352357742.9,1682818613.69,524304516.0,200762418.6,245297877.18,465257207.76,2325937803.0,7360609.19,344411398.69,,6623470.14,,2022-08-30,1178070406.2,1178070406.2,1144084701.58,-122764969.08,-122764969.08,,-27090251.52,-2732327.61,-1864339.65,3355838.9,-125071847.68,-110338892.17,2710813.12,2022-08-30,-194854487.94,259296126.0,875832645.79,66074539.97,-70359105.41,92587110.32,2016900.0,27090251.52,,,,2022,2,624952520.3000001,624952520.3000001,553296057.5699999,27240522.730000004,27240522.730000004,,26223007.95,-1315543.2699999998,43773.73999999999,3190388.91,27262639.049999982,33736475.58,711947.25,-143867922.92,128162857.8,251453196.46,-39376600.42,92400485.33,1052900.0,,132833777.94999999,0.12204184245614433
605296,神农集团,2022-09-30,2022-10-28,697703431.27,,26822731.82,,,92476406.08,,5016290378.86,572224534.73,,4444065844.13,131729449.22,892559481.62,295526431.67,1836155376.36,524304516.0,193682390.12,238996035.52,442415684.77,2350128199.82,39565964.23,501739246.17,,7489676.67,,2022-10-28,2072192124.2,2072192124.2,1819487294.92,31880930.89,31880930.89,,-27090251.52,-5555816.69,-8122505.26,4843795.49,28048411.94,49003601.94,3784234.28,2022-10-28,-7993976.91,455412552.71,697703431.27,-280523805.98,-93950485.01,100640171.92,3262391.0,,,,,2022,3,894121718.0,894121718.0,675402593.3400002,154645899.97,154645899.97,,0.0,-2823489.0800000005,-6258165.609999999,1487956.5900000003,153120259.62,159342494.11,1073421.1599999997,186860511.03,196116426.70999998,-346598345.95000005,-23591379.60000001,8053061.600000009,1245491.0,,119299137.9,0.11407324766156053
605296,神农集团,2022-12-31,2023-04-26,995703489.92,,23091000.2,,,135146983.23,,5469603159.57,790815430.41,,4678787729.16,165197490.06,1082125619.62,303783901.53,2041432388.85,524304516.0,290604167.97,375054989.01,619496386.44,2474371766.27,23023078.04,140090559.0,,8139934.92,,2023-04-26,3304484376.2,3304484376.2,2692519069.84,255525714.1,255525714.1,,-44441071.42,-12543067.08,-9182266.32,6817713.42,265531229.05,270753901.93,-3564257.48,2023-04-26,323096112.74,801127595.28,937110989.92,-322233300.13,-138723521.86,100427502.99,3824524.29,56984138.5,,,,2022,4,1232292251.9999998,1232292251.9999998,873031774.9200001,223644783.20999998,223644783.20999998,,-17350819.900000002,-6987250.39,-1059761.0600000005,1973917.9299999997,237482817.11,221750299.99,-7348491.76,331090089.65000004,345715042.57,-41709494.149999976,-44773036.85000001,-212668.93000000715,562133.29,,158237983.42999998,0.14458369416185782
605296,神农集团,2023-03-31,2023-04-26,603361085.16,,8675577.32,,,119532107.45,,5297396607.54,714184725.0,,4583211882.54,177937511.34,1231739738.71,264249094.77,2153594813.68,524304516.0,282198757.86,369995905.39,558653420.4,2169761226.81,35677402.89,60090559.0,,5193331.64,,2023-04-26,895885115.06,895885115.06,886047669.4,-105869095.59,-105869095.59,,-35650074.8,-2510987.69,-3834649.5,1559389.96,-104731160.05,-99515333.85,1603958.7,2023-04-26,-215605197.33,227921993.55,598161085.16,-90464465.23,-32880242.2,,1237700.0,,,,,2023,1,895885115.06,895885115.06,886047669.4,-105869095.59,-105869095.59,,-35650074.8,-2510987.69,-3834649.5,1559389.96,-104731160.05,-99515333.85,1603958.7,-215605197.33,227921993.55,-90464465.23,-32880242.2,,1237700.0,,128207684.77000001,0.1348180583616246
605296,神农集团,2023-06-30,2023-08-31,554255722.92,85029312.5,23720596.17,86000000.0,,102549711.82,,5273266250.66,967713099.4,2613015.91,4302940135.35,183490137.47,1213491709.69,366064452.28,2135850968.83,525237516.0,275239809.96,335914682.43,739526590.15,2040147852.79,46335640.83,30010356.3,10840500.0,5729124.84,,2023-08-31,1707974520.3,1707974520.3,1685372514.93,-263818734.57,-263845718.66,-26984.09,-98935234.2,-9332314.95,-3400822.72,3449458.11,-260497845.51,-255586591.48,-104681.43,2023-08-31,-128146675.39,506505712.35,538966042.92,-375507165.51,105508893.9,47507634.5,2919837.75,98935234.2,,,,2023,2,812089405.24,812089405.24,799324845.5300001,-157949638.98,-157976623.07,,-63285159.400000006,-6821327.26,433826.7799999998,1890068.15,-155766685.45999998,-156071257.63,-1708640.13,87458521.94000001,278583718.8,-285042700.28,138389136.1,,1682137.75,,297299620.49,0.18351303601992056
605296,神农集团,2023-09-30,2023-10-27,784766231.01,265167354.18,39955872.29,194000000.0,,120638634.26,,5631786633.99,1254291358.61,2636196.14,4374859079.24,195024503.86,1130222981.27,325998913.81,2346134646.55,525043452.0,287890416.97,411788039.06,903802622.32,2202693209.0,40114429.94,,,5858031.45,,2023-10-27,2869484621.76,2869484621.76,2723029141.45,-217118154.61,-217121958.47,-3803.86,-77925927.6,-13712292.78,-3595664.25,7346504.29,-212894092.4,-204666654.85,659585.74,2023-10-27,-24298290.29,631150776.42,784556951.01,-502542306.7,315694058.08,134180118.34,4825537.75,,,,,2023,3,1161510101.4600003,1161510101.4600003,1037656626.5199997,46700579.95999998,46723760.19,23180.23,21009306.60000001,-4379977.83,-194841.5299999998,3897046.18,47603753.109999985,50919936.629999995,764267.1699999999,103848385.1,124645064.06999993,-127035141.19,210185164.17999998,86672483.84,1905700.0,,619761860.73,0.22271642022797328
605296,神农集团,2023-12-31,2024-04-26,544413163.07,335263972.22,41124436.6,234551222.54,,140918017.43,,5704701381.09,1506570912.72,2975660.8,4195154807.57,233551895.39,1285911417.56,196472820.53,2627763855.31,525043452.0,322592202.27,491348254.59,1093231665.76,2052988964.97,24000429.83,816490.08,,6847835.11,,2024-04-26,3891278625.2,3891278625.2,3720941943.04,-401278048.77,-401242387.97,35660.8,-162474727.46,-22063439.44,872307.69,13882741.85,-396843945.38,-387966781.4,-1727288.56,2024-04-26,19490515.57,999176701.39,541824593.07,-833945111.85,419168199.43,137630312.65,3827288.18,184538166.9,,,,2023,4,1021794003.4399996,1021794003.4399996,997912801.5900002,-184159894.15999997,-184120429.50000003,39464.66,-84548799.86000001,-8351146.660000002,4467971.9399999995,6536237.56,-183949852.98,-183300126.54999998,-2386874.3,43788805.86,368025924.97,-331402805.15000004,103474141.35000002,3450194.3100000024,-998249.5699999998,,751857648.79,0.26409286167265406
605296,神农集团,2024-03-31,2024-04-26,608838347.17,490371569.43,69800311.68,297345994.19,,134062429.02,84400005.24,5959105471.58,1759598699.38,2942185.38,4196564586.82,257378933.85,1367627222.78,331834100.45,2560838970.76,525043452.0,319595752.85,432156059.33,1200463676.18,2233550427.85,12248798.55,520120.0,6872378.95,6995466.52,,2024-04-26,1082373038.18,1082373038.18,1017424399.4,-3565859.52,-3599334.94,-33475.42,45742742.79,-4336853.35,7131359.81,8689563.85,5725776.63,2506125.42,433224.37,2024-04-26,-45651837.13,187355944.21,603883003.87,-172478385.56,280188633.49,6181871.56,1465712.0,,,,,2024,1,1082373038.18,1082373038.18,1017424399.4,-3565859.52,-3599334.94,-33475.42,45742742.79,-4336853.35,7131359.81,8689563.85,5725776.63,2506125.42,433224.37,-45651837.13,187355944.21,-172478385.56,280188633.49,6181871.56,1465712.0,,991580304.3199999,0.2952789991336501
605296,神农集团,2024-06-30,2024-08-29,811231518.24,455339631.93,219699331.3,160086214.11,,124344599.26,79159762.04,6264369477.13,1928426580.13,2930924.77,4333011972.23,312033067.59,1236345322.23,217208341.67,2804690721.21,525043452.0,307558319.19,608366630.83,1520089091.92,2346431698.2,36636237.52,108000.0,103674760.4,7121407.33,,2024-08-29,2494408913.13,2494408913.13,2189460855.79,123947136.82,123902400.79,-44736.03,42530694.07,-5047984.95,15150086.08,18295230.37,136820246.32,137754814.75,135417.61,2024-08-29,296261844.46,328874170.26,771483951.62,-302720566.44,236118080.53,13399508.15,3097182.0,-42530694.07,,,,2024,2,1412035874.95,1412035874.95,1172036456.3899999,127512996.33999999,127501735.73,-11260.61,-3212048.719999999,-711131.6000000006,8018726.2700000005,9605666.520000001,131094469.69,135248689.33,-297806.76,341913681.59,141518226.04999998,-130242180.88,-44070552.96000001,7217636.590000001,1631470.0,,959469776.6,0.30784049171593597
605296,神农集团,2024-09-30,2024-10-29,951727149.86,165132451.35,253571928.75,199520893.01,,132482241.22,75037710.74,6515254342.08,1805886968.92,2920148.02,4706447225.14,338945745.42,1260372008.57,149740987.82,2928795741.32,524839012.0,308620221.25,649578352.55,1354676102.65,2485885329.61,49765666.49,600.0,114130776.0,3035938.95,,2024-10-29,4077830826.09,4077830826.09,3277390029.78,480257988.85,480202476.07,-55512.78,39952124.35,-27830873.57,21724733.56,27209923.05,494919718.98,502622888.3,2606372.46,2024-10-29,845065462.19,497954600.73,914063532.26,-476511266.91,3684743.91,19728675.29,7615607.41,,,,,2024,3,1583421912.96,1583421912.96,1087929173.9900002,356310852.03000003,356300075.28,-10776.75,-2578569.719999999,-22782888.62,6574647.479999999,8914692.68,358099472.66,364868073.55,2470954.85,548803617.73,169080430.47000003,-173790700.47000003,-232433336.62,6329167.139999999,4518425.41,,750707514.33,0.2771782764114577
605296,神农集团,2024-12-31,2025-04-29,1042221396.86,205158194.41,205804238.34,226625251.1,,130227244.9,70827407.29,6655097461.07,1822550089.3,,4832547371.77,342692548.57,1310100922.12,199370436.33,2952804785.1,524839012.0,301744352.61,608673026.66,1351830706.39,2551537913.99,58242329.73,,66350100.0,5524157.2,,2025-04-29,5584341587.66,5584341587.66,4423828596.37,686815275.93,686733885.91,-81390.02,35629116.48,-28654795.04,25673479.29,33938707.58,696930765.1,731557435.0,18856673.62,2025-04-29,1533730412.57,980787560.17,1023427021.56,-979258213.86,-72869770.22,24263308.85,11842361.21,-35629116.48,,,,2024,4,1506510761.5699997,1506510761.5699997,1146438566.5899997,206557287.07999992,206531409.83999997,-25877.240000000005,-4323007.870000005,-823921.4699999988,3948745.7300000004,6728784.5299999975,202011046.12,228934546.7,16250301.16,688664950.3799999,482832959.43999994,-502746946.95,-76554514.13,4534633.560000002,4226753.800000001,,767814928.75,0.2738577609060247
605296,神农集团,2025-03-31,2025-04-29,1134564695.49,195147569.44,206407438.29,272404970.71,,175573988.3,65311797.13,6874847203.96,1911966946.06,,4962880257.9,336687275.69,1286100041.11,219552049.34,2991135500.42,524839012.0,351514598.2,648536503.16,1339837612.73,2661856258.36,45910082.1,,,2973528.92,,2025-04-29,1471688273.42,1471688273.42,1134658125.2,228601867.5,228601867.5,,-1980473.44,-2457881.88,4935978.13,6896360.86,228747398.97,234921928.56,1224427.34,2025-04-29,321193824.07,146748366.64,1098525076.49,-257914894.48,11819125.34,4308534.7,3708708.0,,,,,2025,1,1471688273.42,1471688273.42,1134658125.2,228601867.5,228601867.5,,-1980473.44,-2457881.88,4935978.13,6896360.86,228747398.97,234921928.56,1224427.34,321193824.07,146748366.64,-257914894.48,11819125.34,4308534.7,3708708.0,,849533966.74,0.2781104640345581
605296,神农集团,2025-06-30,2025-08-27,939415228.09,130083194.43,171413025.01,290135133.83,,171063000.05,62418304.62,6926830527.47,1804061092.26,,5122769435.21,364482897.56,1324667896.46,84080810.53,3235830460.86,524839012.0,350586027.85,604504381.43,1219586953.33,2583686793.38,16392693.49,130265684.25,,3040271.34,,2025-08-27,2797626119.42,2797626119.42,2185118382.48,387516418.92,387516418.92,,-2813939.95,10055613.85,9316920.91,13461319.35,397802621.08,404012597.47,931597.85,2025-08-27,557444348.73,342923245.46,897418151.17,-492671057.36,-190782161.76,9006929.62,8068592.9,2813939.95,,,,2025,2,1325937846.0,1325937846.0,1050460257.28,158914551.42000002,158914551.42000002,,-833466.5100000002,12513495.73,4380942.78,6564958.489999999,169055222.10999998,169090668.91000003,-292829.4900000001,236250524.66000003,196174878.82,-234756162.88000003,-202601287.1,4698394.919999999,4359884.9,,762694353.3199999,0.2604453920311122
605296,神农集团,2025-09-30,2025-10-28,718016404.12,180118444.41,78021397.64,326776123.92,,167940497.2,57860385.1,7160122758.72,1938332763.09,,5221789995.63,398773874.58,1614177132.49,55467603.94,3247317513.67,524764418.0,350729299.43,629734843.14,1325454926.07,2785505247.09,21096367.38,220421750.01,46188.0,5764320.83,,2025-10-28,3923404424.43,3923404424.43,3111601659.27,461578201.27,461578201.27,,-40250195.35,5679980.08,14705281.99,20150525.33,432775971.0,485352549.61,672747.21,2025-10-28,406568547.16,461441836.59,681530856.24,-644445719.05,-104018993.43,13318707.4,12120508.69,,,,,2025,3,1125778305.0099998,1125778305.0099998,926483276.79,74061782.34999996,74061782.34999996,,-37436255.4,-4375633.77,5388361.08,6689205.979999999,34973349.92000002,81339952.13999999,-258850.64,-150875801.57,118518591.13,-151774661.68999994,86763168.32999998,4311777.780000001,4051915.789999999,,752856463.1700001,0.2707122249725941
605296,神农集团,2025-12-31,2026-04-25,715276843.46,139081555.56,73356425.54,386731039.46,,170029103.69,,6969494637.35,2058334173.27,,4911160464.08,371661262.24,1697694291.98,143666539.81,3196369432.52,524764418.0,342898484.72,695967669.13,1437150423.0,2592213373.11,12412884.41,,,4792746.05,,2026-04-25,5351814193.2,5351814193.2,4480227496.11,338963686.41,338963686.41,,-36451478.82,7652098.45,21882164.96,28441760.21,295619827.06,385887911.7,11884830.99,2026-04-25,809929847.87,844539123.69,695917818.61,-773591638.27,-363847412.55,213924068.32,16728223.69,36451478.82,,,,2025,4,1428409768.77,1428409768.77,1368625836.8399997,-122614514.85999995,-122614514.85999995,,3798716.530000001,1972118.37,7176882.970000001,8291234.880000003,-137156143.94,-99464637.91000003,11212083.780000001,403361300.71,383097287.1000001,-129145919.22000003,-259828419.12,200605360.92,4607715.0,,769198124.25,0.2953347811244801
605296,神农集团,2026-03-31,2026-04-25,438181568.36,169083638.89,117373535.54,479696157.38,,190879764.95,,6481561259.6,2202193135.47,,4279368124.13,354588801.19,1316208587.17,175942540.13,3173611119.76,524764418.0,365268512.01,696252787.45,1471656430.54,2051930194.72,53522220.23,90162158.11,10800000.0,8078910.55,,2026-04-25,1321640711.47,1321640711.47,1363510931.05,-648352132.21,-648352132.21,,-480024975.43,-1377578.5,6421393.33,6973762.82,-653446226.8,-642461374.52,623818.25,2026-04-25,-127304426.79,137580110.25,404748454.4,-266195735.85,102330798.43,4658457.15,4265484.47,,,,,2026,1,1321640711.47,1321640711.47,1363510931.05,-648352132.21,-648352132.21,,-480024975.43,-1377578.5,6421393.33,6973762.82,-653446226.8,-642461374.52,623818.25,-127304426.79,137580110.25,-266195735.85,102330798.43,4658457.15,4265484.47,,957033096.76,0.3397627588890373
605296,神农集团,2026-06-30,2026-08-25,449501416.9,539284569.44,119797176.95,538485388.83,,164640055.6,,6978710160.0,2843698812.11,,4135011347.89,399167848.34,1604011049.87,396168273.65,3139083719.79,524764418.0,349871644.08,920048683.36,2081637025.26,2364690497.12,20935150.71,80191534.79,55429000.0,1011403.78,,2026-08-25,2489458794.56,2489458794.56,2467193007.3,-808903602.87,-808903602.87,,-543237399.3,-62603.83,14153135.68,15428755.89,-814728203.94,-797963356.45,-1176258.06,2026-08-25,-375437425.22,281342286.49,408567073.64,-420347238.97,508433919.22,11358319.8,10089000.27,543237399.3,,,,2026,2,1167818083.09,1167818083.09,1103682076.2500002,-160551470.65999997,-160551470.65999997,,-63212423.869999945,1314974.67,7731742.35,8454993.07,-161281977.1400001,-155501981.93000007,-1800076.31,-248132998.43,143762176.24,-154151503.12000003,406103120.79,6699862.65,5823515.8,,1362207190.8200002,0.4074820055444171
