year,week,period_text,release_date,live_hog,piglet,pork,corn,soymeal,url,collect_date,week_src,value_basis,source_site,title,live_hog_label,cross_check,alt_urls,table_url,check_note
2016,1,,,17.15,30.81,27.16,2.11,3.08,https://www.moa.gov.cn/gk/jcyj/201701/t20170112_5429594.htm,,来源周报表头周次推算,去年同期列(次年同周周报),moa_gk,1月份第1周畜产品和饲料集贸市场价格情况,,,,,
2016,2,,,17.57,31.78,27.55,2.1,3.08,https://www.moa.gov.cn/gk/jcyj/201701/t20170118_5442770.htm,,来源周报表头周次推算,去年同期列(次年同周周报),moa_gk,1月份第2周畜产品和饲料集贸市场价格情况,,,,,
2016,3,,,17.75,32.65,27.79,2.1,3.08,https://www.moa.gov.cn/gk/jcyj/201701/t20170124_5464856.htm,,来源周报表头周次推算,去年同期列(次年同周周报),moa_gk,1月份第3周畜产品和饲料集贸市场价格情况,,,,,
2016,5,,,18.38,34.15,28.84,2.1,3.09,https://www.moa.gov.cn/gk/jcyj/201702/t20170209_5471799.htm,,来源周报表头周次推算,去年同期列(次年同周周报),moa_gk,2月份第1周畜产品和饲料集贸市场价格情况,,,,,
2016,6,,,18.41,34.45,29.04,2.1,3.1,https://www.moa.gov.cn/gk/jcyj/201702/t20170215_5477865.htm,,来源周报表头周次推算,去年同期列(次年同周周报),moa_gk,2月份第2周畜产品和饲料集贸市场价格情况,,,,,
2016,7,,,18.42,35.23,28.92,2.09,3.1,https://www.moa.gov.cn/gk/jcyj/201702/t20170221_5490962.htm,,来源周报表头周次推算,去年同期列(次年同周周报),moa_gk,2月份第3周畜产品和饲料集贸市场价格情况,,,,,
2016,8,,,18.25,36.36,28.64,2.08,3.09,https://www.moa.gov.cn/gk/jcyj/201702/t20170228_5498452.htm,,来源周报表头周次推算,去年同期列(次年同周周报),moa_gk,2月份第4周畜产品和饲料集贸市场价格情况,,,,,
2016,9,,,18.28,37.54,28.5,2.07,3.06,https://www.moa.gov.cn/gk/jcyj/201703/t20170307_5506706.htm,,来源周报表头周次推算,去年同期列(次年同周周报),moa_gk,3月份第1周畜产品和饲料集贸市场价格情况,,,,,
2016,10,,,18.55,38.97,28.6,2.05,3.04,https://www.moa.gov.cn/gk/jcyj/201703/t20170315_5522578.htm,,来源周报表头周次推算,去年同期列(次年同周周报),moa_gk,3月份第2周畜产品和饲料集贸市场价格情况,,,,,
2016,12,,,19.29,42.37,29.26,2.02,3.02,https://www.moa.gov.cn/gk/jcyj/201703/t20170329_5543361.htm,,来源周报表头周次推算,去年同期列(次年同周周报),moa_gk,3月份第4周畜产品和饲料集贸市场价格情况,,,,,
2016,13,,,19.54,44.3,29.67,2.01,3.0,https://www.moa.gov.cn/gk/jcyj/201704/t20170406_5551106.htm,,来源周报表头周次推算,去年同期列(次年同周周报),moa_gk,3月份最后一周畜产品和饲料集贸市场价格情况,,,,,
2016,14,,,19.68,45.61,29.96,1.99,2.97,https://www.moa.gov.cn/gk/jcyj/201704/t20170411_5556612.htm,,来源周报表头周次推算,去年同期列(次年同周周报),moa_gk,4月份第1周畜产品和饲料集贸市场价格情况,,,,,
2016,15,,,19.77,46.87,30.09,1.98,2.96,https://www.moa.gov.cn/gk/jcyj/201704/t20170420_5575994.htm,,来源周报表头周次推算,去年同期列(次年同周周报),moa_gk,4月份第2周畜产品和饲料集贸市场价格情况,,,,,
2016,17,,,20.03,48.9,30.46,1.96,3.0,https://www.moa.gov.cn/gk/jcyj/201705/t20170504_5593682.htm,,来源周报表头周次推算,去年同期列(次年同周周报),moa_gk,4月份第4周畜产品和饲料集贸市场价格情况,,,,,
2016,18,,,20.25,49.86,30.7,1.96,3.02,https://www.moa.gov.cn/gk/jcyj/201705/t20170510_5602048.htm,,来源周报表头周次推算,去年同期列(次年同周周报),moa_gk,5月份第1周畜产品和饲料集贸市场价格情况,,,,,
2016,19,,,20.38,50.64,30.9,1.96,3.04,https://www.moa.gov.cn/gk/jcyj/201705/t20170519_5614131.htm,,来源周报表头周次推算,去年同期列(次年同周周报),moa_gk,5月份第2周畜产品和饲料集贸市场价格情况,,,,,
2016,20,,,20.5,51.44,31.07,1.97,3.11,https://www.moa.gov.cn/gk/jcyj/201705/t20170524_5619765.htm,,来源周报表头周次推算,去年同期列(次年同周周报),moa_gk,5月份第3周畜产品和饲料集贸市场价格情况,,,,,
2016,22,,,20.77,52.68,31.36,1.99,3.19,https://www.moa.gov.cn/gk/jcyj/201706/t20170607_5663402.htm,,来源周报表头周次推算,去年同期列(次年同周周报),moa_gk,5月份最后一周畜产品和饲料集贸市场价格情况,,,,,
2016,23,,,20.8,52.92,31.56,2.0,3.26,https://www.moa.gov.cn/gk/jcyj/201706/t20170615_5687630.htm,,来源周报表头周次推算,去年同期列(次年同周周报),moa_gk,6月份第1周畜产品和饲料集贸市场价格情况,,,,,
2016,25,,,20.18,52.29,31.21,2.05,3.44,https://www.moa.gov.cn/gk/jcyj/201707/t20170703_5733564.htm,,来源周报表头周次推算,去年同期列(次年同周周报),moa_gk,6月份第3周畜产品和饲料集贸市场价格情况,,,,,
2016,26,,,19.74,51.31,30.87,2.08,3.48,https://www.moa.gov.cn/gk/jcyj/201707/t20170704_5736877.htm,,来源周报表头周次推算,去年同期列(次年同周周报),moa_gk,6月份第4周畜产品和饲料集贸市场价格情况,,,,,
2016,28,,,19.13,49.42,30.31,2.11,3.55,https://www.moa.gov.cn/gk/jcyj/201707/t20170718_5753333.htm,,来源周报表头周次推算,去年同期列(次年同周周报),moa_gk,7月份第2周畜产品和饲料集贸市场价格情况,,,,,
2016,29,,,18.96,48.78,30.17,2.11,3.55,https://www.moa.gov.cn/gk/jcyj/201707/t20170725_5759744.htm,,来源周报表头周次推算,去年同期列(次年同周周报),moa_gk,7月份第3周畜产品和饲料集贸市场价格情况,,,,,
2016,31,,,18.54,47.38,29.72,2.09,3.48,https://www.moa.gov.cn/gk/jcyj/201708/t20170810_5780964.htm,,来源周报表头周次推算,去年同期列(次年同周周报),moa_gk,8月份第1周畜产品和饲料集贸市场价格情况,,,,,
2016,32,,,18.69,47.25,29.71,2.08,3.45,https://www.moa.gov.cn/gk/jcyj/201708/t20170816_5785689.htm,,来源周报表头周次推算,去年同期列(次年同周周报),moa_gk,8月份第2周畜产品和饲料集贸市场价格情况,,,,,
2016,33,,,18.62,47.07,29.71,2.07,3.44,https://www.moa.gov.cn/gk/jcyj/201708/t20170823_5792262.htm,,来源周报表头周次推算,去年同期列(次年同周周报),moa_gk,8月份第3周畜产品和饲料集贸市场价格情况,,,,,
2016,34,,,18.62,46.9,29.7,2.07,3.44,https://www.moa.gov.cn/gk/jcyj/201709/t20170901_5800111.htm,,来源周报表头周次推算,去年同期列(次年同周周报),moa_gk,8月份第4周畜产品和饲料集贸市场价格情况,,,,,
2016,35,,,18.62,46.68,29.67,2.07,3.43,https://www.moa.gov.cn/gk/jcyj/201709/t20170906_5807968.htm,,来源周报表头周次推算,去年同期列(次年同周周报),moa_gk,8月份最后一周畜产品和饲料集贸市场价格情况,,,,,
2016,38,,,18.36,45.52,29.59,2.04,3.45,https://www.moa.gov.cn/gk/jcyj/201709/t20170926_5828585.htm,,来源周报表头周次推算,去年同期列(次年同周周报),moa_gk,9月份第3周畜产品和饲料集贸市场价格情况,,,,,
2016,39,,,17.94,44.61,29.28,2.0,3.46,https://www.moa.gov.cn/gk/jcyj/201710/t20171011_5837497.htm,,来源周报表头周次推算,去年同期列(次年同周周报),moa_gk,9月份第4周畜产品和饲料集贸市场价格情况,,,,,
2016,41,,,17.2,42.33,28.6,1.95,3.47,https://www.moa.gov.cn/gk/jcyj/201710/t20171019_5845995.htm,,来源周报表头周次推算,去年同期列(次年同周周报),moa_gk,10月份第2周畜产品和饲料集贸市场价格情况,,,,,
2016,42,,,16.73,40.96,28.16,1.94,3.46,https://www.moa.gov.cn/gk/jcyj/201710/t20171025_5850262.htm,,来源周报表头周次推算,去年同期列(次年同周周报),moa_gk,10月份第3周畜产品和饲料集贸市场价格情况,,,,,
2016,43,,,16.71,40.17,27.97,1.93,3.47,https://www.moa.gov.cn/gk/jcyj/201711/t20171101_5856983.htm,,来源周报表头周次推算,去年同期列(次年同周周报),moa_gk,10月份第4周畜产品和饲料集贸市场价格情况,,,,,
2016,44,,,16.82,39.65,27.9,1.94,3.48,https://www.moa.gov.cn/gk/jcyj/201711/t20171108_5864745.htm,,来源周报表头周次推算,去年同期列(次年同周周报),moa_gk,11月份第1周畜产品和饲料集贸市场价格情况,,,,,
2016,45,,,16.91,39.23,27.91,1.94,3.49,https://www.moa.gov.cn/gk/jcyj/201711/t20171114_5900853.htm,,来源周报表头周次推算,去年同期列(次年同周周报),moa_gk,11月份第2周畜产品和饲料集贸市场价格情况,,,,,
2016,46,,,17.01,38.97,27.93,1.94,3.51,https://www.moa.gov.cn/gk/jcyj/201711/t20171123_5917770.htm,,来源周报表头周次推算,去年同期列(次年同周周报),moa_gk,11月份第3周畜产品和饲料集贸市场价格情况,,,,,
2016,47,,,17.03,38.76,27.91,1.95,3.55,https://www.moa.gov.cn/gk/jcyj/201612/t20161206_5400191.htm,,来源周报表头周次推算,前一周列(下一周周报),moa_gk,11月份最后一周畜产品和饲料集贸市场价格情况,,,,,
2016,48,11月最后一周,2016-12-06,17.11,38.67,27.98,1.95,3.61,https://www.moa.gov.cn/gk/jcyj/201612/t20161206_5400191.htm,2016-11-30,表头总第N周,本周(原文),moa_gk,11月份最后一周畜产品和饲料集贸市场价格情况,活猪,,,https://www.moa.gov.cn/gk/jcyj/201612/t20161206_5400191.htm,
2016,49,,,17.26,38.61,28.06,1.96,3.64,https://www.moa.gov.cn/gk/jcyj/201612/t20161221_5413537.htm,,来源周报表头周次推算,前一周列(下一周周报),moa_gk,12月份第2周畜产品和饲料集贸市场价格情况,,,,,
2016,50,12月第2周,2016-12-20,17.44,38.84,28.18,1.95,3.67,https://www.moa.gov.cn/gk/jcyj/201612/t20161221_5413537.htm,2016-12-14,表头总第N周,本周(原文),moa_gk,12月份第2周畜产品和饲料集贸市场价格情况,活猪,,,https://www.moa.gov.cn/gk/jcyj/201612/t20161221_5413537.htm,
2016,51,12月第3周,2016-12-27,17.51,38.89,28.25,1.94,3.7,https://www.moa.gov.cn/gk/jcyj/201612/t20161227_5418569.htm,2016-12-21,表头总第N周,本周(原文),moa_gk,12月份第3周畜产品和饲料集贸市场价格情况,活猪,,,https://www.moa.gov.cn/gk/jcyj/201612/t20161227_5418569.htm,
2016,52,12月第4周,2017-01-04,17.64,39.19,28.33,1.93,3.7,https://www.moa.gov.cn/gk/jcyj/201701/t20170105_5425123.htm,2016-12-28,表头总第N周,本周(原文),moa_gk,12月份第4周畜产品和饲料集贸市场价格情况,活猪,,,https://www.moa.gov.cn/gk/jcyj/201701/t20170105_5425123.htm,
2017,1,1月第1周,2017-01-12,18.0,39.84,28.58,1.91,3.69,https://www.moa.gov.cn/gk/jcyj/201701/t20170112_5429594.htm,2017-01-04,表头总第N周,本周(原文),moa_gk,1月份第1周畜产品和饲料集贸市场价格情况,活猪,,,https://www.moa.gov.cn/gk/jcyj/201701/t20170112_5429594.htm,
2017,2,1月第2周,2017-01-18,18.21,40.68,28.84,1.9,3.64,https://www.moa.gov.cn/gk/jcyj/201701/t20170118_5442770.htm,2017-01-11,表头总第N周,本周(原文),moa_gk,1月份第2周畜产品和饲料集贸市场价格情况,活猪,,,https://www.moa.gov.cn/gk/jcyj/201701/t20170118_5442770.htm,
2017,3,1月第3周,2017-01-24,18.33,41.56,29.04,1.89,3.61,https://www.moa.gov.cn/gk/jcyj/201701/t20170124_5464856.htm,2017-01-18,表头总第N周,本周(原文),moa_gk,1月份第3周畜产品和饲料集贸市场价格情况,活猪,,,https://www.moa.gov.cn/gk/jcyj/201701/t20170124_5464856.htm,
2017,4,,,18.35,41.95,29.35,1.88,3.6,https://www.moa.gov.cn/gk/jcyj/201702/t20170209_5471799.htm,,来源周报表头周次推算,前一周列(下一周周报),moa_gk,2月份第1周畜产品和饲料集贸市场价格情况,,,,,
2017,5,2月第1周,2017-02-08,18.26,42.09,29.17,1.88,3.6,https://www.moa.gov.cn/gk/jcyj/201702/t20170209_5471799.htm,2017-02-03,表头总第N周,本周(原文),moa_gk,2月份第1周畜产品和饲料集贸市场价格情况,活猪,,,https://www.moa.gov.cn/gk/jcyj/201702/t20170209_5471799.htm,
2017,6,2月第2周,2017-02-15,17.87,42.35,28.73,1.87,3.57,https://www.moa.gov.cn/gk/jcyj/201702/t20170215_5477865.htm,2017-02-08,表头总第N周,本周(原文),moa_gk,2月份第2周畜产品和饲料集贸市场价格情况,活猪,,,https://www.moa.gov.cn/gk/jcyj/201702/t20170215_5477865.htm,
2017,7,2月第3周,2017-02-21,17.56,42.85,28.3,1.85,3.55,https://www.moa.gov.cn/gk/jcyj/201702/t20170221_5490962.htm,2017-02-15,表头总第N周,本周(原文),moa_gk,2月份第3周畜产品和饲料集贸市场价格情况,活猪,,,https://www.moa.gov.cn/gk/jcyj/201702/t20170221_5490962.htm,
2017,8,2月第4周,2017-02-28,17.41,43.45,28.08,1.84,3.53,https://www.moa.gov.cn/gk/jcyj/201702/t20170228_5498452.htm,2017-02-22,表头总第N周,本周(原文),moa_gk,2月份第4周畜产品和饲料集贸市场价格情况,活猪,,,https://www.moa.gov.cn/gk/jcyj/201702/t20170228_5498452.htm,
2017,9,3月第1周,2017-03-07,17.16,43.83,27.85,1.83,3.5,https://www.moa.gov.cn/gk/jcyj/201703/t20170307_5506706.htm,2017-03-01,表头总第N周,本周(原文),moa_gk,3月份第1周畜产品和饲料集贸市场价格情况,活猪,,,https://www.moa.gov.cn/gk/jcyj/201703/t20170307_5506706.htm,
2017,10,3月第2周,2017-03-14,16.92,43.81,27.64,1.83,3.49,https://www.moa.gov.cn/gk/jcyj/201703/t20170315_5522578.htm,2017-03-08,表头总第N周,本周(原文),moa_gk,3月份第2周畜产品和饲料集贸市场价格情况,活猪,,,https://www.moa.gov.cn/gk/jcyj/201703/t20170315_5522578.htm,
2017,11,,,16.55,43.53,27.32,1.83,3.47,https://www.moa.gov.cn/gk/jcyj/201703/t20170329_5543361.htm,,来源周报表头周次推算,前一周列(下一周周报),moa_gk,3月份第4周畜产品和饲料集贸市场价格情况,,,,,
2017,12,3月第4周,2017-03-29,16.49,43.52,27.18,1.83,3.45,https://www.moa.gov.cn/gk/jcyj/201703/t20170329_5543361.htm,2017-03-22,表头总第N周,本周(原文),moa_gk,3月份第4周畜产品和饲料集贸市场价格情况,活猪,,,https://www.moa.gov.cn/gk/jcyj/201703/t20170329_5543361.htm,
2017,13,3月最后一周,2017-04-05,16.44,43.52,27.05,1.83,3.43,https://www.moa.gov.cn/gk/jcyj/201704/t20170406_5551106.htm,2017-03-29,表头总第N周,本周(原文),moa_gk,3月份最后一周畜产品和饲料集贸市场价格情况,活猪,,,https://www.moa.gov.cn/gk/jcyj/201704/t20170406_5551106.htm,
2017,14,4月第1周,2017-04-11,16.33,43.45,26.94,1.84,3.42,https://www.moa.gov.cn/gk/jcyj/201704/t20170411_5556612.htm,2017-04-05,表头总第N周,本周(原文),moa_gk,4月份第1周畜产品和饲料集贸市场价格情况,活猪,,,https://www.moa.gov.cn/gk/jcyj/201704/t20170411_5556612.htm,
2017,15,4月第2周,2017-04-19,16.16,43.29,26.73,1.85,3.39,https://www.moa.gov.cn/gk/jcyj/201704/t20170420_5575994.htm,2017-04-12,表头总第N周,本周(原文),moa_gk,4月份第2周畜产品和饲料集贸市场价格情况,活猪,,,https://www.moa.gov.cn/gk/jcyj/201704/t20170420_5575994.htm,
2017,16,,,15.92,42.93,26.48,1.86,3.38,https://www.moa.gov.cn/gk/jcyj/201705/t20170504_5593682.htm,,来源周报表头周次推算,前一周列(下一周周报),moa_gk,4月份第4周畜产品和饲料集贸市场价格情况,,,,,
2017,17,4月第4周,2017-05-03,15.57,42.22,26.21,1.86,3.38,https://www.moa.gov.cn/gk/jcyj/201705/t20170504_5593682.htm,2017-04-26,表头总第N周,本周(原文),moa_gk,4月份第4周畜产品和饲料集贸市场价格情况,活猪,,,https://www.moa.gov.cn/gk/jcyj/201705/t20170504_5593682.htm,
2017,18,5月第1周,2017-05-09,15.38,41.74,25.96,1.87,3.37,https://www.moa.gov.cn/gk/jcyj/201705/t20170510_5602048.htm,2017-05-03,表头总第N周,本周(原文),moa_gk,5月份第1周畜产品和饲料集贸市场价格情况,活猪,,,https://www.moa.gov.cn/gk/jcyj/201705/t20170510_5602048.htm,
2017,19,5月第2周,2017-05-18,15.03,40.8,25.58,1.87,3.35,https://www.moa.gov.cn/gk/jcyj/201705/t20170519_5614131.htm,2017-05-10,表头总第N周,本周(原文),moa_gk,5月份第2周畜产品和饲料集贸市场价格情况,活猪,,,https://www.moa.gov.cn/gk/jcyj/201705/t20170519_5614131.htm,
2017,20,5月第3周,2017-05-23,14.64,39.67,25.23,1.88,3.33,https://www.moa.gov.cn/gk/jcyj/201705/t20170524_5619765.htm,2017-05-17,表头总第N周,本周(原文),moa_gk,5月份第3周畜产品和饲料集贸市场价格情况,活猪,,,https://www.moa.gov.cn/gk/jcyj/201705/t20170524_5619765.htm,
2017,21,,,14.3,38.68,24.91,1.89,3.31,https://www.moa.gov.cn/gk/jcyj/201706/t20170607_5663402.htm,,来源周报表头周次推算,前一周列(下一周周报),moa_gk,5月份最后一周畜产品和饲料集贸市场价格情况,,,,,
2017,22,5月最后一周,2017-06-06,13.79,37.47,24.49,1.89,3.28,https://www.moa.gov.cn/gk/jcyj/201706/t20170607_5663402.htm,2017-05-31,表头总第N周,本周(原文),moa_gk,5月份最后一周畜产品和饲料集贸市场价格情况,活猪,,,https://www.moa.gov.cn/gk/jcyj/201706/t20170607_5663402.htm,
2017,23,6月第1周,2017-06-14,13.58,36.43,24.15,1.89,3.25,https://www.moa.gov.cn/gk/jcyj/201706/t20170615_5687630.htm,2017-06-07,表头总第N周,本周(原文),moa_gk,6月份第1周畜产品和饲料集贸市场价格情况,活猪,,,https://www.moa.gov.cn/gk/jcyj/201706/t20170615_5687630.htm,
2017,24,,,13.84,36.31,24.1,1.9,3.22,https://www.moa.gov.cn/gk/jcyj/201707/t20170703_5733564.htm,,来源周报表头周次推算,前一周列(下一周周报),moa_gk,6月份第3周畜产品和饲料集贸市场价格情况,,,,,
2017,25,6月第3周,2017-06-28,13.79,36.1,24.1,1.9,3.2,https://www.moa.gov.cn/gk/jcyj/201707/t20170703_5733564.htm,2017-06-21,表头总第N周,本周(原文),moa_gk,6月份第3周畜产品和饲料集贸市场价格情况,活猪,,,https://www.moa.gov.cn/gk/jcyj/201707/t20170703_5733564.htm,
2017,26,6月第4周,2017-07-04,13.9,35.96,24.07,1.91,3.18,https://www.moa.gov.cn/gk/jcyj/201707/t20170704_5736877.htm,2017-06-28,表头总第N周,本周(原文),moa_gk,6月份第4周畜产品和饲料集贸市场价格情况,活猪,,,https://www.moa.gov.cn/gk/jcyj/201707/t20170704_5736877.htm,
2017,27,,,13.96,35.89,24.06,1.93,3.2,https://www.moa.gov.cn/gk/jcyj/201707/t20170718_5753333.htm,,来源周报表头周次推算,前一周列(下一周周报),moa_gk,7月份第2周畜产品和饲料集贸市场价格情况,,,,,
2017,28,7月第2周,2017-07-18,14.01,35.77,24.04,1.94,3.23,https://www.moa.gov.cn/gk/jcyj/201707/t20170718_5753333.htm,2017-07-12,表头总第N周,本周(原文),moa_gk,7月份第2周畜产品和饲料集贸市场价格情况,活猪,,,https://www.moa.gov.cn/gk/jcyj/201707/t20170718_5753333.htm,
2017,29,7月第3周,2017-07-25,13.96,35.48,23.99,1.95,3.23,https://www.moa.gov.cn/gk/jcyj/201707/t20170725_5759744.htm,2017-07-19,表头总第N周,本周(原文),moa_gk,7月份第3周畜产品和饲料集贸市场价格情况,活猪,,,https://www.moa.gov.cn/gk/jcyj/201707/t20170725_5759744.htm,
2017,30,,,13.89,35.11,23.91,1.95,3.23,https://www.moa.gov.cn/gk/jcyj/201708/t20170810_5780964.htm,,来源周报表头周次推算,前一周列(下一周周报),moa_gk,8月份第1周畜产品和饲料集贸市场价格情况,,,,,
2017,31,8月第1周,2017-08-08,14.0,34.97,23.98,1.96,3.23,https://www.moa.gov.cn/gk/jcyj/201708/t20170810_5780964.htm,2017-08-02,表头总第N周,本周(原文),moa_gk,8月份第1周畜产品和饲料集贸市场价格情况,活猪,,,https://www.moa.gov.cn/gk/jcyj/201708/t20170810_5780964.htm,
2017,32,8月第2周,2017-08-16,14.36,35.09,24.23,1.96,3.23,https://www.moa.gov.cn/gk/jcyj/201708/t20170816_5785689.htm,2017-08-09,表头总第N周,本周(原文),moa_gk,8月份第2周畜产品和饲料集贸市场价格情况,活猪,,,https://www.moa.gov.cn/gk/jcyj/201708/t20170816_5785689.htm,
2017,33,8月第3周,2017-08-22,14.42,34.91,24.38,1.96,3.23,https://www.moa.gov.cn/gk/jcyj/201708/t20170823_5792262.htm,2017-08-16,表头总第N周,本周(原文),moa_gk,8月份第3周畜产品和饲料集贸市场价格情况,活猪,,,https://www.moa.gov.cn/gk/jcyj/201708/t20170823_5792262.htm,
2017,34,8月第4周,2017-09-01,14.61,34.78,24.59,1.96,3.23,https://www.moa.gov.cn/gk/jcyj/201709/t20170901_5800111.htm,2017-08-23,表头总第N周,本周(原文),moa_gk,8月份第4周畜产品和饲料集贸市场价格情况,活猪,,,https://www.moa.gov.cn/gk/jcyj/201709/t20170901_5800111.htm,
2017,35,8月最后一周,2017-09-05,14.69,34.76,24.72,1.96,3.22,https://www.moa.gov.cn/gk/jcyj/201709/t20170906_5807968.htm,2017-08-30,表头总第N周,本周(原文),moa_gk,8月份最后一周畜产品和饲料集贸市场价格情况,活猪,,,https://www.moa.gov.cn/gk/jcyj/201709/t20170906_5807968.htm,
2017,37,,,14.78,34.45,24.94,1.97,3.23,https://www.moa.gov.cn/gk/jcyj/201709/t20170926_5828585.htm,,来源周报表头周次推算,前一周列(下一周周报),moa_gk,9月份第3周畜产品和饲料集贸市场价格情况,,,,,
2017,38,9月第3周,2017-09-26,14.75,34.11,24.93,1.97,3.22,https://www.moa.gov.cn/gk/jcyj/201709/t20170926_5828585.htm,2017-09-20,表头总第N周,本周(原文),moa_gk,9月份第3周畜产品和饲料集贸市场价格情况,活猪,,,https://www.moa.gov.cn/gk/jcyj/201709/t20170926_5828585.htm,
2017,39,9月第4周,2017-10-10,14.67,33.73,24.92,1.96,3.24,https://www.moa.gov.cn/gk/jcyj/201710/t20171011_5837497.htm,2017-09-27,表头总第N周,本周(原文),moa_gk,9月份第4周畜产品和饲料集贸市场价格情况,活猪,,,https://www.moa.gov.cn/gk/jcyj/201710/t20171011_5837497.htm,
2017,40,,,14.61,33.3,24.95,1.96,3.25,https://www.moa.gov.cn/gk/jcyj/201710/t20171019_5845995.htm,,来源周报表头周次推算,前一周列(下一周周报),moa_gk,10月份第2周畜产品和饲料集贸市场价格情况,,,,,
2017,41,10月第2周,2017-10-17,14.55,33.01,24.84,1.95,3.26,https://www.moa.gov.cn/gk/jcyj/201710/t20171019_5845995.htm,2017-10-11,表头总第N周,本周(原文),moa_gk,10月份第2周畜产品和饲料集贸市场价格情况,活猪,,,https://www.moa.gov.cn/gk/jcyj/201710/t20171019_5845995.htm,
2017,42,10月第3周,2017-10-24,14.47,32.47,24.67,1.95,3.28,https://www.moa.gov.cn/gk/jcyj/201710/t20171025_5850262.htm,2017-10-18,表头总第N周,本周(原文),moa_gk,10月份第3周畜产品和饲料集贸市场价格情况,活猪,,,https://www.moa.gov.cn/gk/jcyj/201710/t20171025_5850262.htm,
2017,43,10月第4周,2017-10-31,14.46,32.03,24.63,1.95,3.29,https://www.moa.gov.cn/gk/jcyj/201711/t20171101_5856983.htm,2017-10-25,表头总第N周,本周(原文),moa_gk,10月份第4周畜产品和饲料集贸市场价格情况,活猪,,,https://www.moa.gov.cn/gk/jcyj/201711/t20171101_5856983.htm,
2017,44,11月第1周,2017-11-07,14.42,31.55,24.57,1.95,3.29,https://www.moa.gov.cn/gk/jcyj/201711/t20171108_5864745.htm,2017-11-01,表头总第N周,本周(原文),moa_gk,11月份第1周畜产品和饲料集贸市场价格情况,活猪,,,https://www.moa.gov.cn/gk/jcyj/201711/t20171108_5864745.htm,
2017,45,11月第2周,2017-11-14,14.42,31.13,24.53,1.95,3.3,https://www.moa.gov.cn/gk/jcyj/201711/t20171114_5900853.htm,2017-11-08,表头总第N周,本周(原文),moa_gk,11月份第2周畜产品和饲料集贸市场价格情况,活猪,,,https://www.moa.gov.cn/gk/jcyj/201711/t20171114_5900853.htm,
2017,46,11月第3周,2017-11-21,14.43,30.85,24.51,1.94,3.3,https://www.moa.gov.cn/gk/jcyj/201711/t20171123_5917770.htm,2017-11-15,表头总第N周,本周(原文),moa_gk,11月份第3周畜产品和饲料集贸市场价格情况,活猪,,,https://www.moa.gov.cn/gk/jcyj/201711/t20171123_5917770.htm,
2017,47,11月第4周,2017-11-28,14.48,30.58,24.55,1.94,3.31,https://www.moa.gov.cn/gk/jcyj/201711/t20171129_5923336.htm,2017-11-22,表头总第N周,本周(原文),moa_gk,11月份第4周畜产品和饲料集贸市场价格情况,活猪,,,https://www.moa.gov.cn/gk/jcyj/201711/t20171129_5923336.htm,
2017,51,,,15.14,30.55,25.22,1.95,3.34,https://www.moa.gov.cn/ztzl/nybrl/rlxx/201801/t20180103_6133743.htm,,来源周报表头周次推算,前一周列(下一周周报),moa_rlxx,12月份第4周畜产品和饲料集贸市场价格情况,,,,,
2017,52,12月第4周,2018-01-03,15.19,30.55,25.31,1.95,3.35,https://www.moa.gov.cn/ztzl/nybrl/rlxx/201801/t20180103_6133743.htm,2017-12-27,表头总第N周,本周(原文),moa_rlxx,12月份第4周畜产品和饲料集贸市场价格情况,活猪,,,https://www.moa.gov.cn/ztzl/nybrl/rlxx/201801/t20180103_6133743.htm,
2018,1,1月第1周,2018-01-09,15.22,30.54,25.35,1.96,3.34,https://www.moa.gov.cn/ztzl/nybrl/rlxx/201801/t20180109_6134413.htm,2018-01-03,表头总第N周,本周(原文),moa_rlxx,1月份第1周畜产品和饲料集贸市场价格情况,活猪,,,https://www.moa.gov.cn/ztzl/nybrl/rlxx/201801/t20180109_6134413.htm,
2018,10,,,12.65,28.57,23.57,2.03,3.37,https://www.moa.gov.cn/gk/jcyj/201803/t20180320_6138721.htm,,来源周报表头周次推算,前一周列(下一周周报),moa_gk,3月份第2周畜产品和饲料集贸市场价格情况,,,,,
2018,11,3月第2周,2018-03-20,12.2,28.0,22.93,2.05,3.39,https://www.moa.gov.cn/gk/jcyj/201803/t20180320_6138721.htm,2018-03-14,表头总第N周,本周(原文),moa_gk,3月份第2周畜产品和饲料集贸市场价格情况,活猪,,,https://www.moa.gov.cn/gk/jcyj/201803/t20180320_6138721.htm,
2018,14,,,11.14,26.44,21.33,2.07,3.41,https://www.moa.gov.cn/gk/jcyj/201804/t20180418_6140496.htm,,来源周报表头周次推算,前一周列(下一周周报),moa_gk,4月份第2周畜产品和饲料集贸市场价格情况,,,,,
2018,15,4月第2周,2018-04-17,11.01,26.07,20.91,2.07,3.48,https://www.moa.gov.cn/gk/jcyj/201804/t20180418_6140496.htm,2018-04-11,表头总第N周,本周(原文),moa_gk,4月份第2周畜产品和饲料集贸市场价格情况,活猪,,,https://www.moa.gov.cn/gk/jcyj/201804/t20180418_6140496.htm,
2018,38,,,14.19,25.54,23.43,2.04,3.46,https://www.nahs.org.cn/jcyj/jghq/201912/t20191223_344253.htm,,来源周报表头周次推算,去年同期列(次年同周周报),nahs,9月份第3周畜产品和饲料集贸市场价格情况,,,,,
2018,39,,,14.2,25.46,23.55,2.04,3.49,https://www.nahs.org.cn/jcyj/jghq/201912/t20191223_344252.htm,,来源周报表头周次推算,去年同期列(次年同周周报),nahs,9月份第4周畜产品和饲料集贸市场价格情况,,,,,
2018,40,,,14.21,25.3,23.61,2.04,3.53,https://www.nahs.org.cn/jcyj/jghq/201912/t20191223_344251.htm,,来源周报表头周次推算,去年同期列(次年同周周报),nahs,10月份第1周畜产品和饲料集贸市场价格情况,,,,,
2018,41,,,14.21,25.06,23.54,2.04,3.6,https://www.nahs.org.cn/jcyj/jghq/201912/t20191223_344250.htm,,来源周报表头周次推算,去年同期列(次年同周周报),nahs,10月份第2周畜产品和饲料集贸市场价格情况,,,,,
2018,42,,,14.08,24.69,23.54,2.04,3.66,https://www.nahs.org.cn/jcyj/jghq/201912/t20191223_344249.htm,,来源周报表头周次推算,去年同期列(次年同周周报),nahs,10月份第3周畜产品和饲料集贸市场价格情况,,,,,
2018,44,,,14.03,24.07,23.59,2.04,3.68,https://www.nahs.org.cn/jcyj/jghq/201912/t20191223_344247.htm,,来源周报表头周次推算,去年同期列(次年同周周报),nahs,10月份第5周畜产品和饲料集贸市场价格情况,,,,,
2018,45,,,13.99,23.83,23.56,2.05,3.64,https://www.nahs.org.cn/jcyj/jghq/201912/t20191223_344246.htm,,来源周报表头周次推算,去年同期列(次年同周周报),nahs,11月份第1周畜产品和饲料集贸市场价格情况,,,,,
2018,46,,,13.92,23.58,23.52,2.05,3.61,https://www.nahs.org.cn/jcyj/jghq/201912/t20191223_344245.htm,,来源周报表头周次推算,去年同期列(次年同周周报),nahs,11月份第2周畜产品和饲料集贸市场价格情况,,,,,
2018,47,,,13.77,23.2,23.49,2.06,3.59,https://www.nahs.org.cn/jcyj/jghq/201912/t20191223_344243.htm,,来源周报表头周次推算,去年同期列(次年同周周报),nahs,11月份第3周畜产品和饲料集贸市场价格情况,,,,,
2018,48,,,13.78,22.82,23.5,2.07,3.56,https://www.nahs.org.cn/jcyj/jghq/201912/t20191223_344242.htm,,来源周报表头周次推算,去年同期列(次年同周周报),nahs,11月份第4周畜产品和饲料集贸市场价格情况,,,,,
2018,49,,,13.98,22.8,23.64,2.07,3.53,https://www.nahs.org.cn/jcyj/jghq/201912/t20191223_344241.htm,,来源周报表头周次推算,去年同期列(次年同周周报),nahs,12月份第1周畜产品和饲料集贸市场价格情况,,,,,
2018,50,,,13.99,22.63,23.72,2.08,3.49,https://www.nahs.org.cn/jcyj/jghq/201912/t20191223_344239.htm,,来源周报表头周次推算,去年同期列(次年同周周报),nahs,12月份第2周畜产品和饲料集贸市场价格情况,,,,,
2018,51,,,13.96,22.59,23.7,2.08,3.46,https://www.nahs.org.cn/jcyj/jghq/202001/t20200103_344606.htm,,来源周报表头周次推算,去年同期列(次年同周周报),nahs,12月份第3周畜产品和饲料集贸市场价格情况,,,,,
2019,2,,,13.65,22.22,23.55,2.07,3.38,https://www.nahs.org.cn/jcyj/jghq/202004/t20200402_349283.htm,,来源周报表头周次推算,去年同期列(次年同周周报),nahs,1月份第2周畜产品和饲料集贸市场价格情况,,,,,
2019,3,,,13.22,22.02,23.25,2.06,3.34,https://www.nahs.org.cn/jcyj/jghq/202004/t20200402_349284.htm,,来源周报表头周次推算,去年同期列(次年同周周报),nahs,1月份第3周畜产品和饲料集贸市场价格情况,,,,,
2019,4,,,12.63,21.74,22.78,2.06,3.32,https://www.nahs.org.cn/jcyj/jghq/202004/t20200402_349285.htm,,来源周报表头周次推算,去年同期列(次年同周周报),nahs,1月份第4周畜产品和饲料集贸市场价格情况,,,,,
2019,5,,,12.23,21.57,22.46,2.06,3.3,https://www.nahs.org.cn/jcyj/jghq/202004/t20200402_349286.htm,,来源周报表头周次推算,去年同期列(次年同周周报),nahs,1月份第5周畜产品和饲料集贸市场价格情况,,,,,
2019,6,,,12.21,21.59,22.64,2.05,3.3,https://www.nahs.org.cn/jcyj/jghq/202004/t20200403_349365.htm,,来源周报表头周次推算,去年同期列(次年同周周报),nahs,2月份第1周畜产品和饲料集贸市场价格情况,,,,,
2019,7,,,12.57,22.37,22.65,2.05,3.28,https://www.nahs.org.cn/jcyj/jghq/202004/t20200403_349366.htm,,来源周报表头周次推算,去年同期列(次年同周周报),nahs,2月份第2周畜产品和饲料集贸市场价格情况,,,,,
2019,8,,,12.75,23.57,22.55,2.05,3.26,https://www.nahs.org.cn/jcyj/jghq/202004/t20200403_349367.htm,,来源周报表头周次推算,去年同期列(次年同周周报),nahs,2月份第3周畜产品和饲料集贸市场价格情况,,,,,
2019,9,,,12.68,24.61,22.36,2.04,3.21,https://www.nahs.org.cn/jcyj/jghq/202004/t20200403_349368.htm,,来源周报表头周次推算,去年同期列(次年同周周报),nahs,2月份第4周畜产品和饲料集贸市场价格情况,,,,,
2019,10,,,12.91,25.84,22.4,2.03,3.16,https://www.nahs.org.cn/jcyj/jghq/202004/t20200403_349369.htm,,来源周报表头周次推算,去年同期列(次年同周周报),nahs,3月份第1周畜产品和饲料集贸市场价格情况,,,,,
2019,11,,,14.46,29.49,23.61,2.02,3.12,https://www.nahs.org.cn/jcyj/jghq/202004/t20200402_349211.htm,,来源周报表头周次推算,去年同期列(次年同周周报),nahs,3月份第2周畜产品和饲料集贸市场价格情况,,,,,
2019,12,,,14.97,31.91,24.08,2.02,3.1,https://www.nahs.org.cn/jcyj/jghq/202004/t20200401_349185.htm,,来源周报表头周次推算,去年同期列(次年同周周报),nahs,3月份第3周畜产品和饲料集贸市场价格情况,,,,,
2019,13,,,15.07,34.16,24.33,2.01,3.09,https://www.nahs.org.cn/jcyj/jghq/202004/t20200401_349194.htm,,来源周报表头周次推算,去年同期列(次年同周周报),nahs,3月份第4周畜产品和饲料集贸市场价格情况,,,,,
2019,14,,,15.15,35.61,24.54,2.01,3.07,https://www.nahs.org.cn/jcyj/jghq/202004/t20200408_349595.htm,,来源周报表头周次推算,去年同期列(次年同周周报),nahs,4月份第1周畜产品和饲料集贸市场价格情况,,,,,
2019,15,,,15.11,36.34,24.59,2.01,3.05,https://www.nahs.org.cn/jcyj/jghq/202004/t20200414_350064.htm,,来源周报表头周次推算,去年同期列(次年同周周报),nahs,4月份第2周畜产品和饲料集贸市场价格情况,,,,,
2019,16,,,14.91,36.69,24.6,2.0,3.04,https://www.nahs.org.cn/jcyj/jghq/202004/t20200421_350557.htm,,来源周报表头周次推算,去年同期列(次年同周周报),nahs,4月份第3周畜产品和饲料集贸市场价格情况,,,,,
2019,17,,,14.9,37.17,24.58,2.01,3.04,https://www.nahs.org.cn/jcyj/jghq/202004/t20200427_351055.htm,,来源周报表头周次推算,去年同期列(次年同周周报),nahs,4月份第4周畜产品和饲料集贸市场价格情况,,,,,
2019,18,,,14.98,37.57,24.67,2.02,3.03,https://www.nahs.org.cn/jcyj/jghq/202005/t20200506_351599.htm,,来源周报表头周次推算,去年同期列(次年同周周报),nahs,4月份最后一周畜产品和饲料集贸市场价格情况,,,,,
2019,19,,,15.01,37.93,24.68,2.02,3.04,https://www.nahs.org.cn/jcyj/jghq/202005/t20200512_352060.htm,,来源周报表头周次推算,去年同期列(次年同周周报),nahs,5月份第1周畜产品和饲料集贸市场价格情况,,,,,
2019,20,,,14.98,38.16,24.68,2.03,3.06,https://www.nahs.org.cn/jcyj/jghq/202005/t20200519_352603.htm,,来源周报表头周次推算,去年同期列(次年同周周报),nahs,5月份第2周畜产品和饲料集贸市场价格情况,,,,,
2019,21,,,14.96,38.36,24.72,2.04,3.1,https://www.nahs.org.cn/jcyj/jghq/202005/t20200527_353224.htm,,来源周报表头周次推算,去年同期列(次年同周周报),nahs,5月份第3周畜产品和饲料集贸市场价格情况,,,,,
2019,22,,,14.96,38.54,24.8,2.06,3.15,https://www.nahs.org.cn/jcyj/jghq/202006/t20200602_353697.htm,,来源周报表头周次推算,去年同期列(次年同周周报),nahs,5月份第4周畜产品和饲料集贸市场价格情况,,,,,
2019,23,,,15.39,38.98,25.13,2.07,3.21,https://www.nahs.org.cn/jcyj/jghq/202006/t20200610_354302.htm,,来源周报表头周次推算,去年同期列(次年同周周报),nahs,6月份第1周畜产品和饲料集贸市场价格情况,,,,,
2019,24,,,15.55,39.16,25.22,2.08,3.23,https://www.nahs.org.cn/jcyj/jghq/202006/t20200617_354807.htm,,来源周报表头周次推算,去年同期列(次年同周周报),nahs,6月份第2周畜产品和饲料集贸市场价格情况,,,,,
2019,25,,,16.11,39.92,25.68,2.09,3.24,https://www.nahs.org.cn/jcyj/jghq/202006/t20200624_355434.htm,,来源周报表头周次推算,去年同期列(次年同周周报),nahs,6月份第3周畜产品和饲料集贸市场价格情况,,,,,
2019,26,,,16.72,41.02,26.45,2.1,3.25,https://www.nahs.org.cn/jcyj/jghq/202006/t20200630_355756.htm,,来源周报表头周次推算,去年同期列(次年同周周报),nahs,6月份第4周畜产品和饲料集贸市场价格情况,,,,,
2019,27,,,16.77,41.48,26.86,2.1,3.23,https://www.nahs.org.cn/jcyj/jghq/202007/t20200707_356327.htm,,来源周报表头周次推算,去年同期列(次年同周周报),nahs,7月份第1周畜产品和饲料集贸市场价格情况,,,,,
2019,28,,,17.1,42.06,27.29,2.1,3.2,https://www.nahs.org.cn/jcyj/jghq/202007/t20200715_357069.htm,,来源周报表头周次推算,去年同期列(次年同周周报),nahs,7月份第2周畜产品和饲料集贸市场价格情况,,,,,
2019,29,,,17.84,42.78,28.11,2.11,3.19,https://www.nahs.org.cn/jcyj/jghq/202007/t20200722_357634.htm,,来源周报表头周次推算,去年同期列(次年同周周报),nahs,7月份第3周畜产品和饲料集贸市场价格情况,,,,,
2019,30,,,18.23,43.2,28.78,2.11,3.19,https://www.nahs.org.cn/jcyj/jghq/202007/t20200729_358102.htm,,来源周报表头周次推算,去年同期列(次年同周周报),nahs,7月份第4周畜产品和饲料集贸市场价格情况,,,,,
2019,31,,,18.48,43.52,29.18,2.11,3.18,https://www.nahs.org.cn/jcyj/jghq/202008/t20200804_358523.htm,,来源周报表头周次推算,去年同期列(次年同周周报),nahs,7月份第5周畜产品和饲料集贸市场价格情况,,,,,
2019,32,,,19.21,44.19,30.1,2.11,3.18,https://www.nahs.org.cn/jcyj/jghq/202008/t20200811_358954.htm,,来源周报表头周次推算,去年同期列(次年同周周报),nahs,8月份第1周畜产品和饲料集贸市场价格情况,,,,,
2019,33,,,20.92,46.06,32.44,2.12,3.2,https://www.nahs.org.cn/jcyj/jghq/202008/t20200818_359385.htm,,来源周报表头周次推算,去年同期列(次年同周周报),nahs,8月份第2周畜产品和饲料集贸市场价格情况,,,,,
2019,34,,,22.72,47.95,35.12,2.12,3.21,https://www.nahs.org.cn/jcyj/jghq/202008/t20200825_359833.htm,,来源周报表头周次推算,去年同期列(次年同周周报),nahs,8月份第3周畜产品和饲料集贸市场价格情况,,,,,
2019,35,,,24.69,50.07,38.15,2.13,3.24,https://www.nahs.org.cn/jcyj/jghq/202009/t20200902_360361.htm,,来源周报表头周次推算,去年同期列(次年同周周报),nahs,8月份第4周畜产品和饲料集贸市场价格情况,,,,,
2019,36,,,25.92,52.93,40.54,2.13,3.27,https://www.nahs.org.cn/jcyj/jghq/202009/t20200909_360766.htm,,来源周报表头周次推算,去年同期列(次年同周周报),nahs,9月份第1周畜产品和饲料集贸市场价格情况,,,,,
2019,37,,,26.68,55.21,41.9,2.13,3.28,https://www.nahs.org.cn/jcyj/jghq/201912/t20191223_344253.htm,,来源周报表头周次推算,前一周列(下一周周报),nahs,9月份第3周畜产品和饲料集贸市场价格情况,,,,,
2019,38,9月第3周,2019-09-25,27.15,56.81,42.57,2.14,3.27,https://www.nahs.org.cn/jcyj/jghq/201912/t20191223_344253.htm,2019-09-18,表头总第N周,本周(原文),nahs,9月份第3周畜产品和饲料集贸市场价格情况,活猪,,,https://www.nahs.org.cn/jcyj/jghq/201912/t20191223_344253.htm,
2019,39,9月第4周,2019-09-30,27.58,58.54,42.98,2.13,3.28,https://www.nahs.org.cn/jcyj/jghq/201912/t20191223_344252.htm,2019-09-25,表头总第N周,本周(原文),nahs,9月份第4周畜产品和饲料集贸市场价格情况,活猪,,,https://www.nahs.org.cn/jcyj/jghq/201912/t20191223_344252.htm,
2019,40,10月第1周,2019-10-09,27.83,59.9,43.4,2.13,3.28,https://www.nahs.org.cn/jcyj/jghq/201912/t20191223_344251.htm,2019-10-02,表头总第N周,本周(原文),nahs,10月份第1周畜产品和饲料集贸市场价格情况,活猪,,,https://www.nahs.org.cn/jcyj/jghq/201912/t20191223_344251.htm,
2019,41,10月第2周,2019-10-16,30.08,62.9,45.68,2.12,3.29,https://www.nahs.org.cn/jcyj/jghq/201912/t20191223_344250.htm,2019-10-09,表头总第N周,本周(原文),nahs,10月份第2周畜产品和饲料集贸市场价格情况,活猪,,,https://www.nahs.org.cn/jcyj/jghq/201912/t20191223_344250.htm,
2019,42,10月第3周,2019-10-23,33.16,67.57,49.86,2.12,3.32,https://www.nahs.org.cn/jcyj/jghq/201912/t20191223_344249.htm,2019-10-16,表头总第N周,本周(原文),nahs,10月份第3周畜产品和饲料集贸市场价格情况,活猪,,,https://www.nahs.org.cn/jcyj/jghq/201912/t20191223_344249.htm,
2019,43,10月第4周,2019-10-30,36.91,73.5,54.95,2.12,3.34,https://www.nahs.org.cn/jcyj/jghq/201912/t20191223_344248.htm,2019-10-23,表头总第N周,本周(原文),nahs,10月份第4周畜产品和饲料集贸市场价格情况,活猪,,,https://www.nahs.org.cn/jcyj/jghq/201912/t20191223_344248.htm,
2019,44,10月第5周,2019-11-06,38.71,77.55,58.58,2.12,3.36,https://www.nahs.org.cn/jcyj/jghq/201912/t20191223_344247.htm,2019-10-30,表头总第N周,本周(原文),nahs,10月份第5周畜产品和饲料集贸市场价格情况,活猪,,,https://www.nahs.org.cn/jcyj/jghq/201912/t20191223_344247.htm,
2019,45,11月第1周,2019-11-14,38.18,79.37,58.71,2.12,3.37,https://www.nahs.org.cn/jcyj/jghq/201912/t20191223_344246.htm,2019-11-06,表头总第N周,本周(原文),nahs,11月份第1周畜产品和饲料集贸市场价格情况,活猪,,,https://www.nahs.org.cn/jcyj/jghq/201912/t20191223_344246.htm,
2019,46,11月第2周,2019-11-20,36.04,78.93,56.69,2.12,3.36,https://www.nahs.org.cn/jcyj/jghq/201912/t20191223_344245.htm,2019-11-13,表头总第N周,本周(原文),nahs,11月份第2周畜产品和饲料集贸市场价格情况,活猪,,,https://www.nahs.org.cn/jcyj/jghq/201912/t20191223_344245.htm,
2019,47,11月第3周,2019-11-27,33.08,76.8,53.02,2.11,3.35,https://www.nahs.org.cn/jcyj/jghq/201912/t20191223_344243.htm,2019-11-20,表头总第N周,本周(原文),nahs,11月份第3周畜产品和饲料集贸市场价格情况,活猪,,,https://www.nahs.org.cn/jcyj/jghq/201912/t20191223_344243.htm,
2019,48,11月第4周,2019-12-04,32.26,75.88,51.22,2.11,3.34,https://www.nahs.org.cn/jcyj/jghq/201912/t20191223_344242.htm,2019-11-27,表头总第N周,本周(原文),nahs,11月份第4周畜产品和饲料集贸市场价格情况,活猪,,,https://www.nahs.org.cn/jcyj/jghq/201912/t20191223_344242.htm,
2019,49,12月第1周,2019-12-11,33.19,75.68,51.27,2.1,3.33,https://www.nahs.org.cn/jcyj/jghq/201912/t20191223_344241.htm,2019-12-04,表头总第N周,本周(原文),nahs,12月份第1周畜产品和饲料集贸市场价格情况,活猪,,,https://www.nahs.org.cn/jcyj/jghq/201912/t20191223_344241.htm,
2019,50,12月第2周,2019-12-18,33.38,75.54,51.21,2.1,3.31,https://www.nahs.org.cn/jcyj/jghq/201912/t20191223_344239.htm,2019-12-11,表头总第N周,本周(原文),nahs,12月份第2周畜产品和饲料集贸市场价格情况,活猪,,,https://www.nahs.org.cn/jcyj/jghq/201912/t20191223_344239.htm,
2019,51,12月第3周,2019-12-25,33.29,75.26,50.99,2.1,3.29,https://www.nahs.org.cn/jcyj/jghq/202001/t20200103_344606.htm,2019-12-18,表头总第N周,本周(原文),nahs,12月份第3周畜产品和饲料集贸市场价格情况,活猪,,,https://www.nahs.org.cn/jcyj/jghq/202001/t20200103_344606.htm,
2019,52,,,33.27,75.15,50.88,2.09,3.27,https://www.nahs.org.cn/jcyj/jghq/202012/t20201229_367861.htm,,来源周报表头周次推算,去年同期列(次年同周周报),nahs,12月份第4周畜产品和饲料集贸市场价格情况,,,,,
2020,1,,,33.78,75.53,51.23,2.09,3.26,https://www.nahs.org.cn/jcyj/jghq/202004/t20200402_349283.htm,,来源周报表头周次推算,前一周列(下一周周报),nahs,1月份第2周畜产品和饲料集贸市场价格情况,,,,,
2020,2,1月第2周,2020-01-14,34.95,76.61,52.46,2.09,3.25,https://www.nahs.org.cn/jcyj/jghq/202004/t20200402_349283.htm,2020-01-08,表头总第N周,本周(原文),nahs,1月份第2周畜产品和饲料集贸市场价格情况,活猪,,,https://www.nahs.org.cn/jcyj/jghq/202004/t20200402_349283.htm,
2020,3,1月第3周,2020-01-21,35.69,77.65,53.46,2.09,3.23,https://www.nahs.org.cn/jcyj/jghq/202004/t20200402_349284.htm,2020-01-15,表头总第N周,本周(原文),nahs,1月份第3周畜产品和饲料集贸市场价格情况,活猪,,,https://www.nahs.org.cn/jcyj/jghq/202004/t20200402_349284.htm,
2020,4,1月第4周,2020-01-28,36.06,78.66,54.7,2.09,3.23,https://www.nahs.org.cn/jcyj/jghq/202004/t20200402_349285.htm,2020-01-22,表头总第N周,本周(原文),nahs,1月份第4周畜产品和饲料集贸市场价格情况,活猪,,,https://www.nahs.org.cn/jcyj/jghq/202004/t20200402_349285.htm,
2020,5,1月第5周,2020-02-04,36.43,79.02,57.15,2.1,3.24,https://www.nahs.org.cn/jcyj/jghq/202004/t20200402_349286.htm,2020-02-03,表头总第N周,本周(原文),nahs,1月份第5周畜产品和饲料集贸市场价格情况,活猪,,,https://www.nahs.org.cn/jcyj/jghq/202004/t20200402_349286.htm,
2020,6,2月第1周,2020-02-11,36.65,79.54,57.61,2.11,3.25,https://www.nahs.org.cn/jcyj/jghq/202004/t20200403_349365.htm,2020-02-05,表头总第N周,本周(原文),nahs,2月份第1周畜产品和饲料集贸市场价格情况,活猪,,,https://www.nahs.org.cn/jcyj/jghq/202004/t20200403_349365.htm,
2020,7,2月第2周,2020-02-18,37.29,81.01,59.09,2.13,3.28,https://www.nahs.org.cn/jcyj/jghq/202004/t20200403_349366.htm,2020-02-12,表头总第N周,本周(原文),nahs,2月份第2周畜产品和饲料集贸市场价格情况,活猪,,,https://www.nahs.org.cn/jcyj/jghq/202004/t20200403_349366.htm,
2020,8,2月第3周,2020-02-25,37.51,82.16,59.64,2.14,3.31,https://www.nahs.org.cn/jcyj/jghq/202004/t20200403_349367.htm,2020-02-17,表头总第N周,本周(原文),nahs,2月份第3周畜产品和饲料集贸市场价格情况,活猪,,,https://www.nahs.org.cn/jcyj/jghq/202004/t20200403_349367.htm,
2020,9,2月第4周,2020-03-03,37.0,84.07,59.21,2.13,3.29,https://www.nahs.org.cn/jcyj/jghq/202004/t20200403_349368.htm,2020-02-26,表头总第N周,本周(原文),nahs,2月份第4周畜产品和饲料集贸市场价格情况,活猪,,,https://www.nahs.org.cn/jcyj/jghq/202004/t20200403_349368.htm,
2020,10,3月第1周,2020-03-10,36.66,87.12,58.47,2.13,3.29,https://www.nahs.org.cn/jcyj/jghq/202004/t20200403_349369.htm,2020-03-04,表头总第N周,本周(原文),nahs,3月份第1周畜产品和饲料集贸市场价格情况,活猪,,,https://www.nahs.org.cn/jcyj/jghq/202004/t20200403_349369.htm,
2020,11,3月第2周,2020-03-13,36.5,90.04,57.76,2.12,3.28,https://www.nahs.org.cn/jcyj/jghq/202004/t20200402_349211.htm,2020-03-11,表头总第N周,本周(原文),nahs,3月份第2周畜产品和饲料集贸市场价格情况,活猪,,,https://www.nahs.org.cn/jcyj/jghq/202004/t20200402_349211.htm,
2020,12,3月第3周,2020-03-20,36.16,92.87,56.91,2.12,3.28,https://www.nahs.org.cn/jcyj/jghq/202004/t20200401_349185.htm,2020-03-18,表头总第N周,本周(原文),nahs,3月份第3周畜产品和饲料集贸市场价格情况,活猪,,,https://www.nahs.org.cn/jcyj/jghq/202004/t20200401_349185.htm,
2020,13,3月第4周,2020-04-01,35.44,95.07,55.77,2.12,3.32,https://www.nahs.org.cn/jcyj/jghq/202004/t20200401_349194.htm,2020-03-25,表头总第N周,本周(原文),nahs,3月份第4周畜产品和饲料集贸市场价格情况,活猪,,,https://www.nahs.org.cn/jcyj/jghq/202004/t20200401_349194.htm,
2020,14,4月第1周,2020-04-08,34.75,97.25,54.82,2.12,3.39,https://www.nahs.org.cn/jcyj/jghq/202004/t20200408_349595.htm,2020-04-01,表头总第N周,本周(原文),nahs,4月份第1周畜产品和饲料集贸市场价格情况,活猪,,,https://www.nahs.org.cn/jcyj/jghq/202004/t20200408_349595.htm,
2020,15,4月第2周,2020-04-14,34.08,97.84,53.84,2.13,3.4,https://www.nahs.org.cn/jcyj/jghq/202004/t20200414_350064.htm,2020-04-08,表头总第N周,本周(原文),nahs,4月份第2周畜产品和饲料集贸市场价格情况,活猪,,,https://www.nahs.org.cn/jcyj/jghq/202004/t20200414_350064.htm,
2020,16,4月第3周,2020-04-21,33.73,98.99,52.96,2.14,3.4,https://www.nahs.org.cn/jcyj/jghq/202004/t20200421_350557.htm,2020-04-15,表头总第N周,本周(原文),nahs,4月份第3周畜产品和饲料集贸市场价格情况,活猪,,,https://www.nahs.org.cn/jcyj/jghq/202004/t20200421_350557.htm,
2020,17,4月第4周,2020-04-27,33.3,99.97,52.11,2.15,3.39,https://www.nahs.org.cn/jcyj/jghq/202004/t20200427_351055.htm,2020-04-22,表头总第N周,本周(原文),nahs,4月份第4周畜产品和饲料集贸市场价格情况,活猪,,,https://www.nahs.org.cn/jcyj/jghq/202004/t20200427_351055.htm,
2020,18,4月最后一周,2020-05-06,32.62,100.69,51.08,2.18,3.37,https://www.nahs.org.cn/jcyj/jghq/202005/t20200506_351599.htm,2020-04-29,表头总第N周,本周(原文),nahs,4月份最后一周畜产品和饲料集贸市场价格情况,活猪,,,https://www.nahs.org.cn/jcyj/jghq/202005/t20200506_351599.htm,
2020,19,5月第1周,2020-05-12,31.89,99.64,49.95,2.19,3.35,https://www.nahs.org.cn/jcyj/jghq/202005/t20200512_352060.htm,2020-05-06,表头总第N周,本周(原文),nahs,5月份第1周畜产品和饲料集贸市场价格情况,活猪,,,https://www.nahs.org.cn/jcyj/jghq/202005/t20200512_352060.htm,
2020,20,5月第2周,2020-05-19,30.06,96.84,48.26,2.21,3.31,https://www.nahs.org.cn/jcyj/jghq/202005/t20200519_352603.htm,2020-05-13,表头总第N周,本周(原文),nahs,5月份第2周畜产品和饲料集贸市场价格情况,活猪,,,https://www.nahs.org.cn/jcyj/jghq/202005/t20200519_352603.htm,
2020,21,5月第3周,2020-05-27,28.49,94.65,46.34,2.21,3.27,https://www.nahs.org.cn/jcyj/jghq/202005/t20200527_353224.htm,2020-05-20,表头总第N周,本周(原文),nahs,5月份第3周畜产品和饲料集贸市场价格情况,活猪,,,https://www.nahs.org.cn/jcyj/jghq/202005/t20200527_353224.htm,
2020,22,5月第4周,2020-06-02,28.89,93.98,45.98,2.22,3.25,https://www.nahs.org.cn/jcyj/jghq/202006/t20200602_353697.htm,2020-05-27,表头总第N周,本周(原文),nahs,5月份第4周畜产品和饲料集贸市场价格情况,活猪,,,https://www.nahs.org.cn/jcyj/jghq/202006/t20200602_353697.htm,
2020,23,6月第1周,2020-06-10,29.74,94.28,46.28,2.22,3.24,https://www.nahs.org.cn/jcyj/jghq/202006/t20200610_354302.htm,2020-06-03,表头总第N周,本周(原文),nahs,6月份第1周畜产品和饲料集贸市场价格情况,活猪,,,https://www.nahs.org.cn/jcyj/jghq/202006/t20200610_354302.htm,
2020,24,6月第2周,2020-06-17,30.81,95.31,47.14,2.23,3.23,https://www.nahs.org.cn/jcyj/jghq/202006/t20200617_354807.htm,2020-06-10,表头总第N周,本周(原文),nahs,6月份第2周畜产品和饲料集贸市场价格情况,活猪,,,https://www.nahs.org.cn/jcyj/jghq/202006/t20200617_354807.htm,
2020,25,6月第3周,2020-06-24,32.03,96.7,48.22,2.24,3.22,https://www.nahs.org.cn/jcyj/jghq/202006/t20200624_355434.htm,2020-06-17,表头总第N周,本周(原文),nahs,6月份第3周畜产品和饲料集贸市场价格情况,活猪,,,https://www.nahs.org.cn/jcyj/jghq/202006/t20200624_355434.htm,
2020,26,6月第4周,2020-06-30,33.35,98.27,49.89,2.25,3.21,https://www.nahs.org.cn/jcyj/jghq/202006/t20200630_355756.htm,2020-06-24,表头总第N周,本周(原文),nahs,6月份第4周畜产品和饲料集贸市场价格情况,活猪,,,https://www.nahs.org.cn/jcyj/jghq/202006/t20200630_355756.htm,
2020,27,7月第1周,2020-07-07,34.56,100.16,51.36,2.28,3.2,https://www.nahs.org.cn/jcyj/jghq/202007/t20200707_356327.htm,2020-07-01,表头总第N周,本周(原文),nahs,7月份第1周畜产品和饲料集贸市场价格情况,活猪,,,https://www.nahs.org.cn/jcyj/jghq/202007/t20200707_356327.htm,
2020,28,7月第2周,2020-07-15,36.08,102.9,53.15,2.29,3.21,https://www.nahs.org.cn/jcyj/jghq/202007/t20200715_357069.htm,2020-07-08,表头总第N周,本周(原文),nahs,7月份第2周畜产品和饲料集贸市场价格情况,活猪,,,https://www.nahs.org.cn/jcyj/jghq/202007/t20200715_357069.htm,
2020,29,7月第3周,2020-07-22,36.86,104.94,54.54,2.3,3.23,https://www.nahs.org.cn/jcyj/jghq/202007/t20200722_357634.htm,2020-07-15,表头总第N周,本周(原文),nahs,7月份第3周畜产品和饲料集贸市场价格情况,活猪,,,https://www.nahs.org.cn/jcyj/jghq/202007/t20200722_357634.htm,
2020,30,7月第4周,2020-07-29,36.81,106.25,55.14,2.33,3.24,https://www.nahs.org.cn/jcyj/jghq/202007/t20200729_358102.htm,2020-07-22,表头总第N周,本周(原文),nahs,7月份第4周畜产品和饲料集贸市场价格情况,活猪,,,https://www.nahs.org.cn/jcyj/jghq/202007/t20200729_358102.htm,
2020,31,7月第5周,2020-08-04,36.94,107.11,55.5,2.37,3.28,https://www.nahs.org.cn/jcyj/jghq/202008/t20200804_358523.htm,2020-07-29,表头总第N周,本周(原文),nahs,7月份第5周畜产品和饲料集贸市场价格情况,活猪,,,https://www.nahs.org.cn/jcyj/jghq/202008/t20200804_358523.htm,
2020,32,8月第1周,2020-08-11,37.24,108.32,56.01,2.41,3.29,https://www.nahs.org.cn/jcyj/jghq/202008/t20200811_358954.htm,2020-08-05,表头总第N周,本周(原文),nahs,8月份第1周畜产品和饲料集贸市场价格情况,活猪,,,https://www.nahs.org.cn/jcyj/jghq/202008/t20200811_358954.htm,
2020,33,8月第2周,2020-08-18,37.16,108.48,56.02,2.43,3.28,https://www.nahs.org.cn/jcyj/jghq/202008/t20200818_359385.htm,2020-08-12,表头总第N周,本周(原文),nahs,8月份第2周畜产品和饲料集贸市场价格情况,活猪,,,https://www.nahs.org.cn/jcyj/jghq/202008/t20200818_359385.htm,
2020,34,8月第3周,2020-08-25,37.04,108.72,55.98,2.44,3.27,https://www.nahs.org.cn/jcyj/jghq/202008/t20200825_359833.htm,2020-08-19,表头总第N周,本周(原文),nahs,8月份第3周畜产品和饲料集贸市场价格情况,活猪,,,https://www.nahs.org.cn/jcyj/jghq/202008/t20200825_359833.htm,
2020,35,8月第4周,2020-09-02,37.14,109.03,56.09,2.44,3.27,https://www.nahs.org.cn/jcyj/jghq/202009/t20200902_360361.htm,2020-08-26,表头总第N周,本周(原文),nahs,8月份第4周畜产品和饲料集贸市场价格情况,活猪,,,https://www.nahs.org.cn/jcyj/jghq/202009/t20200902_360361.htm,
2020,36,9月第1周,2020-09-09,37.02,109.07,56.0,2.44,3.27,https://www.nahs.org.cn/jcyj/jghq/202009/t20200909_360766.htm,2020-09-02,表头总第N周,本周(原文),nahs,9月份第1周畜产品和饲料集贸市场价格情况,活猪,,,https://www.nahs.org.cn/jcyj/jghq/202009/t20200909_360766.htm,
2020,37,9月第2周,2020-09-15,36.75,108.55,55.65,2.44,3.27,https://www.nahs.org.cn/jcyj/jghq/202009/t20200915_361091.htm,2020-09-09,表头总第N周,本周(原文),nahs,9月份第2周畜产品和饲料集贸市场价格情况,活猪,,,https://www.nahs.org.cn/jcyj/jghq/202009/t20200915_361091.htm,
2020,38,9月第3周,2020-09-22,36.07,107.4,54.99,2.45,3.29,https://www.nahs.org.cn/jcyj/jghq/202009/t20200922_361434.htm,2020-09-16,表头总第N周,本周(原文),nahs,9月份第3周畜产品和饲料集贸市场价格情况,活猪,,,https://www.nahs.org.cn/jcyj/jghq/202009/t20200922_361434.htm,
2020,39,9月第4周,2020-09-29,35.06,105.38,54.12,2.45,3.31,https://www.nahs.org.cn/jcyj/jghq/202009/t20200929_362050.htm,2020-09-23,表头总第N周,本周(原文),nahs,9月份第4周畜产品和饲料集贸市场价格情况,活猪,,,https://www.nahs.org.cn/jcyj/jghq/202009/t20200929_362050.htm,
2020,40,,,34.11,102.73,53.21,2.46,3.31,https://www.nahs.org.cn/jcyj/jghq/202010/t20201013_362484.htm,,来源周报表头周次推算,前一周列(下一周周报),nahs,10月份第1周畜产品和饲料集贸市场价格情况,,,,,
2020,41,10月第1周,2020-10-13,33.15,99.49,52.19,2.46,3.33,https://www.nahs.org.cn/jcyj/jghq/202010/t20201013_362484.htm,2020-10-07,表头总第N周,本周(原文),nahs,10月份第1周畜产品和饲料集贸市场价格情况,活猪,,,https://www.nahs.org.cn/jcyj/jghq/202010/t20201013_362484.htm,
2020,42,10月第2周,2020-10-21,31.68,95.45,50.56,2.47,3.38,https://www.nahs.org.cn/jcyj/jghq/202010/t20201021_363010.htm,2020-10-14,表头总第N周,本周(原文),nahs,10月份第2周畜产品和饲料集贸市场价格情况,活猪,,,https://www.nahs.org.cn/jcyj/jghq/202010/t20201021_363010.htm,
2020,43,10月第3周,2020-10-26,30.94,92.26,49.23,2.51,3.42,https://www.nahs.org.cn/jcyj/jghq/202010/t20201026_363409.htm,2020-10-21,表头总第N周,本周(原文),nahs,10月份第3周畜产品和饲料集贸市场价格情况,活猪,,,https://www.nahs.org.cn/jcyj/jghq/202010/t20201026_363409.htm,
2020,44,10月第4周,2020-11-09,29.82,88.75,47.66,2.54,3.45,https://www.nahs.org.cn/jcyj/jghq/202011/t20201109_364527.htm,2020-10-28,表头总第N周,本周(原文),nahs,10月份第4周畜产品和饲料集贸市场价格情况,活猪,,,https://www.nahs.org.cn/jcyj/jghq/202011/t20201109_364527.htm,
2020,45,11月第1周,2020-11-09,29.85,86.38,47.03,2.55,3.46,https://www.nahs.org.cn/jcyj/jghq/202011/t20201109_364528.htm,2020-11-04,表头总第N周,本周(原文),nahs,11月份第1周畜产品和饲料集贸市场价格情况,活猪,,,https://www.nahs.org.cn/jcyj/jghq/202011/t20201109_364528.htm,
2020,46,11月第2周,2020-11-18,29.74,84.13,46.47,2.57,3.47,https://www.nahs.org.cn/jcyj/jghq/202011/t20201118_365115.htm,2020-11-11,表头总第N周,本周(原文),nahs,11月份第2周畜产品和饲料集贸市场价格情况,活猪,,,https://www.nahs.org.cn/jcyj/jghq/202011/t20201118_365115.htm,
2020,47,11月第3周,2020-11-23,29.55,81.94,45.9,2.58,3.47,https://www.nahs.org.cn/jcyj/jghq/202011/t20201130_365987.htm,2020-11-18,表头总第N周,本周(原文),nahs,11月份第3周畜产品和饲料集贸市场价格情况,活猪,,,https://www.nahs.org.cn/jcyj/jghq/202011/t20201130_365987.htm,
2020,48,11月第4周,2020-12-02,29.7,80.64,45.79,2.58,3.47,https://www.nahs.org.cn/jcyj/jghq/202012/t20201202_366130.htm,2020-11-25,表头总第N周,本周(原文),nahs,11月份第4周畜产品和饲料集贸市场价格情况,活猪,,,https://www.nahs.org.cn/jcyj/jghq/202012/t20201202_366130.htm,
2020,49,12月第1周,2020-12-08,31.34,80.71,47.29,2.59,3.47,https://www.nahs.org.cn/jcyj/jghq/202012/t20201208_366465.htm,2020-12-02,表头总第N周,本周(原文),nahs,12月份第1周畜产品和饲料集贸市场价格情况,活猪,,,https://www.nahs.org.cn/jcyj/jghq/202012/t20201208_366465.htm,
2020,50,12月第2周,2020-12-16,32.56,81.57,48.87,2.61,3.45,https://www.nahs.org.cn/jcyj/jghq/202012/t20201216_366988.htm,2020-12-09,表头总第N周,本周(原文),nahs,12月份第2周畜产品和饲料集贸市场价格情况,活猪,,,https://www.nahs.org.cn/jcyj/jghq/202012/t20201216_366988.htm,
2020,51,12月第3周,2020-12-22,33.3,82.54,49.82,2.63,3.44,https://www.nahs.org.cn/jcyj/jghq/202012/t20201222_367392.htm,2020-12-16,表头总第N周,本周(原文),nahs,12月份第3周畜产品和饲料集贸市场价格情况,活猪,,,https://www.nahs.org.cn/jcyj/jghq/202012/t20201222_367392.htm,
2020,52,12月第4周,2020-12-29,33.71,83.23,50.51,2.64,3.47,https://www.nahs.org.cn/jcyj/jghq/202012/t20201229_367861.htm,2020-12-23,表头总第N周,本周(原文),nahs,12月份第4周畜产品和饲料集贸市场价格情况,活猪,,,https://www.nahs.org.cn/jcyj/jghq/202012/t20201229_367861.htm,
2020,53,12月第5周,2021-01-05,34.8,84.94,51.65,2.65,3.49,https://xmsyj.moa.gov.cn/jcyj/202101/t20210105_6359462.htm,2020-12-30,表头总第N周,本周(原文),xmsyj,12月份第5周畜产品和饲料集贸市场价格情况,活猪,一致,https://www.nahs.org.cn/jcyj/jghq/202101/t20210105_368398.htm,https://www.nahs.org.cn/jcyj/jghq/202101/t20210105_368398.htm,
2021,1,1月第1周,2021-01-12,35.95,87.11,52.99,2.69,3.56,https://xmsyj.moa.gov.cn/jcyj/202101/t20210112_6359816.htm,2021-01-06,表头总第N周,本周(原文),xmsyj,1月份第1周畜产品和饲料集贸市场价格情况,活猪,一致,https://www.nahs.org.cn/jcyj/jghq/202101/t20210112_368828.htm,https://www.nahs.org.cn/jcyj/jghq/202101/t20210112_368828.htm,
2021,2,1月第2周,2021-01-19,35.98,88.46,53.57,2.78,3.74,https://xmsyj.moa.gov.cn/jcyj/202101/t20210119_6360126.htm,2021-01-13,表头总第N周,本周(原文),xmsyj,1月份第2周畜产品和饲料集贸市场价格情况,活猪,一致,https://www.nahs.org.cn/jcyj/jghq/202101/t20210119_369262.htm,https://www.nahs.org.cn/jcyj/jghq/202101/t20210119_369262.htm,
2021,3,1月第3周,2021-01-26,36.01,90.09,54.22,2.88,3.92,https://xmsyj.moa.gov.cn/jcyj/202101/t20210126_6360539.htm,2021-01-20,表头总第N周,本周(原文),xmsyj,1月份第3周畜产品和饲料集贸市场价格情况,活猪,一致,https://www.nahs.org.cn/jcyj/jghq/202101/t20210126_369809.htm,https://www.nahs.org.cn/jcyj/jghq/202101/t20210126_369809.htm,
2021,4,1月第4周,2021-02-04,35.25,91.09,53.74,2.92,3.95,https://xmsyj.moa.gov.cn/jcyj/202102/t20210204_6361150.htm,2021-01-27,表头总第N周,本周(原文),xmsyj,1月份第4周畜产品和饲料集贸市场价格情况,活猪,一致,https://www.nahs.org.cn/jcyj/jghq/202102/t20210209_370844.htm,https://www.nahs.org.cn/jcyj/jghq/202102/t20210209_370844.htm,
2021,5,2月第1周,2021-02-09,33.63,91.01,52.32,2.93,3.95,https://xmsyj.moa.gov.cn/jcyj/202102/t20210209_6361549.htm,2021-02-03,表头总第N周,本周(原文),xmsyj,2月份第1周畜产品和饲料集贸市场价格情况,活猪,一致,https://www.nahs.org.cn/jcyj/jghq/202102/t20210209_370853.htm,https://www.nahs.org.cn/jcyj/jghq/202102/t20210209_370853.htm,
2021,6,2月第2周,2021-02-15,32.46,90.6,51.66,2.94,3.95,https://xmsyj.moa.gov.cn/jcyj/202304/t20230427_6426419.htm,2021-02-10,采集日ISO周,本周(原文),xmsyj,2月份第2周畜产品和饲料集贸市场价格情况,活猪,,,,
2021,7,2月第3周,2021-02-24,31.78,90.35,51.08,2.95,3.95,https://xmsyj.moa.gov.cn/jcyj/202102/t20210224_6362096.htm,2021-02-17,表头总第N周,本周(原文),xmsyj,2月份第3周畜产品和饲料集贸市场价格情况,活猪,一致,https://www.nahs.org.cn/jcyj/jghq/202102/t20210224_371385.htm,https://www.nahs.org.cn/jcyj/jghq/202102/t20210224_371385.htm,
2021,8,2月第4周,2021-03-02,29.66,91.39,48.5,2.96,3.94,https://xmsyj.moa.gov.cn/jcyj/202103/t20210302_6362600.htm,2021-02-24,表头总第N周,本周(原文),xmsyj,2月份第4周畜产品和饲料集贸市场价格情况,活猪,一致,https://www.nahs.org.cn/jcyj/jghq/202103/t20210302_371840.htm,https://www.nahs.org.cn/jcyj/jghq/202103/t20210302_371840.htm,
2021,9,3月第1周,2021-03-12,29.82,92.67,47.46,2.99,3.91,https://xmsyj.moa.gov.cn/jcyj/202103/t20210312_6363600.htm,2021-03-03,表头总第N周,本周(原文),xmsyj,3月份第1周畜产品和饲料集贸市场价格情况,活猪,一致,https://www.nahs.org.cn/jcyj/jghq/202103/t20210312_372832.htm,https://www.nahs.org.cn/jcyj/jghq/202103/t20210312_372832.htm,
2021,10,3月第2周,2021-03-16,29.06,93.17,46.26,3.0,3.87,https://xmsyj.moa.gov.cn/jcyj/202103/t20210316_6363762.htm,2021-03-10,表头总第N周,本周(原文),xmsyj,3月份第2周畜产品和饲料集贸市场价格情况,活猪,一致,https://www.nahs.org.cn/jcyj/jghq/202103/t20210316_373082.htm,https://www.nahs.org.cn/jcyj/jghq/202103/t20210316_373082.htm,
2021,11,3月第3周,2021-03-24,28.51,93.86,45.28,2.99,3.78,https://xmsyj.moa.gov.cn/jcyj/202103/t20210324_6364389.htm,2021-03-17,表头总第N周,本周(原文),xmsyj,3月份第3周畜产品和饲料集贸市场价格情况,活猪,一致,https://www.nahs.org.cn/jcyj/jghq/202103/t20210324_373815.htm,https://www.nahs.org.cn/jcyj/jghq/202103/t20210324_373815.htm,
2021,12,3月第4周,2021-03-30,27.46,93.37,44.09,2.98,3.71,https://xmsyj.moa.gov.cn/jcyj/202103/t20210330_6364905.htm,2021-03-24,表头总第N周,本周(原文),xmsyj,3月份第4周畜产品和饲料集贸市场价格情况,活猪,一致,https://www.nahs.org.cn/jcyj/jghq/202103/t20210330_374390.htm,https://www.nahs.org.cn/jcyj/jghq/202103/t20210330_374390.htm,
2021,13,4月第1周,2021-04-08,26.16,92.08,42.53,2.97,3.67,https://xmsyj.moa.gov.cn/jcyj/202104/t20210408_6365421.htm,2021-03-31,表头总第N周,本周(原文),xmsyj,4月份第1周畜产品和饲料集贸市场价格情况,活猪,一致,https://www.nahs.org.cn/jcyj/jghq/202104/t20210407_375418.htm,https://www.nahs.org.cn/jcyj/jghq/202104/t20210407_375418.htm,
2021,14,4月第2周,2021-04-13,24.49,88.95,40.7,2.95,3.65,https://xmsyj.moa.gov.cn/jcyj/202104/t20210413_6365797.htm,2021-04-07,表头总第N周,本周(原文),xmsyj,4月份第2周畜产品和饲料集贸市场价格情况,活猪,一致,https://www.nahs.org.cn/jcyj/jghq/202104/t20210413_376052.htm,https://www.nahs.org.cn/jcyj/jghq/202104/t20210413_376052.htm,
2021,15,4月第3周,2021-04-20,23.64,86.46,38.96,2.94,3.62,https://xmsyj.moa.gov.cn/jcyj/202104/t20210427_6366689.htm,2021-04-14,表头总第N周,本周(原文),xmsyj,4月份第3周畜产品和饲料集贸市场价格情况,活猪,一致,https://www.nahs.org.cn/jcyj/jghq/202104/t20210427_377172.htm,https://www.nahs.org.cn/jcyj/jghq/202104/t20210427_377172.htm,
2021,16,4月第4周,2021-04-27,23.61,85.06,38.21,2.95,3.63,https://xmsyj.moa.gov.cn/jcyj/202104/t20210427_6366697.htm,2021-04-21,表头总第N周,本周(原文),xmsyj,4月份第4周畜产品和饲料集贸市场价格情况,活猪,一致,https://www.nahs.org.cn/jcyj/jghq/202104/t20210427_377171.htm,https://www.nahs.org.cn/jcyj/jghq/202104/t20210427_377171.htm,
2021,17,,,23.02,83.35,37.32,2.96,3.67,https://www.nahs.org.cn/jcyj/jghq/202105/t20210514_378367.htm,,来源周报表头周次推算,前一周列(下一周周报),nahs,5月份第1周畜产品和饲料集贸市场价格情况,,,,,
2021,18,5月第1周,2021-05-12,22.01,80.74,36.09,2.96,3.68,https://xmsyj.moa.gov.cn/jcyj/202105/t20210514_6367739.htm,2021-05-05,表头总第N周,本周(原文),xmsyj,5月份第1周畜产品和饲料集贸市场价格情况,活猪,一致,https://www.nahs.org.cn/jcyj/jghq/202105/t20210514_378367.htm,https://www.nahs.org.cn/jcyj/jghq/202105/t20210514_378367.htm,
2021,19,5月第2周,2021-05-17,20.24,75.97,34.06,2.97,3.72,https://xmsyj.moa.gov.cn/jcyj/202105/t20210517_6367855.htm,2021-05-12,表头总第N周,本周(原文),xmsyj,5月份第2周畜产品和饲料集贸市场价格情况,活猪,一致,https://www.nahs.org.cn/jcyj/jghq/202105/t20210517_378481.htm,https://www.nahs.org.cn/jcyj/jghq/202105/t20210517_378481.htm,
2021,20,5月第3周,2021-05-24,19.19,72.05,32.32,2.98,3.74,https://xmsyj.moa.gov.cn/jcyj/202105/t20210524_6368272.htm,2021-05-19,表头总第N周,本周(原文),xmsyj,5月份第3周畜产品和饲料集贸市场价格情况,活猪,一致,https://www.nahs.org.cn/jcyj/jghq/202105/t20210524_378954.htm,https://www.nahs.org.cn/jcyj/jghq/202105/t20210524_378954.htm,
2021,21,5月第4周,2021-05-31,18.47,67.85,30.91,2.99,3.74,https://xmsyj.moa.gov.cn/jcyj/202105/t20210531_6368764.htm,2021-05-26,表头总第N周,本周(原文),xmsyj,5月份第4周畜产品和饲料集贸市场价格情况,活猪,一致,https://www.nahs.org.cn/jcyj/jghq/202105/t20210531_379562.htm,https://www.nahs.org.cn/jcyj/jghq/202105/t20210531_379562.htm,
2021,22,6月第1周,2021-06-07,17.52,63.28,29.45,3.0,3.75,https://xmsyj.moa.gov.cn/jcyj/202106/t20210607_6369245.htm,2021-06-02,表头总第N周,本周(原文),xmsyj,6月份第1周畜产品和饲料集贸市场价格情况,活猪,一致,https://www.nahs.org.cn/jcyj/jghq/202106/t20210607_380185.htm,https://www.nahs.org.cn/jcyj/jghq/202106/t20210607_380185.htm,
2021,23,6月第2周,2021-06-15,16.24,58.32,27.77,3.01,3.76,https://xmsyj.moa.gov.cn/jcyj/202106/t20210615_6369599.htm,2021-06-09,表头总第N周,本周(原文),xmsyj,6月份第2周畜产品和饲料集贸市场价格情况,活猪,一致,https://www.nahs.org.cn/jcyj/jghq/202106/t20210615_380656.htm,https://www.nahs.org.cn/jcyj/jghq/202106/t20210615_380656.htm,
2021,24,6月第3周,2021-06-22,15.13,52.76,26.23,3.01,3.75,https://xmsyj.moa.gov.cn/jcyj/202106/t20210622_6370086.htm,2021-06-16,表头总第N周,本周(原文),xmsyj,6月份第3周畜产品和饲料集贸市场价格情况,活猪,一致,https://www.nahs.org.cn/jcyj/jghq/202106/t20210622_381170.htm,https://www.nahs.org.cn/jcyj/jghq/202106/t20210622_381170.htm,
2021,25,6月第4周,2021-06-29,13.76,47.19,24.6,3.0,3.72,https://xmsyj.moa.gov.cn/jcyj/202106/t20210629_6370493.htm,2021-06-23,表头总第N周,本周(原文),xmsyj,6月份第4周畜产品和饲料集贸市场价格情况,活猪,一致,https://www.nahs.org.cn/jcyj/jghq/202106/t20210629_381641.htm,https://www.nahs.org.cn/jcyj/jghq/202106/t20210629_381641.htm,
2021,26,7月第1周,2021-07-06,15.58,46.59,26.2,2.99,3.7,https://xmsyj.moa.gov.cn/jcyj/202107/t20210706_6371079.htm,2021-06-30,表头总第N周,本周(原文),xmsyj,7月份第1周畜产品和饲料集贸市场价格情况,活猪,一致,https://www.nahs.org.cn/jcyj/jghq/202107/t20210706_382169.htm,https://www.nahs.org.cn/jcyj/jghq/202107/t20210706_382169.htm,
2021,27,7月第2周,2021-07-13,15.9,45.59,26.34,2.99,3.73,https://xmsyj.moa.gov.cn/jcyj/202107/t20210713_6371745.htm,2021-07-07,表头总第N周,本周(原文),xmsyj,7月份第2周畜产品和饲料集贸市场价格情况,活猪,一致,https://www.nahs.org.cn/jcyj/jghq/202107/t20210713_382733.htm,https://www.nahs.org.cn/jcyj/jghq/202107/t20210713_382733.htm,
2021,28,7月第3周,2021-07-20,15.92,44.32,26.29,2.98,3.74,https://xmsyj.moa.gov.cn/jcyj/202107/t20210720_6372276.htm,2021-07-14,表头总第N周,本周(原文),xmsyj,7月份第3周畜产品和饲料集贸市场价格情况,活猪,一致,https://www.nahs.org.cn/jcyj/jghq/202107/t20210720_383170.htm,https://www.nahs.org.cn/jcyj/jghq/202107/t20210720_383170.htm,
2021,29,7月第4周,2021-07-27,15.93,43.4,26.2,2.97,3.76,https://xmsyj.moa.gov.cn/jcyj/202107/t20210727_6372862.htm,2021-07-21,表头总第N周,本周(原文),xmsyj,7月份第4周畜产品和饲料集贸市场价格情况,活猪,一致,https://www.nahs.org.cn/jcyj/jghq/202107/t20210727_383673.htm,https://www.nahs.org.cn/jcyj/jghq/202107/t20210727_383673.htm,
2021,30,7月第5周,2021-08-03,15.66,42.12,25.93,2.96,3.75,https://xmsyj.moa.gov.cn/jcyj/202108/t20210803_6373407.htm,2021-07-28,表头总第N周,本周(原文),xmsyj,7月份第5周畜产品和饲料集贸市场价格情况,活猪,一致,https://www.nahs.org.cn/jcyj/jghq/202108/t20210803_384249.htm,https://www.nahs.org.cn/jcyj/jghq/202108/t20210803_384249.htm,
2021,31,8月第1周,2021-08-10,15.56,40.88,25.77,2.95,3.76,https://xmsyj.moa.gov.cn/jcyj/202108/t20210810_6373840.htm,2021-08-04,表头总第N周,本周(原文),xmsyj,8月份第1周畜产品和饲料集贸市场价格情况,活猪,一致,https://www.nahs.org.cn/jcyj/jghq/202108/t20210810_384720.htm,https://www.nahs.org.cn/jcyj/jghq/202108/t20210810_384720.htm,
2021,32,8月第2周,2021-08-17,15.46,39.43,25.66,2.95,3.79,https://xmsyj.moa.gov.cn/jcyj/202108/t20210817_6374222.htm,2021-08-11,表头总第N周,本周(原文),xmsyj,8月份第2周畜产品和饲料集贸市场价格情况,活猪,一致,https://www.nahs.org.cn/jcyj/jghq/202108/t20210817_385138.htm,https://www.nahs.org.cn/jcyj/jghq/202108/t20210817_385138.htm,
2021,33,8月第3周,2021-08-24,15.21,38.1,25.36,2.95,3.81,https://xmsyj.moa.gov.cn/jcyj/202108/t20210824_6374744.htm,2021-08-18,表头总第N周,本周(原文),xmsyj,8月份第3周畜产品和饲料集贸市场价格情况,活猪,一致,https://www.nahs.org.cn/jcyj/jghq/202108/t20210824_385682.htm,https://www.nahs.org.cn/jcyj/jghq/202108/t20210824_385682.htm,
2021,34,8月第4周,2021-08-31,14.81,36.56,24.93,2.95,3.8,https://xmsyj.moa.gov.cn/jcyj/202108/t20210831_6375246.htm,2021-08-25,表头总第N周,本周(原文),xmsyj,8月份第4周畜产品和饲料集贸市场价格情况,活猪,一致,https://www.nahs.org.cn/jcyj/jghq/202108/t20210831_386186.htm,https://www.nahs.org.cn/jcyj/jghq/202108/t20210831_386186.htm,
2021,35,9月第1周,2021-09-07,14.43,34.72,24.42,2.95,3.81,https://xmsyj.moa.gov.cn/jcyj/202109/t20210907_6375862.htm,2021-09-01,表头总第N周,本周(原文),xmsyj,9月份第1周畜产品和饲料集贸市场价格情况,活猪,一致,https://www.nahs.org.cn/jcyj/jghq/202109/t20210907_386743.htm,https://www.nahs.org.cn/jcyj/jghq/202109/t20210907_386743.htm,
2021,36,9月第2周,2021-09-14,14.08,32.71,23.91,2.94,3.82,https://xmsyj.moa.gov.cn/jcyj/202109/t20210914_6376376.htm,2021-09-08,表头总第N周,本周(原文),xmsyj,9月份第2周畜产品和饲料集贸市场价格情况,活猪,一致,https://www.nahs.org.cn/jcyj/jghq/202109/t20210914_387306.htm,https://www.nahs.org.cn/jcyj/jghq/202109/t20210914_387306.htm,
2021,37,9月第3周,2021-09-18,13.45,30.27,23.25,2.92,3.84,https://xmsyj.moa.gov.cn/jcyj/202109/t20210918_6376790.htm,2021-09-15,表头总第N周,本周(原文),xmsyj,9月份第3周畜产品和饲料集贸市场价格情况,活猪,一致,https://www.nahs.org.cn/jcyj/jghq/202109/t20210918_387694.htm,https://www.nahs.org.cn/jcyj/jghq/202109/t20210918_387694.htm,
2021,38,9月第4周,2021-09-26,12.97,28.44,22.76,2.9,3.87,https://xmsyj.moa.gov.cn/jcyj/202109/t20210926_6378252.htm,2021-09-22,表头总第N周,本周(原文),xmsyj,9月份第4周畜产品和饲料集贸市场价格情况,活猪,一致,https://www.nahs.org.cn/jcyj/jghq/202109/t20210926_388164.htm,https://www.nahs.org.cn/jcyj/jghq/202109/t20210926_388164.htm,
2021,39,9月第5周,2021-10-08,12.16,26.23,21.88,2.88,3.91,https://xmsyj.moa.gov.cn/jcyj/202110/t20211008_6378910.htm,2021-09-29,表头总第N周,本周(原文),xmsyj,9月份第5周畜产品和饲料集贸市场价格情况,活猪,一致,https://www.nahs.org.cn/jcyj/jghq/202110/t20211008_388762.htm,https://www.nahs.org.cn/jcyj/jghq/202110/t20211008_388762.htm,
2021,40,10月第1周,2021-10-12,11.54,23.75,21.05,2.86,3.92,https://xmsyj.moa.gov.cn/jcyj/202110/t20211012_6379251.htm,2021-10-08,表头总第N周,本周(原文),xmsyj,10月份第1周畜产品和饲料集贸市场价格情况,活猪,一致,https://www.nahs.org.cn/jcyj/jghq/202110/t20211012_389109.htm,https://www.nahs.org.cn/jcyj/jghq/202110/t20211012_389109.htm,
2021,41,10月第2周,2021-10-19,11.91,22.45,21.03,2.86,3.9,https://xmsyj.moa.gov.cn/jcyj/202110/t20211019_6379749.htm,2021-10-13,表头总第N周,本周(原文),xmsyj,10月份第2周畜产品和饲料集贸市场价格情况,活猪,一致,https://www.nahs.org.cn/jcyj/jghq/202110/t20211019_389594.htm,https://www.nahs.org.cn/jcyj/jghq/202110/t20211019_389594.htm,
2021,42,10月第3周,2021-10-26,13.4,22.73,22.58,2.85,3.88,https://xmsyj.moa.gov.cn/jcyj/202110/t20211026_6380493.htm,2021-10-20,表头总第N周,本周(原文),xmsyj,10月份第3周畜产品和饲料集贸市场价格情况,活猪,一致,https://www.nahs.org.cn/jcyj/jghq/202110/t20211026_390173.htm,https://www.nahs.org.cn/jcyj/jghq/202110/t20211026_390173.htm,
2021,43,10月第4周,2021-11-02,15.43,24.08,24.95,2.86,3.87,https://xmsyj.moa.gov.cn/jcyj/202111/t20211102_6381036.htm,2021-10-27,表头总第N周,本周(原文),xmsyj,10月份第4周畜产品和饲料集贸市场价格情况,活猪,一致,https://www.nahs.org.cn/jcyj/jghq/202111/t20211102_390688.htm,https://www.nahs.org.cn/jcyj/jghq/202111/t20211102_390688.htm,
2021,44,11月第1周,2021-11-09,16.08,24.76,25.92,2.87,3.85,https://xmsyj.moa.gov.cn/jcyj/202111/t20211109_6381682.htm,2021-11-03,表头总第N周,本周(原文),xmsyj,11月份第1周畜产品和饲料集贸市场价格情况,活猪,一致,https://www.nahs.org.cn/jcyj/jghq/202111/t20211109_391122.htm,https://www.nahs.org.cn/jcyj/jghq/202111/t20211109_391122.htm,
2021,45,11月第2周,2021-11-16,17.1,25.85,27.18,2.89,3.8,https://xmsyj.moa.gov.cn/jcyj/202111/t20211116_6382262.htm,2021-11-10,表头总第N周,本周(原文),xmsyj,11月份第2周畜产品和饲料集贸市场价格情况,活猪,一致,https://www.nahs.org.cn/jcyj/jghq/202111/t20211116_391600.htm,https://www.nahs.org.cn/jcyj/jghq/202111/t20211116_391600.htm,
2021,46,11月第3周,2021-11-23,17.82,26.87,28.09,2.9,3.79,https://xmsyj.moa.gov.cn/jcyj/202111/t20211123_6382739.htm,2021-11-17,表头总第N周,本周(原文),xmsyj,11月份第3周畜产品和饲料集贸市场价格情况,活猪,一致,https://www.nahs.org.cn/jcyj/jghq/202111/t20211123_392158.htm,https://www.nahs.org.cn/jcyj/jghq/202111/t20211123_392158.htm,
2021,47,11月第4周,2021-11-30,18.21,27.58,28.62,2.91,3.78,https://xmsyj.moa.gov.cn/jcyj/202111/t20211130_6383308.htm,2021-11-24,表头总第N周,本周(原文),xmsyj,11月份第4周畜产品和饲料集贸市场价格情况,活猪,一致,https://www.nahs.org.cn/jcyj/jghq/202111/t20211130_392718.htm,https://www.nahs.org.cn/jcyj/jghq/202111/t20211130_392718.htm,
2021,48,12月第1周,2021-12-07,18.33,28.06,28.91,2.91,3.76,https://xmsyj.moa.gov.cn/jcyj/202112/t20211207_6384012.htm,2021-12-01,表头总第N周,本周(原文),xmsyj,12月份第1周畜产品和饲料集贸市场价格情况,活猪,一致,https://www.nahs.org.cn/jcyj/jghq/202112/t20211207_393256.htm,https://www.nahs.org.cn/jcyj/jghq/202112/t20211207_393256.htm,
2021,49,12月第2周,2021-12-14,18.19,28.27,28.87,2.91,3.75,https://xmsyj.moa.gov.cn/jcyj/202112/t20211214_6384734.htm,2021-12-08,表头总第N周,本周(原文),xmsyj,12月份第2周畜产品和饲料集贸市场价格情况,活猪,一致,https://www.nahs.org.cn/jcyj/jghq/202112/t20211214_393782.htm,https://www.nahs.org.cn/jcyj/jghq/202112/t20211214_393782.htm,
2021,50,12月第3周,2021-12-21,17.45,28.09,28.36,2.9,3.76,https://xmsyj.moa.gov.cn/jcyj/202112/t20211221_6385169.htm,2021-12-15,表头总第N周,本周(原文),xmsyj,12月份第3周畜产品和饲料集贸市场价格情况,生猪,一致,https://www.nahs.org.cn/jcyj/jghq/202112/t20211221_394243.htm,https://www.nahs.org.cn/jcyj/jghq/202112/t20211221_394243.htm,
2021,51,12月第4周,2021-12-28,17.07,27.81,28.02,2.9,3.76,https://xmsyj.moa.gov.cn/jcyj/202112/t20211228_6385737.htm,2021-12-22,表头总第N周,本周(原文),xmsyj,12月份第4周畜产品和饲料集贸市场价格情况,生猪,一致,https://www.nahs.org.cn/jcyj/jghq/202112/t20211228_394794.htm,https://www.nahs.org.cn/jcyj/jghq/202112/t20211228_394794.htm,
2021,52,12月第5周,2022-01-04,16.92,27.66,27.87,2.89,3.78,https://xmsyj.moa.gov.cn/jcyj/202201/t20220104_6386267.htm,2021-12-29,表头总第N周,本周(原文),xmsyj,12月份第5周畜产品和饲料集贸市场价格情况,生猪,一致,https://www.nahs.org.cn/jcyj/jghq/202201/t20220104_395183.htm,https://www.nahs.org.cn/jcyj/jghq/202201/t20220104_395183.htm,
2022,1,1月第1周,2022-01-12,16.59,27.47,27.71,2.88,3.8,https://xmsyj.moa.gov.cn/jcyj/202201/t20220112_6386744.htm,2022-01-05,表头总第N周,本周(原文),xmsyj,1月份第1周畜产品和饲料集贸市场价格情况,生猪,一致,https://www.nahs.org.cn/jcyj/jghq/202201/t20220112_395702.htm,https://www.nahs.org.cn/jcyj/jghq/202201/t20220112_395702.htm,
2022,2,1月第2周,2022-01-18,15.66,26.8,26.93,2.88,3.82,https://xmsyj.moa.gov.cn/jcyj/202201/t20220118_6387092.htm,2022-01-12,表头总第N周,本周(原文),xmsyj,1月份第2周畜产品和饲料集贸市场价格情况,生猪,一致,https://www.nahs.org.cn/jcyj/jghq/202201/t20220118_396053.htm,https://www.nahs.org.cn/jcyj/jghq/202201/t20220118_396053.htm,
2022,3,1月第3周,2022-01-25,15.11,26.09,26.24,2.87,3.83,https://xmsyj.moa.gov.cn/jcyj/202201/t20220125_6387583.htm,2022-01-19,表头总第N周,本周(原文),xmsyj,1月份第3周畜产品和饲料集贸市场价格情况,生猪,一致,https://www.nahs.org.cn/jcyj/jghq/202201/t20220125_396421.htm,https://www.nahs.org.cn/jcyj/jghq/202201/t20220125_396421.htm,
2022,4,1月第4周,2022-01-29,14.85,25.83,26.06,2.87,3.85,https://xmsyj.moa.gov.cn/jcyj/202201/t20220129_6387932.htm,2022-01-26,表头总第N周,本周(原文),xmsyj,1月份第4周畜产品和饲料集贸市场价格情况,生猪,一致,https://www.nahs.org.cn/jcyj/jghq/202201/t20220129_396773.htm,https://www.nahs.org.cn/jcyj/jghq/202201/t20220129_396773.htm,
2022,5,2月第1周,2022-02-09,14.71,25.78,26.26,2.87,3.87,https://xmsyj.moa.gov.cn/jcyj/202202/t20220209_6388305.htm,2022-02-07,表头总第N周,本周(原文),xmsyj,2月份第1周畜产品和饲料集贸市场价格情况,生猪,一致,https://www.nahs.org.cn/jcyj/jghq/202202/t20220209_397077.htm,https://www.nahs.org.cn/jcyj/jghq/202202/t20220209_397077.htm,
2022,6,2月第2周,2022-02-15,14.52,25.68,25.86,2.87,3.93,https://xmsyj.moa.gov.cn/jcyj/202202/t20220215_6388685.htm,2022-02-09,表头总第N周,本周(原文),xmsyj,2月份第2周畜产品和饲料集贸市场价格情况,生猪,一致,https://www.nahs.org.cn/jcyj/jghq/202202/t20220215_397303.htm,https://www.nahs.org.cn/jcyj/jghq/202202/t20220215_397303.htm,
2022,7,2月第3周,2022-02-22,13.67,25.27,24.8,2.87,4.07,https://xmsyj.moa.gov.cn/jcyj/202202/t20220222_6389194.htm,2022-02-16,表头总第N周,本周(原文),xmsyj,2月份第3周畜产品和饲料集贸市场价格情况,生猪,一致,https://www.nahs.org.cn/jcyj/jghq/202202/t20220222_397752.htm,https://www.nahs.org.cn/jcyj/jghq/202202/t20220222_397752.htm,
2022,8,2月第4周,2022-03-01,13.33,24.92,24.16,2.87,4.2,https://xmsyj.moa.gov.cn/jcyj/202203/t20220301_6389883.htm,2022-02-23,表头总第N周,本周(原文),xmsyj,2月份第4周畜产品和饲料集贸市场价格情况,生猪,一致,https://www.nahs.org.cn/jcyj/jghq/202203/t20220301_398280.htm,https://www.nahs.org.cn/jcyj/jghq/202203/t20220301_398280.htm,
2022,9,3月第1周,2022-03-08,13.21,24.79,23.71,2.89,4.43,https://xmsyj.moa.gov.cn/jcyj/202203/t20220308_6390939.htm,2022-03-02,表头总第N周,本周(原文),xmsyj,3月份第1周畜产品和饲料集贸市场价格情况,生猪,一致,https://www.nahs.org.cn/jcyj/jghq/202203/t20220308_398834.htm,https://www.nahs.org.cn/jcyj/jghq/202203/t20220308_398834.htm,
2022,10,3月第2周,2022-03-15,12.88,24.48,23.13,2.91,4.57,https://xmsyj.moa.gov.cn/jcyj/202203/t20220315_6392217.htm,2022-03-09,表头总第N周,本周(原文),xmsyj,3月份第2周畜产品和饲料集贸市场价格情况,生猪,一致,https://www.nahs.org.cn/jcyj/jghq/202203/t20220315_399352.htm,https://www.nahs.org.cn/jcyj/jghq/202203/t20220315_399352.htm,
2022,11,3月第3周,2022-03-22,12.62,24.16,22.65,2.92,4.72,https://xmsyj.moa.gov.cn/jcyj/202203/t20220322_6393353.htm,2022-03-16,表头总第N周,本周(原文),xmsyj,3月份第3周畜产品和饲料集贸市场价格情况,生猪,一致,https://www.nahs.org.cn/jcyj/jghq/202203/t20220322_399912.htm,https://www.nahs.org.cn/jcyj/jghq/202203/t20220322_399912.htm,
2022,12,3月第4周,2022-03-29,12.52,23.86,22.38,2.94,4.88,https://xmsyj.moa.gov.cn/jcyj/202203/t20220329_6394477.htm,2022-03-23,表头总第N周,本周(原文),xmsyj,3月份第4周畜产品和饲料集贸市场价格情况,生猪,一致,https://www.nahs.org.cn/jcyj/jghq/202203/t20220329_400382.htm,https://www.nahs.org.cn/jcyj/jghq/202203/t20220329_400382.htm,
2022,13,3月第5周,2022-04-02,12.59,23.92,22.93,2.94,4.91,https://xmsyj.moa.gov.cn/jcyj/202204/t20220402_6395303.htm,2022-03-30,表头总第N周,本周(原文),xmsyj,3月份第5周畜产品和饲料集贸市场价格情况,生猪,一致,https://www.nahs.org.cn/jcyj/jghq/202204/t20220402_400782.htm,https://www.nahs.org.cn/jcyj/jghq/202204/t20220402_400782.htm,
2022,14,4月第1周,2022-04-12,12.8,24.28,22.39,2.94,4.78,https://xmsyj.moa.gov.cn/jcyj/202204/t20220412_6396127.htm,2022-04-06,表头总第N周,本周(原文),xmsyj,4月份第1周畜产品和饲料集贸市场价格情况,生猪,一致,https://www.nahs.org.cn/jcyj/jghq/202204/t20220412_401204.htm,https://www.nahs.org.cn/jcyj/jghq/202204/t20220412_401204.htm,
2022,15,4月第2周,2022-04-18,12.8,24.65,22.33,2.94,4.75,https://xmsyj.moa.gov.cn/jcyj/202204/t20220418_6396714.htm,2022-04-13,表头总第N周,本周(原文),xmsyj,4月份第2周畜产品和饲料集贸市场价格情况,生猪,一致,https://www.nahs.org.cn/jcyj/jghq/202204/t20220418_401597.htm,https://www.nahs.org.cn/jcyj/jghq/202204/t20220418_401597.htm,
2022,16,4月第3周,2022-04-26,13.53,26.24,22.98,2.95,4.72,https://xmsyj.moa.gov.cn/jcyj/202204/t20220426_6397752.htm,2022-04-20,表头总第N周,本周(原文),xmsyj,4月份第3周畜产品和饲料集贸市场价格情况,生猪,一致,https://www.nahs.org.cn/jcyj/jghq/202204/t20220426_402263.htm,https://www.nahs.org.cn/jcyj/jghq/202204/t20220426_402263.htm,
2022,17,4月第4周,2022-05-05,14.46,27.92,23.95,2.95,4.66,https://xmsyj.moa.gov.cn/jcyj/202205/t20220505_6398297.htm,2022-04-27,表头总第N周,本周(原文),xmsyj,4月份第4周畜产品和饲料集贸市场价格情况,生猪,一致,https://www.nahs.org.cn/jcyj/jghq/202205/t20220505_402659.htm,https://www.nahs.org.cn/jcyj/jghq/202205/t20220505_402659.htm,
2022,18,5月第1周,2022-05-10,14.89,29.41,24.51,2.96,4.61,https://xmsyj.moa.gov.cn/jcyj/202205/t20220510_6398783.htm,2022-05-05,表头总第N周,本周(原文),xmsyj,5月份第1周畜产品和饲料集贸市场价格情况,生猪,一致,https://www.nahs.org.cn/jcyj/jghq/202205/t20220509_402859.htm,https://www.nahs.org.cn/jcyj/jghq/202205/t20220509_402859.htm,
2022,19,5月第2周,2022-05-16,15.18,30.81,24.84,2.97,4.54,https://xmsyj.moa.gov.cn/jcyj/202205/t20220516_6399358.htm,2022-05-11,表头总第N周,本周(原文),xmsyj,5月份第2周畜产品和饲料集贸市场价格情况,生猪,一致,https://www.nahs.org.cn/jcyj/jghq/202205/t20220517_403255.htm,https://www.nahs.org.cn/jcyj/jghq/202205/t20220517_403255.htm,
2022,20,5月第3周,2022-05-24,15.45,32.37,25.12,2.98,4.55,https://xmsyj.moa.gov.cn/jcyj/202206/t20220606_6401604.htm,2022-05-18,表头总第N周,本周(原文),xmsyj,5月份第3周畜产品和饲料集贸市场价格情况,生猪,一致,https://www.nahs.org.cn/jcyj/jghq/202205/t20220524_403598.htm,https://www.nahs.org.cn/jcyj/jghq/202205/t20220524_403598.htm,
2022,21,5月第4周,2022-05-30,15.67,33.62,25.37,2.98,4.53,https://xmsyj.moa.gov.cn/jcyj/202206/t20220606_6401613.htm,2022-05-25,表头总第N周,本周(原文),xmsyj,5月份第4周畜产品和饲料集贸市场价格情况,生猪,一致,https://www.nahs.org.cn/jcyj/jghq/202206/t20220606_404336.htm,https://www.nahs.org.cn/jcyj/jghq/202206/t20220606_404336.htm,
2022,22,6月第1周,2022-06-07,15.81,34.7,25.91,2.99,4.52,https://xmsyj.moa.gov.cn/jcyj/202206/t20220607_6401691.htm,2022-06-01,表头总第N周,本周(原文),xmsyj,6月份第1周畜产品和饲料集贸市场价格情况,生猪,一致,https://www.nahs.org.cn/jcyj/jghq/202206/t20220607_404367.htm,https://www.nahs.org.cn/jcyj/jghq/202206/t20220607_404367.htm,
2022,23,6月第2周,2022-06-13,15.87,35.22,25.94,2.99,4.51,https://xmsyj.moa.gov.cn/jcyj/202206/t20220613_6402312.htm,2022-06-08,表头总第N周,本周(原文),xmsyj,6月份第2周畜产品和饲料集贸市场价格情况,生猪,一致,https://www.nahs.org.cn/jcyj/jghq/202206/t20220613_404744.htm,https://www.nahs.org.cn/jcyj/jghq/202206/t20220613_404744.htm,
2022,24,6月第3周,2022-06-21,16.13,36.01,26.15,3.0,4.51,https://xmsyj.moa.gov.cn/jcyj/202206/t20220621_6402909.htm,2022-06-15,表头总第N周,本周(原文),xmsyj,6月份第3周畜产品和饲料集贸市场价格情况,生猪,一致,https://www.nahs.org.cn/jcyj/jghq/202206/t20220621_405158.htm,https://www.nahs.org.cn/jcyj/jghq/202206/t20220621_405158.htm,
2022,25,6月第4周,2022-06-28,16.65,37.09,26.57,3.01,4.5,https://xmsyj.moa.gov.cn/jcyj/202206/t20220628_6403516.htm,2022-06-22,表头总第N周,本周(原文),xmsyj,6月份第4周畜产品和饲料集贸市场价格情况,生猪,一致,https://www.nahs.org.cn/jcyj/jghq/202206/t20220628_405759.htm,https://www.nahs.org.cn/jcyj/jghq/202206/t20220628_405759.htm,
2022,26,6月第5周,2022-07-05,18.41,38.66,28.17,3.02,4.45,https://xmsyj.moa.gov.cn/jcyj/202207/t20220705_6404016.htm,2022-06-29,表头总第N周,本周(原文),xmsyj,6月份第5周畜产品和饲料集贸市场价格情况,生猪,一致,https://www.nahs.org.cn/jcyj/jghq/202207/t20220705_406212.htm,https://www.nahs.org.cn/jcyj/jghq/202207/t20220705_406212.htm,
2022,27,7月第1周,2022-07-12,22.02,42.28,32.17,3.02,4.41,https://xmsyj.moa.gov.cn/jcyj/202207/t20220712_6404498.htm,2022-07-06,表头总第N周,本周(原文),xmsyj,7月份第1周畜产品和饲料集贸市场价格情况,生猪,一致,https://www.nahs.org.cn/jcyj/jghq/202207/t20220712_406738.htm,https://www.nahs.org.cn/jcyj/jghq/202207/t20220712_406738.htm,
2022,28,7月第2周,2022-07-18,22.47,43.8,33.72,3.01,4.42,https://xmsyj.moa.gov.cn/jcyj/202207/t20220718_6405034.htm,2022-07-13,表头总第N周,本周(原文),xmsyj,7月份第2周畜产品和饲料集贸市场价格情况,生猪,一致,https://www.nahs.org.cn/jcyj/jghq/202207/t20220718_407113.htm,https://www.nahs.org.cn/jcyj/jghq/202207/t20220718_407113.htm,
2022,29,7月第3周,2022-07-25,22.51,44.92,34.24,3.01,4.4,https://xmsyj.moa.gov.cn/jcyj/202207/t20220725_6405514.htm,2022-07-20,表头总第N周,本周(原文),xmsyj,7月份第3周畜产品和饲料集贸市场价格情况,生猪,一致,https://www.nahs.org.cn/jcyj/jghq/202207/t20220725_407533.htm,https://www.nahs.org.cn/jcyj/jghq/202207/t20220725_407533.htm,
2022,30,7月第4周,2022-08-01,21.7,44.95,33.94,3.0,4.38,https://xmsyj.moa.gov.cn/jcyj/202208/t20220801_6406075.htm,2022-07-27,表头总第N周,本周(原文),xmsyj,7月份第4周畜产品和饲料集贸市场价格情况,生猪,一致,https://www.nahs.org.cn/jcyj/jghq/202208/t20220801_408000.htm,https://www.nahs.org.cn/jcyj/jghq/202208/t20220801_408000.htm,
2022,31,8月第1周,2022-08-09,21.68,44.95,33.91,2.99,4.4,https://xmsyj.moa.gov.cn/jcyj/202208/t20220809_6406543.htm,2022-08-03,表头总第N周,本周(原文),xmsyj,8月份第1周畜产品和饲料集贸市场价格情况,生猪,一致,https://www.nahs.org.cn/jcyj/jghq/202208/t20220809_408340.htm,https://www.nahs.org.cn/jcyj/jghq/202208/t20220809_408340.htm,
2022,32,8月第2周,2022-08-16,21.52,44.68,33.75,2.99,4.41,https://xmsyj.moa.gov.cn/jcyj/202208/t20220816_6406988.htm,2022-08-10,表头总第N周,本周(原文),xmsyj,8月份第2周畜产品和饲料集贸市场价格情况,生猪,一致,https://www.nahs.org.cn/jcyj/jghq/202208/t20220816_408647.htm,https://www.nahs.org.cn/jcyj/jghq/202208/t20220816_408647.htm,
2022,33,8月第3周,2022-08-23,21.56,44.5,33.77,2.98,4.42,https://xmsyj.moa.gov.cn/jcyj/202208/t20220823_6407505.htm,2022-08-17,表头总第N周,本周(原文),xmsyj,8月份第3周畜产品和饲料集贸市场价格情况,生猪,一致,https://www.nahs.org.cn/jcyj/jghq/202208/t20220823_409028.htm,https://www.nahs.org.cn/jcyj/jghq/202208/t20220823_409028.htm,
2022,34,8月第4周,2022-08-30,21.97,44.3,34.08,2.98,4.49,https://xmsyj.moa.gov.cn/jcyj/202208/t20220830_6408082.htm,2022-08-24,表头总第N周,本周(原文),xmsyj,8月份第4周畜产品和饲料集贸市场价格情况,生猪,一致,https://www.nahs.org.cn/jcyj/jghq/202208/t20220830_409467.htm,https://www.nahs.org.cn/jcyj/jghq/202208/t20220830_409467.htm,
2022,35,9月第1周,2022-09-05,22.76,44.31,34.87,2.98,4.53,https://xmsyj.moa.gov.cn/jcyj/202209/t20220905_6408680.htm,2022-08-31,表头总第N周,本周(原文),xmsyj,9月份第1周畜产品和饲料集贸市场价格情况,生猪,一致,https://www.nahs.org.cn/jcyj/jghq/202209/t20220905_409906.htm,https://www.nahs.org.cn/jcyj/jghq/202209/t20220905_409906.htm,
2022,36,9月第2周,2022-09-13,23.22,44.28,35.62,2.99,4.6,https://xmsyj.moa.gov.cn/jcyj/202209/t20220913_6409081.htm,2022-09-07,表头总第N周,本周(原文),xmsyj,9月份第2周畜产品和饲料集贸市场价格情况,生猪,一致,https://www.nahs.org.cn/jcyj/jghq/202209/t20220913_410284.htm,https://www.nahs.org.cn/jcyj/jghq/202209/t20220913_410284.htm,
2022,37,9月第3周,2022-09-20,23.44,44.09,35.87,3.0,4.75,https://xmsyj.moa.gov.cn/jcyj/202209/t20220920_6409743.htm,2022-09-14,表头总第N周,本周(原文),xmsyj,9月份第3周畜产品和饲料集贸市场价格情况,生猪,一致,https://www.nahs.org.cn/jcyj/jghq/202209/t20220919_410639.htm,https://www.nahs.org.cn/jcyj/jghq/202209/t20220919_410639.htm,
2022,38,9月第4周,2022-09-27,23.79,43.97,36.24,3.0,4.88,https://xmsyj.moa.gov.cn/jcyj/202209/t20220927_6412005.htm,2022-09-21,表头总第N周,本周(原文),xmsyj,9月份第4周畜产品和饲料集贸市场价格情况,生猪,一致,https://www.nahs.org.cn/jcyj/jghq/202209/t20220927_411120.htm,https://www.nahs.org.cn/jcyj/jghq/202209/t20220927_411120.htm,
2022,39,9月第5周,2022-10-08,24.15,43.89,36.54,3.01,5.08,https://xmsyj.moa.gov.cn/jcyj/202210/t20221008_6412610.htm,2022-09-28,表头总第N周,本周(原文),xmsyj,9月份第5周畜产品和饲料集贸市场价格情况,生猪,一致,https://www.nahs.org.cn/jcyj/jghq/202210/t20221008_411463.htm,https://www.nahs.org.cn/jcyj/jghq/202210/t20221008_411463.htm,
2022,40,10月第1周,2022-10-10,25.33,44.46,37.8,3.01,5.13,https://xmsyj.moa.gov.cn/jcyj/202210/t20221010_6412955.htm,2022-10-08,表头总第N周,本周(原文),xmsyj,10月份第1周畜产品和饲料集贸市场价格情况,生猪,一致,https://www.nahs.org.cn/jcyj/jghq/202210/t20221010_411621.htm,https://www.nahs.org.cn/jcyj/jghq/202210/t20221010_411621.htm,
2022,41,10月第2周,2022-10-18,26.12,44.96,38.7,3.02,5.22,https://xmsyj.moa.gov.cn/jcyj/202210/t20221018_6413434.htm,2022-10-12,表头总第N周,本周(原文),xmsyj,10月份第2周畜产品和饲料集贸市场价格情况,生猪,一致,https://www.nahs.org.cn/jcyj/jghq/202210/t20221018_412112.htm,https://www.nahs.org.cn/jcyj/jghq/202210/t20221018_412112.htm,
2022,42,10月第3周,2022-10-25,27.46,46.11,40.64,3.03,5.37,https://xmsyj.moa.gov.cn/jcyj/202210/t20221025_6413876.htm,2022-10-19,表头总第N周,本周(原文),xmsyj,10月份第3周畜产品和饲料集贸市场价格情况,生猪,一致,https://www.nahs.org.cn/jcyj/jghq/202210/t20221025_412445.htm,https://www.nahs.org.cn/jcyj/jghq/202210/t20221025_412445.htm,
2022,43,10月第4周,2022-11-01,27.66,46.96,41.61,3.04,5.42,https://xmsyj.moa.gov.cn/jcyj/202211/t20221101_6414539.htm,2022-10-26,表头总第N周,本周(原文),xmsyj,10月份第4周畜产品和饲料集贸市场价格情况,生猪,一致,https://www.nahs.org.cn/jcyj/jghq/202211/t20221101_412956.htm,https://www.nahs.org.cn/jcyj/jghq/202211/t20221101_412956.htm,
2022,44,11月第1周,2022-11-08,26.87,46.78,41.6,3.04,5.49,https://xmsyj.moa.gov.cn/jcyj/202211/t20221108_6415018.htm,2022-11-02,表头总第N周,本周(原文),xmsyj,11月份第1周畜产品和饲料集贸市场价格情况,生猪,一致,https://www.nahs.org.cn/jcyj/jghq/202211/t20221108_413276.htm,https://www.nahs.org.cn/jcyj/jghq/202211/t20221108_413276.htm,
2022,45,11月第2周,2022-11-14,26.24,46.39,41.16,3.04,5.56,https://xmsyj.moa.gov.cn/jcyj/202211/t20221114_6415437.htm,2022-11-09,表头总第N周,本周(原文),xmsyj,11月份第2周畜产品和饲料集贸市场价格情况,生猪,一致,https://www.nahs.org.cn/jcyj/jghq/202211/t20221114_413643.htm,https://www.nahs.org.cn/jcyj/jghq/202211/t20221114_413643.htm,
2022,46,11月第3周,2022-11-22,25.48,45.85,40.36,3.04,5.58,https://xmsyj.moa.gov.cn/jcyj/202211/t20221122_6415893.htm,2022-11-16,表头总第N周,本周(原文),xmsyj,11月份第3周畜产品和饲料集贸市场价格情况,生猪,一致,https://www.nahs.org.cn/jcyj/jghq/202212/t20221205_414557.htm,https://www.nahs.org.cn/jcyj/jghq/202212/t20221205_414557.htm,
2022,47,11月第4周,2022-11-29,24.69,45.08,39.37,3.05,5.47,https://xmsyj.moa.gov.cn/jcyj/202212/t20221222_6417430.htm,2022-11-23,表头总第N周,本周(原文),xmsyj,11月份第4周畜产品和饲料集贸市场价格情况,生猪,一致,https://www.nahs.org.cn/jcyj/jghq/202212/t20221205_414559.htm,https://www.nahs.org.cn/jcyj/jghq/202212/t20221205_414559.htm,
2022,48,12月第1周,2022-12-08,23.65,43.94,38.44,3.07,5.43,https://xmsyj.moa.gov.cn/jcyj/202212/t20221222_6417431.htm,2022-11-30,表头总第N周,本周(原文),xmsyj,12月份第1周畜产品和饲料集贸市场价格情况,生猪,一致,https://www.nahs.org.cn/jcyj/jghq/202212/t20221208_414644.htm,https://www.nahs.org.cn/jcyj/jghq/202212/t20221208_414644.htm,
2022,49,12月第2周,2022-12-12,23.46,43.09,37.99,3.07,5.29,https://xmsyj.moa.gov.cn/jcyj/202212/t20221222_6417432.htm,2022-12-07,表头总第N周,本周(原文),xmsyj,12月份第2周畜产品和饲料集贸市场价格情况,生猪,一致,https://www.nahs.org.cn/jcyj/jghq/202212/t20221212_414850.htm,https://www.nahs.org.cn/jcyj/jghq/202212/t20221212_414850.htm,
2022,50,12月第3周,2022-12-19,21.43,41.18,36.22,3.07,5.21,https://xmsyj.moa.gov.cn/jcyj/202212/t20221222_6417433.htm,2022-12-14,表头总第N周,本周(原文),xmsyj,12月份第3周畜产品和饲料集贸市场价格情况,生猪,一致,https://www.nahs.org.cn/jcyj/jghq/202212/t20221219_415424.htm,https://www.nahs.org.cn/jcyj/jghq/202212/t20221219_415424.htm,
2022,51,12月第4周,2022-12-27,18.91,38.84,33.96,3.06,5.11,https://xmsyj.moa.gov.cn/jcyj/202212/t20221227_6417791.htm,2022-12-21,表头总第N周,本周(原文),xmsyj,12月份第4周畜产品和饲料集贸市场价格情况,生猪,一致,https://www.nahs.org.cn/jcyj/jghq/202212/t20221228_415899.htm,https://www.nahs.org.cn/jcyj/jghq/202212/t20221228_415899.htm,
2022,52,12月第5周,2023-01-04,18.66,37.94,33.01,3.05,5.07,https://xmsyj.moa.gov.cn/jcyj/202301/t20230104_6418219.htm,2022-12-28,表头总第N周,本周(原文),xmsyj,12月份第5周畜产品和饲料集贸市场价格情况,生猪,一致,https://www.nahs.org.cn/jcyj/jghq/202301/t20230104_416304.htm,https://www.nahs.org.cn/jcyj/jghq/202301/t20230104_416304.htm,
2023,1,1月第1周,2023-01-11,17.29,36.23,31.36,3.04,5.04,https://xmsyj.moa.gov.cn/jcyj/202301/t20230111_6418684.htm,2023-01-04,表头总第N周,本周(原文),xmsyj,1月份第1周畜产品和饲料集贸市场价格情况,生猪,一致,https://www.nahs.org.cn/jcyj/jghq/202301/t20230111_416853.htm,https://www.nahs.org.cn/jcyj/jghq/202301/t20230111_416853.htm,
2023,2,1月第2周,2023-01-16,16.29,35.33,29.97,3.03,4.97,https://xmsyj.moa.gov.cn/jcyj/202301/t20230116_6418958.htm,2023-01-11,表头总第N周,本周(原文),xmsyj,1月份第2周畜产品和饲料集贸市场价格情况,生猪,一致,https://www.nahs.org.cn/jcyj/jghq/202301/t20230117_417119.htm,https://www.nahs.org.cn/jcyj/jghq/202301/t20230117_417119.htm,
2023,3,1月第3周,2023-01-28,15.85,34.39,28.99,3.04,4.97,https://xmsyj.moa.gov.cn/jcyj/202301/t20230128_6419296.htm,2023-01-18,表头总第N周,本周(原文),xmsyj,1月份第3周畜产品和饲料集贸市场价格情况,生猪,一致,https://www.nahs.org.cn/jcyj/jghq/202301/t20230128_417427.htm,https://www.nahs.org.cn/jcyj/jghq/202301/t20230128_417427.htm,
2023,4,1月第4周,2023-02-01,15.82,33.5,28.87,3.04,4.96,https://xmsyj.moa.gov.cn/jcyj/202302/t20230201_6419569.htm,2023-01-28,表头总第N周,本周(原文),xmsyj,1月份第4周畜产品和饲料集贸市场价格情况,生猪,一致,https://www.nahs.org.cn/jcyj/jghq/202302/t20230201_417632.htm,https://www.nahs.org.cn/jcyj/jghq/202302/t20230201_417632.htm,
2023,5,2月第1周,2023-02-07,15.13,33.24,27.87,3.03,4.95,https://xmsyj.moa.gov.cn/jcyj/202302/t20230207_6420073.htm,2023-02-01,表头总第N周,本周(原文),xmsyj,2月份第1周畜产品和饲料集贸市场价格情况,生猪,一致,https://www.nahs.org.cn/jcyj/jghq/202302/t20230207_417933.htm,https://www.nahs.org.cn/jcyj/jghq/202302/t20230207_417933.htm,
2023,6,2月第2周,2023-02-14,14.92,33.45,27.1,3.02,4.94,https://xmsyj.moa.gov.cn/jcyj/202302/t20230214_6420486.htm,2023-02-08,表头总第N周,本周(原文),xmsyj,2月份第2周畜产品和饲料集贸市场价格情况,生猪,一致,https://www.nahs.org.cn/jcyj/jghq/202302/t20230214_418309.htm,https://www.nahs.org.cn/jcyj/jghq/202302/t20230214_418309.htm,
2023,7,2月第3周,2023-02-21,15.12,34.13,26.7,3.02,4.92,https://xmsyj.moa.gov.cn/jcyj/202302/t20230221_6421167.htm,2023-02-15,表头总第N周,本周(原文),xmsyj,2月份第3周畜产品和饲料集贸市场价格情况,生猪,一致,https://www.nahs.org.cn/jcyj/jghq/202303/t20230302_419381.htm,https://www.nahs.org.cn/jcyj/jghq/202303/t20230302_419381.htm,
2023,8,2月第4周,2023-02-28,15.54,35.42,26.77,3.02,4.88,https://xmsyj.moa.gov.cn/jcyj/202302/t20230228_6421843.htm,2023-02-22,表头总第N周,本周(原文),xmsyj,2月份第4周畜产品和饲料集贸市场价格情况,生猪,一致,https://www.nahs.org.cn/jcyj/jghq/202303/t20230302_419382.htm,https://www.nahs.org.cn/jcyj/jghq/202303/t20230302_419382.htm,
2023,9,3月第1周,2023-03-07,15.93,36.86,26.9,3.0,4.79,https://xmsyj.moa.gov.cn/jcyj/202303/t20230307_6422391.htm,2023-03-01,表头总第N周,本周(原文),xmsyj,3月份第1周畜产品和饲料集贸市场价格情况,生猪,一致,https://www.nahs.org.cn/jcyj/jghq/202304/t20230403_421382.htm,https://www.nahs.org.cn/jcyj/jghq/202304/t20230403_421382.htm,
2023,10,3月第2周,2023-03-13,15.95,37.67,26.83,3.0,4.71,https://xmsyj.moa.gov.cn/jcyj/202303/t20230313_6422945.htm,2023-03-08,表头总第N周,本周(原文),xmsyj,3月份第2周畜产品和饲料集贸市场价格情况,生猪,一致,https://www.nahs.org.cn/jcyj/jghq/202304/t20230403_421383.htm,https://www.nahs.org.cn/jcyj/jghq/202304/t20230403_421383.htm,
2023,11,3月第3周,2023-03-20,15.53,38.04,26.44,2.99,4.63,https://xmsyj.moa.gov.cn/jcyj/202303/t20230320_6423461.htm,2023-03-15,表头总第N周,本周(原文),xmsyj,3月份第3周畜产品和饲料集贸市场价格情况,生猪,一致,https://www.nahs.org.cn/jcyj/jghq/202304/t20230403_421384.htm,https://www.nahs.org.cn/jcyj/jghq/202304/t20230403_421384.htm,
2023,12,3月第4周,2023-03-27,15.4,38.09,26.17,2.98,4.5,https://xmsyj.moa.gov.cn/jcyj/202303/t20230327_6424004.htm,2023-03-22,表头总第N周,本周(原文),xmsyj,3月份第4周畜产品和饲料集贸市场价格情况,生猪,一致,https://www.nahs.org.cn/jcyj/jghq/202304/t20230403_421385.htm,https://www.nahs.org.cn/jcyj/jghq/202304/t20230403_421385.htm,
2023,13,3月第5周,2023-04-03,15.18,37.92,25.84,2.97,4.36,https://xmsyj.moa.gov.cn/jcyj/202304/t20230403_6424530.htm,2023-03-29,表头总第N周,本周(原文),xmsyj,3月份第5周畜产品和饲料集贸市场价格情况,生猪,一致,https://www.nahs.org.cn/jcyj/jghq/202304/t20230403_421387.htm,https://www.nahs.org.cn/jcyj/jghq/202304/t20230403_421387.htm,
2023,14,4月第1周,2023-04-10,14.9,37.41,25.37,2.95,4.36,https://xmsyj.moa.gov.cn/jcyj/202304/t20230410_6425025.htm,2023-04-05,表头总第N周,本周(原文),xmsyj,4月份第1周畜产品和饲料集贸市场价格情况,生猪,一致,https://www.nahs.org.cn/jcyj/jghq/202304/t20230410_421703.htm,https://www.nahs.org.cn/jcyj/jghq/202304/t20230410_421703.htm,
2023,15,4月第2周,2023-04-17,14.63,36.89,24.86,2.94,4.35,https://xmsyj.moa.gov.cn/jcyj/202304/t20230417_6425476.htm,2023-04-12,表头总第N周,本周(原文),xmsyj,4月份第2周畜产品和饲料集贸市场价格情况,生猪,一致,https://www.nahs.org.cn/jcyj/jghq/202304/t20230418_422141.htm,https://www.nahs.org.cn/jcyj/jghq/202304/t20230418_422141.htm,
2023,16,4月第3周,2023-04-23,14.36,36.52,24.39,2.94,4.49,https://xmsyj.moa.gov.cn/jcyj/202304/t20230423_6426113.htm,2023-04-19,表头总第N周,本周(原文),xmsyj,4月份第3周畜产品和饲料集贸市场价格情况,生猪,一致,https://www.nahs.org.cn/jcyj/jghq/202304/t20230424_422572.htm,https://www.nahs.org.cn/jcyj/jghq/202304/t20230424_422572.htm,
2023,17,4月第4周,2023-05-04,14.77,36.73,24.65,2.94,4.47,https://xmsyj.moa.gov.cn/jcyj/202305/t20230504_6426692.htm,2023-04-26,表头总第N周,本周(原文),xmsyj,4月份第4周畜产品和饲料集贸市场价格情况,生猪,一致,https://www.nahs.org.cn/jcyj/jghq/202305/t20230505_423105.htm,https://www.nahs.org.cn/jcyj/jghq/202305/t20230505_423105.htm,
2023,18,5月第1周,2023-05-09,14.68,36.7,24.63,2.94,4.48,https://xmsyj.moa.gov.cn/jcyj/202305/t20230509_6427152.htm,2023-05-04,表头总第N周,本周(原文),xmsyj,5月份第1周畜产品和饲料集贸市场价格情况,生猪,一致,https://www.nahs.org.cn/jcyj/jghq/202305/t20230509_423430.htm,https://www.nahs.org.cn/jcyj/jghq/202305/t20230509_423430.htm,
2023,19,5月第2周,2023-05-16,14.58,36.61,24.42,2.94,4.56,https://xmsyj.moa.gov.cn/jcyj/202305/t20230516_6427649.htm,2023-05-10,表头总第N周,本周(原文),xmsyj,5月份第2周畜产品和饲料集贸市场价格情况,生猪,一致,https://www.nahs.org.cn/jcyj/jghq/202305/t20230518_423990.htm,https://www.nahs.org.cn/jcyj/jghq/202305/t20230518_423990.htm,
2023,20,5月第3周,2023-05-22,14.51,36.49,24.16,2.93,4.56,https://xmsyj.moa.gov.cn/jcyj/202305/t20230522_6428081.htm,2023-05-17,表头总第N周,本周(原文),xmsyj,5月份第3周畜产品和饲料集贸市场价格情况,生猪,一致,https://www.nahs.org.cn/jcyj/jghq/202305/t20230523_424275.htm,https://www.nahs.org.cn/jcyj/jghq/202305/t20230523_424275.htm,
2023,21,5月第4周,2023-05-30,14.47,36.41,24.05,2.92,4.5,https://xmsyj.moa.gov.cn/jcyj/202305/t20230530_6428841.htm,2023-05-24,表头总第N周,本周(原文),xmsyj,5月份第4周畜产品和饲料集贸市场价格情况,生猪,一致,https://www.nahs.org.cn/jcyj/jghq/202306/t20230601_424837.htm,https://www.nahs.org.cn/jcyj/jghq/202306/t20230601_424837.htm,
2023,22,6月第1周,2023-06-05,14.48,36.29,23.98,2.92,4.39,https://xmsyj.moa.gov.cn/jcyj/202306/t20230605_6429457.htm,2023-05-31,表头总第N周,本周(原文),xmsyj,6月份第1周畜产品和饲料集贸市场价格情况,生猪,一致,https://www.nahs.org.cn/jcyj/jghq/202306/t20230607_425201.htm,https://www.nahs.org.cn/jcyj/jghq/202306/t20230607_425201.htm,
2023,23,6月第2周,2023-06-13,14.44,35.74,23.84,2.91,4.32,https://xmsyj.moa.gov.cn/jcyj/202306/t20230613_6430137.htm,2023-06-07,表头总第N周,本周(原文),xmsyj,6月份第2周畜产品和饲料集贸市场价格情况,生猪,一致,https://www.nahs.org.cn/jcyj/jghq/202306/t20230621_426162.htm,https://www.nahs.org.cn/jcyj/jghq/202306/t20230621_426162.htm,
2023,24,6月第3周,2023-06-20,14.39,34.95,23.74,2.92,4.27,https://xmsyj.moa.gov.cn/jcyj/202306/t20230620_6430657.htm,2023-06-14,表头总第N周,本周(原文),xmsyj,6月份第3周畜产品和饲料集贸市场价格情况,生猪,一致,https://www.nahs.org.cn/jcyj/jghq/202306/t20230621_426163.htm,https://www.nahs.org.cn/jcyj/jghq/202306/t20230621_426163.htm,
2023,25,6月第4周,2023-06-27,14.43,34.35,23.76,2.92,4.3,https://xmsyj.moa.gov.cn/jcyj/202306/t20230627_6430993.htm,2023-06-21,表头总第N周,本周(原文),xmsyj,6月份第4周畜产品和饲料集贸市场价格情况,生猪,一致,https://www.nahs.org.cn/jcyj/jghq/202306/t20230627_426513.htm,https://www.nahs.org.cn/jcyj/jghq/202306/t20230627_426513.htm,
2023,26,6月第5周,2023-07-03,14.23,33.5,23.44,2.93,4.3,https://xmsyj.moa.gov.cn/jcyj/202307/t20230703_6431398.htm,2023-06-28,表头总第N周,本周(原文),xmsyj,6月份第5周畜产品和饲料集贸市场价格情况,生猪,一致,https://www.nahs.org.cn/jcyj/jghq/202307/t20230704_426928.htm,https://www.nahs.org.cn/jcyj/jghq/202307/t20230704_426928.htm,
2023,27,7月第1周,2023-07-10,14.23,32.85,23.37,2.96,4.36,https://xmsyj.moa.gov.cn/jcyj/202307/t20230710_6431827.htm,2023-07-05,表头总第N周,本周(原文),xmsyj,7月份第1周畜产品和饲料集贸市场价格情况,生猪,一致,https://www.nahs.org.cn/jcyj/jghq/202307/t20230711_427293.htm,https://www.nahs.org.cn/jcyj/jghq/202307/t20230711_427293.htm,
2023,28,7月第2周,2023-07-18,14.19,31.96,23.26,2.97,4.39,https://xmsyj.moa.gov.cn/jcyj/202307/t20230718_6432344.htm,2023-07-12,表头总第N周,本周(原文),xmsyj,7月份第2周畜产品和饲料集贸市场价格情况,生猪,一致,https://www.nahs.org.cn/jcyj/jghq/202307/t20230718_427807.htm,https://www.nahs.org.cn/jcyj/jghq/202307/t20230718_427807.htm,
2023,29,7月第3周,2023-07-24,14.21,31.43,23.25,2.98,4.44,https://xmsyj.moa.gov.cn/jcyj/202307/t20230724_6432771.htm,2023-07-19,表头总第N周,本周(原文),xmsyj,7月份第3周畜产品和饲料集贸市场价格情况,生猪,一致,https://www.nahs.org.cn/jcyj/jghq/202307/t20230726_428297.htm,https://www.nahs.org.cn/jcyj/jghq/202307/t20230726_428297.htm,
2023,30,7月第4周,2023-07-31,14.76,31.28,23.65,2.99,4.49,https://xmsyj.moa.gov.cn/jcyj/202307/t20230731_6433238.htm,2023-07-26,表头总第N周,本周(原文),xmsyj,7月份第4周畜产品和饲料集贸市场价格情况,生猪,一致,https://www.nahs.org.cn/jcyj/jghq/202308/t20230801_428654.htm,https://www.nahs.org.cn/jcyj/jghq/202308/t20230801_428654.htm,
2023,31,8月第1周,2023-08-07,16.34,32.16,25.37,3.0,4.53,https://xmsyj.moa.gov.cn/jcyj/202308/t20230807_6433713.htm,2023-08-02,表头总第N周,本周(原文),xmsyj,8月份第1周畜产品和饲料集贸市场价格情况,生猪,一致,https://www.nahs.org.cn/jcyj/jghq/202308/t20230821_429550.htm,https://www.nahs.org.cn/jcyj/jghq/202308/t20230821_429550.htm,
2023,32,8月第2周,2023-08-14,17.14,32.88,26.57,3.01,4.61,https://xmsyj.moa.gov.cn/jcyj/202308/t20230814_6434154.htm,2023-08-09,表头总第N周,本周(原文),xmsyj,8月份第2周畜产品和饲料集贸市场价格情况,生猪,一致,https://www.nahs.org.cn/jcyj/jghq/202308/t20230821_429551.htm,https://www.nahs.org.cn/jcyj/jghq/202308/t20230821_429551.htm,
2023,33,8月第3周,2023-08-21,17.2,33.09,26.95,3.03,4.7,https://xmsyj.moa.gov.cn/jcyj/202308/t20230821_6434703.htm,2023-08-16,表头总第N周,本周(原文),xmsyj,8月份第3周畜产品和饲料集贸市场价格情况,生猪,一致,https://www.nahs.org.cn/jcyj/jghq/202308/t20230822_429666.htm,https://www.nahs.org.cn/jcyj/jghq/202308/t20230822_429666.htm,
2023,34,8月第4周,2023-08-29,17.21,33.14,27.13,3.05,4.85,https://xmsyj.moa.gov.cn/jcyj/202308/t20230829_6435391.htm,2023-08-23,表头总第N周,本周(原文),xmsyj,8月份第4周畜产品和饲料集贸市场价格情况,生猪,一致,https://www.nahs.org.cn/jcyj/jghq/202308/t20230830_430112.htm,https://www.nahs.org.cn/jcyj/jghq/202308/t20230830_430112.htm,
2023,35,8月第5周,2023-09-04,17.21,32.98,27.26,3.06,4.94,https://xmsyj.moa.gov.cn/jcyj/202309/t20230904_6435778.htm,2023-08-30,表头总第N周,本周(原文),xmsyj,8月份第5周畜产品和饲料集贸市场价格情况,生猪,一致,https://www.nahs.org.cn/jcyj/jghq/202309/t20230906_430554.htm,https://www.nahs.org.cn/jcyj/jghq/202309/t20230906_430554.htm,
2023,36,9月第1周,2023-09-11,17.03,32.57,27.12,3.06,4.97,https://xmsyj.moa.gov.cn/jcyj/202309/t20230911_6436204.htm,2023-09-06,表头总第N周,本周(原文),xmsyj,9月份第1周畜产品和饲料集贸市场价格情况,生猪,一致,https://www.nahs.org.cn/jcyj/jghq/202309/t20230912_430882.htm,https://www.nahs.org.cn/jcyj/jghq/202309/t20230912_430882.htm,
2023,37,9月第2周,2023-09-18,16.86,31.92,26.94,3.07,4.96,https://xmsyj.moa.gov.cn/jcyj/202309/t20230918_6436734.htm,2023-09-13,表头总第N周,本周(原文),xmsyj,9月份第2周畜产品和饲料集贸市场价格情况,生猪,一致,https://www.nahs.org.cn/jcyj/jghq/202309/t20230919_431318.htm,https://www.nahs.org.cn/jcyj/jghq/202309/t20230919_431318.htm,
2023,38,9月第3周,2023-09-25,16.68,31.0,26.81,3.06,4.92,https://xmsyj.moa.gov.cn/jcyj/202309/t20230925_6437208.htm,2023-09-20,表头总第N周,本周(原文),xmsyj,9月份第3周畜产品和饲料集贸市场价格情况,生猪,一致,https://www.nahs.org.cn/jcyj/jghq/202309/t20230926_431823.htm,https://www.nahs.org.cn/jcyj/jghq/202309/t20230926_431823.htm,
2023,39,9月第4周,2023-10-08,16.51,30.11,26.63,3.04,4.86,https://xmsyj.moa.gov.cn/jcyj/202310/t20231008_6437743.htm,2023-09-27,表头总第N周,本周(原文),xmsyj,9月份第4周畜产品和饲料集贸市场价格情况,生猪,一致,https://www.nahs.org.cn/jcyj/jghq/202310/t20231008_432263.htm,https://www.nahs.org.cn/jcyj/jghq/202310/t20231008_432263.htm,
2023,40,10月第1周,2023-10-10,16.27,29.23,26.47,3.03,4.83,https://xmsyj.moa.gov.cn/jcyj/202310/t20231010_6437889.htm,2023-10-06,表头总第N周,本周(原文),xmsyj,10月第1周畜产品和饲料集贸市场价格情况,生猪,一致,https://www.nahs.org.cn/jcyj/jghq/202310/t20231010_432402.htm,https://www.nahs.org.cn/jcyj/jghq/202310/t20231010_432402.htm,
2023,41,10月第2周,2023-10-17,15.91,28.19,26.09,3.01,4.75,https://xmsyj.moa.gov.cn/jcyj/202310/t20231017_6438378.htm,2023-10-11,表头总第N周,本周(原文),xmsyj,10月第2周畜产品和饲料集贸市场价格情况,生猪,一致,https://www.nahs.org.cn/jcyj/jghq/202310/t20231017_432924.htm,https://www.nahs.org.cn/jcyj/jghq/202310/t20231017_432924.htm,
2023,42,10月第3周,2023-10-24,15.82,27.05,25.91,2.98,4.67,https://xmsyj.moa.gov.cn/jcyj/202310/t20231024_6438877.htm,2023-10-18,表头总第N周,本周(原文),xmsyj,10月第3周畜产品和饲料集贸市场价格情况,生猪,一致,https://www.nahs.org.cn/jcyj/jghq/202310/t20231024_433408.htm,https://www.nahs.org.cn/jcyj/jghq/202310/t20231024_433408.htm,
2023,43,10月第4周,2023-10-30,15.58,25.63,25.6,2.95,4.59,https://xmsyj.moa.gov.cn/jcyj/202310/t20231030_6439298.htm,2023-10-25,表头总第N周,本周(原文),xmsyj,10月第4周畜产品和饲料集贸市场价格情况,生猪,一致,https://www.nahs.org.cn/jcyj/jghq/202310/t20231031_433706.htm,https://www.nahs.org.cn/jcyj/jghq/202310/t20231031_433706.htm,
2023,44,11月第1周,2023-11-07,15.12,24.8,25.15,2.92,4.54,https://xmsyj.moa.gov.cn/jcyj/202311/t20231107_6439970.htm,2023-11-01,表头总第N周,本周(原文),xmsyj,11月第1周畜产品和饲料集贸市场价格情况,生猪,一致,https://www.nahs.org.cn/jcyj/jghq/202311/t20231107_433999.htm,https://www.nahs.org.cn/jcyj/jghq/202311/t20231107_433999.htm,
2023,45,11月第2周,2023-11-13,15.18,24.47,25.04,2.91,4.55,https://xmsyj.moa.gov.cn/jcyj/202311/t20231113_6440418.htm,2023-11-08,表头总第N周,本周(原文),xmsyj,11月第2周畜产品和饲料集贸市场价格情况,生猪,一致,https://www.nahs.org.cn/jcyj/jghq/202311/t20231114_434283.htm,https://www.nahs.org.cn/jcyj/jghq/202311/t20231114_434283.htm,
2023,46,11月第3周,2023-11-20,15.03,24.19,24.89,2.89,4.52,https://xmsyj.moa.gov.cn/jcyj/202311/t20231120_6440909.htm,2023-11-15,表头总第N周,本周(原文),xmsyj,11月第3周畜产品和饲料集贸市场价格情况,生猪,一致,https://www.nahs.org.cn/jcyj/jghq/202311/t20231121_434616.htm,https://www.nahs.org.cn/jcyj/jghq/202311/t20231121_434616.htm,
2023,47,11月第4周,2023-11-27,15.21,24.04,24.94,2.87,4.48,https://xmsyj.moa.gov.cn/jcyj/202311/t20231127_6441300.htm,2023-11-22,表头总第N周,本周(原文),xmsyj,11月第4周畜产品和饲料集贸市场价格情况,生猪,一致,https://www.nahs.org.cn/jcyj/jghq/202311/t20231127_434823.htm,https://www.nahs.org.cn/jcyj/jghq/202311/t20231127_434823.htm,
2023,48,11月第5周,2023-12-04,14.99,23.72,24.81,2.85,4.41,https://xmsyj.moa.gov.cn/jcyj/202312/t20231204_6442074.htm,2023-11-29,表头总第N周,本周(原文),xmsyj,11月第5周畜产品和饲料集贸市场价格情况,生猪,一致,https://www.nahs.org.cn/jcyj/jghq/202312/t20231205_435175.htm,https://www.nahs.org.cn/jcyj/jghq/202312/t20231205_435175.htm,
2023,49,12月第1周,2023-12-11,14.85,23.54,24.72,2.84,4.35,https://xmsyj.moa.gov.cn/jcyj/202312/t20231211_6442603.htm,2023-12-06,表头总第N周,本周(原文),xmsyj,12月第1周畜产品和饲料集贸市场价格情况,生猪,一致,https://www.nahs.org.cn/jcyj/jghq/202312/t20231212_435468.htm,https://www.nahs.org.cn/jcyj/jghq/202312/t20231212_435468.htm,
2023,50,12月第2周,2023-12-19,14.75,23.3,24.58,2.82,4.34,https://xmsyj.moa.gov.cn/jcyj/202312/t20231219_6443020.htm,2023-12-13,表头总第N周,本周(原文),xmsyj,12月第2周畜产品和饲料集贸市场价格情况,生猪,一致,https://www.nahs.org.cn/jcyj/jghq/202312/t20231219_435722.htm,https://www.nahs.org.cn/jcyj/jghq/202312/t20231219_435722.htm,
2023,51,12月第3周,2023-12-26,14.91,23.18,24.73,2.8,4.31,https://xmsyj.moa.gov.cn/jcyj/202312/t20231226_6443479.htm,2023-12-20,表头总第N周,本周(原文),xmsyj,12月第3周畜产品和饲料集贸市场价格情况,生猪,一致,https://www.nahs.org.cn/jcyj/jghq/202312/t20231226_436029.htm,https://www.nahs.org.cn/jcyj/jghq/202312/t20231226_436029.htm,
2023,52,12月第4周,2024-01-03,14.82,23.02,24.71,2.79,4.28,https://xmsyj.moa.gov.cn/jcyj/202401/t20240103_6443959.htm,2023-12-27,表头总第N周,本周(原文),xmsyj,12月第4周畜产品和饲料集贸市场价格情况,生猪,一致,https://www.nahs.org.cn/jcyj/jghq/202401/t20240103_436379.htm,https://www.nahs.org.cn/jcyj/jghq/202401/t20240103_436379.htm,
2024,1,1月第1周,2024-01-10,14.63,22.85,24.56,2.76,4.27,https://xmsyj.moa.gov.cn/jcyj/202401/t20240110_6445228.htm,2024-01-03,表头总第N周,本周(原文),xmsyj,1月第1周畜产品和饲料集贸市场价格情况,生猪,一致,https://www.nahs.org.cn/jcyj/jghq/202401/t20240110_436665.htm,https://www.nahs.org.cn/jcyj/jghq/202401/t20240110_436665.htm,
2024,2,1月第2周,2024-01-15,14.39,22.75,24.33,2.74,4.22,https://xmsyj.moa.gov.cn/jcyj/202401/t20240115_6445738.htm,2024-01-10,表头总第N周,本周(原文),xmsyj,1月第2周畜产品和饲料集贸市场价格情况,生猪,一致,https://www.nahs.org.cn/jcyj/jghq/202401/t20240116_436863.htm,https://www.nahs.org.cn/jcyj/jghq/202401/t20240116_436863.htm,
2024,3,1月第3周,2024-01-22,14.35,22.95,24.22,2.7,4.13,https://xmsyj.moa.gov.cn/jcyj/202401/t20240122_6446358.htm,2024-01-17,表头总第N周,本周(原文),xmsyj,1月第3周畜产品和饲料集贸市场价格情况,生猪,一致,https://www.nahs.org.cn/jcyj/jghq/202401/t20240123_437133.htm,https://www.nahs.org.cn/jcyj/jghq/202401/t20240123_437133.htm,
2024,4,1月第4周,2024-01-29,14.71,24.31,24.43,2.67,4.05,https://xmsyj.moa.gov.cn/jcyj/202401/t20240129_6446738.htm,2024-01-24,表头总第N周,本周(原文),xmsyj,1月第4周畜产品和饲料集贸市场价格情况,生猪,一致,https://www.nahs.org.cn/jcyj/jghq/202401/t20240130_437436.htm,https://www.nahs.org.cn/jcyj/jghq/202401/t20240130_437436.htm,
2024,5,2月第1周,2024-02-05,15.56,26.42,25.32,2.63,3.97,https://xmsyj.moa.gov.cn/jcyj/202402/t20240205_6448318.htm,2024-02-01,表头总第N周,本周(原文),xmsyj,2月第1周畜产品和饲料集贸市场价格情况,生猪,一致,https://www.nahs.org.cn/jcyj/jghq/202402/t20240221_437975.htm,https://www.nahs.org.cn/jcyj/jghq/202402/t20240221_437975.htm,
2024,6,2月第2周,2024-02-18,15.61,27.34,26.07,2.62,3.93,https://xmsyj.moa.gov.cn/jcyj/202402/t20240218_6448632.htm,2024-02-08,表头总第N周,本周(原文),xmsyj,2月第2周畜产品和饲料集贸市场价格情况,生猪,一致,https://www.nahs.org.cn/jcyj/jghq/202402/t20240221_437976.htm,https://www.nahs.org.cn/jcyj/jghq/202402/t20240221_437976.htm,
2024,7,2月第3周,2024-02-22,15.35,28.56,25.84,2.6,3.91,https://xmsyj.moa.gov.cn/jcyj/202402/t20240222_6448854.htm,2024-02-18,表头总第N周,本周(原文),xmsyj,2月第3周畜产品和饲料集贸市场价格情况,生猪,一致,https://www.nahs.org.cn/jcyj/jghq/202402/t20240223_438022.htm,https://www.nahs.org.cn/jcyj/jghq/202402/t20240223_438022.htm,
2024,8,2月第4周,2024-02-27,15.02,29.2,25.44,2.6,3.89,https://xmsyj.moa.gov.cn/jcyj/202402/t20240227_6449172.htm,2024-02-22,表头总第N周,本周(原文),xmsyj,2月第4周畜产品和饲料集贸市场价格情况,生猪,一致,https://www.nahs.org.cn/jcyj/jghq/202402/t20240228_438194.htm,https://www.nahs.org.cn/jcyj/jghq/202402/t20240228_438194.htm,
2024,9,2月第5周,2024-03-06,14.66,29.61,25.03,2.6,3.83,https://xmsyj.moa.gov.cn/jcyj/202403/t20240306_6450814.htm,2024-02-29,表头总第N周,本周(原文),xmsyj,2月第5周畜产品和饲料集贸市场价格情况,生猪,一致,https://www.nahs.org.cn/jcyj/jghq/202403/t20240305_438433.htm,https://www.nahs.org.cn/jcyj/jghq/202403/t20240305_438433.htm,
2024,10,3月第1周,2024-03-11,14.65,30.44,24.82,2.59,3.8,https://xmsyj.moa.gov.cn/jcyj/202403/t20240311_6451148.htm,2024-03-07,表头总第N周,本周(原文),xmsyj,3月第1周畜产品和饲料集贸市场价格情况,生猪,一致,https://www.nahs.org.cn/jcyj/jghq/202403/t20240312_438726.htm,https://www.nahs.org.cn/jcyj/jghq/202403/t20240312_438726.htm,
2024,11,3月第2周,2024-03-19,14.8,31.12,24.81,2.59,3.81,https://xmsyj.moa.gov.cn/jcyj/202403/t20240319_6451746.htm,2024-03-14,表头总第N周,本周(原文),xmsyj,3月第2周畜产品和饲料集贸市场价格情况,生猪,一致,https://www.nahs.org.cn/jcyj/jghq/202403/t20240319_439056.htm,https://www.nahs.org.cn/jcyj/jghq/202403/t20240319_439056.htm,
2024,12,3月第3周,2024-03-27,15.04,32.66,24.98,2.59,3.82,https://xmsyj.moa.gov.cn/jcyj/202403/t20240327_6452474.htm,2024-03-21,表头总第N周,本周(原文),xmsyj,3月第3周畜产品和饲料集贸市场价格情况,生猪,一致,https://www.nahs.org.cn/jcyj/jghq/202403/t20240327_439401.htm,https://www.nahs.org.cn/jcyj/jghq/202403/t20240327_439401.htm,
2024,13,3月第4周,2024-04-02,15.31,34.22,25.18,2.58,3.83,https://xmsyj.moa.gov.cn/jcyj/202404/t20240402_6452884.htm,2024-03-28,表头总第N周,本周(原文),xmsyj,3月第4周畜产品和饲料集贸市场价格情况,生猪,一致,https://www.nahs.org.cn/jcyj/jghq/202404/t20240417_440150.htm,https://www.nahs.org.cn/jcyj/jghq/202404/t20240417_440150.htm,
2024,14,4月第1周,2024-04-09,15.37,35.55,25.22,2.58,3.82,https://xmsyj.moa.gov.cn/jcyj/202404/t20240409_6453261.htm,2024-04-03,表头总第N周,本周(原文),xmsyj,4月第1周畜产品和饲料集贸市场价格情况,生猪,一致,https://www.nahs.org.cn/jcyj/jghq/202404/t20240417_440151.htm,https://www.nahs.org.cn/jcyj/jghq/202404/t20240417_440151.htm,
2024,15,4月第2周,2024-04-16,15.4,36.49,25.26,2.57,3.78,https://xmsyj.moa.gov.cn/jcyj/202404/t20240416_6453680.htm,2024-04-11,表头总第N周,本周(原文),xmsyj,4月第2周畜产品和饲料集贸市场价格情况,生猪,一致,https://www.nahs.org.cn/jcyj/jghq/202404/t20240417_440152.htm,https://www.nahs.org.cn/jcyj/jghq/202404/t20240417_440152.htm,
2024,16,4月第3周,2024-04-23,15.34,37.15,25.15,2.56,3.75,https://xmsyj.moa.gov.cn/jcyj/202404/t20240423_6454169.htm,2024-04-18,表头总第N周,本周(原文),xmsyj,4月第3周畜产品和饲料集贸市场价格情况,生猪,一致,https://www.nahs.org.cn/jcyj/jghq/202405/t20240520_441345.htm,https://www.nahs.org.cn/jcyj/jghq/202405/t20240520_441345.htm,
2024,17,4月第4周,2024-04-30,15.28,37.72,25.09,2.55,3.74,https://xmsyj.moa.gov.cn/jcyj/202404/t20240430_6454667.htm,2024-04-25,表头总第N周,本周(原文),xmsyj,4月第4周畜产品和饲料集贸市场价格情况,生猪,一致,https://www.nahs.org.cn/jcyj/jghq/202405/t20240520_441346.htm,https://www.nahs.org.cn/jcyj/jghq/202405/t20240520_441346.htm,
2024,18,5月第1周,2024-05-08,15.18,37.95,24.95,2.54,3.72,https://xmsyj.moa.gov.cn/jcyj/202405/t20240508_6454994.htm,2024-05-06,表头总第N周,本周(原文),xmsyj,5月第1周畜产品和饲料集贸市场价格情况,生猪,一致,https://www.nahs.org.cn/jcyj/jghq/202405/t20240520_441347.htm,https://www.nahs.org.cn/jcyj/jghq/202405/t20240520_441347.htm,
2024,19,5月第2周,2024-05-13,15.16,38.11,24.88,2.53,3.73,https://xmsyj.moa.gov.cn/jcyj/202405/t20240513_6455293.htm,2024-05-09,表头总第N周,本周(原文),xmsyj,5月第2周畜产品和饲料集贸市场价格情况,生猪,一致,https://www.nahs.org.cn/jcyj/jghq/202405/t20240520_441348.htm,https://www.nahs.org.cn/jcyj/jghq/202405/t20240520_441348.htm,
2024,20,5月第3周,2024-05-21,15.24,38.18,24.89,2.53,3.74,https://xmsyj.moa.gov.cn/jcyj/202405/t20240521_6455788.htm,2024-05-16,表头总第N周,本周(原文),xmsyj,5月第3周畜产品和饲料集贸市场价格情况,生猪,一致,https://www.nahs.org.cn/jcyj/jghq/202405/t20240522_441458.htm,https://www.nahs.org.cn/jcyj/jghq/202405/t20240522_441458.htm,
2024,21,5月第4周,2024-05-27,15.65,38.82,25.23,2.54,3.75,https://xmsyj.moa.gov.cn/jcyj/202405/t20240527_6456185.htm,2024-05-23,表头总第N周,本周(原文),xmsyj,5月第4周畜产品和饲料集贸市场价格情况,生猪,一致,https://www.nahs.org.cn/jcyj/jghq/202406/t20240604_442199.htm,https://www.nahs.org.cn/jcyj/jghq/202406/t20240604_442199.htm,
2024,22,5月第5周,2024-06-04,16.7,40.46,26.25,2.55,3.76,https://xmsyj.moa.gov.cn/jcyj/202406/t20240604_6456613.htm,2024-05-30,表头总第N周,本周(原文),xmsyj,5月第5周畜产品和饲料集贸市场价格情况,生猪,一致,https://www.nahs.org.cn/jcyj/jghq/202406/t20240611_442413.htm,https://www.nahs.org.cn/jcyj/jghq/202406/t20240611_442413.htm,
2024,23,6月第1周,2024-06-13,17.75,42.17,27.49,2.56,3.74,https://xmsyj.moa.gov.cn/jcyj/202406/t20240613_6457069.htm,2024-06-06,表头总第N周,本周(原文),xmsyj,6月第1周畜产品和饲料集贸市场价格情况,生猪,一致,https://www.nahs.org.cn/jcyj/jghq/202406/t20240624_443127.htm,https://www.nahs.org.cn/jcyj/jghq/202406/t20240624_443127.htm,
2024,24,6月第2周,2024-06-18,18.41,43.57,28.42,2.56,3.72,https://xmsyj.moa.gov.cn/jcyj/202406/t20240618_6457342.htm,2024-06-13,表头总第N周,本周(原文),xmsyj,6月第2周畜产品和饲料集贸市场价格情况,生猪,一致,https://www.nahs.org.cn/jcyj/jghq/202406/t20240624_443128.htm,https://www.nahs.org.cn/jcyj/jghq/202406/t20240624_443128.htm,
2024,25,6月第3周,2024-06-24,18.44,44.32,28.74,2.57,3.69,https://xmsyj.moa.gov.cn/jcyj/202406/t20240624_6457752.htm,2024-06-20,表头总第N周,本周(原文),xmsyj,6月第3周畜产品和饲料集贸市场价格情况,生猪,一致,https://www.nahs.org.cn/jcyj/jghq/202406/t20240626_443253.htm,https://www.nahs.org.cn/jcyj/jghq/202406/t20240626_443253.htm,
2024,26,6月第4周,2024-07-02,17.99,44.25,28.57,2.58,3.66,https://xmsyj.moa.gov.cn/jcyj/202407/t20240702_6458144.htm,2024-06-27,表头总第N周,本周(原文),xmsyj,6月第4周畜产品和饲料集贸市场价格情况,生猪,一致,https://www.nahs.org.cn/jcyj/jghq/202407/t20240715_444427.htm,https://www.nahs.org.cn/jcyj/jghq/202407/t20240715_444427.htm,
2024,27,7月第1周,2024-07-09,18.03,44.05,28.56,2.58,3.65,https://xmsyj.moa.gov.cn/jcyj/202407/t20240709_6458683.htm,2024-07-04,表头总第N周,本周(原文),xmsyj,7月第1周畜产品和饲料集贸市场价格情况,生猪,一致,https://www.nahs.org.cn/jcyj/jghq/202407/t20240715_444428.htm,https://www.nahs.org.cn/jcyj/jghq/202407/t20240715_444428.htm,
2024,28,7月第2周,2024-07-16,18.52,43.91,28.9,2.59,3.62,https://xmsyj.moa.gov.cn/jcyj/202407/t20240716_6459032.htm,2024-07-11,表头总第N周,本周(原文),xmsyj,7月第2周畜产品和饲料集贸市场价格情况,生猪,一致,https://www.nahs.org.cn/jcyj/jghq/202407/t20240716_444457.htm,https://www.nahs.org.cn/jcyj/jghq/202407/t20240716_444457.htm,
2024,29,7月第3周,2024-07-23,18.9,43.86,29.27,2.59,3.55,https://xmsyj.moa.gov.cn/jcyj/202407/t20240723_6459494.htm,2024-07-18,表头总第N周,本周(原文),xmsyj,7月第3周畜产品和饲料集贸市场价格情况,生猪,一致,https://www.nahs.org.cn/jcyj/jghq/202407/t20240724_444927.htm,https://www.nahs.org.cn/jcyj/jghq/202407/t20240724_444927.htm,
2024,30,7月第4周,2024-07-30,19.16,43.86,29.63,2.59,3.52,https://xmsyj.moa.gov.cn/jcyj/202407/t20240730_6459912.htm,2024-07-25,表头总第N周,本周(原文),xmsyj,7月第4周畜产品和饲料集贸市场价格情况,生猪,一致,https://www.nahs.org.cn/jcyj/jghq/202408/t20240807_445503.htm,https://www.nahs.org.cn/jcyj/jghq/202408/t20240807_445503.htm,
2024,31,8月第1周,2024-08-05,19.43,43.86,29.94,2.58,3.49,https://xmsyj.moa.gov.cn/jcyj/202408/t20240805_6460258.htm,2024-08-01,表头总第N周,本周(原文),xmsyj,8月第1周畜产品和饲料集贸市场价格情况,生猪,一致,https://www.nahs.org.cn/jcyj/jghq/202408/t20240807_445504.htm,https://www.nahs.org.cn/jcyj/jghq/202408/t20240807_445504.htm,
2024,32,8月第2周,2024-08-13,20.21,44.23,30.71,2.58,3.46,https://xmsyj.moa.gov.cn/jcyj/202408/t20240813_6460623.htm,2024-08-08,表头总第N周,本周(原文),xmsyj,8月第2周畜产品和饲料集贸市场价格情况,生猪,一致,https://www.nahs.org.cn/jcyj/jghq/202408/t20240815_445741.htm,https://www.nahs.org.cn/jcyj/jghq/202408/t20240815_445741.htm,
2024,33,8月第3周,2024-08-20,20.92,44.68,31.59,2.56,3.4,https://xmsyj.moa.gov.cn/jcyj/202408/t20240820_6460996.htm,2024-08-15,表头总第N周,本周(原文),xmsyj,8月第3周畜产品和饲料集贸市场价格情况,生猪,一致,https://www.nahs.org.cn/jcyj/jghq/202408/t20240821_445920.htm,https://www.nahs.org.cn/jcyj/jghq/202408/t20240821_445920.htm,
2024,34,8月第4周,2024-08-27,20.85,44.6,31.97,2.54,3.37,https://xmsyj.moa.gov.cn/jcyj/202408/t20240827_6461309.htm,2024-08-22,表头总第N周,本周(原文),xmsyj,8月第4周畜产品和饲料集贸市场价格情况,生猪,一致,https://www.nahs.org.cn/jcyj/jghq/202409/t20240913_446962.htm,https://www.nahs.org.cn/jcyj/jghq/202409/t20240913_446962.htm,
2024,35,8月第5周,2024-09-03,20.34,43.96,31.82,2.53,3.36,https://xmsyj.moa.gov.cn/jcyj/202409/t20240903_6461764.htm,2024-08-29,表头总第N周,本周(原文),xmsyj,8月第5周畜产品和饲料集贸市场价格情况,生猪,一致,https://www.nahs.org.cn/jcyj/jghq/202409/t20240913_446963.htm,https://www.nahs.org.cn/jcyj/jghq/202409/t20240913_446963.htm,
2024,36,9月第1周,2024-09-11,20.23,43.24,31.77,2.52,3.38,https://xmsyj.moa.gov.cn/jcyj/202409/t20240911_6462323.htm,2024-09-05,表头总第N周,本周(原文),xmsyj,9月第1周畜产品和饲料集贸市场价格情况,生猪,一致,https://www.nahs.org.cn/jcyj/jghq/202409/t20240913_446964.htm,https://www.nahs.org.cn/jcyj/jghq/202409/t20240913_446964.htm,
2024,37,9月第2周,2024-09-18,20.05,42.12,31.69,2.51,3.4,https://xmsyj.moa.gov.cn/jcyj/202409/t20240918_6462648.htm,2024-09-12,表头总第N周,本周(原文),xmsyj,9月第2周畜产品和饲料集贸市场价格情况,生猪,一致,https://www.nahs.org.cn/jcyj/jghq/202409/t20240923_447238.htm,https://www.nahs.org.cn/jcyj/jghq/202409/t20240923_447238.htm,
2024,38,9月第3周,2024-09-24,19.6,41.02,31.38,2.5,3.4,https://xmsyj.moa.gov.cn/jcyj/202409/t20240924_6463128.htm,2024-09-19,表头总第N周,本周(原文),xmsyj,9月第3周畜产品和饲料集贸市场价格情况,生猪,一致,https://www.nahs.org.cn/jcyj/jghq/202409/t20240926_447392.htm,https://www.nahs.org.cn/jcyj/jghq/202409/t20240926_447392.htm,
2024,39,9月第4周,2024-09-29,18.93,39.4,30.83,2.47,3.4,https://xmsyj.moa.gov.cn/jcyj/202409/t20240929_6463670.htm,2024-09-26,表头总第N周,本周(原文),xmsyj,9月第4周畜产品和饲料集贸市场价格情况,生猪,一致,https://www.nahs.org.cn/jcyj/jghq/202410/t20241011_447875.htm,https://www.nahs.org.cn/jcyj/jghq/202410/t20241011_447875.htm,
2024,40,10月第1周,2024-10-10,18.39,37.62,30.24,2.43,3.41,https://xmsyj.moa.gov.cn/jcyj/202410/t20241010_6464086.htm,2024-10-08,表头总第N周,本周(原文),xmsyj,10月第1周畜产品和饲料集贸市场价格情况,生猪,一致,https://www.nahs.org.cn/jcyj/jghq/202410/t20241011_447876.htm,https://www.nahs.org.cn/jcyj/jghq/202410/t20241011_447876.htm,
2024,41,10月第2周,2024-10-15,18.31,37.09,30.07,2.42,3.4,https://xmsyj.moa.gov.cn/jcyj/202410/t20241015_6464335.htm,2024-10-10,表头总第N周,本周(原文),xmsyj,10月第2周畜产品和饲料集贸市场价格情况,生猪,一致,https://www.nahs.org.cn/jcyj/jghq/202410/t20241021_448262.htm,https://www.nahs.org.cn/jcyj/jghq/202410/t20241021_448262.htm,
2024,42,10月第3周,2024-10-22,18.4,36.28,29.92,2.4,3.38,https://xmsyj.moa.gov.cn/jcyj/202410/t20241022_6464780.htm,2024-10-17,表头总第N周,本周(原文),xmsyj,10月第3周畜产品和饲料集贸市场价格情况,生猪,一致,https://www.nahs.org.cn/jcyj/jghq/202411/t20241101_448819.htm,https://www.nahs.org.cn/jcyj/jghq/202411/t20241101_448819.htm,
2024,43,10月第4周,2024-10-28,18.16,35.63,29.63,2.39,3.35,https://xmsyj.moa.gov.cn/jcyj/202410/t20241028_6465169.htm,2024-10-24,表头总第N周,本周(原文),xmsyj,10月第4周畜产品和饲料集贸市场价格情况,生猪,一致,https://www.nahs.org.cn/jcyj/jghq/202411/t20241101_448820.htm,https://www.nahs.org.cn/jcyj/jghq/202411/t20241101_448820.htm,
2024,44,10月第5周,2024-11-05,17.97,35.25,29.4,2.38,3.34,https://xmsyj.moa.gov.cn/jcyj/202411/t20241105_6465725.htm,2024-10-31,表头总第N周,本周(原文),xmsyj,10月第5周畜产品和饲料集贸市场价格情况,生猪,一致,https://www.nahs.org.cn/jcyj/jghq/202411/t20241114_449321.htm,https://www.nahs.org.cn/jcyj/jghq/202411/t20241114_449321.htm,
2024,45,11月第1周,2024-11-11,17.8,34.93,29.18,2.37,3.34,https://xmsyj.moa.gov.cn/jcyj/202411/t20241111_6465995.htm,2024-11-07,表头总第N周,本周(原文),xmsyj,11月第1周畜产品和饲料集贸市场价格情况,生猪,一致,https://www.nahs.org.cn/jcyj/jghq/202411/t20241114_449322.htm,https://www.nahs.org.cn/jcyj/jghq/202411/t20241114_449322.htm,
2024,46,11月第2周,2024-11-20,17.4,34.64,28.81,2.36,3.37,https://xmsyj.moa.gov.cn/jcyj/202411/t20241120_6466523.htm,2024-11-13,表头总第N周,本周(原文),xmsyj,11月第2周畜产品和饲料集贸市场价格情况,生猪,一致,https://www.nahs.org.cn/jcyj/jghq/202411/t20241120_449545.htm,https://www.nahs.org.cn/jcyj/jghq/202411/t20241120_449545.htm,
2024,47,11月第3周,2024-11-26,17.02,34.11,28.44,2.35,3.35,https://xmsyj.moa.gov.cn/jcyj/202411/t20241126_6466927.htm,2024-11-20,表头总第N周,本周(原文),xmsyj,11月第3周畜产品和饲料集贸市场价格情况,生猪,一致,https://www.nahs.org.cn/jcyj/jghq/202411/t20241127_450330.htm,https://www.nahs.org.cn/jcyj/jghq/202411/t20241127_450330.htm,
2024,48,11月第4周,2024-12-03,17.1,34.01,28.34,2.34,3.33,https://xmsyj.moa.gov.cn/jcyj/202412/t20241203_6467366.htm,2024-11-27,表头总第N周,本周(原文),xmsyj,11月第4周畜产品和饲料集贸市场价格情况,生猪,一致,https://www.nahs.org.cn/jcyj/jghq/202412/t20241204_450577.htm,https://www.nahs.org.cn/jcyj/jghq/202412/t20241204_450577.htm,
2024,49,12月第1周,2024-12-10,16.92,33.67,28.19,2.34,3.31,https://xmsyj.moa.gov.cn/jcyj/202412/t20241210_6467749.htm,2024-12-05,表头总第N周,本周(原文),xmsyj,12月第1周畜产品和饲料集贸市场价格情况,生猪,一致,https://www.nahs.org.cn/jcyj/jghq/202412/t20241217_451041.htm,https://www.nahs.org.cn/jcyj/jghq/202412/t20241217_451041.htm,
2024,50,12月第2周,2024-12-17,16.65,33.33,27.98,2.32,3.28,https://xmsyj.moa.gov.cn/jcyj/202412/t20241217_6468048.htm,2024-12-12,表头总第N周,本周(原文),xmsyj,12月第2周畜产品和饲料集贸市场价格情况,生猪,一致,https://www.nahs.org.cn/jcyj/jghq/202412/t20241217_451071.htm,https://www.nahs.org.cn/jcyj/jghq/202412/t20241217_451071.htm,
2024,51,12月第3周,2024-12-24,16.56,32.95,27.86,2.31,3.26,https://xmsyj.moa.gov.cn/jcyj/202412/t20241224_6468443.htm,2024-12-19,表头总第N周,本周(原文),xmsyj,12月第3周畜产品和饲料集贸市场价格情况,生猪,一致,https://www.nahs.org.cn/jcyj/jghq/202412/t20241226_451414.htm,https://www.nahs.org.cn/jcyj/jghq/202412/t20241226_451414.htm,
2024,52,12月第4周,2024-12-31,16.44,32.72,27.72,2.3,3.23,https://xmsyj.moa.gov.cn/jcyj/202412/t20241231_6468723.htm,2024-12-26,表头总第N周,本周(原文),xmsyj,12月第4周畜产品和饲料集贸市场价格情况,生猪,一致,https://www.nahs.org.cn/jcyj/jghq/202501/t20250103_451717.htm,https://www.nahs.org.cn/jcyj/jghq/202501/t20250103_451717.htm,
2025,1,1月第1周,2025-01-07,16.57,32.77,27.75,2.29,3.23,https://xmsyj.moa.gov.cn/jcyj/202501/t20250107_6468918.htm,2025-01-02,表头总第N周,本周(原文),xmsyj,1月第1周畜产品和饲料集贸市场价格情况,生猪,一致,https://www.nahs.org.cn/jcyj/jghq/202501/t20250109_451953.htm,https://www.nahs.org.cn/jcyj/jghq/202501/t20250109_451953.htm,
2025,2,1月第2周,2025-01-14,16.68,33.31,27.8,2.28,3.22,https://xmsyj.moa.gov.cn/jcyj/202501/t20250114_6469146.htm,2025-01-09,表头总第N周,本周(原文),xmsyj,1月第2周畜产品和饲料集贸市场价格情况,生猪,一致,https://www.nahs.org.cn/jcyj/jghq/202501/t20250117_452340.htm,https://www.nahs.org.cn/jcyj/jghq/202501/t20250117_452340.htm,
2025,3,1月第3周,2025-01-21,16.62,34.07,27.77,2.27,3.26,https://xmsyj.moa.gov.cn/jcyj/202501/t20250121_6469347.htm,2025-01-16,表头总第N周,本周(原文),xmsyj,1月第3周畜产品和饲料集贸市场价格情况,生猪,一致,https://www.nahs.org.cn/jcyj/jghq/202501/t20250123_452561.htm,https://www.nahs.org.cn/jcyj/jghq/202501/t20250123_452561.htm,
2025,4,1月第4周,2025-02-05,16.48,34.71,27.84,2.27,3.3,https://xmsyj.moa.gov.cn/jcyj/202502/t20250205_6469631.htm,2025-01-23,表头总第N周,本周(原文),xmsyj,1月第4周畜产品和饲料集贸市场价格情况,生猪,一致,https://www.nahs.org.cn/jcyj/jghq/202502/t20250210_452777.htm,https://www.nahs.org.cn/jcyj/jghq/202502/t20250210_452777.htm,
2025,5,1月第5周,2025-02-07,16.69,34.98,28.3,2.27,3.32,https://xmsyj.moa.gov.cn/jcyj/202502/t20250207_6469740.htm,2025-01-27,表头总第N周,本周(原文),xmsyj,1月第5周畜产品和饲料集贸市场价格情况,生猪,一致,https://www.nahs.org.cn/jcyj/jghq/202502/t20250210_452778.htm,https://www.nahs.org.cn/jcyj/jghq/202502/t20250210_452778.htm,
2025,6,2月第1周,2025-02-11,16.64,35.55,28.24,2.27,3.35,https://xmsyj.moa.gov.cn/jcyj/202502/t20250211_6469855.htm,2025-02-06,表头总第N周,本周(原文),xmsyj,2月第1周畜产品和饲料集贸市场价格情况,生猪,一致,https://www.nahs.org.cn/jcyj/jghq/202502/t20250219_453133.htm,https://www.nahs.org.cn/jcyj/jghq/202502/t20250219_453133.htm,
2025,7,2月第2周,2025-02-19,15.94,36.25,27.58,2.29,3.57,https://xmsyj.moa.gov.cn/jcyj/202502/t20250219_6470181.htm,2025-02-13,表头总第N周,本周(原文),xmsyj,2月第2周畜产品和饲料集贸市场价格情况,生猪,一致,https://www.nahs.org.cn/jcyj/jghq/202502/t20250222_453341.htm,https://www.nahs.org.cn/jcyj/jghq/202502/t20250222_453341.htm,
2025,8,2月第3周,2025-02-25,15.79,36.52,27.15,2.3,3.66,https://xmsyj.moa.gov.cn/jcyj/202502/t20250225_6470471.htm,2025-02-20,表头总第N周,本周(原文),xmsyj,2月第3周畜产品和饲料集贸市场价格情况,生猪,一致,https://www.nahs.org.cn/jcyj/jghq/202502/t20250225_453483.htm,https://www.nahs.org.cn/jcyj/jghq/202502/t20250225_453483.htm,
2025,9,2月第4周,2025-03-04,15.62,36.5,26.85,2.31,3.72,https://xmsyj.moa.gov.cn/jcyj/202503/t20250304_6470942.htm,2025-02-27,表头总第N周,本周(原文),xmsyj,2月第4周畜产品和饲料集贸市场价格情况,生猪,一致,https://www.nahs.org.cn/jcyj/jghq/202503/t20250307_453944.htm,https://www.nahs.org.cn/jcyj/jghq/202503/t20250307_453944.htm,
2025,10,3月第1周,2025-03-12,15.47,36.55,26.58,2.33,3.76,https://xmsyj.moa.gov.cn/jcyj/202503/t20250312_6471596.htm,2025-03-06,表头总第N周,本周(原文),xmsyj,3月第1周畜产品和饲料集贸市场价格情况,生猪,一致,https://www.nahs.org.cn/jcyj/jghq/202503/t20250312_454150.htm,https://www.nahs.org.cn/jcyj/jghq/202503/t20250312_454150.htm,
2025,11,3月第2周,2025-03-18,15.39,36.9,26.44,2.34,3.74,https://xmsyj.moa.gov.cn/jcyj/202503/t20250318_6471867.htm,2025-03-13,表头总第N周,本周(原文),xmsyj,3月第2周畜产品和饲料集贸市场价格情况,生猪,一致,https://www.nahs.org.cn/jcyj/jghq/202503/t20250319_454527.htm,https://www.nahs.org.cn/jcyj/jghq/202503/t20250319_454527.htm,
2025,12,3月第3周,2025-03-25,15.35,37.43,26.35,2.35,3.69,https://xmsyj.moa.gov.cn/jcyj/202503/t20250325_6472294.htm,2025-03-20,表头总第N周,本周(原文),xmsyj,3月第3周畜产品和饲料集贸市场价格情况,生猪,一致,https://www.nahs.org.cn/jcyj/jghq/202503/t20250331_455046.htm,https://www.nahs.org.cn/jcyj/jghq/202503/t20250331_455046.htm,
2025,13,3月第4周,2025-04-01,15.21,38.09,26.17,2.36,3.6,https://xmsyj.moa.gov.cn/jcyj/202504/t20250401_6472657.htm,2025-03-27,表头总第N周,本周(原文),xmsyj,3月第4周畜产品和饲料集贸市场价格情况,生猪,一致,https://www.nahs.org.cn/jcyj/jghq/202504/t20250402_455178.htm,https://www.nahs.org.cn/jcyj/jghq/202504/t20250402_455178.htm,
2025,14,4月第1周,2025-04-09,15.16,38.65,26.12,2.36,3.54,https://xmsyj.moa.gov.cn/jcyj/202504/t20250409_6472959.htm,2025-04-03,表头总第N周,本周(原文),xmsyj,4月第1周畜产品和饲料集贸市场价格情况,生猪,一致,https://www.nahs.org.cn/jcyj/jghq/202504/t20250409_455415.htm,https://www.nahs.org.cn/jcyj/jghq/202504/t20250409_455415.htm,
2025,15,4月第2周,2025-04-16,15.12,38.96,26.03,2.37,3.55,https://xmsyj.moa.gov.cn/jcyj/202504/t20250416_6473247.htm,2025-04-10,表头总第N周,本周(原文),xmsyj,4月第2周畜产品和饲料集贸市场价格情况,生猪,一致,https://www.nahs.org.cn/jcyj/jghq/202504/t20250417_455837.htm,https://www.nahs.org.cn/jcyj/jghq/202504/t20250417_455837.htm,
2025,16,4月第3周,2025-04-22,15.22,39.2,26.08,2.38,3.61,https://xmsyj.moa.gov.cn/jcyj/202504/t20250422_6473434.htm,2025-04-17,表头总第N周,本周(原文),xmsyj,4月第3周畜产品和饲料集贸市场价格情况,生猪,一致,https://www.nahs.org.cn/jcyj/jghq/202504/t20250424_456207.htm,https://www.nahs.org.cn/jcyj/jghq/202504/t20250424_456207.htm,
2025,17,4月第4周,2025-04-29,15.29,39.48,26.1,2.38,3.7,https://xmsyj.moa.gov.cn/jcyj/202504/t20250429_6473613.htm,2025-04-24,表头总第N周,本周(原文),xmsyj,4月第4周畜产品和饲料集贸市场价格情况,生猪,一致,https://www.nahs.org.cn/jcyj/jghq/202505/t20250509_456770.htm,https://www.nahs.org.cn/jcyj/jghq/202505/t20250509_456770.htm,
2025,18,4月第5周,2025-05-07,15.22,39.52,26.02,2.4,3.77,https://xmsyj.moa.gov.cn/jcyj/202505/t20250507_6473762.htm,2025-04-30,表头总第N周,本周(原文),xmsyj,4月第5周畜产品和饲料集贸市场价格情况,生猪,一致,https://www.nahs.org.cn/jcyj/jghq/202505/t20250509_456776.htm,https://www.nahs.org.cn/jcyj/jghq/202505/t20250509_456776.htm,
2025,19,5月第1周,2025-05-13,15.17,39.57,25.99,2.42,3.69,https://xmsyj.moa.gov.cn/jcyj/202505/t20250513_6473903.htm,2025-05-08,表头总第N周,本周(原文),xmsyj,5月第1周畜产品和饲料集贸市场价格情况,生猪,一致,https://www.nahs.org.cn/jcyj/jghq/202505/t20250514_456920.htm,https://www.nahs.org.cn/jcyj/jghq/202505/t20250514_456920.htm,
2025,20,5月第2周,2025-05-20,15.09,39.35,25.84,2.43,3.61,https://xmsyj.moa.gov.cn/jcyj/202505/t20250520_6474058.htm,2025-05-15,表头总第N周,本周(原文),xmsyj,5月第2周畜产品和饲料集贸市场价格情况,生猪,一致,https://www.nahs.org.cn/jcyj/jghq/202505/t20250521_457284.htm,https://www.nahs.org.cn/jcyj/jghq/202505/t20250521_457284.htm,
2025,21,5月第3周,2025-05-27,14.93,39.01,25.68,2.45,3.51,https://xmsyj.moa.gov.cn/jcyj/202505/t20250527_6474229.htm,2025-05-22,表头总第N周,本周(原文),xmsyj,5月第3周畜产品和饲料集贸市场价格情况,生猪,一致,https://www.nahs.org.cn/jcyj/jghq/202505/t20250530_457710.htm,https://www.nahs.org.cn/jcyj/jghq/202505/t20250530_457710.htm,
2025,22,5月第4周,2025-06-04,14.84,38.63,25.6,2.45,3.46,https://xmsyj.moa.gov.cn/jcyj/202506/t20250604_6474375.htm,2025-05-29,表头总第N周,本周(原文),xmsyj,5月第4周畜产品和饲料集贸市场价格情况,生猪,一致,https://www.nahs.org.cn/jcyj/jghq/202506/t20250604_457933.htm,https://www.nahs.org.cn/jcyj/jghq/202506/t20250604_457933.htm,
2025,23,6月第1周,2025-06-10,14.78,38.19,25.49,2.46,3.4,https://xmsyj.moa.gov.cn/jcyj/202506/t20250610_6474526.htm,2025-06-05,表头总第N周,本周(原文),xmsyj,6月第1周畜产品和饲料集贸市场价格情况,生猪,一致,https://www.nahs.org.cn/jcyj/jghq/202506/t20250616_460886.htm,https://www.nahs.org.cn/jcyj/jghq/202506/t20250616_460886.htm,
2025,24,6月第2周,2025-06-17,14.58,37.58,25.26,2.46,3.37,https://xmsyj.moa.gov.cn/jcyj/202506/t20250617_6474731.htm,2025-06-12,表头总第N周,本周(原文),xmsyj,6月第2周畜产品和饲料集贸市场价格情况,生猪,一致,https://www.nahs.org.cn/jcyj/jghq/202506/t20250619_461102.htm,https://www.nahs.org.cn/jcyj/jghq/202506/t20250619_461102.htm,
2025,25,6月第3周,2025-06-24,14.61,36.91,25.2,2.47,3.35,https://xmsyj.moa.gov.cn/jcyj/202506/t20250624_6474911.htm,2025-06-19,表头总第N周,本周(原文),xmsyj,6月第3周畜产品和饲料集贸市场价格情况,生猪,一致,https://www.nahs.org.cn/jcyj/jghq/202507/t20250701_461655.htm,https://www.nahs.org.cn/jcyj/jghq/202507/t20250701_461655.htm,
2025,26,6月第4周,2025-07-02,14.67,36.33,25.2,2.48,3.34,https://xmsyj.moa.gov.cn/jcyj/202507/t20250702_6475348.htm,2025-06-26,表头总第N周,本周(原文),xmsyj,6月第4周畜产品和饲料集贸市场价格情况,生猪,一致,https://www.nahs.org.cn/jcyj/jghq/202507/t20250703_461784.htm,https://www.nahs.org.cn/jcyj/jghq/202507/t20250703_461784.htm,
2025,27,7月第1周,2025-07-09,14.96,36.13,25.35,2.49,3.31,https://xmsyj.moa.gov.cn/jcyj/202507/t20250709_6475521.htm,2025-07-03,表头总第N周,本周(原文),xmsyj,7月第1周畜产品和饲料集贸市场价格情况,生猪,一致,https://www.nahs.org.cn/jcyj/jghq/202507/t20250709_462091.htm,https://www.nahs.org.cn/jcyj/jghq/202507/t20250709_462091.htm,
2025,28,7月第2周,2025-07-15,15.09,36.05,25.46,2.49,3.29,https://xmsyj.moa.gov.cn/jcyj/202507/t20250715_6475711.htm,2025-07-10,表头总第N周,本周(原文),xmsyj,7月第2周畜产品和饲料集贸市场价格情况,生猪,一致,https://www.nahs.org.cn/jcyj/jghq/202507/t20250715_462347.htm,https://www.nahs.org.cn/jcyj/jghq/202507/t20250715_462347.htm,
2025,29,7月第3周,2025-07-22,14.99,35.78,25.44,2.5,3.27,https://xmsyj.moa.gov.cn/jcyj/202507/t20250722_6475876.htm,2025-07-17,表头总第N周,本周(原文),xmsyj,7月第3周畜产品和饲料集贸市场价格情况,生猪,一致,https://www.nahs.org.cn/jcyj/jghq/202507/t20250722_462705.htm,https://www.nahs.org.cn/jcyj/jghq/202507/t20250722_462705.htm,
2025,30,7月第4周,2025-07-29,14.86,35.62,25.37,2.5,3.29,https://xmsyj.moa.gov.cn/jcyj/202507/t20250729_6476107.htm,2025-07-24,表头总第N周,本周(原文),xmsyj,7月第4周畜产品和饲料集贸市场价格情况,生猪,一致,https://www.nahs.org.cn/jcyj/jghq/202508/t20250804_463222.htm,https://www.nahs.org.cn/jcyj/jghq/202508/t20250804_463222.htm,
2025,31,7月第5周,2025-08-04,14.66,35.07,25.21,2.5,3.27,https://xmsyj.moa.gov.cn/jcyj/202508/t20250804_6476262.htm,2025-07-31,表头总第N周,本周(原文),xmsyj,7月第5周畜产品和饲料集贸市场价格情况,生猪,一致,https://www.nahs.org.cn/jcyj/jghq/202508/t20250804_463223.htm,https://www.nahs.org.cn/jcyj/jghq/202508/t20250804_463223.htm,
2025,32,8月第1周,2025-08-13,14.53,34.66,25.16,2.5,3.28,https://xmsyj.moa.gov.cn/jcyj/202508/t20250813_6476451.htm,2025-08-07,表头总第N周,本周(原文),xmsyj,8月第1周畜产品和饲料集贸市场价格情况,生猪,一致,https://www.nahs.org.cn/jcyj/jghq/202508/t20250818_463491.htm,https://www.nahs.org.cn/jcyj/jghq/202508/t20250818_463491.htm,
2025,33,8月第2周,2025-08-25,14.35,33.94,25.02,2.5,3.29,https://xmsyj.moa.gov.cn/jcyj/202508/t20250825_6476711.htm,2025-08-14,表头总第N周,本周(原文),xmsyj,8月第2周畜产品和饲料集贸市场价格情况,生猪,一致,https://www.nahs.org.cn/jcyj/jghq/202508/t20250826_463792.htm,https://www.nahs.org.cn/jcyj/jghq/202508/t20250826_463792.htm,
2025,34,8月第3周,2025-08-25,14.3,33.25,24.93,2.5,3.31,https://xmsyj.moa.gov.cn/jcyj/202508/t20250825_6476712.htm,2025-08-21,表头总第N周,本周(原文),xmsyj,8月第3周畜产品和饲料集贸市场价格情况,生猪,一致,https://www.nahs.org.cn/jcyj/jghq/202508/t20250826_463793.htm,https://www.nahs.org.cn/jcyj/jghq/202508/t20250826_463793.htm,
2025,35,8月第4周,2025-09-02,14.22,32.68,24.81,2.49,3.31,https://xmsyj.moa.gov.cn/jcyj/202509/t20250902_6476934.htm,2025-08-28,表头总第N周,本周(原文),xmsyj,8月第4周畜产品和饲料集贸市场价格情况,生猪,一致,https://www.nahs.org.cn/jcyj/jghq/202509/t20250902_464072.htm,https://www.nahs.org.cn/jcyj/jghq/202509/t20250902_464072.htm,
2025,36,9月第1周,2025-09-09,14.29,32.0,24.83,2.49,3.31,https://xmsyj.moa.gov.cn/jcyj/202509/t20250909_6477121.htm,2025-09-04,表头总第N周,本周(原文),xmsyj,9月第1周畜产品和饲料集贸市场价格情况,生猪,一致,https://www.nahs.org.cn/jcyj/jghq/202509/t20250916_464570.htm,https://www.nahs.org.cn/jcyj/jghq/202509/t20250916_464570.htm,
2025,37,9月第2周,2025-09-15,14.1,30.96,24.7,2.49,3.31,https://xmsyj.moa.gov.cn/jcyj/202509/t20250915_6477264.htm,2025-09-11,表头总第N周,本周(原文),xmsyj,9月第2周畜产品和饲料集贸市场价格情况,生猪,一致,https://www.nahs.org.cn/jcyj/jghq/202509/t20250922_464825.htm,https://www.nahs.org.cn/jcyj/jghq/202509/t20250922_464825.htm,
2025,38,9月第3周,2025-09-22,13.85,30.03,24.51,2.49,3.3,https://xmsyj.moa.gov.cn/jcyj/202509/t20250922_6477553.htm,2025-09-18,表头总第N周,本周(原文),xmsyj,9月第3周畜产品和饲料集贸市场价格情况,生猪,一致,https://www.nahs.org.cn/jcyj/jghq/202509/t20250928_465115.htm,https://www.nahs.org.cn/jcyj/jghq/202509/t20250928_465115.htm,
2025,39,9月第4周,2025-09-29,13.52,29.07,24.29,2.48,3.28,https://xmsyj.moa.gov.cn/jcyj/202509/t20250929_6477881.htm,2025-09-25,表头总第N周,本周(原文),xmsyj,9月第4周畜产品和饲料集贸市场价格情况,生猪,一致,https://www.nahs.org.cn/jcyj/jghq/202510/t20251011_465450.htm,https://www.nahs.org.cn/jcyj/jghq/202510/t20251011_465450.htm,
2025,40,9月第5周,2025-10-11,13.27,28.25,24.17,2.49,3.28,https://xmsyj.moa.gov.cn/jcyj/202510/t20251011_6478037.htm,2025-09-30,表头总第N周,本周(原文),xmsyj,9月第5周畜产品和饲料集贸市场价格情况,生猪,一致,https://www.nahs.org.cn/jcyj/jghq/202510/t20251014_465596.htm,https://www.nahs.org.cn/jcyj/jghq/202510/t20251014_465596.htm,
2025,41,10月第1周,2025-10-13,12.9,27.23,23.89,2.48,3.28,https://xmsyj.moa.gov.cn/jcyj/202510/t20251013_6478077.htm,2025-10-09,表头总第N周,本周(原文),xmsyj,10月第1周畜产品和饲料集贸市场价格情况,生猪,一致,https://www.nahs.org.cn/jcyj/jghq/202510/t20251021_466060.htm,https://www.nahs.org.cn/jcyj/jghq/202510/t20251021_466060.htm,
2025,42,10月第2周,2025-10-20,12.3,26.04,23.37,2.46,3.27,https://xmsyj.moa.gov.cn/jcyj/202510/t20251020_6478296.htm,2025-10-16,表头总第N周,本周(原文),xmsyj,10月第2周畜产品和饲料集贸市场价格情况,生猪,一致,https://www.nahs.org.cn/jcyj/jghq/202510/t20251027_466275.htm,https://www.nahs.org.cn/jcyj/jghq/202510/t20251027_466275.htm,
2025,43,10月第3周,2025-10-29,12.32,25.13,23.11,2.46,3.26,https://xmsyj.moa.gov.cn/jcyj/202510/t20251029_6478517.htm,2025-10-23,表头总第N周,本周(原文),xmsyj,10月第3周畜产品和饲料集贸市场价格情况,生猪,一致,https://www.nahs.org.cn/jcyj/jghq/202511/t20251103_466687.htm,https://www.nahs.org.cn/jcyj/jghq/202511/t20251103_466687.htm,
2025,44,10月第4周,2025-11-04,12.76,24.78,23.25,2.45,3.26,https://xmsyj.moa.gov.cn/jcyj/202511/t20251104_6478645.htm,2025-10-30,表头总第N周,本周(原文),xmsyj,10月第4周畜产品和饲料集贸市场价格情况,生猪,一致,https://www.nahs.org.cn/jcyj/jghq/202511/t20251110_467121.htm,https://www.nahs.org.cn/jcyj/jghq/202511/t20251110_467121.htm,
2025,45,11月第1周,2025-11-11,12.71,24.59,23.17,2.44,3.28,https://xmsyj.moa.gov.cn/jcyj/202511/t20251111_6478817.htm,2025-11-06,表头总第N周,本周(原文),xmsyj,11月第1周畜产品和饲料集贸市场价格情况,生猪,一致,https://www.nahs.org.cn/jcyj/jghq/202511/t20251118_467766.htm,https://www.nahs.org.cn/jcyj/jghq/202511/t20251118_467766.htm,
2025,46,11月第2周,2025-11-18,12.64,24.39,23.13,2.43,3.29,https://xmsyj.moa.gov.cn/jcyj/202511/t20251118_6478985.htm,2025-11-13,表头总第N周,本周(原文),xmsyj,11月第2周畜产品和饲料集贸市场价格情况,生猪,一致,https://www.nahs.org.cn/jcyj/jghq/202511/t20251124_467993.htm,https://www.nahs.org.cn/jcyj/jghq/202511/t20251124_467993.htm,
2025,47,11月第3周,2025-11-24,12.5,24.14,23.02,2.43,3.29,https://xmsyj.moa.gov.cn/jcyj/202511/t20251124_6479154.htm,2025-11-20,表头总第N周,本周(原文),xmsyj,11月第3周畜产品和饲料集贸市场价格情况,生猪,一致,https://www.nahs.org.cn/jcyj/jghq/202512/t20251202_468263.htm,https://www.nahs.org.cn/jcyj/jghq/202512/t20251202_468263.htm,
2025,48,11月第4周,2025-12-01,12.33,23.88,22.86,2.43,3.29,https://xmsyj.moa.gov.cn/jcyj/202512/t20251201_6479343.htm,2025-11-27,表头总第N周,本周(原文),xmsyj,11月第4周畜产品和饲料集贸市场价格情况,生猪,一致,https://www.nahs.org.cn/jcyj/jghq/202512/t20251208_468372.htm,https://www.nahs.org.cn/jcyj/jghq/202512/t20251208_468372.htm,
2025,49,12月第1周,2025-12-09,12.21,23.71,22.74,2.43,3.3,https://xmsyj.moa.gov.cn/jcyj/202512/t20251209_6479582.htm,2025-12-04,表头总第N周,本周(原文),xmsyj,12月第1周畜产品和饲料集贸市场价格情况,生猪,一致,https://www.nahs.org.cn/jcyj/jghq/202512/t20251216_468620.htm,https://www.nahs.org.cn/jcyj/jghq/202512/t20251216_468620.htm,
2025,50,12月第2周,2025-12-17,12.13,23.43,22.59,2.43,3.29,https://xmsyj.moa.gov.cn/jcyj/202512/t20251217_6479762.htm,2025-12-11,表头总第N周,本周(原文),xmsyj,12月第2周畜产品和饲料集贸市场价格情况,生猪,一致,https://www.nahs.org.cn/jcyj/jghq/202512/t20251217_468687.htm,https://www.nahs.org.cn/jcyj/jghq/202512/t20251217_468687.htm,
2025,51,12月第3周,2025-12-23,12.16,23.28,22.53,2.43,3.3,https://xmsyj.moa.gov.cn/jcyj/202512/t20251223_6480075.htm,2025-12-18,表头总第N周,本周(原文),xmsyj,12月第3周畜产品和饲料集贸市场价格情况,生猪,一致,https://www.nahs.org.cn/jcyj/jghq/202512/t20251229_468916.htm,https://www.nahs.org.cn/jcyj/jghq/202512/t20251229_468916.htm,
2025,52,12月第4周,2025-12-30,12.19,23.14,22.48,2.43,3.3,https://xmsyj.moa.gov.cn/jcyj/202512/t20251230_6480210.htm,2025-12-25,表头总第N周,本周(原文),xmsyj,12月第4周畜产品和饲料集贸市场价格情况,生猪,一致,https://www.nahs.org.cn/jcyj/jghq/202512/t20251231_468952.htm,https://www.nahs.org.cn/jcyj/jghq/202512/t20251231_468952.htm,
2026,1,1月第1周,2026-01-05,12.61,23.45,22.8,2.44,3.31,https://xmsyj.moa.gov.cn/jcyj/202601/t20260105_6480432.htm,2025-12-31,表头总第N周,本周(原文),xmsyj,1月第1周畜产品和饲料集贸市场价格情况,生猪,一致,https://www.nahs.org.cn/jcyj/jghq/202601/t20260112_469174.htm,https://www.nahs.org.cn/jcyj/jghq/202601/t20260112_469174.htm,
2026,2,1月第2周,2026-01-13,12.84,23.83,23.0,2.43,3.32,https://xmsyj.moa.gov.cn/jcyj/202601/t20260113_6480632.htm,2026-01-08,表头总第N周,本周(原文),xmsyj,1月第2周畜产品和饲料集贸市场价格情况,生猪,一致,https://www.nahs.org.cn/jcyj/jghq/202601/t20260119_469306.htm,https://www.nahs.org.cn/jcyj/jghq/202601/t20260119_469306.htm,
2026,3,1月第3周,2026-01-23,13.06,24.85,23.21,2.44,3.33,https://xmsyj.moa.gov.cn/jcyj/202601/t20260123_6480973.htm,2026-01-15,表头总第N周,本周(原文),xmsyj,1月第3周畜产品和饲料集贸市场价格情况,生猪,一致,https://www.nahs.org.cn/jcyj/jghq/202601/t20260128_469467.htm,https://www.nahs.org.cn/jcyj/jghq/202601/t20260128_469467.htm,
2026,4,1月第4周,2026-01-27,13.39,25.96,23.57,2.44,3.33,https://xmsyj.moa.gov.cn/jcyj/202601/t20260127_6481039.htm,2026-01-22,表头总第N周,本周(原文),xmsyj,1月第4周畜产品和饲料集贸市场价格情况,生猪,一致,https://www.nahs.org.cn/jcyj/jghq/202602/t20260202_469554.htm,https://www.nahs.org.cn/jcyj/jghq/202602/t20260202_469554.htm,
2026,5,1月第5周,2026-02-04,13.43,26.87,23.8,2.45,3.34,https://xmsyj.moa.gov.cn/jcyj/202602/t20260204_6481268.htm,2026-01-29,采集日ISO周,本周(原文),xmsyj,1月第5周畜产品和饲料集贸市场价格情况,生猪,,,,
2026,6,2月第1周,2026-02-10,13.27,27.39,23.87,2.45,3.33,https://xmsyj.moa.gov.cn/jcyj/202602/t20260210_6481498.htm,2026-02-05,表头总第N周,本周(原文),xmsyj,2月第1周畜产品和饲料集贸市场价格情况,生猪,一致,https://www.nahs.org.cn/jcyj/jghq/202602/t20260211_469772.htm,https://www.nahs.org.cn/jcyj/jghq/202602/t20260211_469772.htm,
2026,7,2月第2周,2026-02-26,12.94,27.56,23.8,2.45,3.33,https://xmsyj.moa.gov.cn/jcyj/202602/t20260226_6481716.htm,2026-02-12,表头总第N周,本周(原文),xmsyj,2月第2周畜产品和饲料集贸市场价格情况,生猪,一致,https://www.nahs.org.cn/jcyj/jghq/202603/t20260302_469906.htm,https://www.nahs.org.cn/jcyj/jghq/202603/t20260302_469906.htm,
2026,8,2月第3周,2026-03-02,12.62,27.64,23.72,2.45,3.32,https://xmsyj.moa.gov.cn/jcyj/202603/t20260302_6481814.htm,2026-02-24,表头总第N周,本周(原文),xmsyj,2月第3周畜产品和饲料集贸市场价格情况,生猪,一致,https://www.nahs.org.cn/jcyj/jghq/202603/t20260302_469908.htm,https://www.nahs.org.cn/jcyj/jghq/202603/t20260302_469908.htm,
2026,9,2月第4周,2026-03-03,12.45,27.67,23.53,2.45,3.32,https://xmsyj.moa.gov.cn/jcyj/202603/t20260303_6481900.htm,2026-02-26,表头总第N周,本周(原文),xmsyj,2月第4周畜产品和饲料集贸市场价格情况,生猪,一致,https://www.nahs.org.cn/jcyj/jghq/202603/t20260310_470026.htm,https://www.nahs.org.cn/jcyj/jghq/202603/t20260310_470026.htm,
2026,10,3月第1周,2026-03-10,11.89,27.44,23.04,2.45,3.32,https://xmsyj.moa.gov.cn/jcyj/202603/t20260310_6482107.htm,2026-03-05,表头总第N周,本周(原文),xmsyj,3月第1周畜产品和饲料集贸市场价格情况,生猪,一致,https://www.nahs.org.cn/jcyj/jghq/202603/t20260310_470047.htm,https://www.nahs.org.cn/jcyj/jghq/202603/t20260310_470047.htm,
2026,11,3月第2周,2026-03-18,11.38,26.9,22.48,2.47,3.38,https://xmsyj.moa.gov.cn/jcyj/202603/t20260318_6482383.htm,2026-03-12,表头总第N周,本周(原文),xmsyj,3月第2周畜产品和饲料集贸市场价格情况,生猪,一致,https://www.nahs.org.cn/jcyj/jghq/202603/t20260320_470223.htm,https://www.nahs.org.cn/jcyj/jghq/202603/t20260320_470223.htm,
2026,12,3月第3周,2026-03-25,11.05,26.2,22.0,2.49,3.44,https://xmsyj.moa.gov.cn/jcyj/202603/t20260325_6482639.htm,2026-03-19,表头总第N周,本周(原文),xmsyj,3月第3周畜产品和饲料集贸市场价格情况,生猪,一致,https://www.nahs.org.cn/jcyj/jghq/202603/t20260330_470405.htm,https://www.nahs.org.cn/jcyj/jghq/202603/t20260330_470405.htm,
2026,13,3月第4周,2026-03-30,10.68,25.42,21.52,2.5,3.46,https://xmsyj.moa.gov.cn/jcyj/202603/t20260330_6482815.htm,2026-03-26,表头总第N周,本周(原文),xmsyj,3月第4周畜产品和饲料集贸市场价格情况,生猪,一致,https://www.nahs.org.cn/jcyj/jghq/202604/t20260407_471225.htm,https://www.nahs.org.cn/jcyj/jghq/202604/t20260407_471225.htm,
2026,14,4月第1周,2026-04-08,10.4,24.56,21.03,2.5,3.44,https://xmsyj.moa.gov.cn/jcyj/202604/t20260408_6483049.htm,2026-04-02,表头总第N周,本周(原文),xmsyj,4月第1周畜产品和饲料集贸市场价格情况,生猪,一致,https://www.nahs.org.cn/jcyj/jghq/202604/t20260413_471358.htm,https://www.nahs.org.cn/jcyj/jghq/202604/t20260413_471358.htm,
2026,15,4月第2周,2026-04-15,10.03,23.77,20.5,2.5,3.41,https://xmsyj.moa.gov.cn/jcyj/202604/t20260415_6483265.htm,2026-04-09,表头总第N周,本周(原文),xmsyj,4月第2周畜产品和饲料集贸市场价格情况,生猪,一致,https://www.nahs.org.cn/jcyj/jghq/202604/t20260420_471747.htm,https://www.nahs.org.cn/jcyj/jghq/202604/t20260420_471747.htm,
2026,16,4月第3周,2026-04-22,9.75,23.11,20.1,2.5,3.37,https://xmsyj.moa.gov.cn/jcyj/202604/t20260422_6483464.htm,2026-04-16,表头总第N周,本周(原文),xmsyj,4月第3周畜产品和饲料集贸市场价格情况,生猪,一致,https://www.nahs.org.cn/jcyj/jghq/202605/t20260507_472021.htm,https://www.nahs.org.cn/jcyj/jghq/202605/t20260507_472021.htm,
2026,17,4月第4周,2026-05-09,10.0,22.94,20.08,2.5,3.34,https://xmsyj.moa.gov.cn/jcyj/202605/t20260509_6484024.htm,2026-04-23,表头总第N周,本周(原文),xmsyj,4月第4周畜产品和饲料集贸市场价格情况,生猪,一致,https://www.nahs.org.cn/jcyj/jghq/202605/t20260507_472022.htm,https://www.nahs.org.cn/jcyj/jghq/202605/t20260507_472022.htm,
2026,18,4月第5周,2026-05-09,10.18,23.11,20.12,2.5,3.31,https://xmsyj.moa.gov.cn/jcyj/202605/t20260509_6484026.htm,2026-04-30,表头总第N周,本周(原文),xmsyj,4月第5周畜产品和饲料集贸市场价格情况,生猪,一致,https://www.nahs.org.cn/jcyj/jghq/202605/t20260511_472099.htm,https://www.nahs.org.cn/jcyj/jghq/202605/t20260511_472099.htm,
2026,19,5月第1周,2026-05-14,10.19,23.26,20.12,2.5,3.3,https://xmsyj.moa.gov.cn/jcyj/202605/t20260514_6484162.htm,2026-05-07,表头总第N周,本周(原文),xmsyj,5月第1周畜产品和饲料集贸市场价格情况,生猪,一致,https://www.nahs.org.cn/jcyj/jghq/202605/t20260518_472200.htm,https://www.nahs.org.cn/jcyj/jghq/202605/t20260518_472200.htm,
2026,20,5月第2周,2026-05-20,10.16,23.31,20.06,2.5,3.29,https://xmsyj.moa.gov.cn/jcyj/202605/t20260520_6484315.htm,2026-05-14,表头总第N周,本周(原文),xmsyj,5月第2周畜产品和饲料集贸市场价格情况,生猪,一致,https://www.nahs.org.cn/jcyj/jghq/202605/t20260525_472309.htm,https://www.nahs.org.cn/jcyj/jghq/202605/t20260525_472309.htm,
2026,21,5月第3周,2026-05-26,10.12,23.39,19.98,2.5,3.28,https://xmsyj.moa.gov.cn/jcyj/202605/t20260526_6484455.htm,2026-05-21,表头总第N周,本周(原文),xmsyj,5月第3周畜产品和饲料集贸市场价格情况,生猪,一致,https://www.nahs.org.cn/jcyj/jghq/202606/t20260601_472425.htm,https://www.nahs.org.cn/jcyj/jghq/202606/t20260601_472425.htm,
2026,22,5月第4周,2026-06-03,10.14,23.44,19.94,2.5,3.26,https://xmsyj.moa.gov.cn/jcyj/202606/t20260603_6484706.htm,2026-05-28,表头总第N周,本周(原文),xmsyj,5月第4周畜产品和饲料集贸市场价格情况,生猪,一致,https://www.nahs.org.cn/jcyj/jghq/202606/t20260608_472633.htm,https://www.nahs.org.cn/jcyj/jghq/202606/t20260608_472633.htm,
2026,23,6月第1周,2026-06-10,10.14,23.3,19.84,2.49,3.24,https://xmsyj.moa.gov.cn/jcyj/202606/t20260610_6484859.htm,2026-06-04,表头总第N周,本周(原文),xmsyj,6月第1周畜产品和饲料集贸市场价格情况,生猪,一致,https://www.nahs.org.cn/jcyj/jghq/202606/t20260617_472826.htm,https://www.nahs.org.cn/jcyj/jghq/202606/t20260617_472826.htm,
2026,24,6月第2周,2026-06-17,10.08,22.9,19.77,2.49,3.21,https://xmsyj.moa.gov.cn/jcyj/202606/t20260617_6485081.htm,2026-06-11,表头总第N周,本周(原文),xmsyj,6月第2周畜产品和饲料集贸市场价格情况,生猪,一致,https://www.nahs.org.cn/jcyj/jghq/202607/t20260706_473223.htm,https://www.nahs.org.cn/jcyj/jghq/202607/t20260706_473223.htm,
2026,25,6月第3周,2026-06-23,10.06,22.29,19.72,2.49,3.19,https://xmsyj.moa.gov.cn/jcyj/202606/t20260623_6485241.htm,2026-06-18,表头总第N周,本周(原文),xmsyj,6月第3周畜产品和饲料集贸市场价格情况,生猪,一致,https://www.nahs.org.cn/jcyj/jghq/202607/t20260706_473224.htm,https://www.nahs.org.cn/jcyj/jghq/202607/t20260706_473224.htm,
2026,26,6月第4周,2026-07-01,10.06,21.67,19.63,2.48,3.18,https://xmsyj.moa.gov.cn/jcyj/202607/t20260701_6485442.htm,2026-06-25,表头总第N周,本周(原文),xmsyj,6月第4周畜产品和饲料集贸市场价格情况,生猪,一致,https://www.nahs.org.cn/jcyj/jghq/202607/t20260706_473225.htm,https://www.nahs.org.cn/jcyj/jghq/202607/t20260706_473225.htm,
2026,27,7月第1周,2026-07-07,10.48,21.64,19.82,2.48,3.18,https://xmsyj.moa.gov.cn/jcyj/202607/t20260707_6485602.htm,2026-07-02,表头总第N周,本周(原文),xmsyj,7月第1周畜产品和饲料集贸市场价格情况,生猪,一致,https://www.nahs.org.cn/jcyj/jghq/202607/t20260717_473438.htm,https://www.nahs.org.cn/jcyj/jghq/202607/t20260717_473438.htm,
2026,28,7月第2周,2026-07-14,11.35,22.43,20.62,2.48,3.18,https://xmsyj.moa.gov.cn/jcyj/202607/t20260714_6485797.htm,2026-07-09,表头总第N周,本周(原文),xmsyj,7月第2周畜产品和饲料集贸市场价格情况,生猪,一致,https://www.nahs.org.cn/jcyj/jghq/202607/t20260717_473439.htm,https://www.nahs.org.cn/jcyj/jghq/202607/t20260717_473439.htm,
2026,29,7月第3周,2026-07-22,11.5,22.91,20.93,2.48,3.19,https://xmsyj.moa.gov.cn/jcyj/202607/t20260722_6485964.htm,2026-07-16,表头总第N周,本周(原文),xmsyj,7月第3周畜产品和饲料集贸市场价格情况,生猪,一致,https://www.nahs.org.cn/jcyj/jghq/202607/t20260729_473629.htm,https://www.nahs.org.cn/jcyj/jghq/202607/t20260729_473629.htm,
2026,30,7月第4周,2026-07-29,11.45,23.2,20.96,2.48,3.21,https://xmsyj.moa.gov.cn/jcyj/202607/t20260729_6486285.htm,2026-07-23,表头总第N周,本周(原文),xmsyj,7月第4周畜产品和饲料集贸市场价格情况,生猪,一致,https://www.nahs.org.cn/jcyj/jghq/202607/t20260729_473630.htm,https://www.nahs.org.cn/jcyj/jghq/202607/t20260729_473630.htm,
2026,31,7月第5周,2026-08-04,11.22,23.0,20.9,2.47,3.23,https://xmsyj.moa.gov.cn/jcyj/202608/t20260804_6486426.htm,2026-07-30,表头总第N周,本周(原文),xmsyj,7月第5周畜产品和饲料集贸市场价格情况,生猪,一致,https://www.nahs.org.cn/jcyj/jghq/202608/t20260819_473992.htm,https://www.nahs.org.cn/jcyj/jghq/202608/t20260819_473992.htm,
2026,32,8月第1周,2026-08-11,11.13,22.42,20.82,2.47,3.23,https://xmsyj.moa.gov.cn/jcyj/202608/t20260811_6486584.htm,2026-08-06,表头总第N周,本周(原文),xmsyj,8月第1周畜产品和饲料集贸市场价格情况,生猪,一致,https://www.nahs.org.cn/jcyj/jghq/202608/t20260819_473989.htm,https://www.nahs.org.cn/jcyj/jghq/202608/t20260819_473989.htm,
2026,33,8月第2周,2026-08-19,11.23,21.98,20.89,2.46,3.23,https://xmsyj.moa.gov.cn/jcyj/202608/t20260819_6486784.htm,2026-08-13,表头总第N周,本周(原文),xmsyj,8月第2周畜产品和饲料集贸市场价格情况,生猪,一致,https://www.nahs.org.cn/jcyj/jghq/202608/t20260827_474087.htm,https://www.nahs.org.cn/jcyj/jghq/202608/t20260827_474087.htm,
2026,34,8月第3周,2026-08-25,11.52,21.75,21.1,2.46,3.25,https://xmsyj.moa.gov.cn/jcyj/202608/t20260825_6486995.htm,2026-08-20,表头总第N周,本周(原文),xmsyj,8月第3周畜产品和饲料集贸市场价格情况,生猪,一致,https://www.nahs.org.cn/jcyj/jghq/202608/t20260827_474088.htm,https://www.nahs.org.cn/jcyj/jghq/202608/t20260827_474088.htm,
2026,35,8月第4周,2026-09-01,11.55,21.48,21.19,2.46,3.27,https://xmsyj.moa.gov.cn/jcyj/202609/t20260901_6487189.htm,2026-08-27,表头总第N周,本周(原文),xmsyj,8月第4周畜产品和饲料集贸市场价格情况,生猪,一致,https://www.nahs.org.cn/jcyj/jghq/202609/t20260907_474291.htm,https://www.nahs.org.cn/jcyj/jghq/202609/t20260907_474291.htm,
2026,36,9月第1周,2026-09-08,11.59,21.12,21.23,2.46,3.31,https://xmsyj.moa.gov.cn/jcyj/202609/t20260908_6487409.htm,2026-09-03,采集日ISO周,本周(原文),xmsyj,9月第1周畜产品和饲料集贸市场价格情况,生猪,一致,https://www.nahs.org.cn/jcyj/jghq/202609/t20260920_474543.htm,,
2026,37,9月第2周,2026-09-16,11.54,20.83,21.22,2.46,3.36,https://xmsyj.moa.gov.cn/jcyj/202609/t20260916_6487731.htm,2026-09-10,采集日ISO周,本周(原文),xmsyj,9月第2周畜产品和饲料集贸市场价格情况,生猪,一致,https://www.nahs.org.cn/jcyj/jghq/202609/t20260920_474544.htm,,
2026,38,9月第3周,2026-09-22,11.48,20.61,21.18,2.45,3.38,https://xmsyj.moa.gov.cn/jcyj/202609/t20260922_6488016.htm,2026-09-17,采集日ISO周,本周(原文),xmsyj,9月第3周畜产品和饲料集贸市场价格情况,生猪,一致,https://www.nahs.org.cn/jcyj/jghq/202609/t20260924_474668.htm,,
2026,39,9月第4周,2026-09-30,11.36,20.2,21.17,2.45,3.41,https://xmsyj.moa.gov.cn/jcyj/202609/t20260930_6488298.htm,2026-09-24,采集日ISO周,本周(原文),xmsyj,9月第4周畜产品和饲料集贸市场价格情况,生猪,一致,https://www.nahs.org.cn/jcyj/jghq/202610/t20261009_474864.htm,,
2026,40,9月第5周,2026-10-08,11.13,19.77,21.07,2.44,3.42,https://xmsyj.moa.gov.cn/jcyj/202610/t20261008_6488387.htm,2026-09-30,采集日ISO周,本周(原文),xmsyj,9月第5周畜产品和饲料集贸市场价格情况,生猪,一致,https://www.nahs.org.cn/jcyj/jghq/202610/t20261009_474865.htm,,
