code,sec_name,month_key,months_covered,total_heads,commodity_heads,commodity_heads_derived,piglet_heads,breeder_heads,jv_heads,revenue_yi,price,weight_kg,export_heads,domestic_heads,export_price,domestic_price,scope_note,src,table_mismatch,ann_date,title,url
000048,京基智农,2022-07,1,9.09,,,1.43,,,2.0,22.6,,,,,,,lead,False,2022-08-11,2022年7月生猪销售情况简报,https://static.cninfo.com.cn/finalpage/2022-08-11/1214267945.PDF
000048,京基智农,2022-08,1,10.6,,,0.46,,,2.53,22.66,,,,,,,lead,False,2022-09-10,2022年8月生猪销售情况简报,https://static.cninfo.com.cn/finalpage/2022-09-10/1214577757.PDF
000048,京基智农,2022-09,1,18.72,,,5.41,,,3.19,23.88,,,,,,,lead,False,2022-10-10,2022年9月生猪销售情况简报,https://static.cninfo.com.cn/finalpage/2022-10-10/1214728649.PDF
000048,京基智农,2022-10,1,11.12,,,2.32,,,2.91,27.44,,,,,,,lead,False,2022-11-09,2022年10月生猪销售情况简报,https://static.cninfo.com.cn/finalpage/2022-11-09/1215052289.PDF
000048,京基智农,2022-11,1,11.18,,,2.73,,,2.57,23.9,,,,,,,lead,False,2022-12-07,2022年11月生猪销售情况简报,https://static.cninfo.com.cn/finalpage/2022-12-07/1215290730.PDF
000048,京基智农,2022-12,1,14.84,,,3.49,,,2.58,18.42,,,,,,,lead,False,2023-01-09,2022年12月生猪销售情况简报,https://static.cninfo.com.cn/finalpage/2023-01-09/1215551387.PDF
000048,京基智农,2023-01,1,13.46,,,2.57,,,1.81,14.2,,,,,,,lead,False,2023-02-09,2023年1月生猪销售情况简报,https://static.cninfo.com.cn/finalpage/2023-02-09/1215804147.PDF
000048,京基智农,2023-02,1,13.35,,,2.16,,,1.92,14.55,,,,,,,lead,False,2023-03-08,2023年2月生猪销售情况简报,https://static.cninfo.com.cn/finalpage/2023-03-08/1216064150.PDF
000048,京基智农,2023-03,1,14.47,,,2.42,,,2.2,15.26,,,,,,,lead,False,2023-04-08,2023年3月生猪销售情况简报,https://static.cninfo.com.cn/finalpage/2023-04-08/1216355436.PDF
000048,京基智农,2023-04,1,13.43,,,2.08,,,2.01,14.42,,,,,,,lead,False,2023-05-09,2023年4月生猪销售情况简报,https://static.cninfo.com.cn/finalpage/2023-05-09/1216766755.PDF
000048,京基智农,2023-05,1,14.92,,,2.58,,,2.15,14.18,,,,,,,lead,False,2023-06-08,2023年5月生猪销售情况简报,https://static.cninfo.com.cn/finalpage/2023-06-08/1217012726.PDF
000048,京基智农,2023-06,1,14.7,,,2.25,,,2.12,14.32,,,,,,,lead,False,2023-07-08,2023年6月生猪销售情况简报,https://static.cninfo.com.cn/finalpage/2023-07-08/1217238862.PDF
000048,京基智农,2023-07,1,16.02,,,2.04,,,2.42,14.75,,,,,,,lead,False,2023-08-08,2023年7月生猪销售情况简报,https://static.cninfo.com.cn/finalpage/2023-08-08/1217479196.PDF
000048,京基智农,2023-08,1,17.67,,,2.38,,,3.02,17.2,,,,,,,lead,False,2023-09-09,2023年8月生猪销售情况简报,https://static.cninfo.com.cn/finalpage/2023-09-09/1217812539.PDF
000048,京基智农,2023-09,1,17.27,,,1.96,,,2.79,16.04,,,,,,,lead,False,2023-10-10,2023年9月生猪销售情况简报,https://static.cninfo.com.cn/finalpage/2023-10-10/1218000005.PDF
000048,京基智农,2023-10,1,16.26,,,0.33,,,2.71,15.04,,,,,,,lead,False,2023-11-08,2023年10月生猪销售情况简报,https://static.cninfo.com.cn/finalpage/2023-11-08/1218274014.PDF
000048,京基智农,2023-11,1,15.18,,,0.26,,,2.51,14.65,,,,,,,lead,False,2023-12-07,2023年11月生猪销售情况简报,https://static.cninfo.com.cn/finalpage/2023-12-07/1218534529.PDF
000048,京基智农,2023-12,1,17.78,,,2.17,,,2.44,13.74,,,,,,,lead,False,2024-01-09,2023年12月生猪销售情况简报,https://static.cninfo.com.cn/finalpage/2024-01-09/1218832072.PDF
000048,京基智农,2024-01,1,17.19,,,0.79,,,2.48,13.5,,,,,,,lead,False,2024-02-07,2024年1月生猪销售情况简报,https://static.cninfo.com.cn/finalpage/2024-02-07/1219111201.PDF
000048,京基智农,2024-02,1,13.65,,,0.15,,,1.99,13.24,,,,,,,lead,False,2024-03-09,2024年2月生猪销售情况简报,https://static.cninfo.com.cn/finalpage/2024-03-09/1219266170.PDF
000048,京基智农,2024-03,1,15.21,,,1.54,,,2.28,14.54,,,,,,,lead,False,2024-04-10,2024年3月生猪销售情况简报,https://static.cninfo.com.cn/finalpage/2024-04-10/1219551510.PDF
000048,京基智农,2024-04,1,19.2,,,3.95,,,2.99,15.24,,,,,,,lead,False,2024-05-08,2024年4月生猪销售情况简报,https://static.cninfo.com.cn/finalpage/2024-05-08/1219998138.PDF
000048,京基智农,2024-05,1,22.76,,,4.78,,,3.72,15.74,,,,,,,lead,False,2024-06-07,2024年5月生猪销售情况简报,https://static.cninfo.com.cn/finalpage/2024-06-07/1220289194.PDF
000048,京基智农,2024-06,1,16.59,,,1.01,,,3.45,18.3,,,,,,,lead,False,2024-07-09,2024年6月生猪销售情况简报,https://static.cninfo.com.cn/finalpage/2024-07-09/1220560700.PDF
000048,京基智农,2024-07,1,16.19,,,2.39,,,3.42,19.77,,,,,,,lead,False,2024-08-08,2024年7月生猪销售情况简报,https://static.cninfo.com.cn/finalpage/2024-08-08/1220815451.PDF
000048,京基智农,2024-08,1,19.85,,,3.17,,,4.45,20.89,,,,,,,lead,False,2024-09-07,2024年8月生猪销售情况简报,https://static.cninfo.com.cn/finalpage/2024-09-07/1221161107.PDF
000048,京基智农,2024-09,1,22.81,,,5.86,,,4.14,19.11,,,,,,,lead,False,2024-10-09,2024年9月生猪销售情况简报,https://static.cninfo.com.cn/finalpage/2024-10-09/1221343012.PDF
000048,京基智农,2024-10,1,18.29,,,2.02,,,3.75,18.0,,,,,,,lead,False,2024-11-07,2024年10月生猪销售情况简报,https://static.cninfo.com.cn/finalpage/2024-11-07/1221639707.PDF
000048,京基智农,2024-11,1,13.27,,,1.59,,,2.62,17.33,,,,,,,lead,False,2024-12-10,2024年11月生猪销售情况简报,https://static.cninfo.com.cn/finalpage/2024-12-10/1221967777.PDF
000048,京基智农,2024-12,1,19.61,,,2.06,,,3.66,16.11,,,,,,,lead,False,2025-01-08,2024年12月生猪销售情况简报,https://static.cninfo.com.cn/finalpage/2025-01-08/1222258390.PDF
000048,京基智农,2025-01,1,13.91,,,1.22,,,2.68,15.97,,,,,,,lead,False,2025-02-18,2025年1月生猪销售情况简报,https://static.cninfo.com.cn/finalpage/2025-02-18/1222558595.PDF
000048,京基智农,2025-02,1,16.48,,,3.75,,,2.73,15.37,,,,,,,lead,False,2025-03-07,2025年2月生猪销售情况简报,https://static.cninfo.com.cn/finalpage/2025-03-07/1222733532.PDF
000048,京基智农,2025-03,1,18.75,,,2.98,,,3.37,15.34,,,,,,,lead,False,2025-04-08,2025年3月生猪销售情况简报,https://static.cninfo.com.cn/finalpage/2025-04-08/1223020639.PDF
000048,京基智农,2025-04,1,18.66,,,2.32,,,3.43,15.19,,,,,,,lead,False,2025-05-08,2025年4月生猪销售情况简报,https://static.cninfo.com.cn/finalpage/2025-05-08/1223489743.PDF
000048,京基智农,2025-05,1,20.77,,,2.92,,,3.59,14.87,,,,,,,lead,False,2025-06-07,2025年5月生猪销售情况简报,https://static.cninfo.com.cn/finalpage/2025-06-07/1223802542.PDF
000048,京基智农,2025-06,1,17.64,,,2.12,,,3.1,15.15,,,,,,,lead,False,2025-07-09,2025年6月生猪销售情况简报,https://static.cninfo.com.cn/finalpage/2025-07-09/1224103614.PDF
000048,京基智农,2025-07,1,20.36,,,2.93,,,3.51,15.66,,,,,,,lead,False,2025-08-09,2025年7月生猪销售情况简报,https://static.cninfo.com.cn/finalpage/2025-08-09/1224440185.PDF
000048,京基智农,2025-08,1,18.96,,,3.0,,,3.08,14.95,,,,,,,lead,False,2025-09-09,2025年8月生猪销售情况简报,https://static.cninfo.com.cn/finalpage/2025-09-09/1224644995.PDF
000048,京基智农,2025-09,1,22.05,,,5.43,,,2.95,13.6,,,,,,,lead,False,2025-10-10,2025年9月生猪销售情况简报,https://static.cninfo.com.cn/finalpage/2025-10-10/1224701972.PDF
000048,京基智农,2025-10,1,23.33,,,2.38,,,3.17,11.87,,,,,,,lead,False,2025-11-07,2025年10月生猪销售情况简报,https://static.cninfo.com.cn/finalpage/2025-11-07/1224789977.PDF
000048,京基智农,2025-11,1,20.23,,,1.88,,,3.01,12.44,,,,,,,lead,False,2025-12-09,2025年11月生猪销售情况简报,https://static.cninfo.com.cn/finalpage/2025-12-09/1224860073.PDF
000048,京基智农,2025-12,1,20.16,,,1.49,,,2.99,12.21,,,,,,,lead,False,2026-01-07,2025年12月生猪销售情况简报,https://static.cninfo.com.cn/finalpage/2026-01-07/1224921913.PDF
000048,京基智农,2026-01,1,25.02,,,4.53,,,3.58,12.84,,,,,,,lead,False,2026-02-07,2026年1月生猪销售情况简报,https://static.cninfo.com.cn/finalpage/2026-02-07/1224971546.PDF
000048,京基智农,2026-02,1,20.69,,,1.43,,,2.69,11.41,,,,,,,lead,False,2026-03-07,2026年2月生猪销售情况简报,https://static.cninfo.com.cn/finalpage/2026-03-07/1224999381.PDF
000048,京基智农,2026-03,1,21.76,,,3.77,,,2.39,10.12,,,,,,,lead,False,2026-04-10,2026年3月生猪销售情况简报,https://static.cninfo.com.cn/finalpage/2026-04-10/1225086824.PDF
000048,京基智农,2026-04,1,26.09,,,5.73,,,2.27,8.79,,,,,,,lead,False,2026-05-09,2026年4月生猪销售情况简报,https://static.cninfo.com.cn/finalpage/2026-05-09/1225284948.PDF
000048,京基智农,2026-05,1,21.47,,,,,,2.38,9.82,,,,,,,lead,False,2026-06-09,2026年5月生猪销售情况简报,https://static.cninfo.com.cn/finalpage/2026-06-09/1225358319.PDF
000048,京基智农,2026-06,1,15.19,15.19,,,,,1.95,10.09,,,,,,仅披露商品肥猪,lead,False,2026-07-09,2026年6月生猪销售情况简报,https://static.cninfo.com.cn/finalpage/2026-07-09/1225415158.PDF
000048,京基智农,2026-07,1,13.79,13.79,,,,,2.04,11.93,,,,,,仅披露商品肥猪,lead,False,2026-08-08,2026年7月生猪销售情况简报,https://static.cninfo.com.cn/finalpage/2026-08-08/1225462933.PDF
000048,京基智农,2026-08,1,14.11,14.11,,,,,2.06,11.5,,,,,,仅披露商品肥猪,lead,False,2026-09-09,2026年8月生猪销售情况简报,https://static.cninfo.com.cn/finalpage/2026-09-09/1225552776.PDF
000048,京基智农,2026-09,1,15.82,15.82,,,,,2.16,11.06,,,,,,仅披露商品肥猪,lead,False,2026-10-09,2026年9月生猪销售情况简报,https://static.cninfo.com.cn/finalpage/2026-10-09/1225596272.PDF
000702,正虹科技,2020-03,1,0.16,,,,,,0.050795,,,,,,,,lead,False,2020-04-08,2020年3月生猪销售简报,https://static.cninfo.com.cn/finalpage/2020-04-08/1207461302.PDF
000702,正虹科技,2020-04,1,0.26,,,,,,0.11607100000000001,,,,,,,,lead,False,2020-05-08,2020年4月生猪销售简报,https://static.cninfo.com.cn/finalpage/2020-05-08/1207712947.PDF
000702,正虹科技,2020-05,1,0.25,,,,,,0.102016,,,,,,,,lead,False,2020-06-10,2020年5月生猪销售简报,https://static.cninfo.com.cn/finalpage/2020-06-10/1207911173.PDF
000702,正虹科技,2020-06,1,0.48,,,,,,0.176952,,,,,,,,lead,False,2020-07-08,2020年6月生猪销售简报,https://static.cninfo.com.cn/finalpage/2020-07-08/1208011466.PDF
000702,正虹科技,2020-07,1,0.32,,,,,,0.089238,,,,,,,,lead,False,2020-08-07,2020年7月生猪销售简报,https://static.cninfo.com.cn/finalpage/2020-08-07/1208134167.PDF
000702,正虹科技,2020-08,1,0.42,,,,,,0.083103,,,,,,,,lead,False,2020-09-08,2020年8月生猪销售简报,https://static.cninfo.com.cn/finalpage/2020-09-08/1208405354.PDF
000702,正虹科技,2020-09,1,0.51,,,,,,0.181975,,,,,,,,lead,False,2020-10-10,2020年9月生猪销售简报,https://static.cninfo.com.cn/finalpage/2020-10-10/1208530864.PDF
000702,正虹科技,2020-10,1,0.67,,,,,,0.242409,,,,,,,,lead,False,2020-11-07,2020年10月生猪销售简报,https://static.cninfo.com.cn/finalpage/2020-11-07/1208707017.PDF
000702,正虹科技,2020-11,1,1.06,,,,,,0.396011,,,,,,,,lead,False,2020-12-09,2020年11月生猪销售简报,https://static.cninfo.com.cn/finalpage/2020-12-09/1208869182.PDF
000702,正虹科技,2020-12,1,2.41,,,,,,0.955419,,,,,,,,lead,False,2021-01-07,2020年12月生猪销售简报,https://static.cninfo.com.cn/finalpage/2021-01-07/1209057130.PDF
000702,正虹科技,2021-01,1,1.49,,,,,,0.517331,,,,,,,,lead,False,2021-02-19,2021年1月生猪销售简报,https://static.cninfo.com.cn/finalpage/2021-02-19/1209279661.PDF
000702,正虹科技,2021-02,1,0.75,,,,,,0.18553499999999998,,,,,,,,lead,False,2021-03-10,2021年2月生猪销售简报,https://static.cninfo.com.cn/finalpage/2021-03-10/1209358053.PDF
000702,正虹科技,2021-03,1,1.35,,,,,,0.537945,,,,,,,,lead,False,2021-04-09,2021年3月生猪销售简报,https://static.cninfo.com.cn/finalpage/2021-04-09/1209655383.PDF
000702,正虹科技,2021-04,1,1.44,,,,,,0.427911,,,,,,,,lead,False,2021-05-08,2021年4月生猪销售简报,https://static.cninfo.com.cn/finalpage/2021-05-08/1209937174.PDF
000702,正虹科技,2021-05,1,0.85,,,,,,0.17118599999999998,,,,,,,,lead,False,2021-06-05,2021年5月生猪销售简报,https://static.cninfo.com.cn/finalpage/2021-06-05/1210167059.PDF
000702,正虹科技,2021-06,1,2.74,,,,,,0.6869569999999999,,,,,,,,lead,False,2021-07-07,2021年6月生猪销售简报,https://static.cninfo.com.cn/finalpage/2021-07-07/1210428583.PDF
000702,正虹科技,2021-07,1,0.99,,,,,,0.182113,,,,,,,,lead,False,2021-08-07,2021年7月生猪销售简报,https://static.cninfo.com.cn/finalpage/2021-08-07/1210685153.PDF
000702,正虹科技,2021-08,1,1.81,,,,,,0.311839,,,,,,,,lead,False,2021-09-07,2021年8月生猪销售简报,https://static.cninfo.com.cn/finalpage/2021-09-07/1210976269.PDF
000702,正虹科技,2021-09,1,2.99,,,,,,0.39529000000000003,,,,,,,,lead,False,2021-10-09,2021年9月生猪销售简报,https://static.cninfo.com.cn/finalpage/2021-10-09/1211216708.PDF
000702,正虹科技,2021-10,1,3.76,,,,,,0.6040909999999999,,,,,,,,lead,False,2021-11-09,2021年10月生猪销售简报,https://static.cninfo.com.cn/finalpage/2021-11-09/1211529326.PDF
000702,正虹科技,2021-11,1,3.92,,,,,,0.699891,,,,,,,,lead,False,2021-12-07,2021年11月生猪销售简报,https://static.cninfo.com.cn/finalpage/2021-12-07/1211818735.PDF
000702,正虹科技,2021-12,1,2.32,,,,,,0.437529,,,,,,,,lead,False,2022-01-11,2021年12月生猪销售简报,https://static.cninfo.com.cn/finalpage/2022-01-11/1212133644.PDF
000702,正虹科技,2022-01,1,1.52,,,,,,0.253542,,,,,,,,lead,False,2022-02-11,2022年1月生猪销售简报,https://static.cninfo.com.cn/finalpage/2022-02-11/1212337418.PDF
000702,正虹科技,2022-02,1,0.71,,,,,,0.093407,,,,,,,,lead,False,2022-03-08,2022年2月生猪销售简报,https://static.cninfo.com.cn/finalpage/2022-03-08/1212519313.PDF
000702,正虹科技,2022-03,1,1.45,,,,,,0.18643099999999999,,,,,,,,lead,False,2022-04-08,2022年3月生猪销售简报,https://static.cninfo.com.cn/finalpage/2022-04-08/1212837563.PDF
000702,正虹科技,2022-04,1,2.05,,,,,,0.280043,,,,,,,,lead,False,2022-05-06,2022年4月生猪销售简报,https://static.cninfo.com.cn/finalpage/2022-05-06/1213282364.PDF
000702,正虹科技,2022-05,1,1.97,,,,,,0.332389,,,,,,,,lead,False,2022-06-08,2022年5月生猪销售简报,https://static.cninfo.com.cn/finalpage/2022-06-08/1213630049.PDF
000702,正虹科技,2022-06,1,1.63,,,,,,0.268009,,,,,,,,lead,False,2022-07-06,2022年6月生猪销售简报,https://static.cninfo.com.cn/finalpage/2022-07-06/1213956158.PDF
000702,正虹科技,2022-07,1,1.27,,,,,,0.266671,,,,,,,,lead,False,2022-08-05,2022年7月生猪销售简报,https://static.cninfo.com.cn/finalpage/2022-08-05/1214221124.PDF
000702,正虹科技,2022-09,1,1.99,,,,,,0.46906499999999995,,,,,,,,lead,False,2022-10-11,2022年9月生猪销售简报,https://static.cninfo.com.cn/finalpage/2022-10-11/1214737558.PDF
000702,正虹科技,2022-10,1,0.6,,,,,,0.146351,,,,,,,,lead,False,2022-11-05,2022年10月生猪销售简报,https://static.cninfo.com.cn/finalpage/2022-11-05/1215033523.PDF
000702,正虹科技,2022-11,1,1.35,,,,,,0.407893,,,,,,,,lead,False,2022-12-07,2022年11月生猪销售简报,https://static.cninfo.com.cn/finalpage/2022-12-07/1215287944.PDF
000702,正虹科技,2022-12,1,1.24,,,,,,2.546669,,,,,,,,lead,False,2023-01-06,2022年12月生猪销售简报,https://static.cninfo.com.cn/finalpage/2023-01-06/1215531557.PDF
000702,正虹科技,2023-01,1,2.62,,,,,,0.459795,,,,,,,,lead,False,2023-02-10,2023年1月生猪销售简报,https://static.cninfo.com.cn/finalpage/2023-02-10/1215815610.PDF
000702,正虹科技,2023-02,1,1.61,,,,,,0.22748000000000002,,,,,,,,lead,False,2023-03-23,2023年2月生猪销售简报,https://static.cninfo.com.cn/finalpage/2023-03-23/1216188445.PDF
000702,正虹科技,2023-03,1,1.79,,,,,,0.36787600000000004,,,,,,,,lead,False,2023-04-14,2023年3月生猪销售简报,https://static.cninfo.com.cn/finalpage/2023-04-14/1216402755.PDF
000702,正虹科技,2023-04,1,2.76,,,,,,0.457215,,,,,,,,lead,False,2023-05-10,2023年4月生猪销售简报,https://static.cninfo.com.cn/finalpage/2023-05-10/1216779127.PDF
000702,正虹科技,2023-05,1,2.12,,,,,,0.32290100000000005,,,,,,,,lead,False,2023-06-10,2023年5月生猪销售简报,https://static.cninfo.com.cn/finalpage/2023-06-10/1217026218.PDF
000702,正虹科技,2023-06,1,1.14,,,,,,0.166414,,,,,,,,lead,False,2023-07-07,2023年6月生猪销售简报,https://static.cninfo.com.cn/finalpage/2023-07-07/1217228796.PDF
000702,正虹科技,2023-07,1,1.76,,,,,,0.20225,,,,,,,,lead,False,2023-08-12,2023年7月生猪销售简报,https://static.cninfo.com.cn/finalpage/2023-08-12/1217519868.PDF
000702,正虹科技,2023-08,1,1.65,,,,,,0.210267,,,,,,,,lead,False,2023-09-08,2023年8月生猪销售简报,https://static.cninfo.com.cn/finalpage/2023-09-08/1217803275.PDF
000702,正虹科技,2023-09,1,2.14,,,,,,0.274775,,,,,,,,lead,False,2023-10-10,2023年9月生猪销售简报,https://static.cninfo.com.cn/finalpage/2023-10-10/1217997625.PDF
000702,正虹科技,2023-10,1,1.69,,,,,,0.19602999999999998,,,,,,,,lead,False,2023-11-07,2023年10月生猪销售简报,https://static.cninfo.com.cn/finalpage/2023-11-07/1218268797.PDF
000702,正虹科技,2023-11,1,1.07,,,,,,0.08464400000000001,,,,,,,,lead,False,2023-12-06,2023年11月生猪销售简报,https://static.cninfo.com.cn/finalpage/2023-12-06/1218521974.PDF
000702,正虹科技,2023-12,1,0.77,,,,,,0.127054,,,,,,,,lead,False,2024-01-05,2023年12月生猪销售简报,https://static.cninfo.com.cn/finalpage/2024-01-05/1218809303.PDF
000702,正虹科技,2024-01,1,0.37,,,,,,0.067066,,,,,,,,lead,False,2024-02-05,2024年1月生猪销售简报,https://static.cninfo.com.cn/finalpage/2024-02-05/1219094417.PDF
000702,正虹科技,2024-02,1,0.36,,,,,,0.06426799999999999,,,,,,,,lead,False,2024-03-09,2024年2月生猪销售简报,https://static.cninfo.com.cn/finalpage/2024-03-09/1219264483.PDF
000702,正虹科技,2024-03,1,0.35,,,,,,0.069829,,,,,,,,lead,False,2024-04-10,2024年3月生猪销售简报,https://static.cninfo.com.cn/finalpage/2024-04-10/1219550002.PDF
000702,正虹科技,2024-04,1,0.53,,,,,,0.07506900000000001,,,,,,,,lead,False,2024-05-08,2024年4月生猪销售简报,https://static.cninfo.com.cn/finalpage/2024-05-08/1219994933.PDF
000702,正虹科技,2024-05,1,1.3,,,,,,0.223082,,,,,,,,lead,False,2024-06-05,2024年5月生猪销售简报,https://static.cninfo.com.cn/finalpage/2024-06-05/1220255971.PDF
000702,正虹科技,2024-06,1,0.77,,,,,,0.18884700000000001,,,,,,,,lead,False,2024-07-04,2024年6月生猪销售简报,https://static.cninfo.com.cn/finalpage/2024-07-04/1220525442.PDF
000702,正虹科技,2024-07,1,0.42,,,,,,0.104868,,,,,,,,lead,False,2024-08-07,2024年7月生猪销售简报,https://static.cninfo.com.cn/finalpage/2024-08-07/1220805563.PDF
000702,正虹科技,2024-08,1,1.03,,,,,,0.188754,,,,,,,,lead,False,2024-09-03,2024年8月生猪销售简报,https://static.cninfo.com.cn/finalpage/2024-09-03/1221113675.PDF
000702,正虹科技,2024-09,1,0.9,,,,,,0.123793,,,,,,,,lead,False,2024-10-09,2024年9月生猪销售简报,https://static.cninfo.com.cn/finalpage/2024-10-09/1221341679.PDF
000702,正虹科技,2024-10,1,0.88,,,,,,0.091528,,,,,,,,lead,False,2024-11-08,2024年10月生猪销售简报,https://static.cninfo.com.cn/finalpage/2024-11-08/1221648218.PDF
000702,正虹科技,2024-11,1,0.51,,,,,,0.098188,,,,,,,,lead,False,2024-12-05,2024年11月生猪销售简报,https://static.cninfo.com.cn/finalpage/2024-12-05/1221925087.PDF
000702,正虹科技,2024-12,1,3.23,,,,,,0.728305,,,,,,,,lead,False,2025-01-09,2024年12月生猪销售简报,https://static.cninfo.com.cn/finalpage/2025-01-09/1222269498.PDF
000702,正虹科技,2025-01,1,0.76,,,,,,0.133155,,,,,,,,lead,False,2025-02-12,2025年1月生猪销售简报,https://static.cninfo.com.cn/finalpage/2025-02-12/1222513918.PDF
000702,正虹科技,2025-02,1,0.23,,,,,,0.01318,,,,,,,,lead,False,2025-03-11,2025年2月生猪销售简报,https://static.cninfo.com.cn/finalpage/2025-03-11/1222757667.PDF
000702,正虹科技,2025-03,1,0.71,,,,,,0.068785,,,,,,,,lead,False,2025-04-09,2025年3月生猪销售简报,https://static.cninfo.com.cn/finalpage/2025-04-09/1223028845.PDF
000702,正虹科技,2025-04,1,1.12,,,,,,0.097964,,,,,,,,lead,False,2025-05-07,2025年4月生猪销售简报,https://static.cninfo.com.cn/finalpage/2025-05-07/1223477330.PDF
000702,正虹科技,2025-05,1,0.84,,,,,,0.107999,,,,,,,,lead,False,2025-06-06,2025年5月生猪销售简报,https://static.cninfo.com.cn/finalpage/2025-06-06/1223785951.PDF
000702,正虹科技,2025-06,1,2.65,,,,,,0.41354399999999997,,,,,,,,lead,False,2025-07-08,2025年6月生猪销售简报,https://static.cninfo.com.cn/finalpage/2025-07-08/1224090051.PDF
000702,正虹科技,2025-07,1,1.63,,,,,,0.260201,,,,,,,,lead,False,2025-08-06,2025年7月生猪销售简报,https://static.cninfo.com.cn/finalpage/2025-08-06/1224400260.PDF
000702,正虹科技,2025-08,1,1.68,,,,,,0.22865500000000002,,,,,,,,lead,False,2025-09-06,2025年8月生猪销售简报,https://static.cninfo.com.cn/finalpage/2025-09-06/1224640258.PDF
000702,正虹科技,2025-09,1,0.81,,,,,,0.10519300000000001,,,,,,,,lead,False,2025-10-10,2025年9月生猪销售简报,https://static.cninfo.com.cn/finalpage/2025-10-10/1224701588.PDF
000702,正虹科技,2025-10,1,0.4,,,,,,0.043206,,,,,,,,lead,False,2025-11-06,2025年10月生猪销售简报,https://static.cninfo.com.cn/finalpage/2025-11-06/1224787714.PDF
000702,正虹科技,2025-11,1,0.4,,,,,,0.045196,,,,,,,,lead,False,2025-12-06,2025年11月生猪销售简报,https://static.cninfo.com.cn/finalpage/2025-12-06/1224853139.PDF
000702,正虹科技,2025-12,1,0.27,,,,,,0.013784999999999999,,,,,,,,lead,False,2026-01-09,2025年12月生猪销售简报,https://static.cninfo.com.cn/finalpage/2026-01-09/1224924970.PDF
000702,正虹科技,2026-01,1,1.42,,,,,,0.143468,,,,,,,,lead,True,2026-02-07,2026年1月生猪销售简报,https://static.cninfo.com.cn/finalpage/2026-02-07/1224969857.PDF
000702,正虹科技,2026-02,1,0.32,,,,,,0.049727,,,,,,,,lead,False,2026-03-06,2026年2月生猪销售简报,https://static.cninfo.com.cn/finalpage/2026-03-06/1224997788.PDF
000702,正虹科技,2026-03,1,0.17,,,,,,0.019454,,,,,,,,lead,False,2026-04-08,2026年3月生猪销售简报,https://static.cninfo.com.cn/finalpage/2026-04-08/1225081590.PDF
000702,正虹科技,2026-04,1,1.51,,,,,,0.137348,,,,,,,,lead,True,2026-05-09,2026年4月生猪销售简报,https://static.cninfo.com.cn/finalpage/2026-05-09/1225284219.PDF
000702,正虹科技,2026-05,1,0.88,,,,,,0.07558200000000001,,,,,,,,lead,True,2026-06-10,2026年5月生猪销售简报,https://static.cninfo.com.cn/finalpage/2026-06-10/1225360814.PDF
000702,正虹科技,2026-06,1,1.02,0.54,,0.48,,,0.07574199999999999,9.39,,,,,,,lead,True,2026-07-08,2026年6月生猪销售简报,https://static.cninfo.com.cn/finalpage/2026-07-08/1225412754.PDF
000702,正虹科技,2026-07,1,1.11,0.28,,0.83,,,0.05404,10.57,,,,,,,lead,True,2026-08-07,2026年7月生猪销售简报,https://static.cninfo.com.cn/finalpage/2026-08-07/1225461857.PDF
000702,正虹科技,2026-08,1,1.57,0.54,,1.03,,,0.0912,10.57,,,,,,,lead,True,2026-09-08,2026年8月生猪销售简报,https://static.cninfo.com.cn/finalpage/2026-09-08/1225550600.PDF
000735,罗 牛 山,2017-12,1,1.23,,,,,,0.182597,,,,,,,,lead,False,2018-01-17,2017年12月畜牧行业销售简报,https://static.cninfo.com.cn/finalpage/2018-01-17/1204336074.PDF
000735,罗 牛 山,2018-01,1,2.64,,,,,,0.428863,,,,,,,,lead,False,2018-02-27,2018年1月畜牧行业销售简报,https://static.cninfo.com.cn/finalpage/2018-02-27/1204431668.PDF
000735,罗 牛 山,2018-02,1,1.13,,,,,,0.147323,,,,,,,,lead,False,2018-03-21,2018年2月畜牧行业销售简报,https://static.cninfo.com.cn/finalpage/2018-03-21/1204495140.PDF
000735,罗 牛 山,2018-03,1,2.15,,,,,,0.258787,,,,,,,,lead,False,2018-04-14,2018年3月畜牧行业销售简报,https://static.cninfo.com.cn/finalpage/2018-04-14/1204628176.PDF
000735,罗 牛 山,2018-04,1,1.86,,,,,,0.23195300000000002,,,,,,,,lead,False,2018-05-22,2018年4月畜牧行业销售简报,https://static.cninfo.com.cn/finalpage/2018-05-22/1204979670.PDF
000735,罗 牛 山,2018-05,1,2.27,,,,,,0.277746,,,,,,,,lead,False,2018-06-23,2018年5月畜牧行业销售简报,https://static.cninfo.com.cn/finalpage/2018-06-23/1205084855.PDF
000735,罗 牛 山,2018-06,1,2.13,,,,,,0.25821900000000003,,,,,,,,lead,False,2018-07-14,2018年6月畜牧行业销售简报,https://static.cninfo.com.cn/finalpage/2018-07-14/1205152889.PDF
000735,罗 牛 山,2018-07,1,2.79,,,,,,0.382861,,,,,,,,lead,False,2018-08-16,2018年7月畜牧行业销售简报,https://static.cninfo.com.cn/finalpage/2018-08-16/1205289237.PDF
000735,罗 牛 山,2018-08,1,2.5,,,,,,0.332472,,,,,,,,lead,False,2018-09-15,2018年8月畜牧行业销售简报,https://static.cninfo.com.cn/finalpage/2018-09-15/1205436581.PDF
000735,罗 牛 山,2018-09,1,2.41,,,,,,0.389364,,,,,,,,lead,False,2018-10-13,2018年9月畜牧行业销售简报,https://static.cninfo.com.cn/finalpage/2018-10-13/1205501891.PDF
000735,罗 牛 山,2018-10,1,2.4,,,,,,0.378506,,,,,,,,lead,False,2018-11-16,2018年10月畜牧行业销售简报,https://static.cninfo.com.cn/finalpage/2018-11-16/1205605800.PDF
000735,罗 牛 山,2018-11,1,1.82,,,,,,0.289022,,,,,,,,lead,False,2018-12-14,2018年11月畜牧行业销售简报,https://static.cninfo.com.cn/finalpage/2018-12-14/1205668852.PDF
000735,罗 牛 山,2018-12,1,1.92,,,,,,0.32051799999999997,,,,,,,,lead,False,2019-01-17,2018年12月畜牧行业销售简报,https://static.cninfo.com.cn/finalpage/2019-01-17/1205776704.PDF
000735,罗 牛 山,2019-01,1,2.41,,,,,,0.320833,,,,,,,,lead,False,2019-02-23,2019年1月畜牧行业销售简报,https://static.cninfo.com.cn/finalpage/2019-02-23/1205847446.PDF
000735,罗 牛 山,2019-02,1,1.38,,,,,,0.163666,,,,,,,,lead,False,2019-03-15,2019年2月畜牧行业销售简报,https://static.cninfo.com.cn/finalpage/2019-03-15/1205899184.PDF
000735,罗 牛 山,2019-03,1,3.81,,,,,,0.513965,,,,,,,,lead,False,2019-04-13,2019年3月畜牧行业销售简报,https://static.cninfo.com.cn/finalpage/2019-04-13/1206016065.PDF
000735,罗 牛 山,2019-04,1,1.52,,,,,,0.167299,,,,,,,,lead,False,2019-05-18,2019年4月畜牧行业销售简报,https://static.cninfo.com.cn/finalpage/2019-05-18/1206282369.PDF
000735,罗 牛 山,2019-05,1,1.28,,,,,,0.20313299999999998,,,,,,,,lead,False,2019-06-22,2019年5月畜牧行业销售简报,https://static.cninfo.com.cn/finalpage/2019-06-22/1206378620.PDF
000735,罗 牛 山,2019-06,1,1.72,,,,,,0.25085799999999997,,,,,,,,lead,False,2019-07-13,2019年6月畜牧行业销售简报,https://static.cninfo.com.cn/finalpage/2019-07-13/1206444871.PDF
000735,罗 牛 山,2019-07,1,1.21,,,,,,0.27679000000000004,,,,,,,,lead,False,2019-08-17,2019年7月畜牧行业销售简报,https://static.cninfo.com.cn/finalpage/2019-08-17/1206540776.PDF
000735,罗 牛 山,2019-08,1,1.38,,,,,,0.282423,,,,,,,,lead,False,2019-09-21,2019年8月畜牧行业销售简报,https://static.cninfo.com.cn/finalpage/2019-09-21/1206939871.PDF
000735,罗 牛 山,2019-09,1,1.41,,,,,,0.28734499999999996,,,,,,,,lead,False,2019-10-19,2019年9月畜牧行业销售简报,https://static.cninfo.com.cn/finalpage/2019-10-19/1206994197.PDF
000735,罗 牛 山,2019-10,1,1.32,,,,,,0.41088500000000006,,,,,,,,lead,False,2019-11-23,2019年10月畜牧行业销售简报,https://static.cninfo.com.cn/finalpage/2019-11-23/1207109456.PDF
000735,罗 牛 山,2019-11,1,0.94,,,,,,0.46171899999999994,,,,,,,,lead,False,2019-12-14,2019年11月畜牧行业销售简报,https://static.cninfo.com.cn/finalpage/2019-12-14/1207164782.PDF
000735,罗 牛 山,2019-12,1,1.13,,,,,,0.589395,,,,,,,,lead,False,2020-01-18,2019年12月畜牧行业销售简报,https://static.cninfo.com.cn/finalpage/2020-01-18/1207263676.PDF
000735,罗 牛 山,2020-01,1,0.37,,,,,,0.163673,,,,,,,,lead,False,2020-02-15,2020年1月畜牧行业销售简报,https://static.cninfo.com.cn/finalpage/2020-02-15/1207307714.PDF
000735,罗 牛 山,2020-02,1,0.63,,,,,,0.390148,,,,,,,,lead,False,2020-03-14,2020年2月畜牧行业销售简报,https://static.cninfo.com.cn/finalpage/2020-03-14/1207372497.PDF
000735,罗 牛 山,2020-03,1,0.61,,,,,,0.33202600000000004,,,,,,,,lead,False,2020-04-15,2020年3月畜牧行业销售简报,https://static.cninfo.com.cn/finalpage/2020-04-15/1207500532.PDF
000735,罗 牛 山,2020-04,1,0.77,,,,,,0.378304,,,,,,,,lead,False,2020-05-16,2020年4月畜牧行业销售简报,https://static.cninfo.com.cn/finalpage/2020-05-16/1207817213.PDF
000735,罗 牛 山,2020-05,1,1.0,,,,,,0.422072,,,,,,,,lead,False,2020-06-13,2020年5月畜牧行业销售简报,https://static.cninfo.com.cn/finalpage/2020-06-13/1207922548.PDF
000735,罗 牛 山,2020-06,1,2.09,,,,,,0.870273,,,,,,,,lead,False,2020-07-11,2020年6月畜牧行业销售简报,https://static.cninfo.com.cn/finalpage/2020-07-11/1208023233.PDF
000735,罗 牛 山,2020-07,1,1.62,,,,,,0.659985,,,,,,,,lead,False,2020-08-15,2020年7月畜牧行业销售简报,https://static.cninfo.com.cn/finalpage/2020-08-15/1208178290.PDF
000735,罗 牛 山,2020-08,1,2.02,,,,,,0.854452,,,,,,,,lead,False,2020-09-15,2020年8月畜牧行业销售简报,https://static.cninfo.com.cn/finalpage/2020-09-15/1208436422.PDF
000735,罗 牛 山,2020-09,1,1.42,,,,,,0.607017,,,,,,,,lead,False,2020-10-13,2020年9月畜牧行业销售简报,https://static.cninfo.com.cn/finalpage/2020-10-13/1208537343.PDF
000735,罗 牛 山,2020-10,1,2.01,,,,,,0.6631130000000001,,,,,,,,lead,False,2020-11-07,2020年10月畜牧行业销售简报,https://static.cninfo.com.cn/finalpage/2020-11-07/1208708576.PDF
000735,罗 牛 山,2020-11,1,1.21,,,,,,0.44746199999999997,,,,,,,,lead,False,2020-12-09,2020年11月畜牧行业销售简报,https://static.cninfo.com.cn/finalpage/2020-12-09/1208870299.PDF
000735,罗 牛 山,2020-12,1,1.65,,,,,,0.502368,,,,,,,,lead,False,2021-01-09,2020年12月畜牧行业销售简报,https://static.cninfo.com.cn/finalpage/2021-01-09/1209077291.PDF
000735,罗 牛 山,2021-01,1,2.69,,,,,,0.837195,,,,,,,,lead,False,2021-02-10,2021年1月畜牧行业销售简报,https://static.cninfo.com.cn/finalpage/2021-02-10/1209264572.PDF
000735,罗 牛 山,2021-02,1,2.38,,,,,,0.800508,,,,,,,,lead,False,2021-03-12,2021年2月畜牧行业销售简报,https://static.cninfo.com.cn/finalpage/2021-03-12/1209370628.PDF
000735,罗 牛 山,2021-03,1,2.86,,,,,,0.9571120000000001,,,,,,,,lead,False,2021-04-10,2021年3月畜牧行业销售简报,https://static.cninfo.com.cn/finalpage/2021-04-10/1209666391.PDF
000735,罗 牛 山,2021-04,1,3.01,,,,,,0.815131,,,,,,,,lead,False,2021-05-11,2021年4月畜牧行业销售简报,https://static.cninfo.com.cn/finalpage/2021-05-11/1209950108.PDF
000735,罗 牛 山,2021-05,1,3.37,,,,,,0.858792,,,,,,,,lead,False,2021-06-15,2021年5月畜牧行业销售简报,https://static.cninfo.com.cn/finalpage/2021-06-15/1210223517.PDF
000735,罗 牛 山,2021-06,1,3.45,,,,,,0.505153,,,,,,,,lead,False,2021-07-10,2021年6月畜牧行业销售简报,https://static.cninfo.com.cn/finalpage/2021-07-10/1210454333.PDF
000735,罗 牛 山,2021-07,1,2.62,,,,,,0.507586,,,,,,,,lead,False,2021-08-12,2021年7月畜牧行业销售简报,https://static.cninfo.com.cn/finalpage/2021-08-12/1210725580.PDF
000735,罗 牛 山,2021-08,1,2.89,,,,,,0.57053,,,,,,,,lead,False,2021-09-14,2021年8月畜牧行业销售简报,https://static.cninfo.com.cn/finalpage/2021-09-14/1211045938.PDF
000735,罗 牛 山,2021-09,1,3.83,,,,,,0.48406800000000005,,,,,,,,lead,False,2021-10-15,2021年9月畜牧行业销售简报,https://static.cninfo.com.cn/finalpage/2021-10-15/1211271221.PDF
000735,罗 牛 山,2021-10,1,4.26,,,,,,0.5363939999999999,,,,,,,,lead,False,2021-11-13,2021年10月畜牧行业销售简报,https://static.cninfo.com.cn/finalpage/2021-11-13/1211573251.PDF
000735,罗 牛 山,2021-11,1,4.23,,,,,,0.6563869999999999,,,,,,,,lead,False,2021-12-15,2021年11月畜牧行业销售简报,https://static.cninfo.com.cn/finalpage/2021-12-15/1211905206.PDF
000735,罗 牛 山,2021-12,1,3.81,,,,,,0.759242,,,,,,,,lead,False,2022-01-15,2021年12月畜牧行业销售简报,https://static.cninfo.com.cn/finalpage/2022-01-15/1212190940.PDF
000735,罗 牛 山,2022-01,1,4.51,,,,,,1.184564,,,,,,,,lead,False,2022-02-19,2022年1月畜牧行业销售简报,https://static.cninfo.com.cn/finalpage/2022-02-19/1212401912.PDF
000735,罗 牛 山,2022-02,1,2.43,,,,,,0.616007,,,,,,,,lead,False,2022-03-12,2022年2月畜牧行业销售简报,https://static.cninfo.com.cn/finalpage/2022-03-12/1212549592.PDF
000735,罗 牛 山,2022-03,1,3.44,,,,,,0.8566,,,,,,,,lead,False,2022-04-15,2022年3月畜牧行业销售简报,https://static.cninfo.com.cn/finalpage/2022-04-15/1212920503.PDF
000735,罗 牛 山,2022-04,1,5.09,,,,,,1.295982,,,,,,,,lead,False,2022-05-11,2022年4月畜牧行业销售简报,https://static.cninfo.com.cn/finalpage/2022-05-11/1213308430.PDF
000735,罗 牛 山,2022-05,1,3.9,,,,,,0.907543,,,,,,,,lead,False,2022-06-11,2022年5月畜牧行业销售简报,https://static.cninfo.com.cn/finalpage/2022-06-11/1213674935.PDF
000735,罗 牛 山,2022-06,1,4.33,,,,,,0.990656,,,,,,,,lead,False,2022-07-13,2022年6月畜牧行业销售简报,https://static.cninfo.com.cn/finalpage/2022-07-13/1214013253.PDF
000735,罗 牛 山,2022-07,1,4.53,,,,,,1.375507,,,,,,,,lead,False,2022-08-13,2022年7月畜牧行业销售简报,https://static.cninfo.com.cn/finalpage/2022-08-13/1214289440.PDF
000735,罗 牛 山,2022-08,1,3.86,,,,,,1.213395,,,,,,,,lead,False,2022-09-10,2022年8月畜牧行业销售简报,https://static.cninfo.com.cn/finalpage/2022-09-10/1214577076.PDF
000735,罗 牛 山,2022-09,1,4.49,,,,,,1.398327,,,,,,,,lead,False,2022-10-14,2022年9月畜牧行业销售简报,https://static.cninfo.com.cn/finalpage/2022-10-14/1214773217.PDF
000735,罗 牛 山,2022-10,1,3.88,,,,,,1.193864,,,,,,,,lead,False,2022-11-15,2022年10月畜牧行业销售简报,https://static.cninfo.com.cn/finalpage/2022-11-15/1215108415.PDF
000735,罗 牛 山,2022-11,1,4.2,,,,,,1.2014049999999998,,,,,,,,lead,False,2022-12-10,2022年11月畜牧行业销售简报,https://static.cninfo.com.cn/finalpage/2022-12-10/1215317450.PDF
000735,罗 牛 山,2022-12,1,5.38,,,,,,1.327141,,,,,,,,lead,False,2023-01-13,2022年12月畜牧行业销售简报,https://static.cninfo.com.cn/finalpage/2023-01-13/1215591420.PDF
000735,罗 牛 山,2023-01,1,4.12,,,,,,0.864081,,,,,,,,lead,False,2023-02-07,2023年1月畜牧行业销售简报,https://static.cninfo.com.cn/finalpage/2023-02-07/1215778877.PDF
000735,罗 牛 山,2023-02,1,5.66,,,,,,1.052414,,,,,,,,lead,False,2023-03-21,2023年2月畜牧行业销售简报,https://static.cninfo.com.cn/finalpage/2023-03-21/1216167696.PDF
000735,罗 牛 山,2023-03,1,6.96,,,,,,1.270504,,,,,,,,lead,False,2023-04-12,2023年3月畜牧行业销售简报,https://static.cninfo.com.cn/finalpage/2023-04-12/1216378700.PDF
000735,罗 牛 山,2023-04,1,7.25,,,,,,1.245434,,,,,,,,lead,False,2023-05-09,2023年4月畜牧行业销售简报,https://static.cninfo.com.cn/finalpage/2023-05-09/1216765983.PDF
000735,罗 牛 山,2023-05,1,7.43,,,,,,1.124228,,,,,,,,lead,False,2023-06-07,2023年5月畜牧行业销售简报,https://static.cninfo.com.cn/finalpage/2023-06-07/1217000696.PDF
000735,罗 牛 山,2023-06,1,6.39,,,,,,1.014523,,,,,,,,lead,False,2023-07-11,2023年6月畜牧行业销售简报,https://static.cninfo.com.cn/finalpage/2023-07-11/1217264108.PDF
000735,罗 牛 山,2023-07,1,6.4,,,,,,1.006046,,,,,,,,lead,False,2023-08-11,2023年7月畜牧行业销售简报 2023-050,https://static.cninfo.com.cn/finalpage/2023-08-11/1217511153.PDF
000735,罗 牛 山,2023-08,1,6.28,,,,,,1.15155,,,,,,,,lead,False,2023-09-09,2023年8月畜牧行业销售简报,https://static.cninfo.com.cn/finalpage/2023-09-09/1217814409.PDF
000735,罗 牛 山,2023-09,1,5.76,,,,,,1.037614,,,,,,,,lead,False,2023-10-13,2023年9月畜牧行业销售简报,https://static.cninfo.com.cn/finalpage/2023-10-13/1218021693.PDF
000735,罗 牛 山,2023-10,1,6.55,,,,,,1.08823,,,,,,,,lead,False,2023-11-18,2023年10月畜牧行业销售简报,https://static.cninfo.com.cn/finalpage/2023-11-18/1218369331.PDF
000735,罗 牛 山,2023-11,1,7.94,,,,,,1.398627,,,,,,,,lead,False,2023-12-09,2023年11月畜牧行业销售简报,https://static.cninfo.com.cn/finalpage/2023-12-09/1218563097.PDF
000735,罗 牛 山,2023-12,1,7.18,,,,,,1.113225,,,,,,,,lead,False,2024-01-10,2023年12月畜牧行业销售简报,https://static.cninfo.com.cn/finalpage/2024-01-10/1218836325.PDF
000735,罗 牛 山,2024-01,1,7.77,,,,,,1.1633360000000001,,,,,,,,lead,False,2024-02-20,2024年1月畜牧行业销售简报,https://static.cninfo.com.cn/finalpage/2024-02-20/1219140480.PDF
000735,罗 牛 山,2024-02,1,3.99,,,,,,0.687551,,,,,,,,lead,False,2024-03-12,2024年2月畜牧行业销售简报,https://static.cninfo.com.cn/finalpage/2024-03-12/1219286553.PDF
000735,罗 牛 山,2024-03,1,7.42,,,,,,1.197565,,,,,,,,lead,False,2024-04-12,2024年3月畜牧行业销售简报,https://static.cninfo.com.cn/finalpage/2024-04-12/1219579499.PDF
000735,罗 牛 山,2024-04,1,6.81,,,,,,1.108292,,,,,,,,lead,False,2024-05-11,2024年4月畜牧行业销售简报,https://static.cninfo.com.cn/finalpage/2024-05-11/1220033262.PDF
000735,罗 牛 山,2024-05,1,6.45,,,,,,1.134364,,,,,,,,lead,False,2024-06-12,2024年5月畜牧行业销售简报,https://static.cninfo.com.cn/finalpage/2024-06-12/1220322532.PDF
000735,罗 牛 山,2024-06,1,5.43,,,,,,1.067843,,,,,,,,lead,False,2024-07-11,2024年6月畜牧行业销售简报,https://static.cninfo.com.cn/finalpage/2024-07-11/1220600783.PDF
000735,罗 牛 山,2024-07,1,5.63,,,,,,1.237191,,,,,,,,lead,False,2024-08-09,2024年7月畜牧行业销售简报,https://static.cninfo.com.cn/finalpage/2024-08-09/1220822444.PDF
000735,罗 牛 山,2024-08,1,4.77,,,,,,1.199396,,,,,,,,lead,False,2024-09-13,2024年8月畜牧行业销售简报,https://static.cninfo.com.cn/finalpage/2024-09-13/1221218815.PDF
000735,罗 牛 山,2024-09,1,4.94,,,,,,1.0151860000000001,,,,,,,,lead,False,2024-10-11,2024年9月畜牧行业销售简报,https://static.cninfo.com.cn/finalpage/2024-10-11/1221360305.PDF
000735,罗 牛 山,2024-10,1,4.53,,,,,,0.9295629999999999,,,,,,,,lead,False,2024-11-09,2024年10月畜牧行业销售简报,https://static.cninfo.com.cn/finalpage/2024-11-09/1221660171.PDF
000735,罗 牛 山,2024-11,1,4.72,,,,,,0.980661,,,,,,,,lead,False,2024-12-10,2024年11月畜牧行业销售简报,https://static.cninfo.com.cn/finalpage/2024-12-10/1221965002.PDF
000735,罗 牛 山,2024-12,1,6.62,,,,,,1.338207,,,,,,,,lead,False,2025-01-10,2024年12月畜牧行业销售简报,https://static.cninfo.com.cn/finalpage/2025-01-10/1222285170.PDF
000735,罗 牛 山,2025-01,1,3.92,,,,,,0.8251120000000001,,,,,,,,lead,False,2025-02-13,2025年1月畜牧行业销售简报,https://static.cninfo.com.cn/finalpage/2025-02-13/1222523239.PDF
000735,罗 牛 山,2025-02,1,4.91,,,,,,1.006996,,,,,,,,lead,False,2025-03-08,2025年2月畜牧行业销售简报,https://static.cninfo.com.cn/finalpage/2025-03-08/1222741964.PDF
000735,罗 牛 山,2025-03,1,5.45,,,,,,1.090166,,,,,,,,lead,False,2025-04-09,2025年3月畜牧行业销售简报,https://static.cninfo.com.cn/finalpage/2025-04-09/1223030082.PDF
000735,罗 牛 山,2025-04,1,6.52,,,,,,1.249274,,,,,,,,lead,False,2025-05-10,2025年4月畜牧行业销售简报,https://static.cninfo.com.cn/finalpage/2025-05-10/1223509736.PDF
000735,罗 牛 山,2025-05,1,5.84,,,,,,1.004469,,,,,,,,lead,False,2025-06-12,2025年5月畜牧行业销售简报,https://static.cninfo.com.cn/finalpage/2025-06-12/1223846612.PDF
000735,罗 牛 山,2025-06,1,5.1,,,,,,0.881483,,,,,,,,lead,False,2025-07-12,2025年6月畜牧行业销售简报,https://static.cninfo.com.cn/finalpage/2025-07-12/1224143231.PDF
000735,罗 牛 山,2025-07,1,5.62,,,,,,0.975029,,,,,,,,lead,False,2025-08-13,2025年7月畜牧行业销售简报,https://static.cninfo.com.cn/finalpage/2025-08-13/1224461626.PDF
000735,罗 牛 山,2025-08,1,5.36,,,,,,0.9559030000000001,,,,,,,,lead,False,2025-09-11,2025年8月畜牧行业销售简报,https://static.cninfo.com.cn/finalpage/2025-09-11/1224648973.PDF
000735,罗 牛 山,2025-09,1,6.28,,,,,,1.18244,,,,,,,,lead,False,2025-10-14,2025年9月畜牧行业销售简报,https://static.cninfo.com.cn/finalpage/2025-10-14/1224707524.PDF
000735,罗 牛 山,2025-10,1,7.15,,,,,,1.1587319999999999,,,,,,,,lead,False,2025-11-11,2025年10月畜牧行业销售简报,https://static.cninfo.com.cn/finalpage/2025-11-11/1224794643.PDF
000735,罗 牛 山,2025-11,1,6.54,,,,,,1.113703,,,,,,,,lead,False,2025-12-10,2025年11月畜牧行业销售简报,https://static.cninfo.com.cn/finalpage/2025-12-10/1224860394.PDF
000735,罗 牛 山,2025-12,1,5.86,,,,,,0.9962409999999999,,,,,,,,lead,False,2026-01-09,2025年12月畜牧行业销售简报,https://static.cninfo.com.cn/finalpage/2026-01-09/1224925128.PDF
000735,罗 牛 山,2026-01,1,5.91,,,,,,1.031603,,,,,,,,lead,False,2026-02-10,2026年1月畜牧行业销售简报,https://static.cninfo.com.cn/finalpage/2026-02-10/1224972490.PDF
000735,罗 牛 山,2026-02,1,4.82,,,,,,0.8022060000000001,,,,,,,,lead,False,2026-03-10,2026年2月畜牧行业销售简报,https://static.cninfo.com.cn/finalpage/2026-03-10/1225000744.PDF
000735,罗 牛 山,2026-03,1,7.62,,,,,,1.02078,,,,,,,,lead,False,2026-04-11,2026年3月畜牧行业销售简报,https://static.cninfo.com.cn/finalpage/2026-04-11/1225092237.PDF
000735,罗 牛 山,2026-04,1,8.59,,,,,,0.9440719999999999,,,,,,,,lead,False,2026-05-12,2026年4月畜牧行业销售简报,https://static.cninfo.com.cn/finalpage/2026-05-12/1225292488.PDF
000735,罗 牛 山,2026-05,1,10.38,,,,,,1.0151370000000002,,,,,,,,lead,False,2026-06-10,2026年5月畜牧行业销售简报,https://static.cninfo.com.cn/finalpage/2026-06-10/1225359475.PDF
000735,罗 牛 山,2026-06,1,8.31,,,,,,0.782871,,,,,,,,lead,False,2026-07-11,2026年6月畜牧行业销售简报,https://static.cninfo.com.cn/finalpage/2026-07-11/1225418378.PDF
000735,罗 牛 山,2026-07,1,6.99,,,,,,0.894494,,,,,,,,lead,False,2026-08-11,2026年7月畜牧行业销售简报,https://static.cninfo.com.cn/finalpage/2026-08-11/1225465440.PDF
000735,罗 牛 山,2026-08,1,7.17,,,,,,0.937702,,,,,,,,lead,False,2026-09-11,2026年8月畜牧行业销售简报,https://static.cninfo.com.cn/finalpage/2026-09-11/1225556726.PDF
000876,新 希 望,2019-01,1,29.31,234.25,,19.2,1.93,,4.23,13.12,,,,,,,table,False,2020-02-08,2018年度及2019年1月生猪销售情况简报的自愿性信息披露公告,https://static.cninfo.com.cn/finalpage/2020-02-08/1207298148.PDF
000876,新 希 望,2019-02,1,17.63,,,,,,2.23,11.84,,,,,,,lead,False,2019-03-09,2019年2月生猪销售情况简报的自愿性信息披露公告,https://static.cninfo.com.cn/finalpage/2019-03-09/1205888316.PDF
000876,新 希 望,2019-03,1,21.32,,,,,,3.47,,,,,,,,lead,False,2019-04-10,2019年3月生猪销售情况简报的自愿性信息披露公告,https://static.cninfo.com.cn/finalpage/2019-04-10/1206001872.PDF
000876,新 希 望,2019-04,1,22.41,,,,,,4.01,,,,,,,,lead,False,2019-05-06,2019年4月生猪销售情况简报,https://static.cninfo.com.cn/finalpage/2019-05-06/1206232597.PDF
000876,新 希 望,2019-05,1,22.07,,,,,,3.83,,,,,,,,lead,False,2019-06-06,2019年5月生猪销售情况简报的自愿性信息披露公告,https://static.cninfo.com.cn/finalpage/2019-06-06/1206336222.PDF
000876,新 希 望,2019-06,1,21.61,,,,,,3.6,,,,,,,,lead,False,2019-07-06,2019年6月生猪销售情况简报的自愿性信息披露公告,https://static.cninfo.com.cn/finalpage/2019-07-06/1206429448.PDF
000876,新 希 望,2019-07,1,31.34,,,,,,4.98,,,,,,,,lead,False,2019-08-07,2019年7月生猪销售情况简报的自愿性信息披露公告,https://static.cninfo.com.cn/finalpage/2019-08-07/1206501740.PDF
000876,新 希 望,2019-08,1,35.43,,,,,,6.82,20.37,,,,,,,lead,False,2019-09-07,2019年8月生猪销售情况简报的自愿性信息披露公告,https://static.cninfo.com.cn/finalpage/2019-09-07/1206906742.PDF
000876,新 希 望,2019-09,1,35.76,,,,,,9.15,26.75,,,,,,,lead,False,2019-10-10,2019年9月生猪销售情况简报的自愿性信息披露公告,https://static.cninfo.com.cn/finalpage/2019-10-10/1206969352.PDF
000876,新 希 望,2019-10,1,37.69,,,,,,13.42,33.98,,,,,,,lead,False,2019-11-08,2019年10月生猪销售情况简报的自愿性信息披露公告,https://static.cninfo.com.cn/finalpage/2019-11-08/1207073670.PDF
000876,新 希 望,2019-11,1,39.58,,,,,,14.48,31.84,,,,,,,lead,False,2019-12-06,2019年11月生猪销售情况简报,https://static.cninfo.com.cn/finalpage/2019-12-06/1207140794.PDF
000876,新 希 望,2019-12,1,40.84,,,,,,15.23,31.92,,,,,,,lead,False,2020-01-09,2019年12月生猪销售情况简报,https://static.cninfo.com.cn/finalpage/2020-01-09/1207235111.PDF
000876,新 希 望,2020-01,1,31.95,,,,,,11.02,31.77,,,,,,,lead,False,2020-02-08,2020年1月生猪销售情况简报,https://static.cninfo.com.cn/finalpage/2020-02-08/1207298148.PDF
000876,新 希 望,2020-02,1,23.34,,,,,,8.29,33.76,,,,,,,lead,False,2020-03-07,2020年2月生猪销售情况简报（更新后）,https://static.cninfo.com.cn/finalpage/2020-03-07/1207351588.PDF
000876,新 希 望,2020-03,1,27.07,,,,,,10.32,32.76,,,,,,,lead,False,2020-04-09,2020年3月生猪销售情况简报,https://static.cninfo.com.cn/finalpage/2020-04-09/1207467908.PDF
000876,新 希 望,2020-04,1,31.04,,,,,,11.59,32.88,,,,,,,lead,False,2020-05-07,2020年4月生猪销售情况简报,https://static.cninfo.com.cn/finalpage/2020-05-07/1207708719.PDF
000876,新 希 望,2020-05,1,49.31,,,,,,16.0,,,,,,,,lead,False,2020-06-09,2020年5月生猪销售情况简报,https://static.cninfo.com.cn/finalpage/2020-06-09/1207906171.PDF
000876,新 希 望,2020-06,1,49.58,,,,,,16.88,32.97,,,,,,,lead,False,2020-07-08,2020年6月生猪销售情况简报,https://static.cninfo.com.cn/finalpage/2020-07-08/1208012310.PDF
000876,新 希 望,2020-07,1,54.19,,,,,,18.64,36.34,,,,,,,lead,False,2020-08-07,2020年7月生猪销售情况简报,https://static.cninfo.com.cn/finalpage/2020-08-07/1208133771.PDF
000876,新 希 望,2020-08,1,67.86,,,,,,23.46,35.21,,,,,,,lead,False,2020-09-08,2020年8月生猪销售情况简报,https://static.cninfo.com.cn/finalpage/2020-09-08/1208405934.PDF
000876,新 希 望,2020-09,1,99.42,,,,,,33.3,33.14,,,,,,,lead,False,2020-10-10,2020年9月生猪销售情况简报,https://static.cninfo.com.cn/finalpage/2020-10-10/1208532314.PDF
000876,新 希 望,2020-10,1,91.15,,,,,,25.28,28.39,,,,,,,lead,False,2020-11-10,2020年10月生猪销售情况简报,https://static.cninfo.com.cn/finalpage/2020-11-10/1208713387.PDF
000876,新 希 望,2020-11,1,138.52,,,,,,36.18,28.19,,,,,,,lead,False,2020-12-08,2020年11月生猪销售情况简报,https://static.cninfo.com.cn/finalpage/2020-12-08/1208865150.PDF
000876,新 希 望,2020-12,1,165.82,,,,,,39.12,30.97,,,,,,,lead,False,2021-01-07,2020年12月生猪销售情况简报,https://static.cninfo.com.cn/finalpage/2021-01-07/1209058062.PDF
000876,新 希 望,2021-01,1,73.19,,,,,,25.07,30.52,,,,,,,lead,False,2021-02-10,2021年1月生猪销售情况简报,https://static.cninfo.com.cn/finalpage/2021-02-10/1209264663.PDF
000876,新 希 望,2021-02,1,69.78,,,,,,20.38,29.38,,,,,,,lead,False,2021-03-09,2021年2月生猪销售情况简报,https://static.cninfo.com.cn/finalpage/2021-03-09/1209353028.PDF
000876,新 希 望,2021-03,1,85.39,,,,,,21.81,23.5,,,,,,,lead,False,2021-04-08,2021年3月生猪销售情况简报,https://static.cninfo.com.cn/finalpage/2021-04-08/1209648644.PDF
000876,新 希 望,2021-04,1,83.79,,,,,,19.01,21.56,,,,,,,lead,False,2021-05-08,2021年4月生猪销售情况简报,https://static.cninfo.com.cn/finalpage/2021-05-08/1209938166.PDF
000876,新 希 望,2021-05,1,69.33,,,,,,13.96,18.46,,,,,,,lead,False,2021-06-08,2021年5月生猪销售情况简报,https://static.cninfo.com.cn/finalpage/2021-06-08/1210182950.PDF
000876,新 希 望,2021-06,1,64.63,,,,,,10.85,14.54,,,,,,,lead,False,2021-07-08,2021年6月生猪销售情况简报,https://static.cninfo.com.cn/finalpage/2021-07-08/1210437455.PDF
000876,新 希 望,2021-07,1,63.48,,,,,,11.24,15.48,,,,,,,lead,False,2021-08-09,2021年7月生猪销售情况简报,https://static.cninfo.com.cn/finalpage/2021-08-09/1210686884.PDF
000876,新 希 望,2021-08,1,77.97,,,,,,12.57,14.46,,,,,,,lead,False,2021-09-08,2021年8月生猪销售情况简报,https://static.cninfo.com.cn/finalpage/2021-09-08/1210982622.PDF
000876,新 希 望,2021-09,1,93.57,,,,,,12.0,12.7,,,,,,,lead,False,2021-10-09,2021年9月生猪销售情况简报,https://static.cninfo.com.cn/finalpage/2021-10-09/1211218469.PDF
000876,新 希 望,2021-10,1,119.09,,,,,,13.32,11.34,,,,,,,lead,False,2021-11-10,2021年10月生猪销售情况简报,https://static.cninfo.com.cn/finalpage/2021-11-10/1211539727.PDF
000876,新 希 望,2021-11,1,90.43,,,,,,15.34,15.46,,,,,,,lead,False,2021-12-08,2021年11月生猪销售情况简报,https://static.cninfo.com.cn/finalpage/2021-12-08/1211836035.PDF
000876,新 希 望,2021-12,1,107.16,,,,,,15.34,14.66,,,,,,,lead,False,2022-01-11,2021年12月生猪销售情况简报,https://static.cninfo.com.cn/finalpage/2022-01-11/1212135024.PDF
000876,新 希 望,2022-01,1,129.26,,,,,,16.38,13.06,,,,,,,lead,False,2022-02-15,2022年1月生猪销售情况简报,https://static.cninfo.com.cn/finalpage/2022-02-15/1212362476.PDF
000876,新 希 望,2022-02,1,97.73,,,,,,11.03,11.39,,,,,,,lead,False,2022-03-09,2022年2月生猪销售情况简报,https://static.cninfo.com.cn/finalpage/2022-03-09/1212528675.PDF
000876,新 希 望,2022-03,1,142.69,,,,,,16.94,11.64,,,,,,,lead,False,2022-04-08,2022年3月生猪销售情况简报,https://static.cninfo.com.cn/finalpage/2022-04-08/1212838437.PDF
000876,新 希 望,2022-04,1,112.66,,,,,,16.04,12.69,,,,,,,lead,False,2022-05-07,2022年4月生猪销售情况简报,https://static.cninfo.com.cn/finalpage/2022-05-07/1213289474.PDF
000876,新 希 望,2022-05,1,104.56,,,,,,17.66,14.81,,,,,,,lead,False,2022-06-08,2022年5月生猪销售情况简报,https://static.cninfo.com.cn/finalpage/2022-06-08/1213632319.PDF
000876,新 希 望,2022-06,1,97.92,,,,,,17.65,15.97,,,,,,,lead,False,2022-07-08,2022年6月生猪销售情况简报,https://static.cninfo.com.cn/finalpage/2022-07-08/1213984528.PDF
000876,新 希 望,2022-07,1,94.23,,,,,,21.67,21.09,,,,,,,lead,False,2022-08-10,2022年7月生猪销售情况简报,https://static.cninfo.com.cn/finalpage/2022-08-10/1214264747.PDF
000876,新 希 望,2022-08,1,94.28,,,,,,21.93,20.96,,,,,,,lead,False,2022-09-07,2022年8月生猪销售情况简报,https://static.cninfo.com.cn/finalpage/2022-09-07/1214548091.PDF
000876,新 希 望,2022-09,1,116.7,,,,,,30.23,22.96,,,,,,,lead,False,2022-10-10,2022年9月生猪销售情况简报,https://static.cninfo.com.cn/finalpage/2022-10-10/1214729312.PDF
000876,新 希 望,2022-10,1,145.55,,,,,,36.08,25.83,,,,,,,lead,False,2022-11-08,2022年10月生猪销售情况简报,https://static.cninfo.com.cn/finalpage/2022-11-08/1215044295.PDF
000876,新 希 望,2022-11,1,169.1,,,,,,33.54,22.3,,,,,,,lead,False,2022-12-09,2022年11月生猪销售情况简报,https://static.cninfo.com.cn/finalpage/2022-12-09/1215301911.PDF
000876,新 希 望,2022-12,1,156.69,,,,,,28.76,18.76,,,,,,,lead,False,2023-01-07,2022年12月生猪销售情况简报,https://static.cninfo.com.cn/finalpage/2023-01-07/1215539604.PDF
000876,新 希 望,2023-01,1,129.11,,,,,,20.51,14.89,,,,,,,lead,False,2023-02-09,2023年01月生猪销售情况简报,https://static.cninfo.com.cn/finalpage/2023-02-09/1215803366.PDF
000876,新 希 望,2023-02,1,173.3,,,,,,25.41,14.32,,,,,,,lead,False,2023-03-16,2023年02月生猪销售情况简报,https://static.cninfo.com.cn/finalpage/2023-03-16/1216126275.PDF
000876,新 希 望,2023-03,1,169.1,,,,,,25.83,15.04,,,,,,,lead,False,2023-04-10,2023年03月生猪销售情况简报,https://static.cninfo.com.cn/finalpage/2023-04-10/1216366472.PDF
000876,新 希 望,2023-04,1,157.39,,,,,,23.62,14.2,,,,,,,lead,False,2023-05-09,2023年04月生猪销售情况简报,https://static.cninfo.com.cn/finalpage/2023-05-09/1216766470.PDF
000876,新 希 望,2023-05,1,144.28,,,,,,22.38,14.2,,,,,,,lead,False,2023-06-06,2023年05月生猪销售情况简报,https://static.cninfo.com.cn/finalpage/2023-06-06/1216993461.PDF
000876,新 希 望,2023-06,1,126.22,,,,,,19.54,14.23,,,,,,,lead,False,2023-07-08,2023年06月生猪销售情况简报,https://static.cninfo.com.cn/finalpage/2023-07-08/1217235657.PDF
000876,新 希 望,2023-07,1,138.06,,,,,,20.59,14.09,,,,,,,lead,False,2023-08-08,2023年07月生猪销售情况简报,https://static.cninfo.com.cn/finalpage/2023-08-08/1217477535.PDF
000876,新 希 望,2023-08,1,131.48,,,,,,22.57,16.63,,,,,,,lead,False,2023-09-07,2023年08月生猪销售情况简报,https://static.cninfo.com.cn/finalpage/2023-09-07/1217796044.PDF
000876,新 希 望,2023-09,1,137.21,,,,,,23.1,15.97,,,,,,,lead,False,2023-10-09,2023年09月生猪销售情况简报,https://static.cninfo.com.cn/finalpage/2023-10-09/1217996568.PDF
000876,新 希 望,2023-10,1,147.15,,,,,,23.41,14.91,,,,,,,lead,False,2023-11-07,2023年10月生猪销售情况简报,https://static.cninfo.com.cn/finalpage/2023-11-07/1218272546.PDF
000876,新 希 望,2023-11,1,167.59,,,,,,23.8,13.95,,,,,,,lead,False,2023-12-07,2023年11月生猪销售情况简报,https://static.cninfo.com.cn/finalpage/2023-12-07/1218536144.PDF
000876,新 希 望,2023-12,1,147.36,,,,,,18.3,13.06,,,,,,,lead,False,2024-01-09,2023年12月生猪销售情况简报,https://static.cninfo.com.cn/finalpage/2024-01-09/1218830532.PDF
000876,新 希 望,2024-01,1,172.48,,,,,,21.59,13.3,,,,,,,lead,False,2024-02-06,2024年1月生猪销售情况简报,https://static.cninfo.com.cn/finalpage/2024-02-06/1219096298.PDF
000876,新 希 望,2024-02,1,130.88,,,,,,18.36,13.86,,,,,,,lead,False,2024-03-06,2024年2月生猪销售情况简报,https://static.cninfo.com.cn/finalpage/2024-03-06/1219241640.PDF
000876,新 希 望,2024-03,1,152.55,,,,,,23.04,14.34,,,,,,,lead,False,2024-04-09,2024年3月生猪销售情况简报,https://static.cninfo.com.cn/finalpage/2024-04-09/1219536259.PDF
000876,新 希 望,2024-04,1,147.62,,,,,,23.37,15.13,,,,,,,lead,False,2024-05-08,2024年4月生猪销售情况简报,https://static.cninfo.com.cn/finalpage/2024-05-08/1219996924.PDF
000876,新 希 望,2024-05,1,136.68,,,,,,20.98,15.42,,,,,,,lead,False,2024-06-07,2024年5月生猪销售情况简报,https://static.cninfo.com.cn/finalpage/2024-06-07/1220287133.PDF
000876,新 希 望,2024-06,1,128.65,,,,,,23.14,18.07,,,,,,,lead,False,2024-07-06,2024年6月生猪销售情况简报,https://static.cninfo.com.cn/finalpage/2024-07-06/1220542544.PDF
000876,新 希 望,2024-07,1,126.2,,,,,,23.91,18.8,,,,,,,lead,False,2024-08-07,2024年7月生猪销售情况简报,https://static.cninfo.com.cn/finalpage/2024-08-07/1220806163.PDF
000876,新 希 望,2024-08,1,127.75,,,,,,24.86,20.13,,,,,,,lead,False,2024-09-10,2024年8月生猪销售情况简报,https://static.cninfo.com.cn/finalpage/2024-09-10/1221177679.PDF
000876,新 希 望,2024-09,1,119.24,,,,,,22.92,18.81,,,,,,,lead,False,2024-10-10,2024年9月生猪销售情况简报,https://static.cninfo.com.cn/finalpage/2024-10-10/1221356329.PDF
000876,新 希 望,2024-10,1,125.34,,,,,,20.81,17.37,,,,,,,lead,False,2024-11-07,2024年10月生猪销售情况简报,https://static.cninfo.com.cn/finalpage/2024-11-07/1221639784.PDF
000876,新 希 望,2024-11,1,125.96,,,,,,20.5,16.49,,,,,,,lead,False,2024-12-07,2024年11月生猪销售情况简报,https://static.cninfo.com.cn/finalpage/2024-12-07/1221956385.PDF
000876,新 希 望,2024-12,1,159.15,,,,,,24.1,15.51,,,,,,,lead,False,2025-01-08,2024年12月生猪销售情况简报,https://static.cninfo.com.cn/finalpage/2025-01-08/1222257098.PDF
000876,新 希 望,2025-01,1,149.87,,,,,,20.57,15.41,,,,,,,lead,False,2025-02-11,2025年1月生猪销售情况简报,https://static.cninfo.com.cn/finalpage/2025-02-11/1222501273.PDF
000876,新 希 望,2025-02,1,114.01,,,,,,16.47,14.64,,,,,,,lead,False,2025-03-08,2025年2月生猪销售情况简报,https://static.cninfo.com.cn/finalpage/2025-03-08/1222744666.PDF
000876,新 希 望,2025-03,1,155.07,,,,,,22.28,14.55,,,,,,,lead,False,2025-04-08,2025年3月生猪销售情况简报,https://static.cninfo.com.cn/finalpage/2025-04-08/1223020372.PDF
000876,新 希 望,2025-04,1,159.6,,,,,,22.78,14.7,,,,,,,lead,False,2025-05-07,2025年4月生猪销售情况简报,https://static.cninfo.com.cn/finalpage/2025-05-07/1223476089.PDF
000876,新 希 望,2025-05,1,133.39,,,,,,19.72,14.59,,,,,,,lead,False,2025-06-07,2025年5月生猪销售情况简报,https://static.cninfo.com.cn/finalpage/2025-06-07/1223804031.PDF
000876,新 希 望,2025-06,1,133.0,,,,,,18.71,14.18,,,,,,,lead,False,2025-07-08,2025年6月生猪销售情况简报,https://static.cninfo.com.cn/finalpage/2025-07-08/1224091755.PDF
000876,新 希 望,2025-07,1,130.25,,,,,,18.02,14.44,,,,,,,lead,False,2025-08-08,2025年7月生猪销售情况简报,https://static.cninfo.com.cn/finalpage/2025-08-08/1224425577.PDF
000876,新 希 望,2025-08,1,133.78,,,,,,17.22,13.54,,,,,,,lead,False,2025-09-06,2025年8月生猪销售情况简报,https://static.cninfo.com.cn/finalpage/2025-09-06/1224641371.PDF
000876,新 希 望,2025-09,1,139.42,,,,,,17.46,12.89,,,,,,,lead,False,2025-10-10,2025年9月生猪销售情况简报,https://static.cninfo.com.cn/finalpage/2025-10-10/1224703711.PDF
000876,新 希 望,2025-10,1,168.51,,,,,,19.18,11.28,,,,,,,lead,False,2025-11-07,2025年10月生猪销售情况简报,https://static.cninfo.com.cn/finalpage/2025-11-07/1224791217.PDF
000876,新 希 望,2025-11,1,156.75,,,,,,18.12,11.54,,,,,,,lead,False,2025-12-06,2025年11月生猪销售情况简报,https://static.cninfo.com.cn/finalpage/2025-12-06/1224854473.PDF
000876,新 希 望,2025-12,1,180.89,,,,,,21.51,11.28,,,,,,,lead,False,2026-01-07,2025年12月生猪销售情况简报,https://static.cninfo.com.cn/finalpage/2026-01-07/1224921098.PDF
000876,新 希 望,2026-01,1,112.18,112.18,,22.22,5.42,,16.28,12.48,,,,,,主句为商品猪；仔猪种猪另列,lead,False,2026-02-07,2026年1月销售情况简报,https://static.cninfo.com.cn/finalpage/2026-02-07/1224970074.PDF
000876,新 希 望,2026-02,1,98.22,98.22,,20.08,2.88,,13.27,11.45,,,,,,主句为商品猪；仔猪种猪另列,lead,False,2026-03-07,2026年2月销售情况简报,https://static.cninfo.com.cn/finalpage/2026-03-07/1224999289.PDF
000876,新 希 望,2026-03,1,130.47,130.47,,14.26,5.99,,15.47,9.74,,,,,,主句为商品猪；仔猪种猪另列,lead,False,2026-04-10,2026年3月销售情况简报,https://static.cninfo.com.cn/finalpage/2026-04-10/1225086931.PDF
000876,新 希 望,2026-04,1,120.99,120.99,,11.06,4.19,,13.12,9.15,,,,,,主句为商品猪；仔猪种猪另列,lead,False,2026-05-09,2026年4月销售情况简报,https://static.cninfo.com.cn/finalpage/2026-05-09/1225283956.PDF
000876,新 希 望,2026-05,1,123.34,123.34,,9.13,3.6,,13.86,9.48,,,,,,主句为商品猪；仔猪种猪另列,lead,False,2026-06-09,2026年5月销售情况简报,https://static.cninfo.com.cn/finalpage/2026-06-09/1225356481.PDF
000876,新 希 望,2026-06,1,125.44,125.44,,8.11,3.09,,13.84,9.35,,,,,,主句为商品猪；仔猪种猪另列,lead,False,2026-07-08,2026年6月销售情况简报,https://static.cninfo.com.cn/finalpage/2026-07-08/1225412726.PDF
000876,新 希 望,2026-07,1,122.56,122.56,,4.74,3.69,,15.05,10.42,,,,,,主句为商品猪；仔猪种猪另列,lead,False,2026-08-06,2026年7月销售情况简报,https://static.cninfo.com.cn/finalpage/2026-08-06/1225458878.PDF
000876,新 希 望,2026-08,1,120.61,120.61,,7.42,5.19,,15.05,10.46,,,,,,主句为商品猪；仔猪种猪另列,lead,False,2026-09-08,2026年8月销售情况简报,https://static.cninfo.com.cn/finalpage/2026-09-08/1225550881.PDF
001201,东瑞股份,2021-04,1,2.44,2.05,,0.31,0.01,,,34.38,,1.75,0.3,36.08,23.87,,lead,False,2021-05-10,2021年4月份生猪销售简报,https://static.cninfo.com.cn/finalpage/2021-05-10/1209944322.PDF
001201,东瑞股份,2021-05,1,2.48,1.78,,0.63,0.01,,,29.99,,1.58,0.2,31.34,19.29,,lead,False,2021-06-03,2021年5月份生猪销售简报,https://static.cninfo.com.cn/finalpage/2021-06-03/1210157589.PDF
001201,东瑞股份,2021-06,1,2.52,1.85,,0.62,,,,25.67,,1.6,0.25,27.32,14.85,,lead,False,2021-07-06,2021年6月份生猪销售简报,https://static.cninfo.com.cn/finalpage/2021-07-06/1210417909.PDF
001201,东瑞股份,2021-07,1,2.38,1.8,,0.49,,,,24.21,,1.63,0.17,25.12,15.45,,lead,False,2021-08-06,2021年7月份生猪销售简报,https://static.cninfo.com.cn/finalpage/2021-08-06/1210664791.PDF
001201,东瑞股份,2021-08,1,2.43,1.84,,0.5,0.01,,0.54,25.49,,,,,,,lead,False,2021-09-08,2021年8月份生猪销售简报,https://static.cninfo.com.cn/finalpage/2021-09-08/1210981556.PDF
001201,东瑞股份,2021-09,1,2.52,1.86,,0.52,0.02,,0.48,21.32,,,,,,,lead,False,2021-10-11,2021年9月份生猪销售简报,https://static.cninfo.com.cn/finalpage/2021-10-11/1211218177.PDF
001201,东瑞股份,2021-10,1,3.97,2.8,,1.05,0.02,,0.53,16.61,,,,,,,lead,False,2021-11-06,2021年10月份生猪销售简报,https://static.cninfo.com.cn/finalpage/2021-11-06/1211511006.PDF
001201,东瑞股份,2021-11,1,3.69,2.62,,0.91,0.04,,0.66,19.7,,,,,,,lead,False,2021-12-07,2021年11月份生猪销售简报,https://static.cninfo.com.cn/finalpage/2021-12-07/1211819945.PDF
001201,东瑞股份,2021-12,1,3.99,2.83,,0.96,0.06,,0.76,20.14,,,,,,,lead,False,2022-01-06,2021年12月份生猪销售简报,https://static.cninfo.com.cn/finalpage/2022-01-06/1212104237.PDF
001201,东瑞股份,2022-01,1,4.66,2.92,,1.56,0.05,,0.78,20.06,,,,,,,lead,False,2022-02-12,2022年1月份生猪销售简报,https://static.cninfo.com.cn/finalpage/2022-02-12/1212349969.PDF
001201,东瑞股份,2022-02,1,3.01,2.18,,0.71,0.01,,0.56,19.81,,,,,,,lead,False,2022-03-09,2022年2月份生猪销售简报,https://static.cninfo.com.cn/finalpage/2022-03-09/1212526293.PDF
001201,东瑞股份,2022-03,1,4.91,3.28,,1.42,0.1,,0.77,17.33,,,,,,,lead,False,2022-04-08,2022年3月份生猪销售简报,https://static.cninfo.com.cn/finalpage/2022-04-08/1212836417.PDF
001201,东瑞股份,2022-04,1,4.5,3.2,,1.14,0.05,,0.73,17.11,,,,,,,lead,False,2022-05-07,2022年4月份生猪销售简报,https://static.cninfo.com.cn/finalpage/2022-05-07/1213287921.PDF
001201,东瑞股份,2022-05,1,3.89,2.96,,0.78,0.07,,0.77,19.9,,,,,,,lead,False,2022-06-08,2022年5月份生猪销售简报,https://static.cninfo.com.cn/finalpage/2022-06-08/1213629622.PDF
001201,东瑞股份,2022-06,1,3.31,2.59,,0.6,0.02,,0.68,20.6,,,,,,,lead,False,2022-07-06,2022年6月份生猪销售简报,https://static.cninfo.com.cn/finalpage/2022-07-06/1213956215.PDF
001201,东瑞股份,2022-07,1,4.21,3.0,,1.05,0.03,,1.08,27.71,,,,,,,lead,False,2022-08-06,2022年7月份生猪销售简报,https://static.cninfo.com.cn/finalpage/2022-08-06/1214230450.PDF
001201,东瑞股份,2022-08,1,3.53,2.8,,0.65,,,1.02,29.73,,,,,,,lead,False,2022-09-07,2022年8月份生猪销售简报,https://static.cninfo.com.cn/finalpage/2022-09-07/1214546505.PDF
001201,东瑞股份,2022-09,1,4.38,3.25,,1.03,0.03,,1.21,29.56,,,,,,,lead,False,2022-10-10,2022年9月份生猪销售简报,https://static.cninfo.com.cn/finalpage/2022-10-10/1214732420.PDF
001201,东瑞股份,2022-10,1,5.33,3.58,,1.63,,,1.39,29.43,,,,,,,lead,False,2022-11-05,2022年10月份生猪销售简报,https://static.cninfo.com.cn/finalpage/2022-11-05/1215033620.PDF
001201,东瑞股份,2022-11,1,5.51,4.06,,1.29,,,1.48,27.21,,,,,,,lead,False,2022-12-07,2022年11月份生猪销售简报,https://static.cninfo.com.cn/finalpage/2022-12-07/1215286960.PDF
001201,东瑞股份,2022-12,1,4.78,3.39,,1.14,0.05,,1.14,24.47,,,,,,,lead,False,2023-01-06,2022年12月份生猪销售简报,https://static.cninfo.com.cn/finalpage/2023-01-06/1215533021.PDF
001201,东瑞股份,2023-01,1,5.32,3.69,,1.52,,,0.91,18.67,,,,,,,lead,False,2023-02-07,2023年1月份生猪销售简报,https://static.cninfo.com.cn/finalpage/2023-02-07/1215778863.PDF
001201,东瑞股份,2023-02,1,7.4,4.7,,1.77,,,1.08,15.82,,,,,,,lead,False,2023-03-18,2023年2月份生猪销售简报,https://static.cninfo.com.cn/finalpage/2023-03-18/1216146812.PDF
001201,东瑞股份,2023-03,1,8.27,,,,,,1.1,16.12,,,,,,,lead,False,2023-04-08,2023年3月份生猪销售简报,https://static.cninfo.com.cn/finalpage/2023-04-08/1216356965.PDF
001201,东瑞股份,2023-04,1,6.49,,,,,,0.82,15.49,,,,,,,lead,False,2023-05-08,2023年4月份生猪销售简报,https://static.cninfo.com.cn/finalpage/2023-05-08/1216760834.PDF
001201,东瑞股份,2023-05,1,5.43,,,,,,0.77,16.43,,,,,,,lead,False,2023-06-07,2023年5月份生猪销售简报,https://static.cninfo.com.cn/finalpage/2023-06-07/1217002281.PDF
001201,东瑞股份,2023-06,1,3.73,,,,,,0.6,17.67,,,,,,,lead,False,2023-07-08,2023年6月份生猪销售简报,https://static.cninfo.com.cn/finalpage/2023-07-08/1217237816.PDF
001201,东瑞股份,2023-07,1,4.37,,,,,,0.68,17.45,,,,,,,lead,False,2023-08-08,2023年7月份生猪销售简报,https://static.cninfo.com.cn/finalpage/2023-08-08/1217477866.PDF
001201,东瑞股份,2023-08,1,4.76,,,,,,0.86,19.71,,,,,,,lead,False,2023-09-08,2023年8月份生猪销售简报,https://static.cninfo.com.cn/finalpage/2023-09-08/1217803038.PDF
001201,东瑞股份,2023-09,1,4.66,,,,,,0.86,18.23,,,,,,,lead,False,2023-10-10,2023年9月份生猪销售简报,https://static.cninfo.com.cn/finalpage/2023-10-10/1217997892.PDF
001201,东瑞股份,2023-10,1,4.29,,,,,,0.82,17.85,,,,,,,lead,False,2023-11-07,2023年10月份生猪销售简报,https://static.cninfo.com.cn/finalpage/2023-11-07/1218270426.PDF
001201,东瑞股份,2023-11,1,4.29,,,,,,0.73,16.66,,,,,,,lead,False,2023-12-09,2023年11月份生猪销售简报,https://static.cninfo.com.cn/finalpage/2023-12-09/1218561667.PDF
001201,东瑞股份,2023-12,1,3.45,,,,,,0.6,16.18,,,,,,,lead,False,2024-01-09,2023年12月份生猪销售简报,https://static.cninfo.com.cn/finalpage/2024-01-09/1218829695.PDF
001201,东瑞股份,2024-01,1,5.78,,,,,,0.86,15.36,,,,,,,lead,False,2024-02-08,2024年1月份生猪销售简报,https://static.cninfo.com.cn/finalpage/2024-02-08/1219121356.PDF
001201,东瑞股份,2024-02,1,4.58,,,,,,0.79,16.03,,,,,,,lead,False,2024-03-07,2024年2月份生猪销售简报,https://static.cninfo.com.cn/finalpage/2024-03-07/1219251369.PDF
001201,东瑞股份,2024-03,1,6.28,,,,,,1.05,16.04,,,,,,,lead,False,2024-04-08,2024年3月份生猪销售简报,https://static.cninfo.com.cn/finalpage/2024-04-08/1219528781.PDF
001201,东瑞股份,2024-04,1,5.41,,,,,,1.02,16.78,,,,,,,lead,False,2024-05-08,2024年4月份生猪销售简报,https://static.cninfo.com.cn/finalpage/2024-05-08/1219997742.PDF
001201,东瑞股份,2024-05,1,6.99,,,,,,1.25,16.9,,,,,,,lead,False,2024-06-06,2024年5月份生猪销售简报,https://static.cninfo.com.cn/finalpage/2024-06-06/1220271985.PDF
001201,东瑞股份,2024-06,1,6.35,,,,,,1.23,20.05,,,,,,,lead,False,2024-07-06,2024年6月份生猪销售简报,https://static.cninfo.com.cn/finalpage/2024-07-06/1220540212.PDF
001201,东瑞股份,2024-07,1,6.59,,,,,,1.26,20.37,,,,,,,lead,False,2024-08-08,2024年7月份生猪销售简报,https://static.cninfo.com.cn/finalpage/2024-08-08/1220814882.PDF
001201,东瑞股份,2024-08,1,7.83,,,,,,1.49,21.72,,,,,,,lead,False,2024-09-07,2024年8月份生猪销售简报,https://static.cninfo.com.cn/finalpage/2024-09-07/1221158628.PDF
001201,东瑞股份,2024-09,1,8.37,,,,,,1.36,20.18,,,,,,,lead,False,2024-10-09,2024年9月份生猪销售简报,https://static.cninfo.com.cn/finalpage/2024-10-09/1221342337.PDF
001201,东瑞股份,2024-10,1,9.8,,,,,,1.3,19.21,,,,,,,lead,False,2024-11-07,2024年10月份生猪销售简报,https://static.cninfo.com.cn/finalpage/2024-11-07/1221639907.PDF
001201,东瑞股份,2024-11,1,8.18,,,,,,1.25,18.34,,,,,,,lead,False,2024-12-07,2024年11月份生猪销售简报,https://static.cninfo.com.cn/finalpage/2024-12-07/1221955170.PDF
001201,东瑞股份,2024-12,1,11.29,,,,,,1.6,17.29,,,,,,,lead,False,2025-01-08,2024年12月份生猪销售简报,https://static.cninfo.com.cn/finalpage/2025-01-08/1222257037.PDF
001201,东瑞股份,2025-01,1,9.13,,,,,,1.39,16.53,,,,,,,lead,False,2025-02-11,2025年1月份生猪销售简报,https://static.cninfo.com.cn/finalpage/2025-02-11/1222501586.PDF
001201,东瑞股份,2025-02,1,10.09,,,,,,1.58,15.86,,,,,,,lead,False,2025-03-08,2025年2月份生猪销售简报,https://static.cninfo.com.cn/finalpage/2025-03-08/1222742074.PDF
001201,东瑞股份,2025-03,1,11.98,,,,,,1.79,15.38,,,,,,,lead,False,2025-04-08,2025年3月份生猪销售简报,https://static.cninfo.com.cn/finalpage/2025-04-08/1223020161.PDF
001201,东瑞股份,2025-04,1,17.05,,,,,,2.23,15.81,,,,,,,lead,False,2025-05-08,2025年4月份生猪销售简报,https://static.cninfo.com.cn/finalpage/2025-05-08/1223489810.PDF
001201,东瑞股份,2025-05,1,15.54,,,,,,2.03,15.57,,,,,,,lead,False,2025-06-07,2025年5月份生猪销售简报,https://static.cninfo.com.cn/finalpage/2025-06-07/1223800115.PDF
001201,东瑞股份,2025-06,1,12.71,,,,,,1.66,15.57,,,,,,,lead,True,2025-07-08,2025年6月份生猪销售简报,https://static.cninfo.com.cn/finalpage/2025-07-08/1224090396.PDF
001201,东瑞股份,2025-07,1,12.02,,,,,,1.7,16.18,,,,,,,lead,False,2025-08-07,2025年7月份生猪销售简报,https://static.cninfo.com.cn/finalpage/2025-08-07/1224413927.PDF
001201,东瑞股份,2025-08,1,9.48,,,,,,1.6,15.86,,,,,,,lead,False,2025-09-06,2025年8月份生猪销售简报,https://static.cninfo.com.cn/finalpage/2025-09-06/1224640890.PDF
001201,东瑞股份,2025-09,1,9.99,,,,,,1.63,14.58,,,,,,,lead,False,2025-10-10,2025年9月份生猪销售简报,https://static.cninfo.com.cn/finalpage/2025-10-10/1224703009.PDF
001201,东瑞股份,2025-10,1,13.66,,,,,,1.73,12.48,,,,,,,lead,False,2025-11-08,2025年10月份生猪销售简报,https://static.cninfo.com.cn/finalpage/2025-11-08/1224791997.PDF
001201,东瑞股份,2025-11,1,12.81,,,,,,1.7,12.53,,,,,,,lead,False,2025-12-06,2025年11月份生猪销售简报,https://static.cninfo.com.cn/finalpage/2025-12-06/1224854611.PDF
001201,东瑞股份,2025-12,1,13.28,,,,,,1.71,12.54,,,,,,,lead,False,2026-01-08,2025年12月份生猪销售简报,https://static.cninfo.com.cn/finalpage/2026-01-08/1224923102.PDF
001201,东瑞股份,2026-01,1,16.28,,,,,,2.14,13.33,,,,,,,lead,False,2026-02-07,2026年1月份生猪销售简报,https://static.cninfo.com.cn/finalpage/2026-02-07/1224970218.PDF
001201,东瑞股份,2026-02,1,14.19,,,,,,1.98,12.31,,,,,,,lead,False,2026-03-07,2026年2月份生猪销售简报,https://static.cninfo.com.cn/finalpage/2026-03-07/1224998677.PDF
001201,东瑞股份,2026-03,1,17.47,,,,,,1.93,10.94,,,,,,,lead,False,2026-04-08,2026年3月份生猪销售简报,https://static.cninfo.com.cn/finalpage/2026-04-08/1225081945.PDF
001201,东瑞股份,2026-04,1,16.35,,,,,,1.42,9.75,,,,,,,lead,False,2026-05-08,2026年4月份生猪销售简报,https://static.cninfo.com.cn/finalpage/2026-05-08/1225281465.PDF
001201,东瑞股份,2026-05,1,11.79,,,,,,1.04,10.55,,,,,,,lead,False,2026-06-09,2026年5月份生猪销售简报,https://static.cninfo.com.cn/finalpage/2026-06-09/1225357130.PDF
001201,东瑞股份,2026-06,1,12.54,,,,,,1.52,10.82,,,,,,,lead,False,2026-07-08,2026年6月份生猪销售简报,https://static.cninfo.com.cn/finalpage/2026-07-08/1225413555.PDF
001201,东瑞股份,2026-07,1,13.08,,,,,,1.6,12.81,,,,,,,lead,False,2026-08-08,2026年7月份生猪销售简报,https://static.cninfo.com.cn/finalpage/2026-08-08/1225463903.PDF
001201,东瑞股份,2026-08,1,11.4,,,,,,1.64,12.16,,,,,,,lead,False,2026-09-08,2026年8月份生猪销售简报,https://static.cninfo.com.cn/finalpage/2026-09-08/1225550882.PDF
002100,天康生物,2017-12,1,3.88,,,,,,0.58,,,,,,,,lead,False,2018-01-09,关于2017年12月份生猪销售简报,https://static.cninfo.com.cn/finalpage/2018-01-09/1204311678.PDF
002100,天康生物,2018-01,1,6.04,,,,,,0.63,,,,,,,,lead,False,2018-02-07,关于2018年1月份生猪销售简报,https://static.cninfo.com.cn/finalpage/2018-02-07/1204399380.PDF
002100,天康生物,2018-02,1,5.3,,,,,,0.48,,,,,,,,lead,False,2018-03-08,关于2018年2月份生猪销售简报,https://static.cninfo.com.cn/finalpage/2018-03-08/1204457903.PDF
002100,天康生物,2018-03,1,4.51,,,,,,0.42,,,,,,,,lead,False,2018-04-10,关于2018年3月份生猪销售简报,https://static.cninfo.com.cn/finalpage/2018-04-10/1204594041.PDF
002100,天康生物,2018-04,1,6.22,,,,,,0.58,,,,,,,,lead,False,2018-05-05,关于2018年4月份生猪销售简报,https://static.cninfo.com.cn/finalpage/2018-05-05/1204909806.PDF
002100,天康生物,2018-05,1,5.31,,,,,,0.5,,,,,,,,lead,False,2018-06-07,关于2018年5月份生猪销售简报,https://static.cninfo.com.cn/finalpage/2018-06-07/1205041098.PDF
002100,天康生物,2018-06,1,4.3,,,,,,0.45,,,,,,,,lead,False,2018-07-05,关于2018年6月份生猪销售简报,https://static.cninfo.com.cn/finalpage/2018-07-05/1205123209.PDF
002100,天康生物,2018-07,1,4.24,,,,,,0.52,,,,,,,,lead,False,2018-08-08,关于2018年7月份生猪销售简报,https://static.cninfo.com.cn/finalpage/2018-08-08/1205264268.PDF
002100,天康生物,2018-08,1,5.81,,,,,,0.64,,,,,,,,lead,False,2018-09-08,关于2018年8月份生猪销售情况简报,https://static.cninfo.com.cn/finalpage/2018-09-08/1205424664.PDF
002100,天康生物,2018-09,1,,,,,,,0.63,,,,,,,,lead,False,2018-10-09,关于2018年9月份生猪销售简报,https://static.cninfo.com.cn/finalpage/2018-10-09/1205486958.PDF
002100,天康生物,2018-10,1,5.03,,,,,,0.69,,,,,,,,lead,False,2018-11-07,关于2018年10月份生猪销售简报,https://static.cninfo.com.cn/finalpage/2018-11-07/1205584087.PDF
002100,天康生物,2018-11,1,5.45,,,,,,0.73,,,,,,,,lead,False,2018-12-06,关于2018年11月份生猪销售简报,https://static.cninfo.com.cn/finalpage/2018-12-06/1205653233.PDF
002100,天康生物,2018-12,1,7.25,,,,,,0.84,,,,,,,,lead,False,2019-01-08,关于2018年12月份生猪销售简报,https://static.cninfo.com.cn/finalpage/2019-01-08/1205714257.PDF
002100,天康生物,2019-01,1,6.45,,,,,,0.62,,,,,,,,lead,False,2019-02-19,关于2019年1月份生猪销售简报,https://static.cninfo.com.cn/finalpage/2019-02-19/1205840635.PDF
002100,天康生物,2019-02,1,7.15,,,,,,0.49,,,,,,,,lead,False,2019-03-09,关于2019年2月份生猪销售简报,https://static.cninfo.com.cn/finalpage/2019-03-09/1205888978.PDF
002100,天康生物,2019-03,1,7.48,,,,,,0.77,,,,,,,,lead,False,2019-04-09,关于2019年3月份生猪销售简报,https://static.cninfo.com.cn/finalpage/2019-04-09/1205998054.PDF
002100,天康生物,2019-04,1,7.33,,,,,,0.61,,,,,,,,lead,False,2019-05-08,关于2019年4月份生猪销售简报,https://static.cninfo.com.cn/finalpage/2019-05-08/1206237025.PDF
002100,天康生物,2019-05,1,5.84,,,,,,0.6,,,,,,,,lead,False,2019-06-10,关于2019年5月份生猪销售简报,https://static.cninfo.com.cn/finalpage/2019-06-10/1206344188.PDF
002100,天康生物,2019-06,1,6.54,,,,,,0.9,,,,,,,,lead,False,2019-07-06,关于2019年6月份生猪销售简报,https://static.cninfo.com.cn/finalpage/2019-07-06/1206429798.PDF
002100,天康生物,2019-07,1,8.19,,,,,,1.22,,,,,,,,lead,False,2019-08-07,关于2019年7月份生猪销售简报,https://static.cninfo.com.cn/finalpage/2019-08-07/1206501679.PDF
002100,天康生物,2019-08,1,7.57,,,,,,1.54,,,,,,,,lead,False,2019-09-07,关于2019年8月份生猪销售简报,https://static.cninfo.com.cn/finalpage/2019-09-07/1206908037.PDF
002100,天康生物,2019-09,1,7.24,,,,,,1.78,,,,,,,,lead,False,2019-10-11,关于2019年9月份生猪销售简报,https://static.cninfo.com.cn/finalpage/2019-10-11/1206972315.PDF
002100,天康生物,2019-10,1,7.1,,,,,,1.99,,,,,,,,lead,False,2019-11-08,关于2019年10月份生猪销售简报,https://static.cninfo.com.cn/finalpage/2019-11-08/1207073797.PDF
002100,天康生物,2019-11,1,6.08,,,,,,1.83,,,,,,,,lead,False,2019-12-06,关于2019年11月份生猪销售简报,https://static.cninfo.com.cn/finalpage/2019-12-06/1207140867.PDF
002100,天康生物,2019-12,1,7.31,,,,,,2.64,,,,,,,,lead,False,2020-01-09,关于2019年12月份生猪销售简报,https://static.cninfo.com.cn/finalpage/2020-01-09/1207235431.PDF
002100,天康生物,2020-01,1,5.39,,,,,,1.69,,,,,,,,lead,False,2020-02-11,关于2020年1月份生猪销售简报,https://static.cninfo.com.cn/finalpage/2020-02-11/1207299611.PDF
002100,天康生物,2020-02,1,3.42,,,,,,1.03,,,,,,,,lead,False,2020-03-10,关于2020年2月份生猪销售简报,https://static.cninfo.com.cn/finalpage/2020-03-10/1207356126.PDF
002100,天康生物,2020-03,1,6.65,,,,,,2.38,31.05,131.04,,,,,,lead,False,2020-04-08,关于2020年3月份生猪销售简报,https://static.cninfo.com.cn/finalpage/2020-04-08/1207461462.PDF
002100,天康生物,2020-04,1,7.77,,,,,,2.42,29.51,134.77,,,,,,lead,False,2020-05-09,关于2020年4月份生猪销售简报,https://static.cninfo.com.cn/finalpage/2020-05-09/1207723019.PDF
002100,天康生物,2020-05,1,8.71,,,,,,2.33,26.34,129.64,,,,,,lead,False,2020-06-09,关于2020年5月份生猪销售简报,https://static.cninfo.com.cn/finalpage/2020-06-09/1207906734.PDF
002100,天康生物,2020-06,1,10.55,,,,,,3.11,28.68,131.82,,,,,,lead,False,2020-07-07,关于2020年6月份生猪销售简报,https://static.cninfo.com.cn/finalpage/2020-07-07/1208008458.PDF
002100,天康生物,2020-07,1,8.29,,,,,,2.44,32.18,121.97,,,,,,lead,False,2020-08-08,关于2020年7月份生猪销售简报,https://static.cninfo.com.cn/finalpage/2020-08-08/1208142808.PDF
002100,天康生物,2020-08,1,10.11,,,,,,2.84,32.68,129.45,,,,,,lead,False,2020-09-09,关于2020年8月份生猪销售简报,https://static.cninfo.com.cn/finalpage/2020-09-09/1208413202.PDF
002100,天康生物,2020-09,1,15.93,,,,,,5.09,31.65,140.14,,,,,,lead,False,2020-10-10,关于2020年9月份生猪销售简报,https://static.cninfo.com.cn/finalpage/2020-10-10/1208531917.PDF
002100,天康生物,2020-10,1,15.2,,,,,,3.46,26.33,140.24,,,,,,lead,False,2020-11-10,关于2020年10月份生猪销售简报,https://static.cninfo.com.cn/finalpage/2020-11-10/1208714435.PDF
002100,天康生物,2020-11,1,18.04,,,,,,3.49,26.86,147.22,,,,,,lead,False,2020-12-09,关于2020年11月份生猪销售简报,https://static.cninfo.com.cn/finalpage/2020-12-09/1208870240.PDF
002100,天康生物,2020-12,1,24.43,,,,,,6.52,30.6,128.26,,,,,,lead,False,2021-01-08,关于2020年12月份生猪销售简报,https://static.cninfo.com.cn/finalpage/2021-01-08/1209064609.PDF
002100,天康生物,2021-01,1,15.1,,,,,,3.9,32.05,127.32,,,,,,lead,False,2021-02-10,天康生物股份有限公司关于2021年1月份生猪销售简报,https://static.cninfo.com.cn/finalpage/2021-02-10/1209265063.PDF
002100,天康生物,2021-02,1,10.05,,,,,,2.51,24.98,145.39,,,,,,lead,False,2021-03-10,关于2021年2月份生猪销售情况简报,https://static.cninfo.com.cn/finalpage/2021-03-10/1209358979.PDF
002100,天康生物,2021-03,1,10.25,,,,,,2.68,26.03,116.72,,,,,,lead,False,2021-04-10,关于2021年3月份生猪销售简报,https://static.cninfo.com.cn/finalpage/2021-04-10/1209666991.PDF
002100,天康生物,2021-04,1,13.16,,,,,,2.42,21.0,127.39,,,,,,lead,False,2021-05-10,关于2021年4月份生猪销售简报,https://static.cninfo.com.cn/finalpage/2021-05-10/1209946505.PDF
002100,天康生物,2021-05,1,12.39,,,,,,2.36,17.37,135.52,,,,,,lead,False,2021-06-10,关于2021年5月份生猪销售简报,https://static.cninfo.com.cn/finalpage/2021-06-10/1210209156.PDF
002100,天康生物,2021-06,1,12.66,,,,,,2.28,13.79,144.69,,,,,,lead,False,2021-07-09,关于2021年6月份生猪销售简报,https://static.cninfo.com.cn/finalpage/2021-07-09/1210442376.PDF
002100,天康生物,2021-07,1,12.45,,,,,,1.95,13.7,141.37,,,,,,lead,False,2021-08-10,关于2021年7月份生猪销售简报,https://static.cninfo.com.cn/finalpage/2021-08-10/1210709619.PDF
002100,天康生物,2021-08,1,19.95,,,,,,3.46,12.86,143.76,,,,,,lead,False,2021-09-09,关于2021年8月份生猪销售简报,https://static.cninfo.com.cn/finalpage/2021-09-09/1210988011.PDF
002100,天康生物,2021-09,1,15.8,,,,,,2.25,11.07,136.75,,,,,,lead,False,2021-10-09,关于2021年9月份生猪销售简报,https://static.cninfo.com.cn/finalpage/2021-10-09/1211218722.PDF
002100,天康生物,2021-10,1,11.53,,,,,,1.73,11.66,128.63,,,,,,lead,False,2021-11-10,关于2021年10月份生猪销售简报,https://static.cninfo.com.cn/finalpage/2021-11-10/1211540284.PDF
002100,天康生物,2021-11,1,12.26,,,,,,2.29,15.26,122.39,,,,,,lead,False,2021-12-09,关于2021年11月份生猪销售简报,https://static.cninfo.com.cn/finalpage/2021-12-09/1211848880.PDF
002100,天康生物,2021-12,1,14.73,,,,,,2.25,13.87,113.12,,,,,,lead,False,2022-01-08,关于2021年12月份生猪销售简报,https://static.cninfo.com.cn/finalpage/2022-01-08/1212121787.PDF
002100,天康生物,2022-01,1,12.69,,,,,,1.86,12.49,118.7,,,,,,lead,False,2022-02-12,关于2022年1月份生猪销售简报,https://static.cninfo.com.cn/finalpage/2022-02-12/1212350714.PDF
002100,天康生物,2022-02,1,8.03,,,,,,0.9,10.83,108.75,,,,,,lead,False,2022-03-10,关于2022年2月份生猪销售简报,https://static.cninfo.com.cn/finalpage/2022-03-10/1212534561.PDF
002100,天康生物,2022-03,1,16.97,,,,,,2.11,11.18,111.42,,,,,,lead,False,2022-04-09,关于2022年3月份生猪销售简报,https://static.cninfo.com.cn/finalpage/2022-04-09/1212856686.PDF
002100,天康生物,2022-04,1,15.88,,,,,,2.16,12.27,110.84,,,,,,lead,False,2022-05-10,关于2022年4月份生猪销售简报,https://static.cninfo.com.cn/finalpage/2022-05-10/1213301370.PDF
002100,天康生物,2022-05,1,18.79,,,,,,3.06,14.81,118.73,,,,,,lead,False,2022-06-09,关于2022年5月份生猪销售简报,https://static.cninfo.com.cn/finalpage/2022-06-09/1213646811.PDF
002100,天康生物,2022-06,1,20.79,,,,,,3.11,15.8,111.84,,,,,,lead,False,2022-07-09,关于2022年6月份生猪销售简报,https://static.cninfo.com.cn/finalpage/2022-07-09/1213999007.PDF
002100,天康生物,2022-07,1,16.59,,,,,,3.27,21.23,120.47,,,,,,lead,False,2022-08-10,关于2022年7月份生猪销售简报,https://static.cninfo.com.cn/finalpage/2022-08-10/1214260655.PDF
002100,天康生物,2022-08,1,20.6,,,,,,4.44,20.92,119.9,,,,,,lead,False,2022-09-10,关于2022年8月份生猪销售简报,https://static.cninfo.com.cn/finalpage/2022-09-10/1214577980.PDF
002100,天康生物,2022-09,1,20.23,,,,,,4.79,22.35,120.84,,,,,,lead,False,2022-10-10,关于2022年9月份生猪销售简报,https://static.cninfo.com.cn/finalpage/2022-10-10/1214736192.PDF
002100,天康生物,2022-10,1,14.49,,,,,,3.7,24.97,123.61,,,,,,lead,False,2022-11-10,关于2022年10月份生猪销售简报,https://static.cninfo.com.cn/finalpage/2022-11-10/1215059926.PDF
002100,天康生物,2022-11,1,17.78,,,,,,3.82,22.67,125.4,,,,,,lead,False,2022-12-09,关于2022年11月份生猪销售简报,https://static.cninfo.com.cn/finalpage/2022-12-09/1215304832.PDF
002100,天康生物,2022-12,1,19.88,,,,,,3.71,17.95,121.37,,,,,,lead,False,2023-01-10,关于2022年12月份生猪销售简报,https://static.cninfo.com.cn/finalpage/2023-01-10/1215557129.PDF
002100,天康生物,2023-01,1,15.91,,,,,,2.51,14.03,118.3,,,,,,lead,False,2023-02-10,关于2023年1月份生猪销售简报,https://static.cninfo.com.cn/finalpage/2023-02-10/1215817922.PDF
002100,天康生物,2023-02,1,19.89,,,,,,3.21,14.03,122.16,,,,,,lead,False,2023-03-21,关于2023年2月份生猪销售简报,https://static.cninfo.com.cn/finalpage/2023-03-21/1216167316.PDF
002100,天康生物,2023-03,1,21.14,,,,,,3.86,14.95,123.82,,,,,,lead,False,2023-04-08,关于2023年3月份生猪销售简报,https://static.cninfo.com.cn/finalpage/2023-04-08/1216354504.PDF
002100,天康生物,2023-04,1,24.54,,,,,,4.17,14.06,122.35,,,,,,lead,False,2023-05-10,关于2023年4月份生猪销售简报,https://static.cninfo.com.cn/finalpage/2023-05-10/1216781600.PDF
002100,天康生物,2023-05,1,25.59,,,,,,3.97,13.97,122.84,,,,,,lead,False,2023-06-09,关于2023年5月份生猪销售简报,https://static.cninfo.com.cn/finalpage/2023-06-09/1217023105.PDF
002100,天康生物,2023-06,1,23.9,,,,,,3.69,13.72,121.24,,,,,,lead,False,2023-07-08,关于2023年6月份生猪销售简报,https://static.cninfo.com.cn/finalpage/2023-07-08/1217238149.PDF
002100,天康生物,2023-07,1,25.57,,,,,,3.31,13.09,,,,,,,lead,False,2023-08-10,关于2023年7月份生猪销售简报,https://static.cninfo.com.cn/finalpage/2023-08-10/1217501542.PDF
002100,天康生物,2023-08,1,25.66,,,,,,4.15,16.02,,,,,,,lead,False,2023-09-09,关于2023年8月份生猪销售简报,https://static.cninfo.com.cn/finalpage/2023-09-09/1217813033.PDF
002100,天康生物,2023-09,1,23.63,,,,,,4.01,15.2,,,,,,,lead,False,2023-10-10,关于2023年9月份生猪销售简报,https://static.cninfo.com.cn/finalpage/2023-10-10/1218000190.PDF
002100,天康生物,2023-10,1,23.14,,,,,,4.11,14.32,,,,,,,lead,False,2023-11-10,关于2023年10月份生猪销售简报,https://static.cninfo.com.cn/finalpage/2023-11-10/1218292195.PDF
002100,天康生物,2023-11,1,24.63,,,,,,3.79,13.5,,,,,,,lead,False,2023-12-09,关于2023年11月份生猪销售简报,https://static.cninfo.com.cn/finalpage/2023-12-09/1218563074.PDF
002100,天康生物,2023-12,1,27.98,,,,,,4.01,13.19,,,,,,,lead,False,2024-01-10,关于2023年12月份生猪销售简报,https://static.cninfo.com.cn/finalpage/2024-01-10/1218836752.PDF
002100,天康生物,2024-01,1,23.21,,,,,,3.4,13.07,,,,,,,lead,False,2024-02-08,关于2024年1月份生猪销售简报,https://static.cninfo.com.cn/finalpage/2024-02-08/1219129144.PDF
002100,天康生物,2024-02,1,15.6,,,,,,2.44,13.27,,,,,,,lead,False,2024-03-09,关于2024年2月份生猪销售简报,https://static.cninfo.com.cn/finalpage/2024-03-09/1219265380.PDF
002100,天康生物,2024-03,1,25.92,,,,,,4.32,13.72,,,,,,,lead,False,2024-04-10,关于2024年3月份生猪销售简报,https://static.cninfo.com.cn/finalpage/2024-04-10/1219553243.PDF
002100,天康生物,2024-04,1,24.09,,,,,,3.8,14.46,,,,,,,lead,False,2024-05-10,关于2024年4月份生猪销售简报,https://static.cninfo.com.cn/finalpage/2024-05-10/1220021348.PDF
002100,天康生物,2024-05,1,25.43,,,,,,4.31,14.86,,,,,,,lead,False,2024-06-08,关于2024年5月份生猪销售简报,https://static.cninfo.com.cn/finalpage/2024-06-08/1220300743.PDF
002100,天康生物,2024-06,1,25.9,,,,,,4.25,17.04,,,,,,,lead,False,2024-07-09,关于2024年6月份生猪销售简报,https://static.cninfo.com.cn/finalpage/2024-07-09/1220559366.PDF
002100,天康生物,2024-07,1,22.13,,,,,,4.02,17.61,,,,,,,lead,False,2024-08-10,关于2024年7月份生猪销售简报,https://static.cninfo.com.cn/finalpage/2024-08-10/1220835234.PDF
002100,天康生物,2024-08,1,23.95,,,,,,4.58,19.03,,,,,,,lead,False,2024-09-10,关于2024年8月份生猪销售简报,https://static.cninfo.com.cn/finalpage/2024-09-10/1221176831.PDF
002100,天康生物,2024-09,1,28.17,,,,,,5.33,18.01,,,,,,,lead,False,2024-10-10,关于2024年9月份生猪销售简报,https://static.cninfo.com.cn/finalpage/2024-10-10/1221355863.PDF
002100,天康生物,2024-10,1,28.43,,,,,,4.71,16.91,,,,,,,lead,False,2024-11-09,关于2024年10月份生猪销售简报,https://static.cninfo.com.cn/finalpage/2024-11-09/1221660847.PDF
002100,天康生物,2024-11,1,28.54,,,,,,4.47,15.76,,,,,,,lead,False,2024-12-10,关于2024年11月份生猪销售简报,https://static.cninfo.com.cn/finalpage/2024-12-10/1221965947.PDF
002100,天康生物,2024-12,1,31.5,,,,,,5.3,14.84,,,,,,,lead,False,2025-01-09,关于2024年12月份生猪销售简报,https://static.cninfo.com.cn/finalpage/2025-01-09/1222270700.PDF
002100,天康生物,2025-01,1,29.8,,,,,,4.18,14.79,,,,,,,lead,False,2025-02-08,关于2025年1月份生猪销售简报,https://static.cninfo.com.cn/finalpage/2025-02-08/1222485073.PDF
002100,天康生物,2025-02,1,25.79,,,,,,3.83,13.52,,,,,,,lead,False,2025-03-08,关于2025年2月份生猪销售简报,https://static.cninfo.com.cn/finalpage/2025-03-08/1222742138.PDF
002100,天康生物,2025-03,1,25.47,,,,,,3.76,13.67,,,,,,,lead,False,2025-04-10,关于2025年3月份生猪销售简报,https://static.cninfo.com.cn/finalpage/2025-04-10/1223041865.PDF
002100,天康生物,2025-04,1,24.47,,,,,,3.8,14.32,,,,,,,lead,False,2025-05-10,关于2025年4月份生猪销售简报,https://static.cninfo.com.cn/finalpage/2025-05-10/1223510915.PDF
002100,天康生物,2025-05,1,22.97,,,,,,3.45,14.02,,,,,,,lead,False,2025-06-11,关于2025年5月份生猪销售简报,https://static.cninfo.com.cn/finalpage/2025-06-11/1223834480.PDF
002100,天康生物,2025-06,1,24.31,,,,,,3.42,13.23,,,,,,,lead,False,2025-07-09,关于2025年6月份生猪销售简报,https://static.cninfo.com.cn/finalpage/2025-07-09/1224103523.PDF
002100,天康生物,2025-07,1,22.35,,,,,,3.35,13.62,,,,,,,lead,False,2025-08-09,关于2025年7月份生猪销售简报,https://static.cninfo.com.cn/finalpage/2025-08-09/1224440601.PDF
002100,天康生物,2025-08,1,26.38,,,,,,3.8,12.79,,,,,,,lead,False,2025-09-10,关于2025年8月份生猪销售简报,https://static.cninfo.com.cn/finalpage/2025-09-10/1224647622.PDF
002100,天康生物,2025-09,1,26.69,,,,,,3.84,12.17,,,,,,,lead,False,2025-10-11,关于2025年9月份生猪销售简报,https://static.cninfo.com.cn/finalpage/2025-10-11/1224705455.PDF
002100,天康生物,2025-10,1,30.35,,,,,,4.15,10.97,,,,,,,lead,False,2025-11-08,关于2025年10月份生猪销售简报,https://static.cninfo.com.cn/finalpage/2025-11-08/1224792774.PDF
002100,天康生物,2025-11,1,30.86,,,,,,4.2,11.1,,,,,,,lead,False,2025-12-10,关于2025年11月份生猪销售简报,https://static.cninfo.com.cn/finalpage/2025-12-10/1224862881.PDF
002100,天康生物,2025-12,1,29.59,,,,,,3.69,10.66,,,,,,,lead,False,2026-01-10,关于2025年12月份生猪销售简报,https://static.cninfo.com.cn/finalpage/2026-01-10/1224928261.PDF
002100,天康生物,2026-01,1,30.0,,,,,,3.92,11.78,,,,,,,lead,False,2026-02-10,关于2026年1月份生猪销售简报,https://static.cninfo.com.cn/finalpage/2026-02-10/1224973022.PDF
002100,天康生物,2026-02,1,27.34,,,,,,3.09,10.78,,,,,,,lead,False,2026-03-10,关于2026年2月份生猪销售简报,https://static.cninfo.com.cn/finalpage/2026-03-10/1225001373.PDF
002100,天康生物,2026-03,1,32.52,,,,,,3.77,9.55,,,,,,,lead,False,2026-04-11,关于2026年3月份生猪销售简报,https://static.cninfo.com.cn/finalpage/2026-04-11/1225092809.PDF
002100,天康生物,2026-04,1,28.69,,,,,,3.01,8.92,,,,,,,lead,False,2026-05-09,关于2026年4月份生猪销售简报,https://static.cninfo.com.cn/finalpage/2026-05-09/1225286149.PDF
002100,天康生物,2026-05,1,26.33,,,,,,2.93,9.29,,,,,,,lead,False,2026-06-10,关于2026年5月份生猪销售简报,https://static.cninfo.com.cn/finalpage/2026-06-10/1225359437.PDF
002100,天康生物,2026-06,1,39.96,,,,,,3.8,8.8,,,,,,,lead,False,2026-07-10,关于2026年6月份生猪销售简报,https://static.cninfo.com.cn/finalpage/2026-07-10/1225417309.PDF
002100,天康生物,2026-07,1,39.61,,,,,,3.93,9.68,,,,,,,lead,False,2026-08-08,2026年7月份生猪销售简报,https://static.cninfo.com.cn/finalpage/2026-08-08/1225464504.PDF
002100,天康生物,2026-08,1,41.11,,,,,,4.17,9.61,,,,,,,lead,False,2026-09-10,2026年8月份生猪销售简报,https://static.cninfo.com.cn/finalpage/2026-09-10/1225554985.PDF
002124,天邦股份,2017-12,1,,,,,,,,,,,,,,控股子公司口径；总数含仔猪,lead,False,2018-01-04,2017年12月份商品猪销售情况简报,https://static.cninfo.com.cn/finalpage/2018-01-04/1204302289.PDF
002124,天邦股份,2018-01,1,10.29,,,,,,1.9372169999999997,,,,,,,控股子公司口径；总数含仔猪,lead,False,2018-02-06,2018年1月份商品猪销售及能繁母猪存栏情况简报,https://static.cninfo.com.cn/finalpage/2018-02-06/1204391693.PDF
002124,天邦股份,2018-02,1,13.38,,,,,,1.9650580000000002,,,,,,,控股子公司口径；总数含仔猪,lead,False,2018-03-07,2018年2月份商品猪销售情况简报,https://static.cninfo.com.cn/finalpage/2018-03-07/1204455353.PDF
002124,天邦股份,2018-03,1,18.95,,,,,,2.3989529999999997,,,,,,,控股子公司口径；总数含仔猪,lead,False,2018-04-09,2018年3月份商品猪销售情况简报,https://static.cninfo.com.cn/finalpage/2018-04-09/1204591968.PDF
002124,天邦股份,2018-04,1,14.73,,,,,,1.811666,,,,,,,控股子公司口径；总数含仔猪,lead,False,2018-05-07,2018年4月份商品猪销售情况简报,https://static.cninfo.com.cn/finalpage/2018-05-07/1204917073.PDF
002124,天邦股份,2018-05,1,15.36,,,,,,1.826802,10.03,,,,,,控股子公司口径；总数含仔猪,lead,False,2018-06-05,2018年5月份商品猪销售情况简报,https://static.cninfo.com.cn/finalpage/2018-06-05/1205032967.PDF
002124,天邦股份,2018-06,1,17.07,,,,,,2.124955,11.31,,,,,,控股子公司口径；总数含仔猪,lead,False,2018-07-05,2018年6月份商品猪销售情况简报,https://static.cninfo.com.cn/finalpage/2018-07-05/1205123347.PDF
002124,天邦股份,2018-07,1,18.23,,,,,,2.4357279999999997,12.28,,,,,,控股子公司口径；总数含仔猪,lead,False,2018-08-06,2018年7月份商品猪销售情况简报,https://static.cninfo.com.cn/finalpage/2018-08-06/1205258613.PDF
002124,天邦股份,2018-08,1,19.06,,,,,,2.7113259999999997,13.67,,,,,,控股子公司口径；总数含仔猪,lead,False,2018-09-05,2018年8月份商品猪销售情况简报,https://static.cninfo.com.cn/finalpage/2018-09-05/1205372416.PDF
002124,天邦股份,2018-09,1,16.78,,,,,,2.459598,13.72,,,,,,控股子公司口径；总数含仔猪,lead,False,2018-10-08,2018年9月份商品猪销售情况简报,https://static.cninfo.com.cn/finalpage/2018-10-08/1205481729.PDF
002124,天邦股份,2018-10,1,24.04,,,,,,3.6808919999999996,13.41,,,,,,控股子公司口径；总数含仔猪,lead,False,2018-11-06,2018年10月份商品猪销售情况简报,https://static.cninfo.com.cn/finalpage/2018-11-06/1205581891.PDF
002124,天邦股份,2018-11,1,26.22,,,,,,3.6985,12.27,,,,,,控股子公司口径；总数含仔猪,lead,False,2018-12-05,2018年11月份商品猪销售情况简报,https://static.cninfo.com.cn/finalpage/2018-12-05/1205650297.PDF
002124,天邦股份,2018-12,1,22.86,,,,,,3.138788,11.39,,,,,,控股子公司口径；总数含仔猪,lead,False,2019-01-08,2018年12月份商品猪销售情况简报,https://static.cninfo.com.cn/finalpage/2019-01-08/1205714749.PDF
002124,天邦股份,2019-02,2,51.55,,,,,,6.27836,10.15,,,,,,控股子公司口径；总数含仔猪,lead,False,2019-03-02,2019年1-2月份商品猪销售情况简报,https://static.cninfo.com.cn/finalpage/2019-03-02/1205870364.PDF
002124,天邦股份,2019-03,1,24.71,,,,,,3.8344089999999995,13.34,,,,,,控股子公司口径；总数含仔猪,lead,False,2019-04-03,2019年3月份商品猪销售情况简报,https://static.cninfo.com.cn/finalpage/2019-04-03/1205987415.PDF
002124,天邦股份,2019-04,1,27.43,,,,,,4.576539,14.08,,,,,,控股子公司口径；总数含仔猪,lead,False,2019-05-07,2019年4月份商品猪销售情况简报,https://static.cninfo.com.cn/finalpage/2019-05-07/1206232923.PDF
002124,天邦股份,2019-05,1,24.95,,,,,,4.0220709999999995,13.89,,,,,,控股子公司口径；总数含仔猪,lead,False,2019-06-04,2019年5月份商品猪销售情况简报,https://static.cninfo.com.cn/finalpage/2019-06-04/1206326757.PDF
002124,天邦股份,2019-06,1,23.1,,,,,,3.944322,15.34,,,,,,控股子公司口径；总数含仔猪,lead,False,2019-07-02,2019年6月份商品猪销售情况简报,https://static.cninfo.com.cn/finalpage/2019-07-02/1206412041.PDF
002124,天邦股份,2019-07,1,16.09,,,,,,2.743416,16.85,,,,,,控股子公司口径；总数含仔猪,lead,False,2019-08-03,2019年7月份商品猪销售情况简报,https://static.cninfo.com.cn/finalpage/2019-08-03/1206495880.PDF
002124,天邦股份,2019-08,1,16.86,,,,,,3.1900779999999997,25.33,,,,,,控股子公司口径；总数含仔猪,lead,False,2019-09-03,2019年8月份商品猪销售情况简报,https://static.cninfo.com.cn/finalpage/2019-09-03/1206873583.PDF
002124,天邦股份,2019-09,1,18.01,,,,,,4.682311,48.64,,,,,,控股子公司口径；总数含仔猪,lead,False,2019-10-08,2019年9月份商品猪销售情况简报,https://static.cninfo.com.cn/finalpage/2019-10-08/1206965009.PDF
002124,天邦股份,2019-10,1,13.55,,,,,,3.7269669999999997,42.67,,,,,,控股子公司口径；总数含仔猪,lead,False,2019-11-02,2019年10月份商品猪销售情况简报,https://static.cninfo.com.cn/finalpage/2019-11-02/1207060725.PDF
002124,天邦股份,2019-11,1,9.48,,,,,,2.955286,41.91,,,,,,控股子公司口径；总数含仔猪,lead,False,2019-12-02,2019年11月份商品猪销售情况简报,https://static.cninfo.com.cn/finalpage/2019-12-02/1207126492.PDF
002124,天邦股份,2019-12,1,18.21,,,,,,6.904375,34.22,,,,,,控股子公司口径；总数含仔猪,lead,False,2020-01-03,2019年12月份商品猪销售情况简报,https://static.cninfo.com.cn/finalpage/2020-01-03/1207217435.PDF
002124,天邦股份,2020-01,1,11.69,,,,,,3.7697580000000004,38.72,,,,,,控股子公司口径；总数含仔猪,lead,False,2020-02-04,2020年1月份商品猪销售情况简报,https://static.cninfo.com.cn/finalpage/2020-02-04/1207289654.PDF
002124,天邦股份,2020-02,1,17.1,,,,,,5.12605,56.0,,,,,,控股子公司口径；总数含仔猪,lead,False,2020-03-02,2020年2月份商品猪销售情况简报,https://static.cninfo.com.cn/finalpage/2020-03-02/1207336479.PDF
002124,天邦股份,2020-03,1,22.59,,,,,,7.329708999999999,58.56,,,,,,控股子公司口径；总数含仔猪,lead,False,2020-04-02,2020年3月份商品猪销售情况简报,https://static.cninfo.com.cn/finalpage/2020-04-02/1207447806.PDF
002124,天邦股份,2020-04,1,17.48,,,,,,6.231775,57.21,,,,,,控股子公司口径；总数含仔猪,lead,False,2020-05-06,2020年4月份商品猪销售情况简报,https://static.cninfo.com.cn/finalpage/2020-05-06/1207704473.PDF
002124,天邦股份,2020-05,1,19.13,,,,,,6.3353589999999995,54.09,,,,,,控股子公司口径；总数含仔猪,lead,False,2020-06-02,2020年5月份商品猪销售情况简报,https://static.cninfo.com.cn/finalpage/2020-06-02/1207883954.PDF
002124,天邦股份,2020-06,1,23.98,,,,,,9.074783,64.42,,,,,,控股子公司口径；总数含仔猪,lead,False,2020-07-02,2020年6月份商品猪销售情况简报,https://static.cninfo.com.cn/finalpage/2020-07-02/1207991214.PDF
002124,天邦股份,2020-07,1,23.81,,,,,,8.008202,65.18,,,,,,控股子公司口径；总数含仔猪,lead,False,2020-08-03,2020年7月份商品猪销售情况简报,https://static.cninfo.com.cn/finalpage/2020-08-03/1208116400.PDF
002124,天邦股份,2020-08,1,25.13,,,,,,8.749454,58.6,,,,,,控股子公司口径；总数含仔猪,lead,False,2020-09-02,2020年8月份商品猪销售情况简报,https://static.cninfo.com.cn/finalpage/2020-09-02/1208373465.PDF
002124,天邦股份,2020-09,1,41.62,,,,,,11.22001,51.91,,,,,,控股子公司口径；总数含仔猪,lead,False,2020-10-09,2020年9月份商品猪销售情况简报,https://static.cninfo.com.cn/finalpage/2020-10-09/1208523508.PDF
002124,天邦股份,2020-10,1,34.68,,,,,,7.442686999999999,45.13,,,,,,控股子公司口径；总数含仔猪,lead,False,2020-11-10,2020年10月份商品猪销售情况简报,https://static.cninfo.com.cn/finalpage/2020-11-10/1208714102.PDF
002124,天邦股份,2020-11,1,43.91,,,,,,9.253158,40.62,,,,,,控股子公司口径；总数含仔猪,lead,False,2020-12-09,2020年11月份商品猪销售情况简报,https://static.cninfo.com.cn/finalpage/2020-12-09/1208870018.PDF
002124,天邦股份,2020-12,1,26.67,,,,,,7.730758,40.18,,,,,,控股子公司口径；总数含仔猪,lead,False,2021-01-09,2020年12月份商品猪销售情况简报,https://static.cninfo.com.cn/finalpage/2021-01-09/1209075667.PDF
002124,天邦股份,2021-01,1,46.51,,,,,,14.305136,35.49,,,,,,控股子公司口径；总数含仔猪,lead,False,2021-02-08,2021年1月份商品猪销售情况简报,https://static.cninfo.com.cn/finalpage/2021-02-08/1209256105.PDF
002124,天邦股份,2021-02,1,30.4,,,,,,7.532783,,,,,,,控股子公司口径；总数含仔猪,lead,False,2021-03-10,2021年2月份商品猪销售情况简报,https://static.cninfo.com.cn/finalpage/2021-03-10/1209358219.PDF
002124,天邦股份,2021-03,1,33.27,,,,,,8.545401,29.04,,,,,,控股子公司口径；总数含仔猪,lead,False,2021-04-10,2021年3月份商品猪销售情况简报,https://static.cninfo.com.cn/finalpage/2021-04-10/1209668475.PDF
002124,天邦股份,2021-04,1,20.28,,,,,,4.612939,21.09,,,,,,控股子公司口径；总数含仔猪,lead,False,2021-05-10,2021年4月份商品猪销售情况简报,https://static.cninfo.com.cn/finalpage/2021-05-10/1209944324.PDF
002124,天邦股份,2021-05,1,22.73,,,,,,4.838462,18.07,,,,,,控股子公司口径；总数含仔猪,lead,False,2021-06-07,2021年5月份商品猪销售情况简报,https://static.cninfo.com.cn/finalpage/2021-06-07/1210172222.PDF
002124,天邦股份,2021-06,1,31.94,29.330000000000002,,2.61,,,5.455368,14.02,,,,,,控股子公司口径；总数含仔猪,lead,False,2021-07-07,2021年6月份商品猪销售情况简报,https://static.cninfo.com.cn/finalpage/2021-07-07/1210427984.PDF
002124,天邦股份,2021-07,1,28.39,28.1644,,0.2256,,,5.601007,15.47,,,,,,控股子公司口径；总数含仔猪,lead,False,2021-08-04,2021年7月份商品猪销售情况简报,https://static.cninfo.com.cn/finalpage/2021-08-04/1210651620.PDF
002124,天邦股份,2021-08,1,35.33,34.723,,0.607,,,6.278151,14.53,,,,,,控股子公司口径；总数含仔猪,lead,False,2021-09-04,2021年8月份商品猪销售情况简报,https://static.cninfo.com.cn/finalpage/2021-09-04/1210968970.PDF
002124,天邦股份,2021-09,1,32.12,32.0088,,0.1112,,,4.639357,12.03,,,,,,控股子公司口径；总数含仔猪,lead,False,2021-10-08,2021年9月份商品猪销售情况简报,https://static.cninfo.com.cn/finalpage/2021-10-08/1211209191.PDF
002124,天邦股份,2021-10,1,53.64,50.104,,3.536,,,7.8981460000000006,12.46,,,,,,控股子公司口径；总数含仔猪,lead,False,2021-11-08,2021年10月份商品猪销售情况简报,https://static.cninfo.com.cn/finalpage/2021-11-08/1211519580.PDF
002124,天邦股份,2021-11,1,56.63,51.2886,,5.3414,,,10.018046,16.0,,,,,,控股子公司口径；总数含仔猪,lead,False,2021-12-08,2021年11月份商品猪销售情况简报,https://static.cninfo.com.cn/finalpage/2021-12-08/1211837460.PDF
002124,天邦股份,2021-12,1,36.77,33.877100000000006,,2.8929,,,6.011881,15.65,,,,,,控股子公司口径；总数含仔猪,lead,False,2022-01-05,2021年12月份商品猪销售情况简报,https://static.cninfo.com.cn/finalpage/2022-01-05/1212095602.PDF
002124,天邦股份,2022-01,1,38.13,37.3821,,0.7479,,,5.584827,13.58,,,,,,控股子公司口径；总数含仔猪,lead,False,2022-02-15,2022年1月份商品猪销售情况简报,https://static.cninfo.com.cn/finalpage/2022-02-15/1212361609.PDF
002124,天邦股份,2022-02,1,28.68,28.3784,,0.3016,,,3.5806139999999997,11.71,,,,,,控股子公司口径；总数含仔猪,lead,False,2022-03-10,2022年2月份商品猪销售情况简报,https://static.cninfo.com.cn/finalpage/2022-03-10/1212534358.PDF
002124,天邦股份,2022-03,1,33.62,33.1506,,0.4694,,,4.940971,11.99,,,,,,控股子公司口径；总数含仔猪,lead,False,2022-04-08,2022年3月份商品猪销售情况简报,https://static.cninfo.com.cn/finalpage/2022-04-08/1212836428.PDF
002124,天邦股份,2022-04,1,38.1,37.7911,,0.3089,,,6.648422,13.44,,,,,,控股子公司口径；总数含仔猪,lead,False,2022-05-07,2022年4月份商品猪销售情况简报,https://static.cninfo.com.cn/finalpage/2022-05-07/1213287309.PDF
002124,天邦股份,2022-05,1,38.39,38.1133,,0.2767,,,7.577261999999999,15.34,,,,,,控股子公司口径；总数含仔猪,lead,False,2022-06-07,2022年5月份商品猪销售情况简报,https://static.cninfo.com.cn/finalpage/2022-06-07/1213622239.PDF
002124,天邦食品,2022-06,1,30.98,30.4876,,0.4924,,,6.593214,16.66,,,,,,控股子公司口径；总数含仔猪,lead,False,2022-07-07,2022年6月份商品猪销售情况简报,https://static.cninfo.com.cn/finalpage/2022-07-07/1213974668.PDF
002124,天邦食品,2022-07,1,32.69,29.223899999999997,,3.4661,,,8.162001,21.94,,,,,,控股子公司口径；总数含仔猪,lead,False,2022-08-09,2022年7月份商品猪销售情况简报,https://static.cninfo.com.cn/finalpage/2022-08-09/1214248716.PDF
002124,天邦食品,2022-08,1,31.71,28.0641,,3.6459,,,7.797051,21.91,,,,,,控股子公司口径；总数含仔猪,lead,False,2022-09-07,2022年8月份商品猪销售情况简报,https://static.cninfo.com.cn/finalpage/2022-09-07/1214546067.PDF
002124,天邦食品,2022-09,1,36.89,29.6066,,7.2834,,,9.183029,23.9,,,,,,控股子公司口径；总数含仔猪,lead,False,2022-10-10,2022年9月份商品猪销售情况简报,https://static.cninfo.com.cn/finalpage/2022-10-10/1214728945.PDF
002124,天邦食品,2022-10,1,38.56,19.610000000000003,,18.95,,,8.03691,26.67,,,,,,控股子公司口径；总数含仔猪,lead,False,2022-11-08,2022年10月份商品猪销售情况简报,https://static.cninfo.com.cn/finalpage/2022-11-08/1215042438.PDF
002124,天邦食品,2022-11,1,46.02,30.590000000000003,,15.43,,,10.312139,23.65,,,,,,控股子公司口径；总数含仔猪,lead,False,2022-12-06,2022年11月份商品猪销售情况简报,https://static.cninfo.com.cn/finalpage/2022-12-06/1215281259.PDF
002124,天邦食品,2022-12,1,48.38,35.59,,12.79,,,8.897012,19.35,,,,,,控股子公司口径；总数含仔猪,lead,False,2023-01-05,2022年12月份商品猪销售情况简报,https://static.cninfo.com.cn/finalpage/2023-01-05/1215525089.PDF
002124,天邦食品,2023-01,1,38.31,34.155300000000004,,4.1547,,,5.456239,14.49,,,,,,控股子公司口径；总数含仔猪,lead,False,2023-02-08,2023年1月份商品猪销售情况简报,https://static.cninfo.com.cn/finalpage/2023-02-08/1215789186.PDF
002124,天邦食品,2023-02,1,40.28,37.8828,,2.3972,,,6.164087,14.5,,,,,,控股子公司口径；总数含仔猪,lead,False,2023-03-17,2023年2月份商品猪销售情况简报,https://static.cninfo.com.cn/finalpage/2023-03-17/1216135158.PDF
002124,天邦食品,2023-03,1,54.2,48.3134,,5.8866,,,8.823549,15.2,,,,,,控股子公司口径；总数含仔猪,lead,False,2023-04-08,2023年3月份商品猪销售情况简报,https://static.cninfo.com.cn/finalpage/2023-04-08/1216354358.PDF
002124,天邦食品,2023-04,1,45.68,41.4415,,4.2385,,14.7484,7.375725,14.4,,,,,,控股子公司口径；总数含仔猪,lead,False,2023-05-09,2023年4月份商品猪销售情况简报,https://static.cninfo.com.cn/finalpage/2023-05-09/1216763713.PDF
002124,天邦食品,2023-05,1,66.12,49.71000000000001,,16.41,,11.0208,9.492792999999999,14.43,,,,,,控股子公司口径；总数含仔猪,lead,False,2023-06-07,2023年5月份商品猪销售情况简报,https://static.cninfo.com.cn/finalpage/2023-06-07/1217002279.PDF
002124,天邦食品,2023-06,1,61.74,41.5925,,20.1475,,3.9898,7.516992,14.18,,,,,,控股子公司口径；总数含仔猪,lead,False,2023-07-08,2023年6月份商品猪销售情况简报,https://static.cninfo.com.cn/finalpage/2023-07-08/1217236521.PDF
002124,天邦食品,2023-07,1,51.1,38.7842,,12.3158,,5.1298,6.934839,14.4,,,,,,控股子公司口径；总数含仔猪,lead,False,2023-08-08,2023年7月份商品猪销售情况简报,https://static.cninfo.com.cn/finalpage/2023-08-08/1217478523.PDF
002124,天邦食品,2023-08,1,53.33,43.814099999999996,,9.5159,,6.4615,8.542437,16.94,,,,,,控股子公司口径；总数含仔猪,lead,False,2023-09-07,2023年8月份商品猪销售情况简报,https://static.cninfo.com.cn/finalpage/2023-09-07/1217796214.PDF
002124,天邦食品,2023-09,1,48.67,42.9279,,5.7421,,6.9406,8.350086,16.45,,,,,,控股子公司口径；总数含仔猪,lead,False,2023-10-09,2023年9月份商品猪销售情况简报,https://static.cninfo.com.cn/finalpage/2023-10-09/1217994261.PDF
002124,天邦食品,2023-10,1,79.08,54.0047,,25.0753,,8.3417,10.174380000000001,15.1,,,,,,控股子公司口径；总数含仔猪,lead,False,2023-11-10,2023年10月份商品猪销售情况简报,https://static.cninfo.com.cn/finalpage/2023-11-10/1218294570.PDF
002124,天邦食品,2023-11,1,88.99,56.62,,32.37,,9.8262,9.207042,13.93,,,,,,控股子公司口径；总数含仔猪,lead,False,2023-12-09,2023年11月份商品猪销售情况简报,https://static.cninfo.com.cn/finalpage/2023-12-09/1218560899.PDF
002124,天邦食品,2023-12,1,84.49,64.8665,,19.6235,,7.1781,9.263292999999999,13.43,,,,,,控股子公司口径；总数含仔猪,lead,False,2024-01-10,2023年12月份商品猪销售情况简报,https://static.cninfo.com.cn/finalpage/2024-01-10/1218836188.PDF
002124,天邦食品,2024-01,1,70.15,46.53,,23.62,,6.9399,6.394138,12.92,,,,,,控股子公司口径；总数含仔猪,lead,False,2024-02-08,2024年1月份商品猪销售情况简报,https://static.cninfo.com.cn/finalpage/2024-02-08/1219123788.PDF
002124,天邦食品,2024-02,1,40.12,27.419999999999998,,12.7,,4.3847,4.42475,13.5,,,,,,控股子公司口径；总数含仔猪,lead,False,2024-03-07,2024年2月份商品猪销售情况简报,https://static.cninfo.com.cn/finalpage/2024-03-07/1219249523.PDF
002124,天邦食品,2024-03,1,40.9,31.159999999999997,,9.74,,12.2656,6.046546,14.59,,,,,,控股子公司口径；总数含仔猪,lead,False,2024-04-09,2024年3月份商品猪销售情况简报,https://static.cninfo.com.cn/finalpage/2024-04-09/1219539437.PDF
002124,ST天邦,2024-04,1,45.52,31.090000000000003,,14.43,,9.0355,6.5594410000000005,15.17,,,,,,控股子公司口径；总数含仔猪,lead,False,2024-05-08,2024年4月份商品猪销售情况简报,https://static.cninfo.com.cn/finalpage/2024-05-08/1219995924.PDF
002124,ST天邦,2024-05,1,55.63,38.83,,16.8,,9.5726,8.456585,15.88,,,,,,控股子公司口径；总数含仔猪,lead,False,2024-06-06,2024年5月份商品猪销售情况简报,https://static.cninfo.com.cn/finalpage/2024-06-06/1220271151.PDF
002124,ST天邦,2024-06,1,49.51,28.189999999999998,,21.32,,7.237,7.980623,18.25,,,,,,控股子公司口径；总数含仔猪,lead,False,2024-07-05,2024年6月份商品猪销售情况简报,https://static.cninfo.com.cn/finalpage/2024-07-05/1220533070.PDF
002124,ST天邦,2024-07,1,52.94,33.15,,19.79,,7.6631,8.593409,18.94,,,,,,控股子公司口径；总数含仔猪,lead,False,2024-08-06,2024年7月份商品猪销售情况简报,https://static.cninfo.com.cn/finalpage/2024-08-06/1220795284.PDF
002124,ST天邦,2024-08,1,51.75,31.52,,20.23,,8.9993,8.773428,20.31,,,,,,控股子公司口径；总数含仔猪,lead,False,2024-09-04,2024年8月份商品猪销售情况简报,https://static.cninfo.com.cn/finalpage/2024-09-04/1221124981.PDF
002124,ST天邦,2024-09,1,43.64,31.72,,11.92,,8.2538,8.194114,19.17,,,,,,控股子公司口径；总数含仔猪,lead,False,2024-10-10,2024年9月份商品猪销售情况简报,https://static.cninfo.com.cn/finalpage/2024-10-10/1221354620.PDF
002124,ST天邦,2024-10,1,48.44,29.58,,18.86,,11.0433,7.28752,17.59,,,,,,控股子公司口径；总数含仔猪,lead,False,2024-11-07,2024年10月份商品猪销售情况简报,https://static.cninfo.com.cn/finalpage/2024-11-07/1221639781.PDF
002124,ST天邦,2024-11,1,46.3,28.099999999999998,,18.2,,11.5517,6.8387839999999995,16.67,,,,,,控股子公司口径；总数含仔猪,lead,False,2024-12-07,2024年11月份商品猪销售情况简报,https://static.cninfo.com.cn/finalpage/2024-12-07/1221956405.PDF
002124,ST天邦,2024-12,1,54.25,35.9,,18.35,,9.5394,7.872567999999999,15.72,,,,,,控股子公司口径；总数含仔猪,lead,False,2025-01-06,2024年12月份商品猪销售情况简报,https://static.cninfo.com.cn/finalpage/2025-01-06/1222222855.PDF
002124,ST天邦,2025-01,1,43.72,29.839999999999996,,13.88,,7.3754,6.134704,15.36,,,,,,控股子公司口径；总数含仔猪,lead,False,2025-02-11,2025年1月份商品猪销售情况简报,https://static.cninfo.com.cn/finalpage/2025-02-11/1222501107.PDF
002124,ST天邦,2025-02,1,50.76,35.209999999999994,,15.55,,10.1966,7.080707,14.73,,,,,,控股子公司口径；总数含仔猪,lead,False,2025-03-06,2025年2月份商品猪销售情况简报,https://static.cninfo.com.cn/finalpage/2025-03-06/1222721211.PDF
002124,ST天邦,2025-03,1,53.52,36.370000000000005,,17.15,,17.1418,7.5280130000000005,14.71,,,,,,控股子公司口径；总数含仔猪,lead,False,2025-04-07,2025年3月份商品猪销售情况简报,https://static.cninfo.com.cn/finalpage/2025-04-07/1223003594.PDF
002124,天邦食品,2025-04,1,47.09,32.790000000000006,,14.3,,14.6899,6.9068130000000005,14.81,,,,,,控股子公司口径；总数含仔猪,lead,False,2025-05-07,2025年4月份商品猪销售情况简报,https://static.cninfo.com.cn/finalpage/2025-05-07/1223475210.PDF
002124,天邦食品,2025-05,1,50.09,33.480000000000004,,16.61,,13.4934,7.033223,14.62,,,,,,控股子公司口径；总数含仔猪,lead,False,2025-06-04,2025年5月份商品猪销售情况简报,https://static.cninfo.com.cn/finalpage/2025-06-04/1223748361.PDF
002124,天邦食品,2025-06,1,50.63,33.09,,17.54,,14.1828,6.751142999999999,14.36,,,,,,控股子公司口径；总数含仔猪,lead,False,2025-07-05,2025年6月份商品猪销售情况简报,https://static.cninfo.com.cn/finalpage/2025-07-05/1224083273.PDF
002124,天邦食品,2025-07,1,53.67,33.18000000000001,,20.49,,13.4226,6.858377000000001,14.6,,,,,,控股子公司口径；总数含仔猪,lead,False,2025-08-09,2025年7月份商品猪销售情况简报,https://static.cninfo.com.cn/finalpage/2025-08-09/1224440287.PDF
002124,天邦食品,2025-08,1,52.97,32.709999999999994,,20.26,,11.5908,6.211507,13.71,,,,,,控股子公司口径；总数含仔猪,lead,False,2025-09-08,2025年8月份商品猪销售情况简报,https://static.cninfo.com.cn/finalpage/2025-09-08/1224643207.PDF
002124,天邦食品,2025-09,1,61.27,36.040000000000006,,25.23,,10.14,6.3446370000000005,12.8,,,,,,控股子公司口径；总数含仔猪,lead,False,2025-10-11,2025年9月份商品猪销售情况简报,https://static.cninfo.com.cn/finalpage/2025-10-11/1224703992.PDF
002124,天邦食品,2025-10,1,68.6,39.78999999999999,,28.81,,11.9946,6.074857,11.34,,,,,,控股子公司口径；总数含仔猪,lead,False,2025-11-07,2025年10月份商品猪销售情况简报,https://static.cninfo.com.cn/finalpage/2025-11-07/1224791134.PDF
002124,天邦食品,2025-11,1,67.79,42.06,,25.73,,13.2231,6.540319,11.63,,,,,,控股子公司口径；总数含仔猪,lead,False,2025-12-08,2025年11月份商品猪销售情况简报,https://static.cninfo.com.cn/finalpage/2025-12-08/1224856682.PDF
002124,天邦食品,2025-12,1,66.23,42.43000000000001,,23.8,,14.4996,6.130264,11.23,,,,,,控股子公司口径；总数含仔猪,lead,False,2026-01-07,2025年12月份商品猪销售情况简报,https://static.cninfo.com.cn/finalpage/2026-01-07/1224921462.PDF
002124,天邦食品,2026-01,1,68.2,39.18000000000001,,29.02,,17.3559,6.743825999999999,12.5,,,,,,控股子公司口径；总数含仔猪,lead,False,2026-02-07,2026年1月份商品猪销售情况简报,https://static.cninfo.com.cn/finalpage/2026-02-07/1224970081.PDF
002124,天邦食品,2026-02,1,48.11,29.689999999999998,,18.42,,10.2576,4.797006,11.57,,,,,,控股子公司口径；总数含仔猪,lead,False,2026-03-07,2026年2月份商品猪销售情况简报,https://static.cninfo.com.cn/finalpage/2026-03-07/1224998836.PDF
002124,天邦食品,2026-03,1,64.47,43.32,,21.15,,18.9498,5.7534529999999995,9.82,,,,,,控股子公司口径；总数含仔猪,lead,False,2026-04-09,2026年3月份商品猪销售情况简报,https://static.cninfo.com.cn/finalpage/2026-04-09/1225084098.PDF
002124,天邦食品,2026-04,1,66.83,42.37,,24.46,,21.4814,5.242221,9.14,,,,,,控股子公司口径；总数含仔猪,lead,False,2026-05-09,2026年4月份商品猪销售情况简报,https://static.cninfo.com.cn/finalpage/2026-05-09/1225284410.PDF
002124,天邦食品,2026-05,1,73.72,45.32,,28.4,,17.4777,5.778993,9.42,,,,,,控股子公司口径；总数含仔猪,lead,False,2026-06-09,2026年5月份商品猪销售情况简报,https://static.cninfo.com.cn/finalpage/2026-06-09/1225357902.PDF
002124,天邦食品,2026-06,1,67.41,42.019999999999996,,25.39,,16.9261,4.914125,9.17,,,,,,控股子公司口径；总数含仔猪,lead,False,2026-07-09,2026年6月份商品猪销售情况简报,https://static.cninfo.com.cn/finalpage/2026-07-09/1225414929.PDF
002124,天邦食品,2026-07,1,70.62,41.370000000000005,,29.25,,17.6387,5.167765,10.1,,,,,,控股子公司口径；总数含仔猪,lead,False,2026-08-07,2026年7月份商品猪销售情况简报,https://static.cninfo.com.cn/finalpage/2026-08-07/1225461214.PDF
002124,天邦食品,2026-08,1,62.25,41.53,,20.72,,17.8341,4.9261919999999995,10.14,,,,,,控股子公司口径；总数含仔猪,lead,False,2026-09-09,2026年8月份商品猪销售情况简报,https://static.cninfo.com.cn/finalpage/2026-09-09/1225553022.PDF
002157,正邦科技,2017-12,1,40.1,,,,,,6.17,,,,,,,,lead,False,2018-01-06,关于2017年12月份生猪销售情况简报,https://static.cninfo.com.cn/finalpage/2018-01-06/1204309438.PDF
002157,正邦科技,2018-01,1,36.45,,,,,,6.25,,,,,,,,lead,False,2018-02-07,关于2018年1月份生猪销售情况简报,https://static.cninfo.com.cn/finalpage/2018-02-07/1204400234.PDF
002157,正邦科技,2018-02,1,30.44,,,,,,4.48,,,,,,,,lead,False,2018-03-10,关于2018年2月份生猪销售情况简报,https://static.cninfo.com.cn/finalpage/2018-03-10/1204466185.PDF
002157,正邦科技,2018-03,1,39.33,,,,,,4.89,,,,,,,,lead,False,2018-04-11,关于2018年3月份生猪销售情况简报,https://static.cninfo.com.cn/finalpage/2018-04-11/1204599885.PDF
002157,正邦科技,2018-04,1,46.21,,,,,,5.24,,,,,,,,lead,False,2018-05-08,关于2018年4月份生猪销售情况简报,https://static.cninfo.com.cn/finalpage/2018-05-08/1204917764.PDF
002157,正邦科技,2018-05,1,55.59,,,,,,5.54,,,,,,,,lead,False,2018-06-07,关于2018年5月份生猪销售情况简报,https://static.cninfo.com.cn/finalpage/2018-06-07/1205040962.PDF
002157,正邦科技,2018-06,1,40.16,,,,,,4.54,,,,,,,,lead,False,2018-07-04,关于2018年6月份生猪销售情况简报,https://static.cninfo.com.cn/finalpage/2018-07-04/1205119590.PDF
002157,正邦科技,2018-07,1,42.79,,,,,,5.31,,,,,,,,lead,False,2018-08-08,关于2018年7月份生猪销售情况简报,https://static.cninfo.com.cn/finalpage/2018-08-08/1205264858.PDF
002157,正邦科技,2018-08,1,45.16,,,,,,6.26,,,,,,,,lead,False,2018-09-05,关于2018年8月份生猪销售情况简报,https://static.cninfo.com.cn/finalpage/2018-09-05/1205371999.PDF
002157,正邦科技,2018-09,1,55.43,,,,,,7.83,,,,,,,,lead,False,2018-10-10,关于2018年9月份生猪销售情况简报,https://static.cninfo.com.cn/finalpage/2018-10-10/1205488714.PDF
002157,正邦科技,2018-10,1,50.89,,,,,,8.24,,,,,,,,lead,False,2018-11-06,关于2018年10月份生猪销售情况简报,https://static.cninfo.com.cn/finalpage/2018-11-06/1205581721.PDF
002157,正邦科技,2018-11,1,57.52,,,,,,9.03,,,,,,,,lead,False,2018-12-04,关于2018年11月份生猪销售情况简报,https://static.cninfo.com.cn/finalpage/2018-12-04/1205649099.PDF
002157,正邦科技,2018-12,1,54.02,,,,,,8.65,,,,,,,,lead,False,2019-01-04,关于2018年12月份生猪销售情况简报,https://static.cninfo.com.cn/finalpage/2019-01-04/1205708094.PDF
002157,正邦科技,2019-01,1,76.42,,,,,,8.4,,,,,,,,lead,False,2019-02-13,关于2019年1月份生猪销售情况简报,https://static.cninfo.com.cn/finalpage/2019-02-13/1205826673.PDF
002157,正邦科技,2019-02,1,35.82,,,,,,3.95,,,,,,,,lead,False,2019-03-05,关于2019年2月份生猪销售情况简报,https://static.cninfo.com.cn/finalpage/2019-03-05/1205873478.PDF
002157,正邦科技,2019-03,1,56.52,,,,,,8.55,,,,,,,,lead,False,2019-04-09,关于2019年3月份生猪销售情况简报,https://static.cninfo.com.cn/finalpage/2019-04-09/1205999449.PDF
002157,正邦科技,2019-04,1,57.51,,,,,,9.31,,,,,,,,lead,False,2019-05-09,关于2019年4月份生猪销售情况简报（更新后）,https://static.cninfo.com.cn/finalpage/2019-05-09/1206244201.PDF
002157,正邦科技,2019-05,1,41.13,,,,,,7.67,,,,,,,,lead,False,2019-06-05,关于2019年5月份生猪销售情况简报,https://static.cninfo.com.cn/finalpage/2019-06-05/1206333034.PDF
002157,正邦科技,2019-06,1,41.96,,,,,,7.27,,,,,,,,lead,False,2019-07-10,关于2019年6月份生猪销售情况简报,https://static.cninfo.com.cn/finalpage/2019-07-10/1206434667.PDF
002157,正邦科技,2019-07,1,55.9,,,,,,9.01,,,,,,,,lead,False,2019-08-07,关于2019年7月份生猪销售情况简报,https://static.cninfo.com.cn/finalpage/2019-08-07/1206502016.PDF
002157,正邦科技,2019-08,1,32.17,,,,,,6.1,,,,,,,,lead,False,2019-09-09,关于2019年8月份生猪销售情况简报,https://static.cninfo.com.cn/finalpage/2019-09-09/1206910109.PDF
002157,正邦科技,2019-09,1,52.21,,,,,,12.88,,,,,,,,lead,False,2019-10-10,关于2019年9月份生猪销售情况简报,https://static.cninfo.com.cn/finalpage/2019-10-10/1206969501.PDF
002157,正邦科技,2019-10,1,31.41,,,,,,11.71,34.02,,,,,,,lead,False,2019-11-07,关于2019年10月份生猪销售情况简报,https://static.cninfo.com.cn/finalpage/2019-11-07/1207070527.PDF
002157,正邦科技,2019-11,1,35.53,,,,,,10.44,30.5,115.28,,,,,,lead,False,2019-12-04,关于2019年11月份生猪销售情况简报,https://static.cninfo.com.cn/finalpage/2019-12-04/1207134041.PDF
002157,正邦科技,2019-12,1,61.83,,,,,,18.54,30.12,110.98,,,,,,lead,False,2020-01-08,关于2019年12月份生猪销售情况简报,https://static.cninfo.com.cn/finalpage/2020-01-08/1207233261.PDF
002157,正邦科技,2020-01,1,29.97,,,,,,11.16,33.82,112.44,,,,,,lead,False,2020-02-10,关于2020年1月份生猪销售情况简报,https://static.cninfo.com.cn/finalpage/2020-02-10/1207298693.PDF
002157,正邦科技,2020-02,1,34.27,,,0.19,,,15.56,37.02,123.09,,,,,,lead,False,2020-03-05,关于2020年2月份生猪销售情况简报,https://static.cninfo.com.cn/finalpage/2020-03-05/1207345190.PDF
002157,正邦科技,2020-03,1,40.58,,,0.95,,,17.74,34.9,127.62,,,,,,lead,False,2020-04-07,关于2020年3月份生猪销售情况简报,https://static.cninfo.com.cn/finalpage/2020-04-07/1207459022.PDF
002157,正邦科技,2020-04,1,48.68,,,3.7,,,21.17,33.45,135.78,,,,,,lead,False,2020-05-08,关于2020年4月份生猪销售情况简报,https://static.cninfo.com.cn/finalpage/2020-05-08/1207713397.PDF
002157,正邦科技,2020-05,1,49.62,,,8.27,,,18.26,29.86,136.84,,,,,,lead,False,2020-06-05,关于2020年5月份生猪销售情况简报,https://static.cninfo.com.cn/finalpage/2020-06-05/1207897790.PDF
002157,正邦科技,2020-06,1,69.41,,,22.85,,,23.23,33.5,124.99,,,,,,lead,False,2020-07-07,关于2020年6月份生猪销售情况简报,https://static.cninfo.com.cn/finalpage/2020-07-07/1208008001.PDF
002157,正邦科技,2020-07,1,91.18,,,38.79,,,31.29,36.62,126.45,,,,,,lead,False,2020-08-06,关于2020年7月份生猪销售情况简报,https://static.cninfo.com.cn/finalpage/2020-08-06/1208129313.PDF
002157,正邦科技,2020-08,1,107.12,,,40.92,,,38.7,36.3,131.43,,,,,,lead,False,2020-09-07,关于2020年8月份生猪销售情况简报,https://static.cninfo.com.cn/finalpage/2020-09-07/1208401807.PDF
002157,正邦科技,2020-09,1,121.64,,,25.15,,,49.96,34.29,139.53,,,,,,lead,False,2020-10-10,关于2020年9月份生猪销售情况简报,https://static.cninfo.com.cn/finalpage/2020-10-10/1208531526.PDF
002157,正邦科技,2020-10,1,123.75,,,25.9,,,44.14,30.23,139.02,,,,,,lead,False,2020-11-07,关于2020年10月份生猪销售情况简报,https://static.cninfo.com.cn/finalpage/2020-11-07/1208707148.PDF
002157,正邦科技,2020-11,1,105.52,,,12.4,,,38.3,28.65,139.55,,,,,,lead,False,2020-12-08,关于2020年11月份生猪销售情况简报,https://static.cninfo.com.cn/finalpage/2020-12-08/1208863910.PDF
002157,正邦科技,2020-12,1,134.21,,,51.14,,,38.83,31.61,127.59,,,,,,lead,False,2021-01-08,关于2020年12月份生猪销售情况简报,https://static.cninfo.com.cn/finalpage/2021-01-08/1209063527.PDF
002157,正邦科技,2021-01,1,78.67,,,7.43,,,31.21,32.65,129.82,,,,,,lead,False,2021-02-08,关于2021年1月份生猪销售情况简报的公告,https://static.cninfo.com.cn/finalpage/2021-02-08/1209256242.PDF
002157,正邦科技,2021-02,1,75.36,,,23.66,,,20.38,25.51,127.44,,,,,,lead,False,2021-03-09,关于2021年2月份生猪销售情况简报的公告,https://static.cninfo.com.cn/finalpage/2021-03-09/1209352948.PDF
002157,正邦科技,2021-03,1,103.82,,,25.68,,,28.46,24.86,126.15,,,,,,lead,False,2021-04-08,关于2021年3月份生猪销售情况简报的公告,https://static.cninfo.com.cn/finalpage/2021-04-08/1209648969.PDF
002157,正邦科技,2021-04,1,118.44,,,18.59,,,30.35,21.36,131.27,,,,,,lead,False,2021-05-08,关于2021年4月份生猪销售情况简报的公告,https://static.cninfo.com.cn/finalpage/2021-05-08/1209938271.PDF
002157,正邦科技,2021-05,1,164.84,,,25.67,,,36.5,17.52,140.52,,,,,,lead,False,2021-06-09,关于2021年5月份生猪销售情况简报的公告,https://static.cninfo.com.cn/finalpage/2021-06-09/1210197629.PDF
002157,正邦科技,2021-06,1,158.53,,,3.78,,,30.5,13.66,143.61,,,,,,lead,False,2021-07-08,关于2021年6月份生猪销售情况简报的公告,https://static.cninfo.com.cn/finalpage/2021-07-08/1210437770.PDF
002157,正邦科技,2021-07,1,175.11,,,5.2,,,33.02,14.08,137.4,,,,,,lead,False,2021-08-07,关于2021年7月份生猪销售情况简报的公告,https://static.cninfo.com.cn/finalpage/2021-08-07/1210687376.PDF
002157,正邦科技,2021-08,1,171.16,,,2.58,,,28.58,14.02,120.67,,,,,,lead,False,2021-09-08,关于2021年8月份生猪销售情况简报的公告,https://static.cninfo.com.cn/finalpage/2021-09-08/1210982463.PDF
002157,正邦科技,2021-09,1,137.6,,,2.72,,,17.41,11.72,109.9,,,,,,lead,False,2021-10-09,关于2021年9月份生猪销售情况简报的公告,https://static.cninfo.com.cn/finalpage/2021-10-09/1211218038.PDF
002157,正邦科技,2021-10,1,128.23,,,6.03,,,14.34,10.66,109.76,,,,,,lead,False,2021-11-09,关于2021年10月份生猪销售情况简报的公告,https://static.cninfo.com.cn/finalpage/2021-11-09/1211530059.PDF
002157,正邦科技,2021-11,1,100.38,,,11.3,,,13.48,14.86,100.73,,,,,,lead,False,2021-12-08,关于2021年11月份生猪销售情况简报的公告,https://static.cninfo.com.cn/finalpage/2021-12-08/1211835500.PDF
002157,正邦科技,2021-12,1,80.52,,,3.04,,,12.91,15.17,109.33,,,,,,lead,False,2022-01-08,关于2021年12月份生猪销售情况简报的公告,https://static.cninfo.com.cn/finalpage/2022-01-08/1212121368.PDF
002157,正邦科技,2022-01,1,95.87,,,6.98,,,12.19,12.92,105.13,,,,,,lead,False,2022-02-12,关于2022年1月份生猪销售情况简报的公告,https://static.cninfo.com.cn/finalpage/2022-02-12/1212351219.PDF
002157,正邦科技,2022-02,1,50.02,,,3.79,,,5.82,11.67,106.57,,,,,,lead,False,2022-03-12,关于2022年2月份生猪销售情况简报的公告,https://static.cninfo.com.cn/finalpage/2022-03-12/1212547701.PDF
002157,正邦科技,2022-03,1,96.72,,,15.95,,,9.8,11.3,103.64,,,,,,lead,False,2022-04-09,关于2022年3月份生猪销售情况简报的公告,https://static.cninfo.com.cn/finalpage/2022-04-09/1212854817.PDF
002157,正邦科技,2022-04,1,91.86,,,30.35,,,7.69,12.43,86.96,,,,,,lead,False,2022-05-10,关于2022年4月份生猪销售情况简报的公告,https://static.cninfo.com.cn/finalpage/2022-05-10/1213300696.PDF
002157,正邦科技,2022-05,1,74.97,,,31.24,,,7.0,14.67,86.58,,,,,,lead,False,2022-06-09,关于2022年5月份生猪销售情况简报的公告,https://static.cninfo.com.cn/finalpage/2022-06-09/1213646073.PDF
002157,正邦科技,2022-06,1,75.08,,,32.53,,,6.62,15.77,75.49,,,,,,lead,False,2022-07-09,关于2022年6月份生猪销售情况简报的公告,https://static.cninfo.com.cn/finalpage/2022-07-09/1213997021.PDF
002157,正邦科技,2022-07,1,88.25,,,61.98,,,7.42,21.08,71.01,,,,,,lead,False,2022-08-09,关于2022年7月份生猪销售情况简报的公告,https://static.cninfo.com.cn/finalpage/2022-08-09/1214251960.PDF
002157,正邦科技,2022-08,1,61.35,,,25.43,,,7.33,21.46,75.66,,,,,,lead,False,2022-09-09,关于2022年8月份生猪销售情况简报的公告,https://static.cninfo.com.cn/finalpage/2022-09-09/1214567933.PDF
002157,正邦科技,2022-09,1,67.95,,,47.46,,,6.89,21.7,98.48,,,,,,lead,False,2022-10-11,关于2022年9月份生猪销售情况简报的公告,https://static.cninfo.com.cn/finalpage/2022-10-11/1214740496.PDF
002157,正邦科技,2022-10,1,64.3,,,49.36,,,6.96,25.27,111.47,,,,,,lead,False,2022-11-09,关于2022年10月份生猪销售情况简报的公告,https://static.cninfo.com.cn/finalpage/2022-11-09/1215051987.PDF
002157,正邦科技,2022-11,1,29.58,,,14.63,,,5.14,22.95,125.62,,,,,,lead,False,2022-12-09,关于2022年11月份生猪销售情况简报的公告,https://static.cninfo.com.cn/finalpage/2022-12-09/1215304681.PDF
002157,正邦科技,2022-12,1,48.71,,,27.86,,,6.67,18.86,136.67,,,,,,lead,False,2023-01-10,关于2022年12月份生猪销售情况简报的公告,https://static.cninfo.com.cn/finalpage/2023-01-10/1215556425.PDF
002157,正邦科技,2023-01,1,56.5,,,32.0,,,5.35,13.54,117.94,,,,,,lead,False,2023-02-09,关于2023年1月份生猪销售情况简报的公告,https://static.cninfo.com.cn/finalpage/2023-02-09/1215803223.PDF
002157,正邦科技,2023-02,1,67.4,,,46.7,,,5.15,14.24,108.54,,,,,,lead,False,2023-03-25,关于2023年2月份生猪销售情况简报的公告,https://static.cninfo.com.cn/finalpage/2023-03-25/1216218615.PDF
002157,正邦科技,2023-03,1,48.72,,,24.66,,,5.45,14.82,116.87,,,,,,lead,False,2023-04-08,关于2023年3月份生猪销售情况简报的公告,https://static.cninfo.com.cn/finalpage/2023-04-08/1216355003.PDF
002157,*ST 正邦,2023-04,1,56.79,,,34.53,,,5.4,13.8,119.08,,,,,,lead,False,2023-05-10,关于2023年4月份生猪销售情况简报的公告,https://static.cninfo.com.cn/finalpage/2023-05-10/1216780975.PDF
002157,*ST 正邦,2023-05,1,41.96,,,23.83,,,4.24,13.9,122.09,,,,,,lead,False,2023-06-09,关于2023年5月份生猪销售情况简报的公告,https://static.cninfo.com.cn/finalpage/2023-06-09/1217022127.PDF
002157,*ST 正邦,2023-06,1,27.53,,,12.63,,,3.07,13.75,123.09,,,,,,lead,False,2023-07-08,关于2023年6月份生猪销售情况简报的公告,https://static.cninfo.com.cn/finalpage/2023-07-08/1217236923.PDF
002157,*ST 正邦,2023-07,1,32.52,,,17.01,,,3.21,13.71,122.82,,,,,,lead,False,2023-08-10,关于2023年7月份生猪销售情况简报的公告,https://static.cninfo.com.cn/finalpage/2023-08-10/1217500541.PDF
002157,*ST 正邦,2023-08,1,49.01,,,35.06,,,3.79,15.99,118.65,,,,,,lead,False,2023-09-09,关于2023年8月份生猪销售情况简报的公告,https://static.cninfo.com.cn/finalpage/2023-09-09/1217813938.PDF
002157,*ST 正邦,2023-09,1,33.3,,,12.32,,,2.53,14.74,110.74,,,,,,lead,False,2023-10-10,关于2023年9月份生猪销售情况简报的公告,https://static.cninfo.com.cn/finalpage/2023-10-10/1217996874.PDF
002157,*ST 正邦,2023-10,1,47.92,,,33.13,,,2.89,13.74,118.57,,,,,,lead,False,2023-11-09,关于2023年10月份生猪销售情况简报的公告,https://static.cninfo.com.cn/finalpage/2023-11-09/1218282657.PDF
002157,*ST 正邦,2023-11,1,40.44,,,25.62,,,3.07,13.72,131.29,,,,,,lead,False,2023-12-09,关于2023年11月份生猪销售情况简报的公告,https://static.cninfo.com.cn/finalpage/2023-12-09/1218562192.PDF
002157,*ST 正邦,2023-12,1,45.76,,,28.34,,,3.48,12.69,129.43,,,,,,lead,False,2024-01-09,关于2023年12月份生猪销售情况简报的公告,https://static.cninfo.com.cn/finalpage/2024-01-09/1218832174.PDF
002157,*ST 正邦,2024-01,1,42.98,,,24.13,,,3.94,13.51,132.7,,,,,,lead,False,2024-02-08,关于2024年1月份生猪销售情况简报的公告,https://static.cninfo.com.cn/finalpage/2024-02-08/1219120891.PDF
002157,*ST 正邦,2024-02,1,22.08,,,14.0,,,1.94,13.26,130.61,,,,,,lead,False,2024-03-12,关于2024年2月份生猪销售情况简报的公告,https://static.cninfo.com.cn/finalpage/2024-03-12/1219286550.PDF
002157,*ST 正邦,2024-03,1,27.21,,,17.18,,,2.65,13.88,133.32,,,,,,lead,False,2024-04-09,关于2024年3月份生猪销售情况简报的公告,https://static.cninfo.com.cn/finalpage/2024-04-09/1219536344.PDF
002157,*ST 正邦,2024-04,1,18.15,,,5.45,,,2.69,13.79,136.02,,,,,,lead,False,2024-05-09,关于2024年4月份生猪销售情况简报的公告,https://static.cninfo.com.cn/finalpage/2024-05-09/1220010484.PDF
002157,*ST 正邦,2024-05,1,24.75,,,13.13,,,2.96,15.05,129.51,,,,,,lead,False,2024-06-08,关于2024年5月份生猪销售情况简报的公告,https://static.cninfo.com.cn/finalpage/2024-06-08/1220302939.PDF
002157,正邦科技,2024-06,1,23.75,,,14.0,,,3.2,17.63,132.46,,,,,,lead,False,2024-07-10,关于2024年6月份生猪销售情况简报的公告,https://static.cninfo.com.cn/finalpage/2024-07-10/1220588633.PDF
002157,正邦科技,2024-07,1,22.99,,,9.29,,,3.87,18.5,134.82,,,,,,lead,False,2024-08-09,关于2024年7月份生猪销售情况简报的公告,https://static.cninfo.com.cn/finalpage/2024-08-09/1220823116.PDF
002157,正邦科技,2024-08,1,27.7,,,12.62,,,4.56,19.72,131.84,,,,,,lead,False,2024-09-07,关于2024年8月份生猪销售情况简报的公告,https://static.cninfo.com.cn/finalpage/2024-09-07/1221159262.PDF
002157,正邦科技,2024-09,1,38.08,,,20.6,,,5.13,18.62,133.72,,,,,,lead,False,2024-10-09,关于2024年9月份生猪销售情况简报的公告,https://static.cninfo.com.cn/finalpage/2024-10-09/1221341086.PDF
002157,正邦科技,2024-10,1,54.36,,,28.12,,,7.38,17.7,137.58,,,,,,lead,False,2024-11-08,关于2024年10月份生猪销售情况简报,https://static.cninfo.com.cn/finalpage/2024-11-08/1221648601.PDF
002157,正邦科技,2024-11,1,53.26,,,25.29,,,7.63,16.52,138.98,,,,,,lead,False,2024-12-10,关于2024年11月份生猪销售情况简报,https://static.cninfo.com.cn/finalpage/2024-12-10/1221964308.PDF
002157,正邦科技,2024-12,1,59.37,,,31.39,,,7.27,15.96,132.71,,,,,,lead,False,2025-01-09,关于2024年12月份生猪销售情况简报,https://static.cninfo.com.cn/finalpage/2025-01-09/1222268511.PDF
002157,正邦科技,2025-01,1,57.14,,,29.94,,,6.82,15.34,129.47,,,,,,lead,False,2025-02-08,关于2025年1月份生猪销售情况简报,https://static.cninfo.com.cn/finalpage/2025-02-08/1222483606.PDF
002157,正邦科技,2025-02,1,45.07,,,28.77,,,4.63,14.35,131.61,,,,,,lead,False,2025-03-08,关于2025年2月份生猪销售情况简报,https://static.cninfo.com.cn/finalpage/2025-03-08/1222742262.PDF
002157,正邦科技,2025-03,1,62.56,,,37.13,,,6.89,14.76,130.28,,,,,,lead,False,2025-04-10,关于2025年3月份生猪销售情况简报,https://static.cninfo.com.cn/finalpage/2025-04-10/1223042119.PDF
002157,正邦科技,2025-04,1,60.98,,,32.37,,,7.38,14.44,132.78,,,,,,lead,False,2025-05-09,关于2025年4月份生猪销售情况简报,https://static.cninfo.com.cn/finalpage/2025-05-09/1223494606.PDF
002157,正邦科技,2025-05,1,63.86,,,36.91,,,7.31,14.4,134.87,,,,,,lead,False,2025-06-10,关于2025年5月份生猪销售情况简报,https://static.cninfo.com.cn/finalpage/2025-06-10/1223823873.PDF
002157,正邦科技,2025-06,1,68.05,,,35.48,,,7.75,14.05,,,,,,,lead,False,2025-07-11,关于2025年6月份生猪销售情况简报,https://static.cninfo.com.cn/finalpage/2025-07-11/1224129970.PDF
002157,正邦科技,2025-07,1,69.52,,,40.54,,,7.41,14.31,,,,,,,lead,False,2025-08-09,关于2025年7月份生猪销售情况简报,https://static.cninfo.com.cn/finalpage/2025-08-09/1224440380.PDF
002157,正邦科技,2025-08,1,66.97,,,40.73,,,6.39,13.75,,,,,,,lead,False,2025-09-09,关于2025年8月份生猪销售情况简报,https://static.cninfo.com.cn/finalpage/2025-09-09/1224644926.PDF
002157,正邦科技,2025-09,1,79.07,,,46.16,,,6.83,12.75,,,,,,,lead,False,2025-10-10,关于2025年9月份生猪销售情况简报,https://static.cninfo.com.cn/finalpage/2025-10-10/1224701971.PDF
002157,正邦科技,2025-10,1,90.78,,,52.09,,,6.83,11.28,,,,,,,lead,False,2025-11-08,关于2025年10月份生猪销售情况简报,https://static.cninfo.com.cn/finalpage/2025-11-08/1224792232.PDF
002157,正邦科技,2025-11,1,86.83,,,46.75,,,7.41,11.56,,,,,,,lead,False,2025-12-10,关于2025年11月份生猪销售情况简报,https://static.cninfo.com.cn/finalpage/2025-12-10/1224860926.PDF
002157,正邦科技,2025-12,1,102.86,,,53.0,,,9.14,11.7,,,,,,,lead,False,2026-01-09,关于2025年12月份生猪销售情况简报,https://static.cninfo.com.cn/finalpage/2026-01-09/1224925255.PDF
002157,正邦科技,2026-01,1,92.75,,,53.05,,,8.16,12.45,,,,,,,lead,False,2026-02-10,关于2026年1月份生猪销售情况简报,https://static.cninfo.com.cn/finalpage/2026-02-10/1224972567.PDF
002157,正邦科技,2026-02,1,75.73,,,,,,5.54,11.57,,,,,,,lead,False,2026-03-10,关于2026年2月份生猪销售情况简报,https://static.cninfo.com.cn/finalpage/2026-03-10/1225000829.PDF
002157,正邦科技,2026-03,1,93.64,,,,,,7.18,10.38,,,,,,,lead,False,2026-04-09,关于2026年3月份生猪销售情况简报,https://static.cninfo.com.cn/finalpage/2026-04-09/1225084275.PDF
002157,正邦科技,2026-04,1,104.43,,,,,,6.49,9.26,,,,,,,lead,False,2026-05-09,关于2026年4月份生猪销售情况简报,https://static.cninfo.com.cn/finalpage/2026-05-09/1225284508.PDF
002157,正邦科技,2026-05,1,96.38,,,,,,7.32,10.01,,,,,,,lead,False,2026-06-09,关于2026年5月份生猪销售情况简报,https://static.cninfo.com.cn/finalpage/2026-06-09/1225357134.PDF
002157,正邦科技,2026-06,1,95.27,,,,,,6.25,9.68,,,,,,,lead,False,2026-07-09,关于2026年6月份生猪销售情况简报,https://static.cninfo.com.cn/finalpage/2026-07-09/1225414889.PDF
002157,正邦科技,2026-07,1,81.76,,,,,,5.87,10.78,,,,,,,lead,False,2026-08-08,关于2026年7月份生猪销售情况简报,https://static.cninfo.com.cn/finalpage/2026-08-08/1225463075.PDF
002157,正邦科技,2026-08,1,86.79,,,,,,5.94,11.14,,,,,,,lead,False,2026-09-09,关于2026年8月份生猪销售情况简报,https://static.cninfo.com.cn/finalpage/2026-09-09/1225553780.PDF
002385,大北农,2019-05,1,14.03,,,,,,2.23,,,,,,,,lead,False,2019-06-06,2019年5月份生猪销售情况简报,https://static.cninfo.com.cn/finalpage/2019-06-06/1206336940.PDF
002385,大北农,2019-06,1,13.4,,,,,,2.09,,,,,,,,lead,False,2019-07-04,2019年6月份生猪销售情况简报,https://static.cninfo.com.cn/finalpage/2019-07-04/1206424776.PDF
002385,大北农,2019-07,1,15.0,,,,,,2.54,,,,,,,,lead,False,2019-08-06,2019年7月份生猪销售情况简报,https://static.cninfo.com.cn/finalpage/2019-08-06/1206498980.PDF
002385,大北农,2019-08,1,11.53,,,,,,2.56,,,,,,,,lead,False,2019-09-06,2019年8月份生猪销售情况简报,https://static.cninfo.com.cn/finalpage/2019-09-06/1206903819.PDF
002385,大北农,2019-09,1,10.68,,,,,,3.08,,,,,,,,lead,False,2019-10-10,2019年9月份生猪销售情况简报,https://static.cninfo.com.cn/finalpage/2019-10-10/1206969875.PDF
002385,大北农,2019-10,1,9.77,,,,,,3.42,,,,,,,,lead,False,2019-11-07,2019年10月份生猪销售情况简报,https://static.cninfo.com.cn/finalpage/2019-11-07/1207072920.PDF
002385,大北农,2019-11,1,7.7,,,,,,3.09,31.74,132.1,,,,,,lead,False,2019-12-07,2019年11月份生猪销售情况简报,https://static.cninfo.com.cn/finalpage/2019-12-07/1207144217.PDF
002385,大北农,2019-12,1,12.92,,,,,,5.7,33.81,144.88,,,,,,lead,False,2020-01-10,2019年12月份生猪销售情况简报,https://static.cninfo.com.cn/finalpage/2020-01-10/1207238320.PDF
002385,大北农,2020-01,1,8.72,,,,,,3.83,35.39,130.81,,,,,,lead,False,2020-02-11,2020年1月份生猪销售情况简报,https://static.cninfo.com.cn/finalpage/2020-02-11/1207299821.PDF
002385,大北农,2020-02,1,6.35,,,,,,2.88,37.82,136.68,,,,,,lead,False,2020-03-10,2020年02月份生猪销售情况简报,https://static.cninfo.com.cn/finalpage/2020-03-10/1207355759.PDF
002385,大北农,2020-03,1,8.87,,,,,,4.13,34.64,136.89,,,,,,lead,False,2020-04-08,2020年03月份生猪销售情况简报,https://static.cninfo.com.cn/finalpage/2020-04-08/1207462169.PDF
002385,大北农,2020-04,1,10.43,,,,,,4.51,31.69,137.41,,,,,,lead,False,2020-05-11,2020年04月份生猪销售情况简报,https://static.cninfo.com.cn/finalpage/2020-05-11/1207728743.PDF
002385,大北农,2020-05,1,13.43,,,,,,4.71,28.33,137.88,,,,,,lead,False,2020-06-10,2020年5月份生猪销售情况简报,https://static.cninfo.com.cn/finalpage/2020-06-10/1207911159.PDF
002385,大北农,2020-06,1,16.86,,,,,,6.53,32.55,136.35,,,,,,lead,False,2020-07-08,2020年6月份生猪销售情况简报,https://static.cninfo.com.cn/finalpage/2020-07-08/1208011834.PDF
002385,大北农,2020-07,1,15.22,,,,,,6.42,36.58,131.21,,,,,,lead,False,2020-08-07,2020年07月份生猪销售情况简报,https://static.cninfo.com.cn/finalpage/2020-08-07/1208134365.PDF
002385,大北农,2020-08,1,12.62,,,,,,5.06,36.4,129.46,,,,,,lead,False,2020-09-10,2020年8月份生猪销售情况简报,https://static.cninfo.com.cn/finalpage/2020-09-10/1208419386.PDF
002385,大北农,2020-09,1,17.98,,,,,,6.59,33.93,128.63,,,,,,lead,False,2020-10-13,2020年9月份生猪销售情况简报,https://static.cninfo.com.cn/finalpage/2020-10-13/1208538542.PDF
002385,大北农,2020-10,1,17.54,,,,,,5.82,28.92,134.12,,,,,,lead,False,2020-11-10,2020年10月份生猪销售情况简报,https://static.cninfo.com.cn/finalpage/2020-11-10/1208714212.PDF
002385,大北农,2020-11,1,23.77,,,,,,7.78,29.28,134.91,,,,,,lead,False,2020-12-11,2020年11月份生猪销售情况简报,https://static.cninfo.com.cn/finalpage/2020-12-11/1208886248.PDF
002385,大北农,2020-12,1,33.25,,,,,,12.01,33.09,129.19,,,,,,lead,False,2021-01-12,2020年12月份生猪销售情况简报,https://static.cninfo.com.cn/finalpage/2021-01-12/1209084459.PDF
002385,大北农,2021-01,1,30.59,,,,,,11.87,33.27,124.82,,,,,,lead,False,2021-02-08,2021年1月份生猪销售情况简报,https://static.cninfo.com.cn/finalpage/2021-02-08/1209256318.PDF
002385,大北农,2021-02,1,17.25,,,,,,4.81,25.23,115.37,,,,,,lead,False,2021-03-11,2021年2月份生猪销售情况简报,https://static.cninfo.com.cn/finalpage/2021-03-11/1209365108.PDF
002385,大北农,2021-03,1,28.2,,,,,,8.29,25.21,124.18,,,,,,lead,False,2021-04-13,2021年03月份生猪销售情况简报,https://static.cninfo.com.cn/finalpage/2021-04-13/1209674027.PDF
002385,大北农,2021-04,1,29.58,,,,,,7.75,20.98,132.7,,,,,,lead,False,2021-05-11,2021年4月份生猪销售情况简报,https://static.cninfo.com.cn/finalpage/2021-05-11/1209948817.PDF
002385,大北农,2021-05,1,32.28,,,,,,7.4,17.59,136.53,,,,,,lead,False,2021-06-09,2021年5月份生猪销售情况简报,https://static.cninfo.com.cn/finalpage/2021-06-09/1210197357.PDF
002385,大北农,2021-06,1,28.44,,,,,,4.94,13.67,136.82,,,,,,lead,False,2021-07-09,2021年6月份生猪销售情况简报,https://static.cninfo.com.cn/finalpage/2021-07-09/1210441893.PDF
002385,大北农,2021-07,1,46.02,,,,,,8.29,15.14,131.45,,,,,,lead,False,2021-08-12,2021年7月份生猪销售情况简报,https://static.cninfo.com.cn/finalpage/2021-08-12/1210726457.PDF
002385,大北农,2021-08,1,40.1,,,,,,6.52,14.3,124.45,,,,,,lead,True,2021-09-11,2021年8月份生猪销售情况简报,https://static.cninfo.com.cn/finalpage/2021-09-11/1211007667.PDF
002385,大北农,2021-09,1,42.41,,,,,,5.72,12.08,123.68,,,,,,lead,True,2021-10-12,2021年9月份生猪销售情况简报,https://static.cninfo.com.cn/finalpage/2021-10-12/1211236580.PDF
002385,大北农,2021-10,1,45.15,,,,,,5.72,12.56,120.79,,,,,,lead,True,2021-11-09,2021年10月份生猪销售情况简报,https://static.cninfo.com.cn/finalpage/2021-11-09/1211529754.PDF
002385,大北农,2021-11,1,45.41,,,,,,7.78,16.65,120.04,,,,,,lead,True,2021-12-10,2021年11月份生猪销售情况简报,https://static.cninfo.com.cn/finalpage/2021-12-10/1211864910.PDF
002385,大北农,2021-12,1,45.35,,,,,,7.97,15.79,118.13,,,,,,lead,True,2022-01-05,2021年12月份生猪销售情况简报,https://static.cninfo.com.cn/finalpage/2022-01-05/1212095144.PDF
002385,大北农,2022-01,1,41.65,,,,,,6.08,13.6,113.22,,,,,,lead,True,2022-02-15,2022年1月份生猪销售情况简报,https://static.cninfo.com.cn/finalpage/2022-02-15/1212363241.PDF
002385,大北农,2022-02,1,28.1,,,,,,3.68,11.96,115.42,,,,,,lead,True,2022-03-10,2022年2月份生猪销售情况简报,https://static.cninfo.com.cn/finalpage/2022-03-10/1212533278.PDF
002385,大北农,2022-03,1,37.39,,,,,,4.78,11.67,113.87,,,,,,lead,True,2022-04-12,2022年3月份生猪销售情况简报,https://static.cninfo.com.cn/finalpage/2022-04-12/1212883434.PDF
002385,大北农,2022-04,1,34.56,,,,,,4.63,12.68,113.15,,,,,,lead,True,2022-05-07,2022年4月份生猪销售情况简报,https://static.cninfo.com.cn/finalpage/2022-05-07/1213288943.PDF
002385,大北农,2022-05,1,28.04,,,,,,4.81,15.41,116.24,,,,,,lead,True,2022-06-07,2022年5月份生猪销售情况简报,https://static.cninfo.com.cn/finalpage/2022-06-07/1213622367.PDF
002385,大北农,2022-06,1,28.58,,,,,,5.27,16.73,118.94,,,,,,lead,True,2022-07-08,2022年6月份生猪销售情况简报,https://static.cninfo.com.cn/finalpage/2022-07-08/1213985703.PDF
002385,大北农,2022-07,1,27.03,,,,,,6.31,21.5,120.69,,,,,,lead,True,2022-08-04,2022年7月份生猪销售情况简报,https://static.cninfo.com.cn/finalpage/2022-08-04/1214213123.PDF
002385,大北农,2022-08,1,20.15,,,,,13.88,4.7,21.46,120.74,,,,,仅控股公司；参股另列,lead,False,2022-09-08,2022年8月份生猪销售情况简报,https://static.cninfo.com.cn/finalpage/2022-09-08/1214556149.PDF
002385,大北农,2022-09,1,24.07,,,,,16.97,6.22,23.64,122.59,,,,,仅控股公司；参股另列,lead,False,2022-10-10,2022年9月份生猪销售情况简报,https://static.cninfo.com.cn/finalpage/2022-10-10/1214732421.PDF
002385,大北农,2022-10,1,20.69,,,,,17.25,6.27,26.69,127.12,,,,,仅控股公司；参股另列,lead,False,2022-11-09,2022年10月份生猪销售情况简报,https://static.cninfo.com.cn/finalpage/2022-11-09/1215051926.PDF
002385,大北农,2022-11,1,27.61,,,,,21.84,8.21,23.99,132.57,,,,,仅控股公司；参股另列,lead,False,2022-12-06,2022年11月份生猪销售情况简报,https://static.cninfo.com.cn/finalpage/2022-12-06/1215282854.PDF
002385,大北农,2022-12,1,28.89,,,,,26.42,6.99,19.73,130.7,,,,,仅控股公司；参股另列,lead,False,2023-01-09,2022年12月份生猪销售情况简报,https://static.cninfo.com.cn/finalpage/2023-01-09/1215551390.PDF
002385,大北农,2023-01,1,27.68,,,,,21.73,4.74,14.41,122.56,,,,,仅控股公司；参股另列,lead,False,2023-02-07,2023年1月份生猪销售情况简报,https://static.cninfo.com.cn/finalpage/2023-02-07/1215778496.PDF
002385,大北农,2023-02,1,31.83,,,,,17.24,4.75,14.38,117.11,,,,,仅控股公司；参股另列,lead,False,2023-03-25,2023年2月份生猪销售情况简报,https://static.cninfo.com.cn/finalpage/2023-03-25/1216218961.PDF
002385,大北农,2023-03,1,28.71,,,,,16.57,4.6,14.8,113.39,,,,,仅控股公司；参股另列,lead,False,2023-04-13,2023年3月份生猪销售情况简报,https://static.cninfo.com.cn/finalpage/2023-04-13/1216391057.PDF
002385,大北农,2023-04,1,31.22,,,,,18.42,5.0,14.18,119.67,,,,,仅控股公司；参股另列,lead,False,2023-05-06,2023年4月份生猪销售情况简报,https://static.cninfo.com.cn/finalpage/2023-05-06/1216760027.PDF
002385,大北农,2023-05,1,27.21,,,,,18.15,4.4,14.11,122.66,,,,,仅控股公司；参股另列,lead,False,2023-06-07,2023年5月份生猪销售情况简报,https://static.cninfo.com.cn/finalpage/2023-06-07/1217002403.PDF
002385,大北农,2023-06,1,25.87,,,,,13.37,4.0,14.0,119.0,,,,,仅控股公司；参股另列,lead,False,2023-07-07,2023年6月份生猪销售情况简报,https://static.cninfo.com.cn/finalpage/2023-07-07/1217226715.PDF
002385,大北农,2023-07,1,27.15,,,,,16.0,4.03,13.98,114.93,,,,,仅控股公司；参股另列,lead,False,2023-08-08,2023年7月份生猪销售情况简报,https://static.cninfo.com.cn/finalpage/2023-08-08/1217478166.PDF
002385,大北农,2023-08,1,29.17,,,,,15.91,4.7,16.42,111.18,,,,,仅控股公司；参股另列,lead,False,2023-09-07,2023年8月份生猪销售情况简报,https://static.cninfo.com.cn/finalpage/2023-09-07/1217795724.PDF
002385,大北农,2023-09,1,31.17,,,,,18.64,5.26,15.87,116.16,,,,,仅控股公司；参股另列,lead,False,2023-10-09,2023年9月份生猪销售情况简报,https://static.cninfo.com.cn/finalpage/2023-10-09/1217994671.PDF
002385,大北农,2023-10,1,29.09,,,,,18.23,4.52,14.9,119.55,,,,,仅控股公司；参股另列,lead,False,2023-11-07,2023年10月份生猪销售情况简报,https://static.cninfo.com.cn/finalpage/2023-11-07/1218269192.PDF
002385,大北农,2023-11,1,39.62,,,,,29.74,5.65,13.95,116.65,,,,,仅控股公司；参股另列,lead,False,2023-12-08,2023年11月份生猪销售情况简报,https://static.cninfo.com.cn/finalpage/2023-12-08/1218548037.PDF
002385,大北农,2023-12,1,37.34,,,,,34.8,5.32,13.57,117.44,,,,,仅控股公司；参股另列,lead,False,2024-01-05,2023年12月份生猪销售情况简报,https://static.cninfo.com.cn/finalpage/2024-01-05/1218807767.PDF
002385,大北农,2024-01,1,37.07,,,,,26.42,5.06,13.66,113.41,,,,,仅控股公司；参股另列,lead,False,2024-02-06,2024年1月份生猪销售情况简报,https://static.cninfo.com.cn/finalpage/2024-02-06/1219096060.PDF
002385,大北农,2024-02,1,19.24,,,,,13.43,2.69,13.94,113.43,,,,,仅控股公司；参股另列,lead,False,2024-03-07,2024年2月份生猪销售情况简报,https://static.cninfo.com.cn/finalpage/2024-03-07/1219249551.PDF
002385,大北农,2024-03,1,30.14,,,,,18.89,4.52,14.51,121.6,,,,,仅控股公司；参股另列,lead,False,2024-04-09,2024年3月份生猪销售情况简报,https://static.cninfo.com.cn/finalpage/2024-04-09/1219534726.PDF
002385,大北农,2024-04,1,32.14,,,,,19.69,4.97,14.9,120.26,,,,,仅控股公司；参股另列,lead,False,2024-05-08,2024年4月份生猪销售情况简报,https://static.cninfo.com.cn/finalpage/2024-05-08/1219994940.PDF
002385,大北农,2024-05,1,32.74,,,,,19.22,5.35,15.59,123.82,,,,,仅控股公司；参股另列,lead,False,2024-06-08,2024年5月份生猪销售情况简报,https://static.cninfo.com.cn/finalpage/2024-06-08/1220299195.PDF
002385,大北农,2024-06,1,21.36,,,,,14.46,3.92,18.05,124.34,,,,,仅控股公司；参股另列,lead,False,2024-07-06,2024年6月份生猪销售情况简报,https://static.cninfo.com.cn/finalpage/2024-07-06/1220542378.PDF
002385,大北农,2024-07,1,27.34,,,,,19.24,5.45,18.8,126.36,,,,,仅控股公司；参股另列,lead,False,2024-08-07,2024年7月份生猪销售情况简报,https://static.cninfo.com.cn/finalpage/2024-08-07/1220805565.PDF
002385,大北农,2024-08,1,22.88,,,,,18.94,5.24,20.23,127.44,,,,,仅控股公司；参股另列,lead,False,2024-09-07,2024年8月份生猪销售情况简报,https://static.cninfo.com.cn/finalpage/2024-09-07/1221159002.PDF
002385,大北农,2024-09,1,28.08,,,,,26.34,5.77,18.67,129.03,,,,,仅控股公司；参股另列,lead,False,2024-10-08,2024年9月份生猪销售情况简报,https://static.cninfo.com.cn/finalpage/2024-10-08/1221339275.PDF
002385,大北农,2024-10,1,31.68,,,,,33.53,5.7,17.48,127.5,,,,,仅控股公司；参股另列,lead,False,2024-11-07,2024年10月份生猪销售情况简报,https://static.cninfo.com.cn/finalpage/2024-11-07/1221639782.PDF
002385,大北农,2024-11,1,37.49,,,,,33.03,6.85,16.41,131.29,,,,,仅控股公司；参股另列,lead,False,2024-12-09,2024年11月份生猪销售情况简报,https://static.cninfo.com.cn/finalpage/2024-12-09/1221959346.PDF
002385,大北农,2024-12,1,38.9,,,,,37.86,7.17,15.74,130.8,,,,,仅控股公司；参股另列,lead,True,2025-01-07,2024年12月份生猪销售情况简报,https://static.cninfo.com.cn/finalpage/2025-01-07/1222245247.PDF
002385,大北农,2025-01,1,38.4,,,,,31.09,6.42,15.34,120.57,,,,,仅控股公司；参股另列,lead,False,2025-02-11,2025年1月份生猪销售情况简报,https://static.cninfo.com.cn/finalpage/2025-02-11/1222502665.PDF
002385,大北农,2025-02,1,28.19,,,,,19.39,4.29,14.72,124.32,,,,,仅控股公司；参股另列,lead,False,2025-03-07,2025年2月份生猪销售情况简报,https://static.cninfo.com.cn/finalpage/2025-03-07/1222731957.PDF
002385,大北农,2025-03,1,38.21,,,,,28.71,6.14,14.43,123.96,,,,,仅控股公司；参股另列,lead,False,2025-04-08,2025年3月份生猪销售情况简报,https://static.cninfo.com.cn/finalpage/2025-04-08/1223021483.PDF
002385,大北农,2025-04,1,33.55,,,,,26.56,5.22,14.58,124.3,,,,,仅控股公司；参股另列,lead,False,2025-05-10,2025年4月份生猪销售情况简报,https://static.cninfo.com.cn/finalpage/2025-05-10/1223511480.PDF
002385,大北农,2025-05,1,38.63,,,,,34.13,6.23,14.36,127.36,,,,,仅控股公司；参股另列,lead,False,2025-06-07,2025年5月份生猪销售情况简报,https://static.cninfo.com.cn/finalpage/2025-06-07/1223800258.PDF
002385,大北农,2025-06,1,37.52,,,,,29.1,5.69,14.05,125.88,,,,,仅控股公司；参股另列,lead,False,2025-07-08,2025年6月份生猪销售情况简报,https://static.cninfo.com.cn/finalpage/2025-07-08/1224089772.PDF
002385,大北农,2025-07,1,29.0,,,,,30.4,4.38,14.5,124.46,,,,,仅控股公司；参股另列,lead,False,2025-08-07,2025年7月份生猪销售情况简报,https://static.cninfo.com.cn/finalpage/2025-08-07/1224413025.PDF
002385,大北农,2025-08,1,35.22,,,,,34.83,5.22,13.67,126.91,,,,,仅控股公司；参股另列,lead,False,2025-09-09,2025年8月份生猪销售情况简报,https://static.cninfo.com.cn/finalpage/2025-09-09/1224643447.PDF
002385,大北农,2025-09,1,37.37,,,,,,5.41,12.91,128.86,,,,,,lead,False,2025-10-11,2025年9月份生猪销售情况简报,https://static.cninfo.com.cn/finalpage/2025-10-11/1224704081.PDF
002385,大北农,2025-10,1,46.0,,,,,,5.79,11.43,,,,,,,lead,False,2025-11-08,2025年10月份生猪销售情况简报,https://static.cninfo.com.cn/finalpage/2025-11-08/1224792986.PDF
002385,大北农,2025-11,1,41.51,,,,,,5.12,11.51,,,,,,,lead,False,2025-12-09,2025年11月份生猪销售情况简报,https://static.cninfo.com.cn/finalpage/2025-12-09/1224856964.PDF
002385,大北农,2025-12,1,46.58,,,,,,6.05,11.33,,,,,,,lead,False,2026-01-10,2025年12月份生猪销售情况简报,https://static.cninfo.com.cn/finalpage/2026-01-10/1224928704.PDF
002385,大北农,2026-01,1,47.12,,,,,,6.12,12.48,,,,,,,lead,True,2026-02-12,2026年1月份生猪销售情况简报,https://static.cninfo.com.cn/finalpage/2026-02-12/1224976834.PDF
002385,大北农,2026-02,1,39.29,,,,,,4.75,11.33,,,,,,,lead,True,2026-03-10,2026年2月份生猪销售情况简报,https://static.cninfo.com.cn/finalpage/2026-03-10/1225001070.PDF
002385,大北农,2026-03,1,48.69,,,,,,5.5,9.87,,,,,,,lead,True,2026-04-08,2026年3月份生猪销售情况简报,https://static.cninfo.com.cn/finalpage/2026-04-08/1225081799.PDF
002385,大北农,2026-04,1,38.21,38.21,,,,,4.27,9.0,,,,,,仅商品肥猪,lead,False,2026-05-12,2026年4月份商品肥猪销售情况简报,https://static.cninfo.com.cn/finalpage/2026-05-12/1225291412.PDF
002385,大北农,2026-05,1,33.68,,,,,,3.96,9.52,,,,,,,lead,False,2026-06-11,2026年5月份生猪销售情况简报,https://static.cninfo.com.cn/finalpage/2026-06-11/1225362163.PDF
002385,大北农,2026-06,1,31.34,31.34,,,,,3.66,9.44,,,,,,仅商品肥猪,lead,False,2026-07-11,2026年6月份商品肥猪销售情况简报,https://static.cninfo.com.cn/finalpage/2026-07-11/1225418498.PDF
002385,大北农,2026-07,1,23.89,23.89,,,,,3.19,11.04,,,,,,仅商品肥猪,lead,False,2026-08-11,2026年7月份商品肥猪销售情况简报,https://static.cninfo.com.cn/finalpage/2026-08-11/1225466076.PDF
002385,大北农,2026-08,1,29.86,29.86,,,,,4.01,10.95,,,,,,仅商品肥猪,lead,False,2026-09-11,2026年8月份商品肥猪销售情况简报,https://static.cninfo.com.cn/finalpage/2026-09-11/1225556812.PDF
002477,雏鹰农牧,2017-12,1,30.39,15.62,,14.35,,,3.56,22.52,,,,,,,lead,False,2018-01-13,2017年12月份销售情况简报,https://static.cninfo.com.cn/finalpage/2018-01-13/1204327435.PDF
002477,雏鹰农牧,2018-02,2,27.11,17.32,,9.62,,,3.57,22.18,,,,,,,lead,False,2018-03-08,2018年1-2月份销售情况简报,https://static.cninfo.com.cn/finalpage/2018-03-08/1204458782.PDF
002477,雏鹰农牧,2018-03,1,29.66,,,9.51,,,3.34,20.06,,,,,,,lead,False,2018-04-10,2018年3月份销售情况简报,https://static.cninfo.com.cn/finalpage/2018-04-10/1204595636.PDF
002477,雏鹰农牧,2018-04,1,19.47,16.2,,3.14,,,2.38,20.54,,,,,,,lead,False,2018-05-09,2018年4月份销售情况简报,https://static.cninfo.com.cn/finalpage/2018-05-09/1204921807.PDF
002477,雏鹰农牧,2018-05,1,18.97,13.38,,4.52,,,2.21,16.41,,,,,,,lead,False,2018-06-07,2018年5月份销售情况简报,https://static.cninfo.com.cn/finalpage/2018-06-07/1205041800.PDF
002477,雏鹰农牧,2018-06,1,22.22,14.32,,7.78,,,2.41,17.74,,,,,,,lead,False,2018-07-11,2018年6月份销售情况简报,https://static.cninfo.com.cn/finalpage/2018-07-11/1205139376.PDF
002477,雏鹰农牧,2018-07,1,21.53,12.86,,8.49,,,2.25,18.95,,,,,,,lead,False,2018-08-08,2018年7月份销售情况简报,https://static.cninfo.com.cn/finalpage/2018-08-08/1205265420.PDF
002477,雏鹰农牧,2018-08,1,20.36,10.91,,9.23,,,1.99,21.22,,,,,,,lead,False,2018-09-07,2018年8月份销售情况简报,https://static.cninfo.com.cn/finalpage/2018-09-07/1205423263.PDF
002477,雏鹰农牧,2018-09,1,12.42,7.93,,4.39,,,1.39,18.29,,,,,,,lead,False,2018-10-11,2018年9月份销售情况简报,https://static.cninfo.com.cn/finalpage/2018-10-11/1205491595.PDF
002477,雏鹰农牧,2018-10,1,12.1,8.03,,3.98,,,1.29,15.29,,,,,,,lead,False,2018-11-08,2018年10月份销售情况简报,https://static.cninfo.com.cn/finalpage/2018-11-08/1205586870.PDF
002477,雏鹰农牧,2018-11,1,14.85,8.8,,5.84,,,1.36,14.29,,,,,,,lead,False,2018-12-07,2018年11月份销售情况简报,https://static.cninfo.com.cn/finalpage/2018-12-07/1205655620.PDF
002477,雏鹰农牧,2018-12,1,28.29,13.09,,15.16,,,1.5,14.77,,,,,,,lead,False,2019-01-11,2018年12月份销售情况简报,https://static.cninfo.com.cn/finalpage/2019-01-11/1205733364.PDF
002477,雏鹰农牧,2019-02,2,25.99,12.44,,13.07,,,1.43,12.82,,,,,,,lead,False,2019-03-09,2019年1-2月份销售情况简报,https://static.cninfo.com.cn/finalpage/2019-03-09/1205889223.PDF
002477,雏鹰农牧,2019-03,1,5.62,,,2.64,,,0.45,26.84,,,,,,,lead,False,2019-04-10,2019年3月份销售情况简报,https://static.cninfo.com.cn/finalpage/2019-04-10/1206002822.PDF
002477,*ST雏鹰,2019-04,1,1.74,1.2,,0.54,,,0.17,25.32,,,,,,,lead,False,2019-05-10,2019年4月份销售情况简报,https://static.cninfo.com.cn/finalpage/2019-05-10/1206253635.PDF
002477,*ST雏鹰,2019-05,1,2.14,1.83,,0.32,,,0.23,42.41,,,,,,,lead,False,2019-06-11,2019年5月份销售情况简报,https://static.cninfo.com.cn/finalpage/2019-06-11/1206345568.PDF
002477,*ST雏鹰,2019-06,1,1.15,0.4,,0.72,,,0.12,41.79,,,,,,,lead,False,2019-07-10,2019年6月份销售情况简报,https://static.cninfo.com.cn/finalpage/2019-07-10/1206434383.PDF
002477,*ST雏鹰,2019-07,1,0.87,0.75,,0.1,,,0.06,39.12,,,,,,,lead,False,2019-08-08,2019年7月份销售情况简报,https://static.cninfo.com.cn/finalpage/2019-08-08/1206504198.PDF
002477,雏鹰退,2019-08,1,0.2,0.17,,,,,0.02,14.17,,,,,,,lead,False,2019-09-12,2019年8月份销售情况简报,https://static.cninfo.com.cn/finalpage/2019-09-12/1206917456.PDF
002548,金新农,2017-12,1,1.52,,,,,,0.198074,,,,,,,,lead,False,2018-01-11,2017年12月生猪销售简报,https://static.cninfo.com.cn/finalpage/2018-01-11/1204318976.PDF
002548,金新农,2018-01,1,1.94,,,,,,0.25206799999999996,,,,,,,,lead,False,2018-02-08,2018年1月生猪销售简报,https://static.cninfo.com.cn/finalpage/2018-02-08/1204400942.PDF
002548,金新农,2018-02,1,1.4,,,,,,0.13678900000000002,,,,,,,,lead,False,2018-03-16,2018年2月生猪销售简报,https://static.cninfo.com.cn/finalpage/2018-03-16/1204479370.PDF
002548,金新农,2018-03,1,1.85,,,,,,0.23265999999999998,,,,,,,,lead,False,2018-04-11,2018年3月生猪销售简报,https://static.cninfo.com.cn/finalpage/2018-04-11/1204600929.PDF
002548,金新农,2018-04,1,2.07,,,,,,0.21766300000000002,,,,,,,,lead,False,2018-05-09,2018年4月生猪销售简报,https://static.cninfo.com.cn/finalpage/2018-05-09/1204920507.PDF
002548,金新农,2018-05,1,3.12,,,,,,0.25271,,,,,,,,lead,False,2018-06-08,2018年5月生猪销售简报,https://static.cninfo.com.cn/finalpage/2018-06-08/1205044546.PDF
002548,金新农,2018-06,1,2.54,,,,,,0.198414,,,,,,,,lead,False,2018-07-11,2018年6月生猪销售简报,https://static.cninfo.com.cn/finalpage/2018-07-11/1205139486.PDF
002548,金新农,2018-07,1,3.03,,,,,,0.249244,,,,,,,,lead,False,2018-08-10,2018年7月生猪销售简报,https://static.cninfo.com.cn/finalpage/2018-08-10/1205273133.PDF
002548,金新农,2018-08,1,2.47,,,,,,0.247061,,,,,,,,lead,False,2018-09-10,2018年8月生猪销售简报,https://static.cninfo.com.cn/finalpage/2018-09-10/1205426963.PDF
002548,金新农,2018-09,1,1.77,,,,,,0.245364,,,,,,,,lead,False,2018-10-16,2018年9月生猪销售简报,https://static.cninfo.com.cn/finalpage/2018-10-16/1205505573.PDF
002548,金新农,2018-10,1,1.73,,,,,,0.244606,,,,,,,,lead,False,2018-11-10,2018年10月生猪销售简报,https://static.cninfo.com.cn/finalpage/2018-11-10/1205589905.PDF
002548,金新农,2018-11,1,1.23,,,,,,0.151328,,,,,,,,lead,False,2018-12-06,2018年11月生猪销售简报,https://static.cninfo.com.cn/finalpage/2018-12-06/1205653039.PDF
002548,金新农,2018-12,1,0.98,,,,,,0.11333599999999999,,,,,,,,lead,False,2019-01-11,2018年12月生猪销售简报,https://static.cninfo.com.cn/finalpage/2019-01-11/1205733371.PDF
002548,金新农,2019-02,2,4.53,,,,,,0.485683,,,,,,,,lead,False,2019-03-06,2019年1-2月生猪销售简报,https://static.cninfo.com.cn/finalpage/2019-03-06/1205876530.PDF
002548,金新农,2019-03,1,4.71,,,,,,0.750851,,,,,,,,lead,False,2019-04-08,2019年3月生猪销售简报,https://static.cninfo.com.cn/finalpage/2019-04-08/1205997739.PDF
002548,金新农,2019-04,1,5.09,,,,,,0.802673,,,,,,,,lead,False,2019-05-07,2019年4月生猪销售简报,https://static.cninfo.com.cn/finalpage/2019-05-07/1206233118.PDF
002548,金新农,2019-05,1,5.17,,,,,,0.681507,,,,,,,,lead,False,2019-06-05,2019年5月生猪销售简报,https://static.cninfo.com.cn/finalpage/2019-06-05/1206332904.PDF
002548,金新农,2019-06,1,3.39,,,,,,0.486037,,,,,,,,lead,False,2019-07-06,2019年6月生猪销售简报,https://static.cninfo.com.cn/finalpage/2019-07-06/1206430224.PDF
002548,金新农,2019-07,1,2.75,,,,,,0.387782,,,,,,,,lead,False,2019-08-06,2019年7月生猪销售简报,https://static.cninfo.com.cn/finalpage/2019-08-06/1206501195.PDF
002548,金新农,2019-08,1,3.54,,,,,,0.5774020000000001,,,,,,,,lead,False,2019-09-05,2019年8月生猪销售简报,https://static.cninfo.com.cn/finalpage/2019-09-05/1206889545.PDF
002548,金新农,2019-09,1,3.67,,,,,,0.860893,,,,,,,,lead,False,2019-10-10,2019年9月生猪销售简报,https://static.cninfo.com.cn/finalpage/2019-10-10/1206969945.PDF
002548,金新农,2019-10,1,1.74,,,,,,0.6034,,,,,,,,lead,False,2019-11-05,2019年10月生猪销售简报,https://static.cninfo.com.cn/finalpage/2019-11-05/1207064352.PDF
002548,金新农,2019-11,1,2.06,,,,,,0.680854,,,,,,,,lead,False,2019-12-05,2019年11月生猪销售简报,https://static.cninfo.com.cn/finalpage/2019-12-05/1207137915.PDF
002548,金新农,2019-12,1,2.89,,,,,,0.985132,,,,,,,,lead,False,2020-01-08,2019年12月生猪销售简报,https://static.cninfo.com.cn/finalpage/2020-01-08/1207232913.PDF
002548,金新农,2020-01,1,2.61,,,,,,0.772131,37.73,,,,,,,lead,False,2020-02-07,2020年1月生猪销售简报,https://static.cninfo.com.cn/finalpage/2020-02-07/1207297657.PDF
002548,金新农,2020-02,1,1.92,,,,,,0.589283,45.02,,,,,,,lead,False,2020-03-06,2020年2月生猪销售简报,https://static.cninfo.com.cn/finalpage/2020-03-06/1207347806.PDF
002548,金新农,2020-03,1,2.55,,,,,,0.569674,43.68,,,,,,,lead,False,2020-04-08,2020年3月生猪销售简报,https://static.cninfo.com.cn/finalpage/2020-04-08/1207462379.PDF
002548,金新农,2020-04,1,1.97,,,,,,0.6205579999999999,56.39,,,,,,,lead,False,2020-05-08,2020年4月生猪销售简报,https://static.cninfo.com.cn/finalpage/2020-05-08/1207714158.PDF
002548,金新农,2020-05,1,4.39,,,,,,1.211406,50.69,,,,,,,lead,False,2020-06-02,2020年5月生猪销售简报,https://static.cninfo.com.cn/finalpage/2020-06-02/1207884172.PDF
002548,金新农,2020-06,1,4.07,,,,,,1.2255049999999998,47.34,,,,,,,lead,False,2020-07-03,2020年6月生猪销售简报,https://static.cninfo.com.cn/finalpage/2020-07-03/1207995278.PDF
002548,金新农,2020-07,1,4.23,,,,,,1.366591,72.43,,,,,,,lead,False,2020-08-04,2020年7月生猪销售简报,https://static.cninfo.com.cn/finalpage/2020-08-04/1208119668.PDF
002548,金新农,2020-08,1,3.47,,,,,,1.470067,56.85,,,,,,,lead,False,2020-09-05,2020年8月生猪销售简报,https://static.cninfo.com.cn/finalpage/2020-09-05/1208399525.PDF
002548,金新农,2020-09,1,8.17,,,,,,2.492575,54.99,,,,,,,lead,False,2020-10-10,2020年9月生猪销售简报,https://static.cninfo.com.cn/finalpage/2020-10-10/1208531717.PDF
002548,金新农,2020-10,1,15.6,,,,,,4.030311,40.58,,,,,,,lead,False,2020-11-03,2020年10月生猪销售简报,https://static.cninfo.com.cn/finalpage/2020-11-03/1208674899.PDF
002548,金新农,2020-11,1,12.53,,,,,,1.8868790000000002,28.35,,,,,,,lead,False,2020-12-03,2020年11月生猪销售简报,https://static.cninfo.com.cn/finalpage/2020-12-03/1208847396.PDF
002548,金新农,2020-12,1,18.87,,,,,,5.264886,33.34,,,,,,,lead,False,2021-01-05,2020年12月生猪销售简报,https://static.cninfo.com.cn/finalpage/2021-01-05/1209040804.PDF
002548,金新农,2021-01,1,9.63,,,,,,2.764168,34.73,,,,,,,lead,False,2021-02-05,2021年1月生猪销售简报,https://static.cninfo.com.cn/finalpage/2021-02-05/1209251116.PDF
002548,金新农,2021-02,1,4.75,,,,,,1.39802,30.03,,,,,,,lead,False,2021-03-03,2021年2月生猪销售简报,https://static.cninfo.com.cn/finalpage/2021-03-03/1209324875.PDF
002548,金新农,2021-03,1,7.28,,,,,,2.001399,27.39,,,,,,,lead,False,2021-04-08,2021年3月生猪销售简报,https://static.cninfo.com.cn/finalpage/2021-04-08/1209648291.PDF
002548,金新农,2021-04,1,9.25,,,,,,2.626416,22.81,,,,,,,lead,False,2021-05-08,2021年4月生猪销售简报,https://static.cninfo.com.cn/finalpage/2021-05-08/1209937390.PDF
002548,金新农,2021-05,1,6.53,,,,,,1.749742,18.44,,,,,,,lead,False,2021-06-08,2021年5月生猪销售简报,https://static.cninfo.com.cn/finalpage/2021-06-08/1210183035.PDF
002548,金新农,2021-06,1,7.67,,,,,,1.409353,15.0,,,,,,,lead,False,2021-07-05,2021年6月生猪销售简报,https://static.cninfo.com.cn/finalpage/2021-07-05/1210413884.PDF
002548,金新农,2021-07,1,5.83,,,,,,0.828284,15.09,,,,,,,lead,False,2021-08-05,2021年7月生猪销售简报,https://static.cninfo.com.cn/finalpage/2021-08-05/1210658724.PDF
002548,金新农,2021-08,1,4.39,,,,,,0.8486790000000001,14.84,,,,,,,lead,False,2021-09-06,2021年8月生猪销售简报,https://static.cninfo.com.cn/finalpage/2021-09-06/1210973335.PDF
002548,金新农,2021-09,1,7.02,,,,,,0.9562450000000001,12.37,,,,,,,lead,False,2021-10-09,2021年9月生猪销售简报,https://static.cninfo.com.cn/finalpage/2021-10-09/1211217641.PDF
002548,金新农,2021-10,1,12.16,,,,,,1.4900129999999998,12.31,,,,,,,lead,False,2021-11-04,2021年10月生猪销售简报,https://static.cninfo.com.cn/finalpage/2021-11-04/1211477368.PDF
002548,金新农,2021-11,1,11.77,,,,,,1.7541200000000001,16.72,,,,,,,lead,False,2021-12-07,2021年11月生猪销售简报,https://static.cninfo.com.cn/finalpage/2021-12-07/1211820071.PDF
002548,金新农,2021-12,1,20.61,,,,,,2.541864,15.63,,,,,,,lead,False,2022-01-06,2021年12月生猪销售简报,https://static.cninfo.com.cn/finalpage/2022-01-06/1212103960.PDF
002548,金新农,2022-01,1,7.06,,,,,,0.9828459999999999,13.67,,,,,,,lead,False,2022-02-11,2022年1月生猪销售简报,https://static.cninfo.com.cn/finalpage/2022-02-11/1212339078.PDF
002548,金新农,2022-02,1,6.75,,,,,,0.85774,12.57,,,,,,,lead,False,2022-03-05,2022年2月生猪销售简报,https://static.cninfo.com.cn/finalpage/2022-03-05/1212511009.PDF
002548,金新农,2022-03,1,19.77,,,,,,2.200395,11.96,,,,,,,lead,False,2022-04-06,2022年3月生猪销售简报,https://static.cninfo.com.cn/finalpage/2022-04-06/1212821000.PDF
002548,金新农,2022-04,1,8.52,,,,,,0.815099,13.31,,,,,,,lead,False,2022-05-07,2022年4月生猪销售简报,https://static.cninfo.com.cn/finalpage/2022-05-07/1213288741.PDF
002548,金新农,2022-05,1,11.68,,,,,,1.312068,15.61,,,,,,,lead,False,2022-06-03,2022年5月生猪销售简报,https://static.cninfo.com.cn/finalpage/2022-06-03/1213604007.PDF
002548,金新农,2022-06,1,13.18,,,,,,1.468645,17.26,,,,,,,lead,False,2022-07-04,2022年6月生猪销售简报,https://static.cninfo.com.cn/finalpage/2022-07-04/1213934136.PDF
002548,金新农,2022-07,1,9.81,,,,,,1.438866,22.38,,,,,,,lead,False,2022-08-06,2022年7月生猪销售简报,https://static.cninfo.com.cn/finalpage/2022-08-06/1214232116.PDF
002548,金新农,2022-08,1,9.69,,,,,,1.9130080000000003,21.89,,,,,,,lead,False,2022-09-09,2022年8月生猪销售简报,https://static.cninfo.com.cn/finalpage/2022-09-09/1214568406.PDF
002548,金新农,2022-09,1,9.01,,,,,,1.4412040000000002,23.79,,,,,,,lead,False,2022-10-11,2022年9月生猪销售简报,https://static.cninfo.com.cn/finalpage/2022-10-11/1214741338.PDF
002548,金新农,2022-10,1,13.32,,,,,,2.423715,27.06,,,,,,,lead,False,2022-11-08,2022年10月生猪销售简报,https://static.cninfo.com.cn/finalpage/2022-11-08/1215043403.PDF
002548,金新农,2022-11,1,12.94,,,,,,2.595829,23.63,,,,,,,lead,False,2022-12-06,2022年11月生猪销售简报,https://static.cninfo.com.cn/finalpage/2022-12-06/1215283100.PDF
002548,金新农,2022-12,1,3.91,,,,,,0.736288,19.77,,,,,,,lead,False,2023-01-10,2022年12月生猪销售简报,https://static.cninfo.com.cn/finalpage/2023-01-10/1215557030.PDF
002548,金新农,2023-01,1,5.01,,,,,,0.654547,14.31,,,,,,,lead,False,2023-02-09,2023年1月生猪销售简报,https://static.cninfo.com.cn/finalpage/2023-02-09/1215801961.PDF
002548,金新农,2023-02,1,13.85,,,,,,,14.8,,,,,,,lead,False,2023-03-18,2023年2月生猪销售简报,https://static.cninfo.com.cn/finalpage/2023-03-18/1216148069.PDF
002548,金新农,2023-03,1,8.87,,,,,,0.964097,15.04,,,,,,,lead,False,2023-04-07,2023年3月生猪销售简报,https://static.cninfo.com.cn/finalpage/2023-04-07/1216351775.PDF
002548,金新农,2023-04,1,7.98,5.11,,2.67,0.21,,1.02271,13.95,,,,,,,lead,False,2023-05-09,2023年4月生猪销售简报,https://static.cninfo.com.cn/finalpage/2023-05-09/1216766214.PDF
002548,金新农,2023-05,1,10.85,4.76,,5.99,0.09,,1.119634,14.03,,,,,,,lead,False,2023-06-08,2023年5月生猪销售简报,https://static.cninfo.com.cn/finalpage/2023-06-08/1217011392.PDF
002548,金新农,2023-06,1,7.89,3.42,,4.41,0.06,,0.780261,14.36,,,,,,,lead,False,2023-07-08,2023年6月生猪销售简报,https://static.cninfo.com.cn/finalpage/2023-07-08/1217235781.PDF
002548,金新农,2023-07,1,7.06,4.9,,2.06,0.1,,0.929949,14.54,,,,,,,lead,False,2023-08-09,2023年7月生猪销售简报,https://static.cninfo.com.cn/finalpage/2023-08-09/1217490613.PDF
002548,金新农,2023-08,1,10.36,5.89,,4.38,0.09,,1.272297,16.48,,,,,,,lead,False,2023-09-08,2023年8月生猪销售简报,https://static.cninfo.com.cn/finalpage/2023-09-08/1217804579.PDF
002548,金新农,2023-09,1,5.84,4.35,,1.45,0.04,,0.9048219999999999,16.22,,,,,,,lead,False,2023-10-11,2023年9月生猪销售简报,https://static.cninfo.com.cn/finalpage/2023-10-11/1218003687.PDF
002548,金新农,2023-10,1,7.67,4.54,,3.0,0.13,,0.929068,15.27,,,,,,,lead,False,2023-11-08,2023年10月生猪销售简报,https://static.cninfo.com.cn/finalpage/2023-11-08/1218274556.PDF
002548,金新农,2023-11,1,9.37,4.21,,4.3,0.86,,1.0063959999999998,14.6,,,,,,,lead,False,2023-12-07,2023年11月生猪销售简报,https://static.cninfo.com.cn/finalpage/2023-12-07/1218534184.PDF
002548,金新农,2023-12,1,9.93,7.41,,2.15,0.37,,1.260893,13.38,,,,,,,lead,False,2024-01-08,2023年12月生猪销售简报,https://static.cninfo.com.cn/finalpage/2024-01-08/1218824955.PDF
002548,金新农,2024-01,1,13.32,7.31,,5.59,0.42,,1.360733,13.46,,,,,,,lead,False,2024-02-06,2024年1月生猪销售简报,https://static.cninfo.com.cn/finalpage/2024-02-06/1219095389.PDF
002548,金新农,2024-02,1,7.77,4.29,,3.4,0.08,,0.895785,14.08,,,,,,,lead,False,2024-03-07,2024年2月生猪销售简报,https://static.cninfo.com.cn/finalpage/2024-03-07/1219249517.PDF
002548,金新农,2024-03,1,12.17,6.77,,4.79,0.6,,1.5509760000000001,14.77,,,,,,,lead,False,2024-04-09,2024年3月生猪销售简报,https://static.cninfo.com.cn/finalpage/2024-04-09/1219546991.PDF
002548,金新农,2024-04,1,10.56,6.04,,4.12,0.4,,1.4476930000000001,15.39,,,,,,,lead,False,2024-05-08,2024年4月生猪销售简报,https://static.cninfo.com.cn/finalpage/2024-05-08/1219998680.PDF
002548,金新农,2024-05,1,9.52,5.74,,3.27,0.51,,1.420933,16.16,,,,,,,lead,False,2024-06-06,2024年5月生猪销售简报,https://static.cninfo.com.cn/finalpage/2024-06-06/1220271745.PDF
002548,金新农,2024-06,1,6.55,3.78,,2.55,0.23,,1.044127,18.3,,,,,,,lead,False,2024-07-11,2024年6月生猪销售简报,https://static.cninfo.com.cn/finalpage/2024-07-11/1220601014.PDF
002548,金新农,2024-07,1,9.3,4.24,,4.71,0.34,,1.336363,19.27,,,,,,,lead,False,2024-08-07,2024年7月生猪销售简报,https://static.cninfo.com.cn/finalpage/2024-08-07/1220806137.PDF
002548,金新农,2024-08,1,10.02,5.37,,4.08,0.57,,1.722762,20.24,,,,,,,lead,False,2024-09-06,2024年8月生猪销售简报,https://static.cninfo.com.cn/finalpage/2024-09-06/1221147225.PDF
002548,金新农,2024-09,1,9.39,5.64,,3.33,0.42,,1.505365,18.95,,,,,,,lead,False,2024-10-10,2024年9月生猪销售简报,https://static.cninfo.com.cn/finalpage/2024-10-10/1221353692.PDF
002548,金新农,2024-10,1,9.75,4.96,,4.56,0.24,,1.337341,18.12,,,,,,,lead,False,2024-11-06,2024年10月生猪销售简报,https://static.cninfo.com.cn/finalpage/2024-11-06/1221636198.PDF
002548,金新农,2024-11,1,9.22,5.34,,3.64,0.24,,1.3515780000000002,17.09,,,,,,,lead,False,2024-12-05,2024年11月生猪销售简报,https://static.cninfo.com.cn/finalpage/2024-12-05/1221926545.PDF
002548,金新农,2024-12,1,12.53,7.66,,4.86,0.01,,1.4939850000000001,15.39,,,,,,,lead,False,2025-01-07,2024年12月生猪销售简报,https://static.cninfo.com.cn/finalpage/2025-01-07/1222246684.PDF
002548,金新农,2025-01,1,11.89,5.43,,6.46,,,1.25345,15.36,,,,,,,lead,False,2025-02-08,2025年1月生猪销售简报,https://static.cninfo.com.cn/finalpage/2025-02-08/1222484392.PDF
002548,金新农,2025-02,1,9.34,5.59,,3.73,0.02,,1.223643,15.12,,,,,,,lead,False,2025-03-08,2025年2月生猪销售简报,https://static.cninfo.com.cn/finalpage/2025-03-08/1222742177.PDF
002548,金新农,2025-03,1,12.03,6.1,,5.84,0.08,,1.419563,14.95,,,,,,,lead,False,2025-04-08,2025年03月生猪销售简报,https://static.cninfo.com.cn/finalpage/2025-04-08/1223021466.PDF
002548,金新农,2025-04,1,10.65,6.57,,4.03,0.05,,1.387947,15.05,,,,,,,lead,False,2025-05-09,2025年04月生猪销售简报,https://static.cninfo.com.cn/finalpage/2025-05-09/1223497217.PDF
002548,金新农,2025-05,1,8.11,5.44,,2.65,0.02,,1.116666,14.92,,,,,,,lead,False,2025-06-07,2025年05月生猪销售简报,https://static.cninfo.com.cn/finalpage/2025-06-07/1223801355.PDF
002548,金新农,2025-06,1,11.22,5.23,,5.78,0.21,,1.223955,14.76,,,,,,,lead,False,2025-07-05,2025年06月生猪销售简报,https://static.cninfo.com.cn/finalpage/2025-07-05/1224083987.PDF
002548,金新农,2025-07,1,7.94,4.84,,3.01,0.08,,0.967309,14.98,,,,,,,lead,False,2025-08-07,2025年07月生猪销售简报,https://static.cninfo.com.cn/finalpage/2025-08-07/1224413128.PDF
002548,金新农,2025-08,1,10.8,6.68,,4.01,0.08,,1.21065,13.84,,,,,,,lead,False,2025-09-06,2025年08月生猪销售简报,https://static.cninfo.com.cn/finalpage/2025-09-06/1224642255.PDF
002548,金新农,2025-09,1,11.0,5.82,,5.13,0.05,,1.037103,13.16,,,,,,,lead,False,2025-10-11,2025年09月生猪销售简报,https://static.cninfo.com.cn/finalpage/2025-10-11/1224705204.PDF
002548,金新农,2025-10,1,16.28,8.41,,7.86,0.01,,1.418776,11.83,,,,,,,lead,False,2025-11-07,2025年10月生猪销售简报,https://static.cninfo.com.cn/finalpage/2025-11-07/1224790955.PDF
002548,金新农,2025-11,1,15.68,6.43,,9.24,0.02,,1.145791,12.13,,,,,,,lead,False,2025-12-05,2025年11月生猪销售简报,https://static.cninfo.com.cn/finalpage/2025-12-05/1224850510.PDF
002548,金新农,2025-12,1,22.58,11.86,,10.72,0.001,,1.8883279999999998,11.54,,,,,,,lead,False,2026-01-10,2025年12月生猪销售简报,https://static.cninfo.com.cn/finalpage/2026-01-10/1224927662.PDF
002548,金新农,2026-01,1,19.09,8.95,,10.09,0.05,,1.495236,12.38,,,,,,,lead,False,2026-02-10,2026年01月生猪销售简报,https://static.cninfo.com.cn/finalpage/2026-02-10/1224972878.PDF
002548,金新农,2026-02,1,10.91,7.22,,3.61,0.08,,1.144264,11.63,,,,,,,lead,False,2026-03-10,2026年02月生猪销售简报,https://static.cninfo.com.cn/finalpage/2026-03-10/1225002365.PDF
002548,金新农,2026-03,1,16.33,11.39,,4.94,0.0015,,1.563658,10.21,,,,,,,lead,False,2026-04-08,2026年03月生猪销售简报,https://static.cninfo.com.cn/finalpage/2026-04-08/1225083199.PDF
002548,金新农,2026-04,1,14.63,6.77,,7.81,0.05,,0.9153620000000001,9.36,,,,,,,lead,False,2026-05-08,2026年04月生猪销售简报,https://static.cninfo.com.cn/finalpage/2026-05-08/1225282387.PDF
002548,金新农,2026-05,1,15.89,5.9,,9.98,0.0034,,0.840992,9.86,,,,,,,lead,False,2026-06-09,2026年05月生猪销售简报,https://static.cninfo.com.cn/finalpage/2026-06-09/1225357517.PDF
002548,金新农,2026-06,1,10.15,3.22,,6.94,0.19,,0.502053,9.96,,,,,,,lead,False,2026-07-08,2026年06月生猪销售简报,https://static.cninfo.com.cn/finalpage/2026-07-08/1225414204.PDF
002548,金新农,2026-07,1,10.71,4.31,,6.39,0.01,,0.7368060000000001,11.94,,,,,,,lead,False,2026-08-08,2026年07月生猪销售简报,https://static.cninfo.com.cn/finalpage/2026-08-08/1225464069.PDF
002548,金新农,2026-08,1,14.21,5.68,,8.53,,,0.949591,11.64,,,,,,,lead,False,2026-09-08,2026年08月生猪销售简报,https://static.cninfo.com.cn/finalpage/2026-09-08/1225551395.PDF
002567,唐人神,2019-02,2,18.2,,,,,,1.6118,,,,,,,,lead,False,2019-03-07,2019年1-2月生猪销售简报,https://static.cninfo.com.cn/finalpage/2019-03-07/1205881293.PDF
002567,唐人神,2019-03,1,9.2,,,,,,0.8985,,,,,,,,lead,False,2019-04-10,2019年3月生猪销售简报,https://static.cninfo.com.cn/finalpage/2019-04-10/1206001384.PDF
002567,唐人神,2019-04,1,8.37,,,,,,0.9928,,,,,,,,lead,False,2019-05-10,2019年4月生猪销售简报,https://static.cninfo.com.cn/finalpage/2019-05-10/1206256390.PDF
002567,唐人神,2019-05,1,7.28,,,,,,0.8402,,,,,,,,lead,False,2019-06-07,2019年5月生猪销售简报,https://static.cninfo.com.cn/finalpage/2019-06-07/1206341743.PDF
002567,唐人神,2019-06,1,7.8,,,,,,0.8961,,,,,,,,lead,False,2019-07-09,2019年6月生猪销售简报,https://static.cninfo.com.cn/finalpage/2019-07-09/1206432157.PDF
002567,唐人神,2019-07,1,7.98,,,,,,1.0775,,,,,,,,lead,False,2019-08-08,2019年7月生猪销售简报,https://static.cninfo.com.cn/finalpage/2019-08-08/1206504097.PDF
002567,唐人神,2019-08,1,7.26,,,,,,1.062,,,,,,,,lead,False,2019-09-10,2019年8月生猪销售简报,https://static.cninfo.com.cn/finalpage/2019-09-10/1206910544.PDF
002567,唐人神,2019-09,1,5.98,,,,,,0.9904,,,,,,,,lead,False,2019-10-11,2019年9月生猪销售简报,https://static.cninfo.com.cn/finalpage/2019-10-11/1206973020.PDF
002567,唐人神,2019-10,1,3.82,,,,,,1.1498,,,,,,,,lead,False,2019-11-11,2019年10月生猪销售简报,https://static.cninfo.com.cn/finalpage/2019-11-11/1207079498.PDF
002567,唐人神,2019-11,1,4.0,,,,,,1.2545,,,,,,,,lead,False,2019-12-07,2019年11月生猪销售简报,https://static.cninfo.com.cn/finalpage/2019-12-07/1207144808.PDF
002567,唐人神,2019-12,1,4.04,,,,,,1.173,,,,,,,,lead,False,2020-01-11,2019年12月生猪销售简报,https://static.cninfo.com.cn/finalpage/2020-01-11/1207240726.PDF
002567,唐人神,2020-01,1,2.56,,,,,,0.8707,,,,,,,,lead,False,2020-02-08,2020年1月生猪销售简报,https://static.cninfo.com.cn/finalpage/2020-02-08/1207298501.PDF
002567,唐人神,2020-02,1,4.05,,,,,,1.4031,,,,,,,,lead,False,2020-03-10,2020年2月生猪销售简报,https://static.cninfo.com.cn/finalpage/2020-03-10/1207356111.PDF
002567,唐人神,2020-03,1,5.14,,,,,,1.7916,,,,,,,,lead,False,2020-04-09,2020年3月生猪销售简报,https://static.cninfo.com.cn/finalpage/2020-04-09/1207468589.PDF
002567,唐人神,2020-04,1,5.2,,,,,,1.7216,,,,,,,,lead,False,2020-05-09,2020年4月生猪销售简报,https://static.cninfo.com.cn/finalpage/2020-05-09/1207723020.PDF
002567,唐人神,2020-05,1,5.27,,,,,,1.8191,,,,,,,,lead,False,2020-06-09,2020年5月生猪销售简报,https://static.cninfo.com.cn/finalpage/2020-06-09/1207906714.PDF
002567,唐人神,2020-06,1,5.81,,,,,,1.6248,,,,,,,,lead,False,2020-07-08,2020年6月生猪销售简报,https://static.cninfo.com.cn/finalpage/2020-07-08/1208011854.PDF
002567,唐人神,2020-07,1,8.21,,,,,,2.3021,,,,,,,,lead,False,2020-08-05,2020年7月生猪销售简报,https://static.cninfo.com.cn/finalpage/2020-08-05/1208124661.PDF
002567,唐人神,2020-08,1,10.7,,,,,,2.8619,,,,,,,,lead,False,2020-09-08,2020年8月生猪销售简报,https://static.cninfo.com.cn/finalpage/2020-09-08/1208405977.PDF
002567,唐人神,2020-09,1,11.29,,,,,,2.7842,,,,,,,,lead,False,2020-10-12,2020年9月生猪销售简报,https://static.cninfo.com.cn/finalpage/2020-10-12/1208533892.PDF
002567,唐人神,2020-10,1,13.31,,,,,,2.8055,,,,,,,,lead,False,2020-11-10,2020年10月生猪销售简报,https://static.cninfo.com.cn/finalpage/2020-11-10/1208713429.PDF
002567,唐人神,2020-11,1,14.83,,,,,,2.8759,,,,,,,,lead,False,2020-12-09,2020年11月生猪销售简报,https://static.cninfo.com.cn/finalpage/2020-12-09/1208870763.PDF
002567,唐人神,2020-12,1,16.08,,,,,,2.7843,,,,,,,,lead,False,2021-01-07,2020年12月生猪销售简报,https://static.cninfo.com.cn/finalpage/2021-01-07/1209058353.PDF
002567,唐人神,2021-01,1,16.39,,,,,,3.2727,,,,,,,,lead,False,2021-02-09,2021年1月生猪销售简报,https://static.cninfo.com.cn/finalpage/2021-02-09/1209258428.PDF
002567,唐人神,2021-02,1,15.13,,,,,,3.1647,,,,,,,,lead,False,2021-03-09,2021年2月生猪销售简报,https://static.cninfo.com.cn/finalpage/2021-03-09/1209353115.PDF
002567,唐人神,2021-03,1,14.78,,,,,,3.1169,,,,,,,,lead,False,2021-04-10,2021年3月生猪销售简报,https://static.cninfo.com.cn/finalpage/2021-04-10/1209664489.PDF
002567,唐人神,2021-04,1,12.41,,,,,,2.2961,,,,,,,,lead,False,2021-05-10,2021年4月生猪销售简报,https://static.cninfo.com.cn/finalpage/2021-05-10/1209944294.PDF
002567,唐人神,2021-05,1,12.52,,,,,,1.8548,,,,,,,,lead,False,2021-06-08,2021年5月生猪销售简报,https://static.cninfo.com.cn/finalpage/2021-06-08/1210184067.PDF
002567,唐人神,2021-06,1,15.72,,,,,,1.9006,,,,,,,,lead,False,2021-07-09,2021年6月生猪销售简报,https://static.cninfo.com.cn/finalpage/2021-07-09/1210441677.PDF
002567,唐人神,2021-07,1,8.7,,,,,,1.6479,,,,,,,,lead,False,2021-08-10,2021年7月生猪销售简报,https://static.cninfo.com.cn/finalpage/2021-08-10/1210710272.PDF
002567,唐人神,2021-08,1,8.71,,,,,,1.1965,,,,,,,,lead,False,2021-09-09,2021年8月生猪销售简报,https://static.cninfo.com.cn/finalpage/2021-09-09/1210988466.PDF
002567,唐人神,2021-09,1,10.8,,,,,,1.2867,,,,,,,,lead,False,2021-10-09,2021年9月生猪销售简报,https://static.cninfo.com.cn/finalpage/2021-10-09/1211218729.PDF
002567,唐人神,2021-10,1,17.19,,,,,,1.9979,,,,,,,,lead,False,2021-11-09,2021年10月生猪销售简报,https://static.cninfo.com.cn/finalpage/2021-11-09/1211530318.PDF
002567,唐人神,2021-11,1,9.36,,,,,,1.6512,,,,,,,,lead,False,2021-12-04,2021年11月生猪销售简报,https://static.cninfo.com.cn/finalpage/2021-12-04/1211792079.PDF
002567,唐人神,2021-12,1,12.52,,,,,,2.3158,,,,,,,,lead,False,2022-01-08,2021年12月生猪销售简报,https://static.cninfo.com.cn/finalpage/2022-01-08/1212121843.PDF
002567,唐人神,2022-01,1,13.04,,,,,,1.987,,,,,,,,lead,False,2022-02-11,2022年1月生猪销售简报,https://static.cninfo.com.cn/finalpage/2022-02-11/1212339109.PDF
002567,唐人神,2022-02,1,12.24,11.41,,0.83,,,1.6502,,,,,,,,lead,False,2022-03-09,2022年2月生猪销售简报,https://static.cninfo.com.cn/finalpage/2022-03-09/1212529091.PDF
002567,唐人神,2022-03,1,13.06,11.43,,1.63,,,1.4903,,,,,,,,lead,False,2022-04-09,2022年3月生猪销售简报,https://static.cninfo.com.cn/finalpage/2022-04-09/1212853688.PDF
002567,唐人神,2022-04,1,16.55,13.0,,3.55,,,2.0329,,,,,,,,lead,False,2022-05-09,2022年4月生猪销售简报,https://static.cninfo.com.cn/finalpage/2022-05-09/1213292074.PDF
002567,唐人神,2022-05,1,15.08,13.2,,1.88,,,2.4853,,,,,,,,lead,False,2022-06-08,2022年5月生猪销售简报,https://static.cninfo.com.cn/finalpage/2022-06-08/1213633498.PDF
002567,唐人神,2022-06,1,16.33,14.36,,1.97,,,2.8275,,,,,,,,lead,False,2022-07-06,2022年6月生猪销售简报,https://static.cninfo.com.cn/finalpage/2022-07-06/1213957015.PDF
002567,唐人神,2022-07,1,18.21,12.79,,5.42,,,3.4071,,,,,,,,lead,False,2022-08-06,2022年7月生猪销售简报,https://static.cninfo.com.cn/finalpage/2022-08-06/1214231659.PDF
002567,唐人神,2022-08,1,17.21,14.91,,2.3,,,3.706,,,,,,,,lead,False,2022-09-09,2022年8月生猪销售简报,https://static.cninfo.com.cn/finalpage/2022-09-09/1214566905.PDF
002567,唐人神,2022-09,1,20.59,20.02,,0.57,,,5.2164,,,,,,,,lead,False,2022-10-10,2022年9月生猪销售简报,https://static.cninfo.com.cn/finalpage/2022-10-10/1214728408.PDF
002567,唐人神,2022-10,1,20.83,18.2,,2.63,,,5.942,,,,,,,,lead,False,2022-11-08,2022年10月生猪销售简报,https://static.cninfo.com.cn/finalpage/2022-11-08/1215042821.PDF
002567,唐人神,2022-11,1,23.81,20.89,,2.92,,,5.8622,,,,,,,,lead,False,2022-12-06,2022年11月生猪销售简报,https://static.cninfo.com.cn/finalpage/2022-12-06/1215281719.PDF
002567,唐人神,2022-12,1,28.84,25.89,,2.95,,,5.9896,,,,,,,,lead,False,2023-01-07,2022年12月生猪销售简报,https://static.cninfo.com.cn/finalpage/2023-01-07/1215538816.PDF
002567,唐人神,2023-01,1,23.23,21.65,,1.58,,,3.6142,,,,,,,,lead,False,2023-02-08,2023年1月生猪销售简报,https://static.cninfo.com.cn/finalpage/2023-02-08/1215790524.PDF
002567,唐人神,2023-02,1,28.58,26.78,,1.8,,,4.4384,,,,,,,,lead,False,2023-03-17,2023年2月生猪销售简报,https://static.cninfo.com.cn/finalpage/2023-03-17/1216135881.PDF
002567,唐人神,2023-03,1,26.6,24.03,,2.57,,,4.3158,,,,,,,,lead,False,2023-04-08,2023年3月生猪销售简报,https://static.cninfo.com.cn/finalpage/2023-04-08/1216356623.PDF
002567,唐人神,2023-04,1,26.8,25.11,,1.69,,,4.2294,,,,,,,,lead,False,2023-05-09,2023年4月生猪销售简报,https://static.cninfo.com.cn/finalpage/2023-05-09/1216766060.PDF
002567,唐人神,2023-05,1,29.53,26.92,,2.61,,,4.6478,,,,,,,,lead,False,2023-06-09,2023年5月生猪销售简报,https://static.cninfo.com.cn/finalpage/2023-06-09/1217024292.PDF
002567,唐人神,2023-06,1,31.2,28.84,,2.36,,,4.8238,,,,,,,,lead,False,2023-07-07,2023年6月生猪销售简报,https://static.cninfo.com.cn/finalpage/2023-07-07/1217228206.PDF
002567,唐人神,2023-07,1,31.87,29.12,,2.75,,,4.613,,,,,,,,lead,False,2023-08-09,2023年7月生猪销售简报,https://static.cninfo.com.cn/finalpage/2023-08-09/1217497820.PDF
002567,唐人神,2023-08,1,27.51,22.56,,4.95,,,4.4531,,,,,,,,lead,False,2023-09-09,2023年8月生猪销售简报,https://static.cninfo.com.cn/finalpage/2023-09-09/1217812365.PDF
002567,唐人神,2023-09,1,37.77,33.5,,4.27,,,6.5364,,,,,,,,lead,False,2023-10-10,2023年9月生猪销售简报,https://static.cninfo.com.cn/finalpage/2023-10-10/1217997200.PDF
002567,唐人神,2023-10,1,38.41,35.68,,2.73,,,6.3652,,,,,,,,lead,False,2023-11-09,2023年10月生猪销售简报,https://static.cninfo.com.cn/finalpage/2023-11-09/1218283025.PDF
002567,唐人神,2023-11,1,33.87,30.63,,3.24,,,5.5522,,,,,,,,lead,False,2023-12-08,2023年11月生猪销售简报,https://static.cninfo.com.cn/finalpage/2023-12-08/1218546168.PDF
002567,唐人神,2023-12,1,35.89,33.84,,2.05,,,5.371,,,,,,,,lead,False,2024-01-09,2023年12月生猪销售简报,https://static.cninfo.com.cn/finalpage/2024-01-09/1218830454.PDF
002567,唐人神,2024-01,1,32.82,29.37,,3.45,,,4.1408,,,,,,,,lead,False,2024-02-08,2024年1月生猪销售简报,https://static.cninfo.com.cn/finalpage/2024-02-08/1219123277.PDF
002567,唐人神,2024-02,1,27.2,24.71,,2.49,,,3.9982,,,,,,,,lead,False,2024-03-08,2024年2月生猪销售简报,https://static.cninfo.com.cn/finalpage/2024-03-08/1219254857.PDF
002567,唐人神,2024-03,1,34.68,28.9,,5.78,,,5.1906,,,,,,,,lead,False,2024-04-10,2024年3月生猪销售简报,https://static.cninfo.com.cn/finalpage/2024-04-10/1219551513.PDF
002567,唐人神,2024-04,1,31.54,26.42,,5.12,,,4.8309,,,,,,,,lead,False,2024-05-10,2024年4月生猪销售简报,https://static.cninfo.com.cn/finalpage/2024-05-10/1220019873.PDF
002567,唐人神,2024-05,1,32.69,30.34,,2.35,,,5.8044,,,,,,,,lead,False,2024-06-08,2024年5月生猪销售简报,https://static.cninfo.com.cn/finalpage/2024-06-08/1220299403.PDF
002567,唐人神,2024-06,1,29.35,24.96,,4.39,,,5.5377,,,,,,,,lead,False,2024-07-10,2024年6月生猪销售简报,https://static.cninfo.com.cn/finalpage/2024-07-10/1220586414.PDF
002567,唐人神,2024-07,1,28.5,26.41,,2.09,,,6.0665,,,,,,,,lead,False,2024-08-09,2024年7月生猪销售简报,https://static.cninfo.com.cn/finalpage/2024-08-09/1220824450.PDF
002567,唐人神,2024-08,1,30.34,27.84,,2.5,,,6.8865,,,,,,,,lead,False,2024-09-10,2024年8月生猪销售简报,https://static.cninfo.com.cn/finalpage/2024-09-10/1221175679.PDF
002567,唐人神,2024-09,1,32.02,28.89,,3.13,,,6.6729,,,,,,,,lead,False,2024-10-10,2024年9月生猪销售简报,https://static.cninfo.com.cn/finalpage/2024-10-10/1221354335.PDF
002567,唐人神,2024-10,1,49.74,46.7,,3.04,,,10.0865,,,,,,,,lead,False,2024-11-09,2024年10月生猪销售简报,https://static.cninfo.com.cn/finalpage/2024-11-09/1221661445.PDF
002567,唐人神,2024-11,1,49.5,46.15,,3.35,,,9.5521,,,,,,,,lead,False,2024-12-10,2024年11月生猪销售简报,https://static.cninfo.com.cn/finalpage/2024-12-10/1221967573.PDF
002567,唐人神,2024-12,1,55.24,50.37,,4.87,,,9.7456,,,,,,,,lead,False,2025-01-09,2024年12月生猪销售简报,https://static.cninfo.com.cn/finalpage/2025-01-09/1222268585.PDF
002567,唐人神,2025-01,1,45.91,43.41,,2.5,,,8.1515,,,,,,,,lead,False,2025-02-11,2025年1月生猪销售简报,https://static.cninfo.com.cn/finalpage/2025-02-11/1222501621.PDF
002567,唐人神,2025-02,1,39.84,37.02,,2.82,,,6.8067,,,,,,,,lead,False,2025-03-08,2025年2月生猪销售简报,https://static.cninfo.com.cn/finalpage/2025-03-08/1222742130.PDF
002567,唐人神,2025-03,1,40.49,38.02,,2.47,,,6.8678,,,,,,,,lead,False,2025-04-09,2025年3月生猪销售简报,https://static.cninfo.com.cn/finalpage/2025-04-09/1223031155.PDF
002567,唐人神,2025-04,1,43.52,41.55,,1.97,,,7.6219,,,,,,,,lead,False,2025-05-09,2025年4月生猪销售简报,https://static.cninfo.com.cn/finalpage/2025-05-09/1223495558.PDF
002567,唐人神,2025-05,1,48.28,46.45,,1.83,,,8.4147,,,,,,,,lead,False,2025-06-07,2025年5月生猪销售简报,https://static.cninfo.com.cn/finalpage/2025-06-07/1223802868.PDF
002567,唐人神,2025-06,1,41.32,40.16,,1.16,,,6.9776,,,,,,,,lead,False,2025-07-09,2025年6月生猪销售简报,https://static.cninfo.com.cn/finalpage/2025-07-09/1224104547.PDF
002567,唐人神,2025-07,1,35.16,33.52,,1.64,,,5.896,,,,,,,,lead,False,2025-08-09,2025年7月生猪销售简报,https://static.cninfo.com.cn/finalpage/2025-08-09/1224440697.PDF
002567,唐人神,2025-08,1,40.61,39.36,,1.25,,,6.8229,,,,,,,,lead,False,2025-09-09,2025年8月生猪销售简报,https://static.cninfo.com.cn/finalpage/2025-09-09/1224643866.PDF
002567,唐人神,2025-09,1,41.09,39.82,,1.27,,,6.3944,,,,,,,,lead,False,2025-10-11,2025年9月生猪销售简报,https://static.cninfo.com.cn/finalpage/2025-10-11/1224704054.PDF
002567,唐人神,2025-10,1,61.92,59.9,,2.02,,,8.2803,,,,,,,,lead,False,2025-11-10,2025年10月生猪销售简报,https://static.cninfo.com.cn/finalpage/2025-11-10/1224794611.PDF
002567,唐人神,2025-11,1,45.65,42.57,,3.08,,,6.289,,,,,,,,lead,False,2025-12-10,2025年11月生猪销售简报,https://static.cninfo.com.cn/finalpage/2025-12-10/1224861434.PDF
002567,唐人神,2025-12,1,49.46,45.74,,3.72,,,6.2711,,,,,,,,lead,False,2026-01-08,2025年12月生猪销售简报,https://static.cninfo.com.cn/finalpage/2026-01-08/1224923516.PDF
002567,唐人神,2026-01,1,44.51,38.31,,6.2,,,6.0645,,,,,,,,lead,False,2026-02-11,2026年1月生猪销售简报,https://static.cninfo.com.cn/finalpage/2026-02-11/1224975874.PDF
002567,唐人神,2026-02,1,42.95,37.95,,4.99,,,5.4926,,,,,,,,lead,False,2026-03-11,2026年2月生猪销售简报,https://static.cninfo.com.cn/finalpage/2026-03-11/1225002792.PDF
002567,唐人神,2026-03,1,54.16,43.59,,10.57,,,5.8748,,,,,,,,lead,False,2026-04-10,2026年3月生猪销售简报,https://static.cninfo.com.cn/finalpage/2026-04-10/1225087810.PDF
002567,唐人神,2026-04,1,55.26,37.57,,17.7,,,4.624093,,,,,,,,lead,False,2026-05-09,2026年4月生猪销售简报,https://static.cninfo.com.cn/finalpage/2026-05-09/1225285074.PDF
002567,唐人神,2026-05,1,39.48,25.85,,13.63,,,3.393036,,,,,,,,lead,False,2026-06-10,2026年5月生猪销售简报,https://static.cninfo.com.cn/finalpage/2026-06-10/1225360307.PDF
002567,唐人神,2026-06,1,35.82,22.89,,12.94,,,3.0155119999999997,,,,,,,,lead,False,2026-07-09,2026年6月生猪销售简报,https://static.cninfo.com.cn/finalpage/2026-07-09/1225415005.PDF
002567,唐人神,2026-07,1,40.23,20.36,,19.87,,,3.112829,,,,,,,,lead,False,2026-08-08,2026年7月生猪销售简报,https://static.cninfo.com.cn/finalpage/2026-08-08/1225463489.PDF
002567,唐人神,2026-08,1,49.23,27.03,,22.19,,,4.099181,,,,,,,,lead,False,2026-09-11,2026年8月生猪销售简报,https://static.cninfo.com.cn/finalpage/2026-09-11/1225557836.PDF
002714,牧原股份,2016-12,1,47.2,,,,,,8.11,16.95,,,,,,,table,False,2018-01-06,,https://static.cninfo.com.cn/finalpage/2018-01-06/1204309932.PDF
002714,牧原股份,2017-03,1,43.4,,,,,,6.7,15.77,,,,,,,table,False,2018-04-09,,https://static.cninfo.com.cn/finalpage/2018-04-09/1204589913.PDF
002714,牧原股份,2017-04,1,40.0,,,,,,6.27,15.02,,,,,,,table,False,2018-05-05,,https://static.cninfo.com.cn/finalpage/2018-05-05/1204910668.PDF
002714,牧原股份,2017-05,1,52.7,,,,,,7.19,13.46,,,,,,,table,False,2018-06-06,,https://static.cninfo.com.cn/finalpage/2018-06-06/1205037760.PDF
002714,牧原股份,2017-06,1,78.2,,,,,,9.19,13.26,,,,,,,table,False,2018-07-10,,https://static.cninfo.com.cn/finalpage/2018-07-10/1205135686.PDF
002714,牧原股份,2017-07,1,71.1,,,,,,8.66,13.63,,,,,,,table,False,2018-08-07,,https://static.cninfo.com.cn/finalpage/2018-08-07/1205263110.PDF
002714,牧原股份,2017-08,1,78.6,,,,,,9.93,14.07,,,,,,,table,False,2018-09-06,,https://static.cninfo.com.cn/finalpage/2018-09-06/1205385761.PDF
002714,牧原股份,2017-09,1,79.3,,,,,,10.64,14.17,,,,,,,table,False,2018-10-09,,https://static.cninfo.com.cn/finalpage/2018-10-09/1205487939.PDF
002714,牧原股份,2017-10,1,61.5,,,,,,8.82,13.91,,,,,,,table,False,2018-11-06,,https://static.cninfo.com.cn/finalpage/2018-11-06/1205582233.PDF
002714,牧原股份,2017-11,1,63.2,,,,,,8.95,14.08,,,,,,,table,False,2018-12-05,,https://static.cninfo.com.cn/finalpage/2018-12-05/1205650393.PDF
002714,牧原股份,2017-12,1,74.8,,,,,,10.33,14.75,,,,,,,lead,False,2018-01-06,2017年12月份生猪销售简报,https://static.cninfo.com.cn/finalpage/2018-01-06/1204309932.PDF
002714,牧原股份,2018-02,2,121.8,,,,,,16.75,13.65,,,,,,,lead,False,2018-03-06,2018年1-2月份生猪销售简报,https://static.cninfo.com.cn/finalpage/2018-03-06/1204452868.PDF
002714,牧原股份,2018-03,1,99.7,,,,,,10.72,10.36,,,,,,,lead,False,2018-04-09,2018年3月份生猪销售简报,https://static.cninfo.com.cn/finalpage/2018-04-09/1204589913.PDF
002714,牧原股份,2018-04,1,87.6,,,,,,9.1,9.99,,,,,,,lead,False,2018-05-05,2018年4月份生猪销售简报,https://static.cninfo.com.cn/finalpage/2018-05-05/1204910668.PDF
002714,牧原股份,2018-05,1,83.8,,,,,,8.92,10.09,,,,,,,lead,False,2018-06-06,2018年5月份生猪销售简报,https://static.cninfo.com.cn/finalpage/2018-06-06/1205037760.PDF
002714,牧原股份,2018-06,1,81.5,,,,,,9.35,11.19,,,,,,,lead,False,2018-07-10,2018年6月份生猪销售简报,https://static.cninfo.com.cn/finalpage/2018-07-10/1205135686.PDF
002714,牧原股份,2018-07,1,100.2,,,,,,12.11,12.27,,,,,,,lead,False,2018-08-07,2018年7月份生猪销售简报,https://static.cninfo.com.cn/finalpage/2018-08-07/1205263110.PDF
002714,牧原股份,2018-08,1,112.6,,,,,,14.1,13.21,,,,,,,lead,False,2018-09-06,2018年8月份生猪销售简报,https://static.cninfo.com.cn/finalpage/2018-09-06/1205385761.PDF
002714,牧原股份,2018-09,1,77.4,,,,,,10.01,12.53,,,,,,,lead,False,2018-10-09,2018年9月份生猪销售简报,https://static.cninfo.com.cn/finalpage/2018-10-09/1205487939.PDF
002714,牧原股份,2018-10,1,110.5,,,,,,15.0,12.23,,,,,,,lead,False,2018-11-06,2018年10月份生猪销售简报,https://static.cninfo.com.cn/finalpage/2018-11-06/1205582233.PDF
002714,牧原股份,2018-11,1,92.3,,,,,,11.48,11.24,,,,,,,lead,False,2018-12-05,2018年11月份生猪销售简报,https://static.cninfo.com.cn/finalpage/2018-12-05/1205650393.PDF
002714,牧原股份,2018-12,1,133.8,1010.9,,86.4,3.8,,15.16,10.64,,,,,,,lead,False,2019-01-08,2018年12月份生猪销售简报,https://static.cninfo.com.cn/finalpage/2019-01-08/1205713772.PDF
002714,牧原股份,2019-02,2,202.61,,,,,,18.02,9.6,,,,,,,lead,False,2019-03-07,2019年1-2月份生猪销售简报,https://static.cninfo.com.cn/finalpage/2019-03-07/1205881471.PDF
002714,牧原股份,2019-03,1,105.1,,,,,,12.3,13.15,,,,,,,lead,False,2019-04-08,2019年3月份生猪销售简报,https://static.cninfo.com.cn/finalpage/2019-04-08/1205995185.PDF
002714,牧原股份,2019-04,1,105.2,,,,,,14.3,13.68,,,,,,,lead,False,2019-05-09,2019年4月份生猪销售简报,https://static.cninfo.com.cn/finalpage/2019-05-09/1206243619.PDF
002714,牧原股份,2019-05,1,88.5,,,,,,12.03,13.83,,,,,,,lead,False,2019-06-06,2019年5月份生猪销售简报,https://static.cninfo.com.cn/finalpage/2019-06-06/1206336997.PDF
002714,牧原股份,2019-06,1,80.1,,,,,,11.93,15.26,,,,,,,lead,False,2019-07-09,2019年6月份生猪销售简报,https://static.cninfo.com.cn/finalpage/2019-07-09/1206432626.PDF
002714,牧原股份,2019-07,1,68.0,,,,,,11.3,16.01,,,,,,,lead,False,2019-08-06,2019年7月份生猪销售简报,https://static.cninfo.com.cn/finalpage/2019-08-06/1206499555.PDF
002714,牧原股份,2019-08,1,71.1,,,,,,13.67,20.27,,,,,,,lead,False,2019-09-07,2019年8月份生猪销售简报,https://static.cninfo.com.cn/finalpage/2019-09-07/1206908801.PDF
002714,牧原股份,2019-09,1,72.52,,,,,,19.22,26.17,,,,,,,lead,False,2019-10-09,2019年9月份生猪销售简报,https://static.cninfo.com.cn/finalpage/2019-10-09/1206967323.PDF
002714,牧原股份,2019-10,1,74.35,,,,,,27.28,33.5,,,,,,,lead,False,2019-11-07,2019年10月份生猪销售简报,https://static.cninfo.com.cn/finalpage/2019-11-07/1207070639.PDF
002714,牧原股份,2019-11,1,75.11,,,,,,28.41,30.3,,,,,,,lead,False,2019-12-06,2019年11月份生猪销售简报,https://static.cninfo.com.cn/finalpage/2019-12-06/1207141355.PDF
002714,牧原股份,2019-12,1,82.72,867.91,,154.71,2.71,,28.16,30.52,,,,,,,lead,False,2020-01-07,2019年12月份生猪销售简报,https://static.cninfo.com.cn/finalpage/2020-01-07/1207229272.PDF
002714,牧原股份,2020-02,2,139.5,,,,,,46.24,32.5,,,,,,,lead,False,2020-03-06,2020年1-2月份生猪销售简报,https://static.cninfo.com.cn/finalpage/2020-03-06/1207347966.PDF
002714,牧原股份,2020-03,1,116.9,,,,,,33.81,31.38,,,,,,,lead,False,2020-04-08,2020年3月份生猪销售简报,https://static.cninfo.com.cn/finalpage/2020-04-08/1207462365.PDF
002714,牧原股份,2020-04,1,124.7,,,,,,39.9,29.1,,,,,,,lead,False,2020-05-07,2020年4月份生猪销售简报,https://static.cninfo.com.cn/finalpage/2020-05-07/1207708829.PDF
002714,牧原股份,2020-05,1,144.7,,,,,,40.67,26.2,,,,,,,lead,False,2020-06-06,2020年5月份生猪销售简报,https://static.cninfo.com.cn/finalpage/2020-06-06/1207901252.PDF
002714,牧原股份,2020-06,1,152.3,246.2,,167.4,8.1,,46.58,31.41,,,,,,,lead,False,2020-07-07,2020年6月份生猪销售简报,https://static.cninfo.com.cn/finalpage/2020-07-07/1208008048.PDF
002714,牧原股份,2020-07,1,181.6,,,,,,60.03,35.23,,,,,,,lead,False,2020-08-06,2020年7月份生猪销售简报,https://static.cninfo.com.cn/finalpage/2020-08-06/1208129698.PDF
002714,牧原股份,2020-08,1,163.4,,,,,,59.12,34.47,,,,,,,lead,False,2020-09-04,2020年8月份生猪销售简报,https://static.cninfo.com.cn/finalpage/2020-09-04/1208389526.PDF
002714,牧原股份,2020-09,1,165.0,270.2,,194.8,45.1,,57.54,32.12,,,,,,,lead,False,2020-10-10,2020年9月份生猪销售简报,https://static.cninfo.com.cn/finalpage/2020-10-10/1208531928.PDF
002714,牧原股份,2020-10,1,151.6,,,,,,49.11,27.65,,,,,,,lead,False,2020-11-07,2020年10月份生猪销售简报,https://static.cninfo.com.cn/finalpage/2020-11-07/1208707730.PDF
002714,牧原股份,2020-11,1,207.6,,,,,,50.78,26.32,,,,,,,lead,False,2020-12-07,2020年11月份生猪销售简报,https://static.cninfo.com.cn/finalpage/2020-12-07/1208859939.PDF
002714,牧原股份,2020-12,1,264.1,485.5,,127.0,10.9,,66.86,30.15,,,,,,,lead,False,2021-01-04,2020年12月份生猪销售简报,https://static.cninfo.com.cn/finalpage/2021-01-04/1209037125.PDF
002714,牧原股份,2021-02,2,488.7,,,,,,122.81,26.95,,,,,,,lead,False,2021-03-08,2021年1-2月份生猪销售简报,https://static.cninfo.com.cn/finalpage/2021-03-08/1209347261.PDF
002714,牧原股份,2021-03,1,283.3,,,,,,70.58,23.21,,,,,,,lead,False,2021-04-07,2021年3月份生猪销售简报,https://static.cninfo.com.cn/finalpage/2021-04-07/1209642008.PDF
002714,牧原股份,2021-04,1,314.5,,,,,,79.24,21.11,,,,,,,lead,False,2021-05-07,2021年4月份生猪销售简报,https://static.cninfo.com.cn/finalpage/2021-05-07/1209935444.PDF
002714,牧原股份,2021-05,1,309.7,,275.9,33.8,,,67.8,17.65,,,,,,,lead,False,2021-06-05,2021年5月份生猪销售简报,https://static.cninfo.com.cn/finalpage/2021-06-05/1210169512.PDF
002714,牧原股份,2021-06,1,347.5,857.7,326.1,21.4,9.9,,57.07,13.58,,,,,,,lead,False,2021-07-06,2021年6月份生猪销售简报,https://static.cninfo.com.cn/finalpage/2021-07-06/1210417322.PDF
002714,牧原股份,2021-07,1,301.1,,280.90000000000003,20.2,,,52.07,15.04,,,,,,,lead,False,2021-08-07,2021年7月份生猪销售简报,https://static.cninfo.com.cn/finalpage/2021-08-07/1210687258.PDF
002714,牧原股份,2021-08,1,257.3,,241.70000000000002,15.6,,,42.34,13.92,,,,,,,lead,False,2021-09-06,2021年8月份生猪销售简报,https://static.cninfo.com.cn/finalpage/2021-09-06/1210971182.PDF
002714,牧原股份,2021-09,1,308.6,822.5,303.70000000000005,4.9,3.7,,42.68,11.49,,,,,,,lead,False,2021-10-09,2021年9月份生猪销售简报,https://static.cninfo.com.cn/finalpage/2021-10-09/1211219001.PDF
002714,牧原股份,2021-10,1,525.8,,520.0999999999999,5.7,,,71.01,11.88,,,,,,,lead,False,2021-11-06,2021年10月份生猪销售简报,https://static.cninfo.com.cn/finalpage/2021-11-06/1211510263.PDF
002714,牧原股份,2021-11,1,387.4,,380.2,7.2,,,67.67,15.96,,,,,,,lead,False,2021-12-07,2021年11月份生猪销售简报,https://static.cninfo.com.cn/finalpage/2021-12-07/1211822655.PDF
002714,牧原股份,2021-12,1,502.5,1396.7,498.8,3.7,2.5,,77.65,14.75,,,,,,,lead,False,2022-01-06,2021年12月份生猪销售简报,https://static.cninfo.com.cn/finalpage/2022-01-06/1212103396.PDF
002714,牧原股份,2022-02,2,783.1,,754.9,28.2,,,101.62,12.38,,,,,,,lead,False,2022-03-08,2022年1-2月份生猪销售简报,https://static.cninfo.com.cn/finalpage/2022-03-08/1212521705.PDF
002714,牧原股份,2022-03,1,598.6,,545.9,52.7,,,74.32,11.67,,,,,,,lead,False,2022-04-07,2022年3月份生猪销售简报,https://static.cninfo.com.cn/finalpage/2022-04-07/1212827648.PDF
002714,牧原股份,2022-04,1,632.1,,530.2,101.9,,,79.42,12.56,,,,,,,lead,False,2022-05-06,2022年4月份生猪销售简报,https://static.cninfo.com.cn/finalpage/2022-05-06/1213283887.PDF
002714,牧原股份,2022-05,1,586.3,,458.29999999999995,128.0,,,84.09,14.87,,,,,,,lead,False,2022-06-07,2022年5月份生猪销售简报,https://static.cninfo.com.cn/finalpage/2022-06-07/1213620451.PDF
002714,牧原股份,2022-06,1,527.9,1400.1,429.29999999999995,98.6,17.8,,87.54,16.53,,,,,,,lead,False,2022-07-05,2022年6月份生猪销售简报,https://static.cninfo.com.cn/finalpage/2022-07-05/1213941415.PDF
002714,牧原股份,2022-07,1,459.4,,402.5,56.9,,,104.91,21.33,,,,,,,lead,False,2022-08-06,2022年7月份生猪销售简报,https://static.cninfo.com.cn/finalpage/2022-08-06/1214232773.PDF
002714,牧原股份,2022-08,1,488.7,,458.4,30.3,,,116.6,20.94,,,,,,,lead,False,2022-09-06,2022年8月份生猪销售简报,https://static.cninfo.com.cn/finalpage/2022-09-06/1214540540.PDF
002714,牧原股份,2022-09,1,446.2,1271.3,418.9,27.3,8.6,,119.59,23.06,,,,,,,lead,False,2022-10-10,2022年9月份生猪销售简报,https://static.cninfo.com.cn/finalpage/2022-10-10/1214728923.PDF
002714,牧原股份,2022-10,1,477.9,,459.4,18.5,,,149.37,26.05,,,,,,,lead,False,2022-11-07,2022年10月份生猪销售简报,https://static.cninfo.com.cn/finalpage/2022-11-07/1215037528.PDF
002714,牧原股份,2022-11,1,517.1,,508.3,8.8,,,148.42,23.33,,,,,,,lead,False,2022-12-06,2022年11月份生猪销售简报,https://static.cninfo.com.cn/finalpage/2022-12-06/1215283233.PDF
002714,牧原股份,2022-12,1,602.7,1560.6,597.9000000000001,4.8,4.9,,131.75,18.61,,,,,,,lead,False,2023-01-06,2022年12月份生猪销售简报,https://static.cninfo.com.cn/finalpage/2023-01-06/1215532856.PDF
002714,牧原股份,2023-02,2,884.4,863.0,,17.9,3.4,,146.65,14.49,,,,,,,lead,False,2023-03-16,2023年1-2月份生猪销售简报,https://static.cninfo.com.cn/finalpage/2023-03-16/1216126360.PDF
002714,牧原股份,2023-03,1,500.1,474.5,,23.9,1.6,,87.49,,,,,,,,lead,False,2023-04-07,2023年3月份生猪销售简报,https://static.cninfo.com.cn/finalpage/2023-04-07/1216344104.PDF
002714,牧原股份,2023-04,1,534.2,519.2,,13.0,2.0,,91.06,14.2,,,,,,,lead,False,2023-05-06,2023年4月份生猪销售简报,https://static.cninfo.com.cn/finalpage/2023-05-06/1216759020.PDF
002714,牧原股份,2023-05,1,576.4,536.7,,38.0,1.6,,94.89,14.18,,,,,,,lead,False,2023-06-06,2023年5月份生猪销售简报,https://static.cninfo.com.cn/finalpage/2023-06-06/1216992716.PDF
002714,牧原股份,2023-06,1,531.4,514.2,,16.2,1.0,,86.89,13.82,,,,,,,lead,False,2023-07-06,2023年6月份生猪销售简报,https://static.cninfo.com.cn/finalpage/2023-07-06/1217218469.PDF
002714,牧原股份,2023-07,1,570.0,557.6,,10.1,2.3,,93.45,13.81,,,,,,,lead,False,2023-08-08,2023年7月份生猪销售简报,https://static.cninfo.com.cn/finalpage/2023-08-08/1217479098.PDF
002714,牧原股份,2023-08,1,567.2,557.9,,7.7,1.5,,108.07,16.35,,,,,,,lead,False,2023-09-06,2023年8月份生猪销售简报,https://static.cninfo.com.cn/finalpage/2023-09-06/1217784379.PDF
002714,牧原股份,2023-09,1,537.3,532.2,,4.3,0.8,,98.7,15.82,,,,,,,lead,False,2023-10-10,2023年9月份生猪销售简报,https://static.cninfo.com.cn/finalpage/2023-10-10/1217996812.PDF
002714,牧原股份,2023-10,1,488.0,485.3,,1.8,1.0,,83.89,14.52,,,,,,,lead,False,2023-11-07,2023年10月份生猪销售简报,https://static.cninfo.com.cn/finalpage/2023-11-07/1218269807.PDF
002714,牧原股份,2023-11,1,529.5,528.1,,0.2,1.1,,87.91,13.7,,,,,,,lead,False,2023-12-06,2023年11月份生猪销售简报,https://static.cninfo.com.cn/finalpage/2023-12-06/1218524056.PDF
002714,牧原股份,2023-12,1,663.1,657.8,,3.6,1.7,,103.19,13.42,,,,,,,lead,False,2024-01-06,2023年12月份生猪销售简报,https://static.cninfo.com.cn/finalpage/2024-01-06/1218817267.PDF
002714,牧原股份,2024-02,2,1054.0,1037.1,,12.2,4.8,,166.35,13.84,,,,,,,lead,False,2024-03-06,2024年1-2月份生猪销售简报,https://static.cninfo.com.cn/finalpage/2024-03-06/1219241766.PDF
002714,牧原股份,2024-03,1,547.1,493.7,,47.5,5.9,,90.75,,,,,,,,lead,False,2024-04-09,2024年3月份生猪销售简报,https://static.cninfo.com.cn/finalpage/2024-04-09/1219536347.PDF
002714,牧原股份,2024-04,1,545.0,433.0,,105.0,7.0,,91.53,14.8,,,,,,,lead,False,2024-05-07,2024年4月份生猪销售简报,https://static.cninfo.com.cn/finalpage/2024-05-07/1219985020.PDF
002714,牧原股份,2024-05,1,586.0,491.2,,88.1,6.6,,104.5,15.52,,,,,,,lead,False,2024-06-06,2024年5月份生猪销售简报,https://static.cninfo.com.cn/finalpage/2024-06-06/1220272130.PDF
002714,牧原股份,2024-06,1,506.8,443.3,,56.6,7.0,,107.1,17.73,,,,,,,lead,False,2024-07-06,2024年6月份生猪销售简报,https://static.cninfo.com.cn/finalpage/2024-07-06/1220542009.PDF
002714,牧原股份,2024-07,1,615.8,562.3,,49.3,4.1,,134.05,18.3,,,,,,,lead,False,2024-08-06,2024年7月份生猪销售简报,https://static.cninfo.com.cn/finalpage/2024-08-06/1220797342.PDF
002714,牧原股份,2024-08,1,624.1,550.8,,69.6,3.6,,140.24,19.71,,,,,,,lead,False,2024-09-06,2024年8月份生猪销售简报,https://static.cninfo.com.cn/finalpage/2024-09-06/1221148490.PDF
002714,牧原股份,2024-09,1,535.8,501.9,,32.4,1.5,,118.99,18.65,,,,,,,lead,False,2024-10-09,2024年9月份生猪销售简报,https://static.cninfo.com.cn/finalpage/2024-10-09/1221343163.PDF
002714,牧原股份,2024-10,1,649.8,625.2,,23.4,1.1,,134.23,17.17,,,,,,,lead,False,2024-11-05,2024年10月份生猪销售简报,https://static.cninfo.com.cn/finalpage/2024-11-05/1221627005.PDF
002714,牧原股份,2024-11,1,638.3,590.6,,45.9,1.8,,120.68,16.22,,,,,,,lead,False,2024-12-06,2024年11月份生猪销售简报,https://static.cninfo.com.cn/finalpage/2024-12-06/1221939997.PDF
002714,牧原股份,2024-12,1,857.8,818.8,,36.0,3.1,,153.85,15.29,,,,,,,lead,False,2025-01-07,2024年12月份生猪销售简报,https://static.cninfo.com.cn/finalpage/2025-01-07/1222245533.PDF
002714,牧原股份,2025-02,2,1146.1,1146.1,,,,,204.22,14.76,,,,,,仅披露商品猪,lead,False,2025-03-08,2025年1-2月份销售简报,https://static.cninfo.com.cn/finalpage/2025-03-08/1222744668.PDF
002714,牧原股份,2025-03,1,693.5,693.5,,,,,127.94,14.3,,,,,,仅披露商品猪,lead,False,2025-04-08,2025年3月份销售简报,https://static.cninfo.com.cn/finalpage/2025-04-08/1223020387.PDF
002714,牧原股份,2025-04,1,657.3,657.3,,,,,125.95,14.66,,,,,,仅披露商品猪,lead,False,2025-05-08,2025年4月份销售简报,https://static.cninfo.com.cn/finalpage/2025-05-08/1223489194.PDF
002714,牧原股份,2025-05,1,640.6,640.6,,,,,122.58,14.52,,,,,,仅披露商品猪,lead,False,2025-06-06,2025年5月份销售简报,https://static.cninfo.com.cn/finalpage/2025-06-06/1223788945.PDF
002714,牧原股份,2025-06,1,701.9,701.9,,,,,127.99,14.08,,,,,,仅披露商品猪,lead,False,2025-07-08,2025年6月份销售简报,https://static.cninfo.com.cn/finalpage/2025-07-08/1224091404.PDF
002714,牧原股份,2025-07,1,635.5,635.5,,,,,116.39,14.3,,,,,,仅披露商品猪,lead,False,2025-08-06,2025年7月份销售简报,https://static.cninfo.com.cn/finalpage/2025-08-06/1224400568.PDF
002714,牧原股份,2025-08,1,700.1,700.1,,,,,118.5,13.51,,,,,,仅披露商品猪,lead,False,2025-09-06,2025年8月份销售简报,https://static.cninfo.com.cn/finalpage/2025-09-06/1224640987.PDF
002714,牧原股份,2025-09,1,557.3,557.3,,,,,90.66,12.88,,,,,,仅披露商品猪,lead,False,2025-10-10,2025年9月份销售简报,https://static.cninfo.com.cn/finalpage/2025-10-10/1224703355.PDF
002714,牧原股份,2025-10,1,707.6,707.6,,,,,103.31,11.55,,,,,,仅披露商品猪,lead,False,2025-11-06,2025年10月份销售简报,https://static.cninfo.com.cn/finalpage/2025-11-06/1224788383.PDF
002714,牧原股份,2025-11,1,660.2,660.2,,,,,93.9,11.56,,,,,,仅披露商品猪,lead,False,2025-12-06,2025年11月份销售简报,https://static.cninfo.com.cn/finalpage/2025-12-06/1224853292.PDF
002714,牧原股份,2025-12,1,698.0,698.0,,,,,96.67,11.41,,,,,,仅披露商品猪,lead,False,2026-01-06,2025年12月份销售简报,https://static.cninfo.com.cn/finalpage/2026-01-06/1224918783.PDF
002714,牧原股份,2026-01,1,700.9,700.9,,,,,105.66,12.57,,,,,,仅披露商品猪,lead,False,2026-02-06,2026年1月份销售简报,https://static.cninfo.com.cn/finalpage/2026-02-06/1224969408.PDF
002714,牧原股份,2026-02,1,460.3,460.3,,,,,64.05,11.59,,,,,,仅披露商品猪,lead,False,2026-03-06,2026年2月份销售简报,https://static.cninfo.com.cn/finalpage/2026-03-06/1224998404.PDF
002714,牧原股份,2026-03,1,675.1,675.1,,,,,86.06,9.91,,,,,,仅披露商品猪,lead,False,2026-04-09,2026年3月份销售简报,https://static.cninfo.com.cn/finalpage/2026-04-09/1225085025.PDF
002714,牧原股份,2026-04,1,714.3,714.3,,,,,85.03,9.45,,,,,,仅披露商品猪,lead,False,2026-05-07,2026年4月份销售简报,https://static.cninfo.com.cn/finalpage/2026-05-07/1225279922.PDF
002714,牧原股份,2026-05,1,688.3,688.3,,,,,85.65,9.8,,,,,,仅披露商品猪,lead,False,2026-06-06,2026年5月份销售简报,https://static.cninfo.com.cn/finalpage/2026-06-06/1225354982.PDF
002714,牧原股份,2026-06,1,622.7,622.7,,,,,75.0,9.69,,,,,,仅披露商品猪,lead,False,2026-07-07,2026年6月份销售简报,https://static.cninfo.com.cn/finalpage/2026-07-07/1225411958.PDF
002714,牧原股份,2026-07,1,666.1,666.1,,,,,88.97,10.64,,,,,,仅披露商品猪,lead,False,2026-08-06,2026年7月份销售简报,https://static.cninfo.com.cn/finalpage/2026-08-06/1225460373.PDF
002714,牧原股份,2026-08,1,703.0,703.0,,,,,92.54,10.3,,,,,,仅披露商品猪,lead,False,2026-09-08,2026年8月份销售简报,https://static.cninfo.com.cn/finalpage/2026-09-08/1225551030.PDF
002840,华统股份,2021-08,1,0.5114,,,,,,0.104781,,,,,,,,lead,False,2021-09-15,2021年8月畜禽销售情况简报,https://static.cninfo.com.cn/finalpage/2021-09-15/1211053386.PDF
002840,华统股份,2021-09,1,0.4834,,,,,,0.069254,,,,,,,,lead,False,2021-10-16,2021年9月畜禽销售情况简报,https://static.cninfo.com.cn/finalpage/2021-10-16/1211288752.PDF
002840,华统股份,2021-10,1,0.8103,,,,,,0.12302,,,,,,,,lead,False,2021-11-17,2021年10月畜禽销售情况简报,https://static.cninfo.com.cn/finalpage/2021-11-17/1211601048.PDF
002840,华统股份,2021-11,1,0.7407,,,,,,0.191775,,,,,,,,lead,False,2021-12-14,2021年11月畜禽销售情况简报,https://static.cninfo.com.cn/finalpage/2021-12-14/1211893956.PDF
002840,华统股份,2021-12,1,1.6311,,,,,,0.420867,,,,,,,,lead,False,2022-01-15,2021年12月畜禽销售情况简报,https://static.cninfo.com.cn/finalpage/2022-01-15/1212189826.PDF
002840,华统股份,2022-01,1,2.1748,,,,,,0.456874,,,,,,,,lead,False,2022-02-15,2022年1月畜禽销售情况简报,https://static.cninfo.com.cn/finalpage/2022-02-15/1212360825.PDF
002840,华统股份,2022-02,1,5.8604,,,,,,0.974124,,,,,,,,lead,False,2022-03-05,2022年2月畜禽销售情况简报,https://static.cninfo.com.cn/finalpage/2022-03-05/1212511263.PDF
002840,华统股份,2022-03,1,8.1798,,,,,,1.348786,,,,,,,,lead,False,2022-04-12,2022年3月畜禽销售情况简报,https://static.cninfo.com.cn/finalpage/2022-04-12/1212886140.PDF
002840,华统股份,2022-04,1,9.2358,,,,,,1.65757,,,,,,,,lead,False,2022-05-10,2022年4月畜禽销售情况简报,https://static.cninfo.com.cn/finalpage/2022-05-10/1213301090.PDF
002840,华统股份,2022-05,1,11.4072,,,,,,2.0476259999999997,,,,,,,,lead,False,2022-06-09,2022年5月畜禽销售情况简报,https://static.cninfo.com.cn/finalpage/2022-06-09/1213645651.PDF
002840,华统股份,2022-06,1,11.7437,,,,,,2.1500619999999997,,,,,,,,lead,False,2022-07-09,2022年6月畜禽销售情况简报,https://static.cninfo.com.cn/finalpage/2022-07-09/1213999261.PDF
002840,华统股份,2022-07,1,9.4238,,,3.0437,,,1.8445369999999999,22.82,,,,,,,lead,False,2022-08-13,2022年7月畜禽销售情况简报,https://static.cninfo.com.cn/finalpage/2022-08-13/1214287812.PDF
002840,华统股份,2022-08,1,12.9472,,,1.0297,,,3.213371,22.68,,,,,,,lead,False,2022-09-09,2022年8月畜禽销售情况简报,https://static.cninfo.com.cn/finalpage/2022-09-09/1214568437.PDF
002840,华统股份,2022-09,1,13.0326,,,1.0575,,,3.038056,24.26,,,,,,,lead,False,2022-10-13,2022年9月畜禽销售情况简报,https://static.cninfo.com.cn/finalpage/2022-10-13/1214756018.PDF
002840,华统股份,2022-10,1,11.9914,,,4.017,,,2.830139,27.29,,,,,,,lead,False,2022-11-15,2022年10月畜禽销售情况简报,https://static.cninfo.com.cn/finalpage/2022-11-15/1215107854.PDF
002840,华统股份,2022-11,1,11.678,,,5.8105,,,2.056607,24.39,,,,,,,lead,False,2022-12-12,2022年11月畜禽销售情况简报,https://static.cninfo.com.cn/finalpage/2022-12-12/1215325303.PDF
002840,华统股份,2022-12,1,12.8072,,,2.715,,,2.388383,18.86,,,,,,,lead,False,2023-01-14,2022年12月畜禽销售情况简报,https://static.cninfo.com.cn/finalpage/2023-01-14/1215605462.PDF
002840,华统股份,2023-01,1,16.1735,,,3.4403,,,2.66679,15.56,,,,,,,lead,False,2023-02-14,2023年1月畜禽销售情况简报,https://static.cninfo.com.cn/finalpage/2023-02-14/1215856005.PDF
002840,华统股份,2023-02,1,18.4519,,,5.1738,,,2.736027,14.8,,,,,,,lead,False,2023-03-18,2023年2月畜禽销售情况简报,https://static.cninfo.com.cn/finalpage/2023-03-18/1216147180.PDF
002840,华统股份,2023-03,1,18.7813,,,4.484,,,3.273109,15.63,,,,,,,lead,False,2023-04-12,2023年3月畜禽销售情况简报,https://static.cninfo.com.cn/finalpage/2023-04-12/1216378376.PDF
002840,华统股份,2023-04,1,20.1479,,,7.023,,,3.0248720000000002,14.8,,,,,,,lead,False,2023-05-13,2023年4月畜禽销售情况简报,https://static.cninfo.com.cn/finalpage/2023-05-13/1216810122.PDF
002840,华统股份,2023-05,1,19.5649,,,4.3907,,,3.25359,14.45,,,,,,,lead,False,2023-06-13,2023年5月畜禽销售情况简报,https://static.cninfo.com.cn/finalpage/2023-06-13/1217043253.PDF
002840,华统股份,2023-06,1,22.176,,,2.3555,,,3.161381,14.3,,,,,,,lead,False,2023-07-13,2023年6月畜禽销售情况简报,https://static.cninfo.com.cn/finalpage/2023-07-13/1217283082.PDF
002840,华统股份,2023-07,1,19.0286,,,1.092,,,3.112777,14.33,,,,,,,lead,False,2023-08-11,2023年7月畜禽销售情况简报,https://static.cninfo.com.cn/finalpage/2023-08-11/1217510287.PDF
002840,华统股份,2023-08,1,16.4585,,,0.8414,,,3.603015,16.95,,,,,,,lead,False,2023-09-13,2023年8月畜禽销售情况简报,https://static.cninfo.com.cn/finalpage/2023-09-13/1217831812.PDF
002840,华统股份,2023-09,1,17.3022,,,,,,3.701338,16.5,,,,,,,lead,False,2023-10-14,2023年9月畜禽销售情况简报,https://static.cninfo.com.cn/finalpage/2023-10-14/1218029564.PDF
002840,华统股份,2023-10,1,18.4193,,,0.0,,,3.4721480000000002,15.32,,,,,,,lead,False,2023-11-15,2023年10月畜禽销售情况简报,https://static.cninfo.com.cn/finalpage/2023-11-15/1218329060.PDF
002840,华统股份,2023-11,1,20.7096,,,0.0,,,4.117433999999999,13.99,,,,,,,lead,False,2023-12-13,2023年11月畜禽销售情况简报,https://static.cninfo.com.cn/finalpage/2023-12-13/1218592589.PDF
002840,华统股份,2023-12,1,23.0578,,,0.0,,,3.7414980000000004,13.8,,,,,,,lead,False,2024-01-12,2023年12月畜禽销售情况简报,https://static.cninfo.com.cn/finalpage/2024-01-12/1218857543.PDF
002840,华统股份,2024-01,1,23.5878,,,2.2391,,,3.5711180000000002,13.81,,,,,,,lead,False,2024-02-08,2024年1月畜禽销售情况简报,https://static.cninfo.com.cn/finalpage/2024-02-08/1219122786.PDF
002840,华统股份,2024-02,1,18.462,,,0.83,,,3.039676,14.3,,,,,,,lead,False,2024-03-15,2024年2月畜禽销售情况简报,https://static.cninfo.com.cn/finalpage/2024-03-15/1219306061.PDF
002840,华统股份,2024-03,1,23.6443,,,1.9254,,,4.022223,14.7,,,,,,,lead,False,2024-04-15,2024年3月畜禽销售情况简报,https://static.cninfo.com.cn/finalpage/2024-04-15/1219612346.PDF
002840,华统股份,2024-04,1,20.1454,,,0.4213,,,3.6477269999999997,15.2,,,,,,,lead,False,2024-05-16,2024年4月畜禽销售情况简报,https://static.cninfo.com.cn/finalpage/2024-05-16/1220061762.PDF
002840,华统股份,2024-05,1,27.2328,,,5.7771,,,4.817197,15.9,,,,,,,lead,False,2024-06-13,2024年5月畜禽销售情况简报,https://static.cninfo.com.cn/finalpage/2024-06-13/1220336075.PDF
002840,华统股份,2024-06,1,20.5691,,,2.1363,,,4.338931,18.5,,,,,,,lead,False,2024-07-13,2024年6月畜禽销售情况简报,https://static.cninfo.com.cn/finalpage/2024-07-13/1220628066.PDF
002840,华统股份,2024-07,1,20.2015,,,0.26,,,4.473505,18.9,,,,,,,lead,False,2024-08-15,2024年7月畜禽销售情况简报,https://static.cninfo.com.cn/finalpage/2024-08-15/1220872661.PDF
002840,华统股份,2024-08,1,20.0443,,,1.501,,,3.973755,19.8,,,,,,,lead,False,2024-09-14,2024年8月畜禽销售情况简报,https://static.cninfo.com.cn/finalpage/2024-09-14/1221223586.PDF
002840,华统股份,2024-09,1,20.9323,,,2.225,,,4.243883,18.8,,,,,,,lead,False,2024-10-15,2024年9月畜禽销售情况简报,https://static.cninfo.com.cn/finalpage/2024-10-15/1221384374.PDF
002840,华统股份,2024-10,1,20.0749,,,2.3916,,,3.404761,17.2,,,,,,,lead,False,2024-11-15,2024年10月畜禽销售情况简报,https://static.cninfo.com.cn/finalpage/2024-11-15/1221724700.PDF
002840,华统股份,2024-11,1,20.1032,,,1.0593,,,4.104776,16.5,,,,,,,lead,False,2024-12-14,2024年11月畜禽销售情况简报,https://static.cninfo.com.cn/finalpage/2024-12-14/1222015268.PDF
002840,华统股份,2024-12,1,20.8241,,,0.0,,,3.8517379999999997,15.7,,,,,,,lead,False,2025-01-15,2024年12月畜禽销售情况简报,https://static.cninfo.com.cn/finalpage/2025-01-15/1222331290.PDF
002840,华统股份,2025-01,1,21.4928,,,0.0,,,4.086118,15.7,,,,,,,lead,False,2025-02-15,2025年1月畜禽销售情况简报,https://static.cninfo.com.cn/finalpage/2025-02-15/1222544232.PDF
002840,华统股份,2025-02,1,21.9354,,,2.513,,,3.509293,15.01,,,,,,,lead,False,2025-03-14,2025年2月畜禽销售情况简报,https://static.cninfo.com.cn/finalpage/2025-03-14/1222787638.PDF
002840,华统股份,2025-03,1,22.8159,,,0.7978,,,3.922108,14.8,,,,,,,lead,False,2025-04-15,2025年3月畜禽销售情况简报,https://static.cninfo.com.cn/finalpage/2025-04-15/1223092120.PDF
002840,华统股份,2025-04,1,20.8222,,,0.0,,,3.754145,14.8,,,,,,,lead,False,2025-05-15,2025年4月畜禽销售情况简报,https://static.cninfo.com.cn/finalpage/2025-05-15/1223544920.PDF
002840,华统股份,2025-05,1,20.0131,,,0.0,,,3.609226,14.5,,,,,,,lead,False,2025-06-13,2025年5月畜禽销售情况简报,https://static.cninfo.com.cn/finalpage/2025-06-13/1223858704.PDF
002840,华统股份,2025-06,1,20.0376,,,0.0,,,3.4792959999999997,14.2,,,,,,,lead,False,2025-07-15,2025年6月畜禽销售情况简报,https://static.cninfo.com.cn/finalpage/2025-07-15/1224162439.PDF
002840,华统股份,2025-07,1,19.5563,,,0.0,,,3.3591,14.5,,,,,,,lead,False,2025-08-15,2025年7月畜禽销售情况简报,https://static.cninfo.com.cn/finalpage/2025-08-15/1224485834.PDF
002840,华统股份,2025-08,1,20.5081,,,0.0,,,3.377196,13.59,,,,,,,lead,False,2025-09-13,2025年8月畜禽销售情况简报,https://static.cninfo.com.cn/finalpage/2025-09-13/1224655740.PDF
002840,华统股份,2025-09,1,20.2331,,,0.4595,,,3.1869240000000003,12.98,,,,,,,lead,False,2025-10-15,2025年9月畜禽销售情况简报,https://static.cninfo.com.cn/finalpage/2025-10-15/1224710388.PDF
002840,华统股份,2025-10,1,24.2496,,,0.0,,,3.3827760000000002,11.4,,,,,,,lead,False,2025-11-12,2025年10月畜禽销售情况简报,https://static.cninfo.com.cn/finalpage/2025-11-12/1224797573.PDF
002840,华统股份,2025-11,1,24.7441,,,0.0,,,3.4370279999999998,11.5,,,,,,,lead,False,2025-12-12,2025年11月畜禽销售情况简报,https://static.cninfo.com.cn/finalpage/2025-12-12/1224868043.PDF
002840,华统股份,2025-12,1,24.8319,,,0.0,,,3.422994,11.37,,,,,,,lead,False,2026-01-15,2025年12月畜禽销售情况简报,https://static.cninfo.com.cn/finalpage/2026-01-15/1224933118.PDF
002840,华统股份,2026-01,1,24.6816,,,0.0,,,4.026946,12.6,,,,,,,lead,False,2026-02-11,2026年1月畜禽销售情况简报,https://static.cninfo.com.cn/finalpage/2026-02-11/1224974421.PDF
002840,华统股份,2026-02,1,32.6359,,,0.0,,,4.703951999999999,11.57,,,,,,,lead,False,2026-03-14,2026年2月畜禽销售情况简报,https://static.cninfo.com.cn/finalpage/2026-03-14/1225007885.PDF
002840,华统股份,2026-03,1,30.3495,,,0.0,,,3.955282,10.02,,,,,,,lead,False,2026-04-14,2026年3月畜禽销售情况简报,https://static.cninfo.com.cn/finalpage/2026-04-14/1225098995.PDF
002840,华统股份,2026-04,1,25.202,,,0.0,,,2.930973,9.1,,,,,,,lead,False,2026-05-12,2026年4月畜禽销售情况简报,https://static.cninfo.com.cn/finalpage/2026-05-12/1225289197.PDF
002840,华统股份,2026-05,1,23.7808,,,0.0,,,2.658019,9.52,,,,,,,lead,False,2026-06-11,2026年5月畜禽销售情况简报,https://static.cninfo.com.cn/finalpage/2026-06-11/1225362649.PDF
002840,华统股份,2026-06,1,18.2005,,,0.5566,,,2.146673,9.58,,,,,,,lead,False,2026-07-10,2026年6月畜禽销售情况简报,https://static.cninfo.com.cn/finalpage/2026-07-10/1225416973.PDF
002840,华统股份,2026-07,1,16.9769,,,0.4982,,,2.245975,10.65,,,,,,,lead,False,2026-08-14,2026年7月畜禽销售情况简报,https://static.cninfo.com.cn/finalpage/2026-08-14/1225471237.PDF
002840,华统股份,2026-08,1,16.5221,,,0.2838,,,2.2036919999999998,10.74,,,,,,,lead,False,2026-09-12,2026年8月畜禽销售情况简报,https://static.cninfo.com.cn/finalpage/2026-09-12/1225560919.PDF
300498,温氏股份,2017-12,1,190.1,,,,,,33.63,14.95,,,,,,标题含年度汇总,lead,False,2018-01-08,2017年12月及2017年度商品肉猪销售情况简报,https://static.cninfo.com.cn/finalpage/2018-01-08/1204310698.PDF
300498,温氏股份,2018-01,1,178.95,,,,,,31.45,15.05,,,,,,,lead,False,2018-02-06,2018年1月份商品肉猪销售情况简报,https://static.cninfo.com.cn/finalpage/2018-02-06/1204394171.PDF
300498,温氏股份,2018-02,1,122.7,,,,,,19.44,13.46,,,,,,,lead,False,2018-03-05,2018年2月份商品肉猪销售情况简报,https://static.cninfo.com.cn/finalpage/2018-03-05/1204451994.PDF
300498,温氏股份,2018-03,1,196.71,,,,,,26.33,10.97,,,,,,,lead,False,2018-04-09,2018年3月份商品肉猪销售情况简报,https://static.cninfo.com.cn/finalpage/2018-04-09/1204594039.PDF
300498,温氏股份,2018-04,1,194.37,,,,,,23.25,10.01,,,,,,,lead,False,2018-05-04,2018年4月份商品肉猪销售情况简报,https://static.cninfo.com.cn/finalpage/2018-05-04/1204910002.PDF
300498,温氏股份,2018-05,1,181.52,,,,,,21.94,10.37,,,,,,,lead,False,2018-06-04,2018年5月份商品肉猪销售情况简报,https://static.cninfo.com.cn/finalpage/2018-06-04/1205033135.PDF
300498,温氏股份,2018-06,1,161.39,,,,,,21.56,11.58,,,,,,,lead,False,2018-07-04,2018年6月份商品肉猪销售情况简报,https://static.cninfo.com.cn/finalpage/2018-07-04/1205122824.PDF
300498,温氏股份,2018-07,1,169.67,,,,,,24.74,12.69,,,,,,,lead,False,2018-08-06,2018年7月份商品肉猪销售情况简报,https://static.cninfo.com.cn/finalpage/2018-08-06/1205262876.PDF
300498,温氏股份,2018-08,1,198.42,,,,,,31.66,14.01,,,,,,,lead,False,2018-09-04,2018年8月份商品肉猪销售情况简报,https://static.cninfo.com.cn/finalpage/2018-09-04/1205372007.PDF
300498,温氏股份,2018-09,1,214.51,,,,,,33.67,14.21,,,,,,,lead,False,2018-10-08,2018年9月份商品肉猪销售情况简报,https://static.cninfo.com.cn/finalpage/2018-10-08/1205481572.PDF
300498,温氏股份,2018-10,1,189.75,,,,,,30.35,14.26,,,,,,,lead,False,2018-11-05,2018年10月份商品肉猪销售情况简报,https://static.cninfo.com.cn/finalpage/2018-11-05/1205581730.PDF
300498,温氏股份,2018-11,1,211.67,,,,,,32.69,13.59,,,,,,,lead,False,2018-12-04,2018年11月份商品肉猪销售情况简报,https://static.cninfo.com.cn/finalpage/2018-12-04/1205650143.PDF
300498,温氏股份,2018-12,1,210.06,,,,,,32.38,13.73,,,,,,标题含年度汇总,lead,False,2019-01-04,2018年12月及2018年度商品肉猪销售情况简报,https://static.cninfo.com.cn/finalpage/2019-01-04/1205711509.PDF
300498,温氏股份,2019-01,1,249.32,,,,,,31.99,11.52,,,,,,,lead,False,2019-02-18,2019年1月份商品肉猪销售情况简报,https://static.cninfo.com.cn/finalpage/2019-02-18/1205839796.PDF
300498,温氏股份,2019-02,1,146.04,,,,,,19.21,11.62,,,,,,,lead,False,2019-03-04,2019年2月份商品肉猪销售情况简报,https://static.cninfo.com.cn/finalpage/2019-03-04/1205873838.PDF
300498,温氏股份,2019-03,1,200.94,,,,,,32.49,14.02,,,,,,,lead,False,2019-04-04,2019年3月份商品肉猪销售情况简报,https://static.cninfo.com.cn/finalpage/2019-04-04/1205995415.PDF
300498,温氏股份,2019-04,1,186.5,,,,,,30.98,14.08,,,,,,,lead,False,2019-05-06,2019年4月份商品肉猪销售情况简报,https://static.cninfo.com.cn/finalpage/2019-05-06/1206234728.PDF
300498,温氏股份,2019-05,1,201.62,,,,,,32.4,14.12,,,,,,,lead,False,2019-06-04,2019年5月份商品肉猪销售情况简报,https://static.cninfo.com.cn/finalpage/2019-06-04/1206332811.PDF
300498,温氏股份,2019-06,1,192.98,,,,,,33.35,15.6,,,,,,,lead,False,2019-07-04,2019年6月份商品肉猪销售情况简报,https://static.cninfo.com.cn/finalpage/2019-07-04/1206426738.PDF
300498,温氏股份,2019-07,1,173.23,,,,,,32.22,17.37,,,,,,,lead,False,2019-08-05,2019年7月份商品肉猪销售情况简报,https://static.cninfo.com.cn/finalpage/2019-08-05/1206498315.PDF
300498,温氏股份,2019-08,1,113.73,,,,,,27.51,22.85,,,,,,,lead,False,2019-09-06,2019年8月份商品肉猪销售情况简报,https://static.cninfo.com.cn/finalpage/2019-09-06/1206908003.PDF
300498,温氏股份,2019-09,1,88.8,,,,,,28.3,28.73,,,,,,,lead,False,2019-10-09,2019年9月份商品肉猪销售情况简报,https://static.cninfo.com.cn/finalpage/2019-10-09/1206969322.PDF
300498,温氏股份,2019-10,1,89.43,,,,,,38.59,36.19,,,,,,,lead,False,2019-11-05,2019年10月份肉鸡及肉猪销售情况简报,https://static.cninfo.com.cn/finalpage/2019-11-05/1207067542.PDF
300498,温氏股份,2019-11,1,81.94,,,,,,35.55,35.09,,,,,,,lead,False,2019-12-04,2019年11月份肉鸡及肉猪销售情况简报,https://static.cninfo.com.cn/finalpage/2019-12-04/1207137821.PDF
300498,温氏股份,2019-12,1,127.12,,,,,,52.87,34.37,,,,,,标题含年度汇总,lead,False,2020-01-06,2019年12月及2019年度肉鸡及肉猪销售情况简报,https://static.cninfo.com.cn/finalpage/2020-01-06/1207228458.PDF
300498,温氏股份,2020-01,1,86.94,,,,,,37.18,36.62,,,,,,,lead,False,2020-02-06,2020年1月份肉鸡及肉猪销售情况简报,https://static.cninfo.com.cn/finalpage/2020-02-06/1207296191.PDF
300498,温氏股份,2020-02,1,53.12,,,,,,24.4,38.0,,,,,,,lead,False,2020-03-06,2020年2月份肉鸡及肉猪销售情况简报,https://static.cninfo.com.cn/finalpage/2020-03-06/1207350580.PDF
300498,温氏股份,2020-03,1,85.2,,,,,,36.46,35.23,,,,,,,lead,False,2020-04-07,2020年3月份肉鸡及肉猪销售情况简报,https://static.cninfo.com.cn/finalpage/2020-04-07/1207461633.PDF
300498,温氏股份,2020-04,1,86.42,,,,,,37.78,33.24,,,,,,,lead,False,2020-05-06,2020年4月份肉鸡及肉猪销售情况简报,https://static.cninfo.com.cn/finalpage/2020-05-06/1207704465.PDF
300498,温氏股份,2020-05,1,90.06,,,,,,34.69,29.61,,,,,,,lead,False,2020-06-04,2020年5月份肉鸡及肉猪销售情况简报,https://static.cninfo.com.cn/finalpage/2020-06-04/1207897774.PDF
300498,温氏股份,2020-06,1,84.85,,,,,,35.12,33.35,,,,,,,lead,False,2020-07-06,2020年6月份肉鸡及肉猪销售情况简报,https://static.cninfo.com.cn/finalpage/2020-07-06/1208007653.PDF
300498,温氏股份,2020-07,1,73.86,,,,,,33.74,37.42,,,,,,,lead,False,2020-08-04,2020年7月份肉鸡及肉猪销售情况简报,https://static.cninfo.com.cn/finalpage/2020-08-04/1208123614.PDF
300498,温氏股份,2020-08,1,71.97,,,,,,32.16,37.01,,,,,,,lead,False,2020-09-04,2020年8月份肉鸡及肉猪销售情况简报,https://static.cninfo.com.cn/finalpage/2020-09-04/1208399382.PDF
300498,温氏股份,2020-09,1,74.11,,,,,,30.76,34.38,,,,,,,lead,False,2020-10-09,2020年9月份肉鸡及肉猪销售情况简报,https://static.cninfo.com.cn/finalpage/2020-10-09/1208523478.PDF
300498,温氏股份,2020-10,1,75.28,,,,,,27.75,29.76,,,,,,,lead,False,2020-11-04,2020年10月份肉鸡及肉猪销售情况简报,https://static.cninfo.com.cn/finalpage/2020-11-04/1208690706.PDF
300498,温氏股份,2020-11,1,83.8,,,,,,33.36,29.14,,,,,,,lead,False,2020-12-04,2020年11月份肉鸡及肉猪销售情况简报,https://static.cninfo.com.cn/finalpage/2020-12-04/1208856990.PDF
300498,温氏股份,2020-12,1,88.96,,,,,,34.92,32.55,,,,,,标题含年度汇总,lead,False,2021-01-06,2020年12月及2020年度肉鸡及肉猪销售情况简报,https://static.cninfo.com.cn/finalpage/2021-01-06/1209057527.PDF
300498,温氏股份,2021-01,1,100.4,,,,,,40.7,34.19,,,,,,,lead,False,2021-02-08,2021年1月份主产品销售情况简报,https://static.cninfo.com.cn/finalpage/2021-02-08/1209256154.PDF
300498,温氏股份,2021-02,1,49.87,,,,,,16.79,28.44,,,,,,,lead,False,2021-03-05,2021年2月份主产品销售情况简报,https://static.cninfo.com.cn/finalpage/2021-03-05/1209345686.PDF
300498,温氏股份,2021-03,1,59.45,,,,,,18.42,26.2,,,,,,,lead,False,2021-04-07,2021年3月份主产品销售情况简报,https://static.cninfo.com.cn/finalpage/2021-04-07/1209648780.PDF
300498,温氏股份,2021-04,1,62.24,,,,,,16.16,21.95,,,,,,,lead,False,2021-05-06,2021年4月份主产品销售情况简报,https://static.cninfo.com.cn/finalpage/2021-05-06/1209934872.PDF
300498,温氏股份,2021-05,1,95.67,,,,,,21.58,18.26,,,,,,,lead,False,2021-06-07,2021年5月份主产品销售情况简报,https://static.cninfo.com.cn/finalpage/2021-06-07/1210183294.PDF
300498,温氏股份,2021-06,1,101.1,,,,,,17.61,14.2,,,,,,,lead,False,2021-07-06,2021年6月份主产品销售情况简报,https://static.cninfo.com.cn/finalpage/2021-07-06/1210428754.PDF
300498,温氏股份,2021-07,1,127.85,,,,,,22.66,15.08,,,,,,,lead,False,2021-08-06,2021年7月份主产品销售情况简报,https://static.cninfo.com.cn/finalpage/2021-08-06/1210685707.PDF
300498,温氏股份,2021-08,1,131.06,,,,,,21.46,14.24,,,,,,,lead,False,2021-09-07,2021年8月份主产品销售情况简报,https://static.cninfo.com.cn/finalpage/2021-09-07/1210981567.PDF
300498,温氏股份,2021-09,1,169.88,,,,,,24.1,12.0,,,,,,,lead,False,2021-10-08,2021年9月份主产品销售情况简报,https://static.cninfo.com.cn/finalpage/2021-10-08/1211209156.PDF
300498,温氏股份,2021-10,1,181.96,,,,,,24.86,11.79,,,,,,,lead,False,2021-11-08,2021年10月份主产品销售情况简报,https://static.cninfo.com.cn/finalpage/2021-11-08/1211529441.PDF
300498,温氏股份,2021-11,1,119.56,,,,,,24.17,17.19,,,,,,,lead,False,2021-12-06,2021年11月份主产品销售情况简报,https://static.cninfo.com.cn/finalpage/2021-12-06/1211819521.PDF
300498,温氏股份,2021-12,1,122.7,,,,,,22.91,16.21,,,,,,标题含年度汇总,lead,False,2022-01-05,2021年12月及2021年度主产品销售情况简报,https://static.cninfo.com.cn/finalpage/2022-01-05/1212102285.PDF
300498,温氏股份,2022-01,1,150.61,,,,,,24.71,14.09,,,,,,,lead,False,2022-02-11,2022年1月份主产品销售情况简报,https://static.cninfo.com.cn/finalpage/2022-02-11/1212349814.PDF
300498,温氏股份,2022-02,1,106.9,,,,,,15.75,12.55,,,,,,,lead,False,2022-03-07,2022年2月份主产品销售情况简报,https://static.cninfo.com.cn/finalpage/2022-03-07/1212520683.PDF
300498,温氏股份,2022-03,1,144.84,,,,,,21.06,12.17,,,,,,,lead,False,2022-04-06,2022年3月份主产品销售情况简报,https://static.cninfo.com.cn/finalpage/2022-04-06/1212825865.PDF
300498,温氏股份,2022-04,1,142.7,,,,,,22.63,13.33,,,,,,,lead,False,2022-05-05,2022年4月份主产品销售情况简报,https://static.cninfo.com.cn/finalpage/2022-05-05/1213280783.PDF
300498,温氏股份,2022-05,1,132.34,,,,,,25.02,15.74,,,,,,,lead,False,2022-06-06,2022年5月份主产品销售情况简报,https://static.cninfo.com.cn/finalpage/2022-06-06/1213620188.PDF
300498,温氏股份,2022-06,1,123.2,,,,,,25.2,17.1,,,,,,,lead,False,2022-07-07,2022年6月份主产品销售情况简报,https://static.cninfo.com.cn/finalpage/2022-07-07/1213982936.PDF
300498,温氏股份,2022-07,1,132.43,,,,,,34.21,22.06,,,,,,,lead,False,2022-08-08,2022年7月份主产品销售情况简报,https://static.cninfo.com.cn/finalpage/2022-08-08/1214251019.PDF
300498,温氏股份,2022-08,1,150.41,,,,,,38.89,21.89,,,,,,,lead,False,2022-09-06,2022年8月份主产品销售情况简报,https://static.cninfo.com.cn/finalpage/2022-09-06/1214547303.PDF
300498,温氏股份,2022-09,1,158.44,,,,,,46.12,23.89,,,,,,,lead,False,2022-10-10,2022年9月份主产品销售情况简报,https://static.cninfo.com.cn/finalpage/2022-10-10/1214740139.PDF
300498,温氏股份,2022-10,1,165.24,,,,,,54.74,26.69,,,,,,,lead,False,2022-11-07,2022年10月份主产品销售情况简报,https://static.cninfo.com.cn/finalpage/2022-11-07/1215043228.PDF
300498,温氏股份,2022-11,1,196.44,,,,,,59.33,24.11,,,,,,,lead,False,2022-12-06,2022年11月份主产品销售情况简报,https://static.cninfo.com.cn/finalpage/2022-12-06/1215287506.PDF
300498,温氏股份,2022-12,1,187.32,,,,,,42.9,18.8,,,,,,标题含年度汇总,lead,False,2023-01-05,2022年12月及2022年度主产品销售情况简报,https://static.cninfo.com.cn/finalpage/2023-01-05/1215531543.PDF
300498,温氏股份,2023-01,1,158.71,,,,,,27.68,14.73,,,,,,,lead,False,2023-02-07,2023年1月份主产品销售情况简报,https://static.cninfo.com.cn/finalpage/2023-02-07/1215788062.PDF
300498,温氏股份,2023-02,1,193.55,,,,,,33.72,14.62,,,,,,,lead,False,2023-03-07,2023年2月份主产品销售情况简报,https://static.cninfo.com.cn/finalpage/2023-03-07/1216062612.PDF
300498,温氏股份,2023-03,1,207.28,,,,,,37.51,15.2,,,,,,,lead,False,2023-04-06,2023年3月份主产品销售情况简报,https://static.cninfo.com.cn/finalpage/2023-04-06/1216342829.PDF
300498,温氏股份,2023-04,1,210.63,,,,,,37.23,14.36,,,,,,,lead,False,2023-05-05,2023年4月份主产品销售情况简报,https://static.cninfo.com.cn/finalpage/2023-05-05/1216757992.PDF
300498,温氏股份,2023-05,1,209.36,,,,,,36.64,14.33,,,,,,,lead,False,2023-06-06,2023年5月份主产品销售情况简报,https://static.cninfo.com.cn/finalpage/2023-06-06/1217000017.PDF
300498,温氏股份,2023-06,1,199.04,,,,,,34.65,14.27,,,,,,,lead,False,2023-07-06,2023年6月份主产品销售情况简报,https://static.cninfo.com.cn/finalpage/2023-07-06/1217226714.PDF
300498,温氏股份,2023-07,1,213.11,,,,,,35.34,14.21,,,,,,,lead,False,2023-08-07,2023年7月份主产品销售情况简报,https://static.cninfo.com.cn/finalpage/2023-08-07/1217476873.PDF
300498,温氏股份,2023-08,1,214.43,,,,,,41.21,16.84,,,,,,,lead,False,2023-09-06,2023年8月份主产品销售情况简报,https://static.cninfo.com.cn/finalpage/2023-09-06/1217795846.PDF
300498,温氏股份,2023-09,1,226.49,,,,,,43.69,16.22,,,,,,,lead,False,2023-10-09,2023年9月份主产品销售情况简报,https://static.cninfo.com.cn/finalpage/2023-10-09/1217997081.PDF
300498,温氏股份,2023-10,1,239.56,,,,,,43.91,15.11,,,,,,,lead,False,2023-11-07,2023年10月份主产品销售情况简报,https://static.cninfo.com.cn/finalpage/2023-11-07/1218272702.PDF
300498,温氏股份,2023-11,1,257.39,,,,,,44.9,14.43,,,,,,,lead,False,2023-12-06,2023年11月份主产品销售情况简报,https://static.cninfo.com.cn/finalpage/2023-12-06/1218533996.PDF
300498,温氏股份,2023-12,1,296.67,,,,,,46.07,13.7,,,,,,标题含年度汇总,lead,False,2024-01-05,2023年12月及2023年度主产品销售情况简报,https://static.cninfo.com.cn/finalpage/2024-01-05/1218816643.PDF
300498,温氏股份,2024-01,1,263.74,,,,,,42.43,13.76,,,,,,,lead,False,2024-02-05,2024年1月主产品销售情况简报,https://static.cninfo.com.cn/finalpage/2024-02-05/1219095843.PDF
300498,温氏股份,2024-02,1,192.21,,,,,,33.38,14.29,,,,,,,lead,False,2024-03-05,2024年2月主产品销售情况简报,https://static.cninfo.com.cn/finalpage/2024-03-05/1219241918.PDF
300498,温氏股份,2024-03,1,262.05,,,,,,47.27,14.73,,,,,,,lead,False,2024-04-09,2024年3月主产品销售情况简报,https://static.cninfo.com.cn/finalpage/2024-04-09/1219549993.PDF
300498,温氏股份,2024-04,1,248.29,,,,,,46.75,15.18,,,,,,,lead,False,2024-05-07,2024年4月主产品销售情况简报,https://static.cninfo.com.cn/finalpage/2024-05-07/1219996042.PDF
300498,温氏股份,2024-05,1,237.89,,,,,,46.6,15.83,,,,,,,lead,False,2024-06-05,2024年5月主产品销售情况简报,https://static.cninfo.com.cn/finalpage/2024-06-05/1220270883.PDF
300498,温氏股份,2024-06,1,233.25,,,16.34,,,52.01,18.1,,,,,,,lead,False,2024-07-10,2024年6月主产品销售情况简报,https://static.cninfo.com.cn/finalpage/2024-07-10/1220602650.PDF
300498,温氏股份,2024-07,1,232.33,,,20.84,,,53.43,18.95,,,,,,,lead,False,2024-08-06,2024年7月主产品销售情况简报,https://static.cninfo.com.cn/finalpage/2024-08-06/1220806561.PDF
300498,温氏股份,2024-08,1,235.4,,,15.52,,,58.63,20.45,,,,,,,lead,False,2024-09-06,2024年8月主产品销售情况简报,https://static.cninfo.com.cn/finalpage/2024-09-06/1221160407.PDF
300498,温氏股份,2024-09,1,251.05,,,5.5,,,58.64,19.05,,,,,,,lead,False,2024-10-08,2024年9月主产品销售情况简报,https://static.cninfo.com.cn/finalpage/2024-10-08/1221343348.PDF
300498,温氏股份,2024-10,1,267.2,,,9.81,,,58.12,17.64,,,,,,,lead,False,2024-11-05,2024年10月主产品销售情况简报,https://static.cninfo.com.cn/finalpage/2024-11-05/1221637606.PDF
300498,温氏股份,2024-11,1,290.8,,,10.43,,,60.59,16.71,,,,,,,lead,False,2024-12-05,2024年11月主产品销售情况简报,https://static.cninfo.com.cn/finalpage/2024-12-05/1221939546.PDF
300498,温氏股份,2024-12,1,304.07,,,8.37,,,59.68,15.89,,,,,,标题含年度汇总,lead,False,2025-01-06,2024年12月及2024年度主产品销售情况简报,https://static.cninfo.com.cn/finalpage/2025-01-06/1222244757.PDF
300498,温氏股份,2025-01,1,289.97,,,11.92,,,53.49,15.77,,,,,,,lead,False,2025-02-10,2025年1月主产品销售情况简报,https://static.cninfo.com.cn/finalpage/2025-02-10/1222501893.PDF
300498,温氏股份,2025-02,1,259.83,,,8.54,,,46.86,14.96,,,,,,,lead,False,2025-03-07,2025年2月主产品销售情况简报,https://static.cninfo.com.cn/finalpage/2025-03-07/1222741972.PDF
300498,温氏股份,2025-03,1,309.55,,,21.48,,,54.41,14.87,,,,,,,lead,False,2025-04-08,2025年3月主产品销售情况简报,https://static.cninfo.com.cn/finalpage/2025-04-08/1223029996.PDF
300498,温氏股份,2025-04,1,317.57,,,27.58,,,55.45,14.92,,,,,,,lead,False,2025-05-07,2025年4月主产品销售情况简报,https://static.cninfo.com.cn/finalpage/2025-05-07/1223489246.PDF
300498,温氏股份,2025-05,1,315.54,,,31.67,,,53.23,14.68,,,,,,,lead,False,2025-06-05,2025年5月主产品销售情况简报,https://static.cninfo.com.cn/finalpage/2025-06-05/1223786461.PDF
300498,温氏股份,2025-06,1,300.73,,,30.34,,,49.2,14.39,,,,,,,lead,False,2025-07-07,2025年6月主产品销售情况简报,https://static.cninfo.com.cn/finalpage/2025-07-07/1224089801.PDF
300498,温氏股份,2025-07,1,316.48,,,51.9,,,48.77,14.58,,,,,,,lead,False,2025-08-06,2025年7月主产品销售情况简报,https://static.cninfo.com.cn/finalpage/2025-08-06/1224412869.PDF
300498,温氏股份,2025-08,1,324.57,,,51.06,,,48.25,13.9,,,,,,,lead,False,2025-09-04,2025年8月主产品销售情况简报,https://static.cninfo.com.cn/finalpage/2025-09-04/1224640187.pdf
300498,温氏股份,2025-09,1,332.53,,,33.07,,,49.75,13.18,,,,,,,lead,False,2025-10-09,2025年9月主产品销售情况简报,https://static.cninfo.com.cn/finalpage/2025-10-09/1224701848.PDF
300498,温氏股份,2025-10,1,389.28,,,44.45,,,50.48,11.57,,,,,,,lead,False,2025-11-05,2025年10月主产品销售情况简报,https://static.cninfo.com.cn/finalpage/2025-11-05/1224788939.PDF
300498,温氏股份,2025-11,1,435.35,,,89.46,,,51.99,11.71,,,,,,,lead,False,2025-12-05,2025年11月主产品销售情况简报,https://static.cninfo.com.cn/finalpage/2025-12-05/1224853078.PDF
300498,温氏股份,2025-12,1,456.29,,,101.55,,,52.89,11.6,,,,,,标题含年度汇总,lead,False,2026-01-08,2025年12月及2025年度主产品销售情况简报,https://static.cninfo.com.cn/finalpage/2026-01-08/1224925434.PDF
300498,温氏股份,2026-01,1,296.36,,,42.06,,,46.98,12.75,,,,,,,lead,False,2026-02-05,2026年1月主产品销售情况简报,https://static.cninfo.com.cn/finalpage/2026-02-05/1224969210.PDF
300498,温氏股份,2026-02,1,269.7,,,,,,39.56,11.62,,,,,,,lead,False,2026-03-05,2026年2月主产品销售情况简报,https://static.cninfo.com.cn/finalpage/2026-03-05/1224997022.PDF
300498,温氏股份,2026-03,1,368.28,,,,,,48.28,10.11,,,,,,,lead,False,2026-04-07,2026年3月主产品销售情况简报,https://static.cninfo.com.cn/finalpage/2026-04-07/1225081784.PDF
300498,温氏股份,2026-04,1,324.08,,,,,,38.6,9.27,,,,,,,lead,False,2026-05-07,2026年4月主产品销售情况简报,https://static.cninfo.com.cn/finalpage/2026-05-07/1225281835.PDF
300498,温氏股份,2026-05,1,265.27,,,,,,32.4,9.7,,,,,,,lead,False,2026-06-05,2026年5月主产品销售情况简报,https://static.cninfo.com.cn/finalpage/2026-06-05/1225354407.PDF
300498,温氏股份,2026-06,1,257.09,,,,,,30.78,9.62,,,,,,,lead,False,2026-07-07,2026年6月主产品销售情况简报,https://static.cninfo.com.cn/finalpage/2026-07-07/1225413558.PDF
300498,温氏股份,2026-07,1,274.21,,,,,,36.62,10.8,,,,,,,lead,False,2026-08-05,2026年7月主产品销售情况简报,https://static.cninfo.com.cn/finalpage/2026-08-05/1225458884.PDF
300498,温氏股份,2026-08,1,297.35,,,,,,40.16,10.86,,,,,,,lead,False,2026-09-07,2026年8月主产品销售情况简报,https://static.cninfo.com.cn/finalpage/2026-09-07/1225551380.PDF
300498,温氏股份,2026-09,1,298.83,,,,,,40.56,10.75,,,,,,,lead,False,2026-10-08,2026年9月主产品销售情况简报,https://static.cninfo.com.cn/finalpage/2026-10-08/1225596194.PDF
600975,新五丰,2025-04,1,40.81,,,,,,,,,,,,,,lead,False,2025-05-10,湖南新五丰股份有限公司2025年4月生猪业务主要经营数据公告,https://static.cninfo.com.cn/finalpage/2025-05-10/1223510237.PDF
600975,新五丰,2025-05,1,38.7,,,,,,,,,,,,,,lead,False,2025-06-10,湖南新五丰股份有限公司2025年5月生猪业务主要经营数据公告,https://static.cninfo.com.cn/finalpage/2025-06-10/1223824851.PDF
600975,新五丰,2025-06,1,37.15,21.92,,,,,,14.25,,,,,,,ytd_table,,2026-01-10,湖南新五丰股份有限公司2025年1-12月主要经营数据公告,https://static.cninfo.com.cn/finalpage/2026-01-10/1224927211.PDF
600975,新五丰,2025-07,1,35.04,,,,,,,,,,,,,,lead,False,2025-08-09,湖南新五丰股份有限公司2025年7月生猪业务主要经营数据公告,https://static.cninfo.com.cn/finalpage/2025-08-09/1224440309.PDF
600975,新五丰,2025-08,1,34.14,,,,,,,,,,,,,,lead,False,2025-09-10,湖南新五丰股份有限公司2025年8月生猪业务主要经营数据公告,https://static.cninfo.com.cn/finalpage/2025-09-10/1224646634.PDF
600975,新五丰,2025-09,1,43.04,26.38,,,,,,13.11,,,,,,,ytd_table,,2026-01-10,湖南新五丰股份有限公司2025年1-12月主要经营数据公告,https://static.cninfo.com.cn/finalpage/2026-01-10/1224927211.PDF
600975,新五丰,2025-10,1,61.0,,,,,,,,,,,,,,lead,False,2025-11-11,湖南新五丰股份有限公司2025年10月生猪业务主要经营数据公告,https://static.cninfo.com.cn/finalpage/2025-11-11/1224795523.PDF
600975,新五丰,2025-11,1,57.55,,,,,,,,,,,,,,lead,False,2025-12-10,湖南新五丰股份有限公司2025年11月生猪业务主要经营数据公告,https://static.cninfo.com.cn/finalpage/2025-12-10/1224860414.PDF
600975,新五丰,2025-12,1,68.14,40.2,,,,,,11.17,,,,,,,ytd_table,,2026-01-10,湖南新五丰股份有限公司2025年1-12月主要经营数据公告,https://static.cninfo.com.cn/finalpage/2026-01-10/1224927211.PDF
600975,新五丰,2026-01,1,45.17,,,,,,,,,,,,,,lead,False,2026-02-11,湖南新五丰股份有限公司2026年1月生猪业务主要经营数据公告,https://static.cninfo.com.cn/finalpage/2026-02-11/1224974692.PDF
600975,新五丰,2026-02,1,33.95,,,,,,,,,,,,,,lead,False,2026-03-10,湖南新五丰股份有限公司2026年2月生猪业务主要经营数据公告,https://static.cninfo.com.cn/finalpage/2026-03-10/1225001409.PDF
600975,新五丰,2026-03,1,46.79,33.41,,,,,,10.08,,,,,,,ytd_table,,2026-09-10,湖南新五丰股份有限公司2026年8月生猪业务主要经营数据公告,https://static.cninfo.com.cn/finalpage/2026-09-10/1225555146.PDF
600975,新五丰,2026-04,1,63.94,,,,,,,,,,,,,,lead,False,2026-05-12,湖南新五丰股份有限公司2026年4月生猪业务主要经营数据公告,https://static.cninfo.com.cn/finalpage/2026-05-12/1225291540.PDF
600975,新五丰,2026-05,1,48.97,,,,,,,,,,,,,,lead,False,2026-06-11,湖南新五丰股份有限公司2026年5月生猪业务主要经营数据公告,https://static.cninfo.com.cn/finalpage/2026-06-11/1225362096.PDF
600975,新五丰,2026-06,1,37.2,19.42,,,,,,9.16,,,,,,,ytd_table,,2026-09-10,湖南新五丰股份有限公司2026年8月生猪业务主要经营数据公告,https://static.cninfo.com.cn/finalpage/2026-09-10/1225555146.PDF
600975,新五丰,2026-07,1,57.88,,,,,,,,,,,,,,lead,False,2026-08-11,湖南新五丰股份有限公司2026年7月生猪业务主要经营数据公告,https://static.cninfo.com.cn/finalpage/2026-08-11/1225466105.PDF
600975,新五丰,2026-08,1,52.23,,,,,,,,,,,,,,lead,False,2026-09-10,湖南新五丰股份有限公司2026年8月生猪业务主要经营数据公告,https://static.cninfo.com.cn/finalpage/2026-09-10/1225555146.PDF
603363,傲农生物,2019-01,1,5.6709,,,,,,,,,,,,,,lead,False,2019-02-02,2019年1月养殖业务主要经营数据公告,https://static.cninfo.com.cn/finalpage/2019-02-02/1205821031.PDF
603363,傲农生物,2019-02,1,4.5518,,,,,,,,,,,,,,lead,False,2019-03-04,2019年2月养殖业务主要经营数据公告,https://static.cninfo.com.cn/finalpage/2019-03-04/1205871550.PDF
603363,傲农生物,2019-03,1,6.806,,,,,,,,,,,,,,lead,False,2019-04-03,2019年3月养殖业务主要经营数据公告,https://static.cninfo.com.cn/finalpage/2019-04-03/1205987576.PDF
603363,傲农生物,2019-04,1,5.531,,,,,,,,,,,,,,lead,False,2019-05-06,2019年4月养殖业务主要经营数据公告,https://static.cninfo.com.cn/finalpage/2019-05-06/1206211307.PDF
603363,傲农生物,2019-05,1,5.4779,,,,,,,,,,,,,,lead,False,2019-06-04,2019年5月养殖业务主要经营数据公告,https://static.cninfo.com.cn/finalpage/2019-06-04/1206326505.PDF
603363,傲农生物,2019-06,1,5.7142,,,,,,,,,,,,,,lead,False,2019-07-04,2019年6月养殖业务主要经营数据公告,https://static.cninfo.com.cn/finalpage/2019-07-04/1206420421.PDF
603363,傲农生物,2019-07,1,6.14,,,,,,,,,,,,,,lead,False,2019-08-05,2019年7月养殖业务主要经营数据公告,https://static.cninfo.com.cn/finalpage/2019-08-05/1206497144.PDF
603363,傲农生物,2019-08,1,8.76,,,,,,,,,,,,,,lead,False,2019-09-03,2019年8月养殖业务主要经营数据公告,https://static.cninfo.com.cn/finalpage/2019-09-03/1206872793.PDF
603363,傲农生物,2019-09,1,6.35,,,,,,,,,,,,,,lead,False,2019-10-09,2019年9月养殖业务主要经营数据公告,https://static.cninfo.com.cn/finalpage/2019-10-09/1206966309.PDF
603363,傲农生物,2019-10,1,3.1,,,,,,,,,,,,,,lead,False,2019-11-08,2019年10月养殖业务主要经营数据公告,https://static.cninfo.com.cn/finalpage/2019-11-08/1207073415.PDF
603363,傲农生物,2019-11,1,3.4,,,,,,,,,,,,,,lead,False,2019-12-05,2019年11月养殖业务主要经营数据公告,https://static.cninfo.com.cn/finalpage/2019-12-05/1207137439.PDF
603363,傲农生物,2019-12,1,4.45,,,,,,,,,,,,,,lead,False,2020-01-04,2019年12月养殖业务主要经营数据公告,https://static.cninfo.com.cn/finalpage/2020-01-04/1207221450.PDF
603363,傲农生物,2020-01,1,4.15,,,,,,,,,,,,,,lead,False,2020-02-04,2020年1月养殖业务主要经营数据公告,https://static.cninfo.com.cn/finalpage/2020-02-04/1207289084.PDF
603363,傲农生物,2020-02,1,7.34,,,,,,,,,,,,,,lead,False,2020-03-02,2020年2月养殖业务主要经营数据公告,https://static.cninfo.com.cn/finalpage/2020-03-02/1207336606.PDF
603363,傲农生物,2020-03,1,7.9,,,,,,,,,,,,,,lead,False,2020-04-03,2020年3月养殖业务主要经营数据公告,https://static.cninfo.com.cn/finalpage/2020-04-03/1207451233.PDF
603363,傲农生物,2020-04,1,8.73,,,,,,,,,,,,,,lead,False,2020-05-08,2020年4月养殖业务主要经营数据公告,https://static.cninfo.com.cn/finalpage/2020-05-08/1207714036.PDF
603363,傲农生物,2020-05,1,10.13,,,,,,,,,,,,,,lead,False,2020-06-04,2020年5月养殖业务主要经营数据公告,https://static.cninfo.com.cn/finalpage/2020-06-04/1207893068.PDF
603363,傲农生物,2020-06,1,9.1,,,,,,,,,,,,,,lead,False,2020-07-07,2020年6月养殖业务主要经营数据公告,https://static.cninfo.com.cn/finalpage/2020-07-07/1208008184.PDF
603363,傲农生物,2020-07,1,10.14,,,,,,,,,,,,,,lead,False,2020-08-04,2020年7月养殖业务主要经营数据公告,https://static.cninfo.com.cn/finalpage/2020-08-04/1208118638.PDF
603363,傲农生物,2020-08,1,11.52,,,,,,,,,,,,,,lead,False,2020-09-04,2020年8月养殖业务主要经营数据公告,https://static.cninfo.com.cn/finalpage/2020-09-04/1208388957.PDF
603363,傲农生物,2020-09,1,10.74,,,,,,,,,,,,,,lead,False,2020-10-10,2020年9月养殖业务主要经营数据公告,https://static.cninfo.com.cn/finalpage/2020-10-10/1208530564.PDF
603363,傲农生物,2020-10,1,15.63,,,,,,,,,,,,,,lead,False,2020-11-02,福建傲农生物科技集团股份有限公司2020年10月养殖业务主要经营数据公告,https://static.cninfo.com.cn/finalpage/2020-11-02/1208668207.PDF
603363,傲农生物,2020-11,1,19.92,,,,,,,,,,,,,,lead,False,2020-12-02,福建傲农生物科技集团股份有限公司2020年11月养殖业务主要经营数据公告,https://static.cninfo.com.cn/finalpage/2020-12-02/1208827933.PDF
603363,傲农生物,2020-12,1,22.22,,,,,,,,,,,,,,lead,False,2021-01-06,福建傲农生物科技集团股份有限公司2020年12月养殖业务主要经营数据公告,https://static.cninfo.com.cn/finalpage/2021-01-06/1209049338.PDF
603363,傲农生物,2021-01,1,15.9,,,,,,,,,,,,,,lead,False,2021-02-09,福建傲农生物科技集团股份有限公司2021年1月养殖业务主要经营数据公告,https://static.cninfo.com.cn/finalpage/2021-02-09/1209259633.PDF
603363,傲农生物,2021-02,1,14.9,,,,,,,,,,,,,,lead,False,2021-03-03,福建傲农生物科技集团股份有限公司2021年2月养殖业务主要经营数据公告,https://static.cninfo.com.cn/finalpage/2021-03-03/1209323903.PDF
603363,傲农生物,2021-03,1,22.67,,,,,,,,,,,,,,lead,False,2021-04-06,福建傲农生物科技集团股份有限公司2021年3月养殖业务主要经营数据公告,https://static.cninfo.com.cn/finalpage/2021-04-06/1209637529.PDF
603363,傲农生物,2021-04,1,20.59,,,,,,,,,,,,,,lead,False,2021-05-08,福建傲农生物科技集团股份有限公司2021年4月养殖业务主要经营数据公告,https://static.cninfo.com.cn/finalpage/2021-05-08/1209938396.PDF
603363,傲农生物,2021-05,1,29.5,,,,,,,,,,,,,,lead,False,2021-06-03,福建傲农生物科技集团股份有限公司2021年5月养殖业务主要经营数据公告,https://static.cninfo.com.cn/finalpage/2021-06-03/1210150590.PDF
603363,傲农生物,2021-06,1,22.38,,,,,,,,,,,,,,lead,False,2021-07-03,福建傲农生物科技集团股份有限公司2021年6月养殖业务主要经营数据公告,https://static.cninfo.com.cn/finalpage/2021-07-03/1210398479.PDF
603363,傲农生物,2021-07,1,25.27,,,,,,,,,,,,,,lead,False,2021-08-03,福建傲农生物科技集团股份有限公司2021年7月养殖业务主要经营数据公告,https://static.cninfo.com.cn/finalpage/2021-08-03/1210638364.PDF
603363,傲农生物,2021-08,1,21.34,,,,,,,,,,,,,,lead,False,2021-09-04,福建傲农生物科技集团股份有限公司2021年8月养殖业务主要经营数据公告,https://static.cninfo.com.cn/finalpage/2021-09-04/1210968989.PDF
603363,傲农生物,2021-09,1,32.59,,,,,,,,,,,,,,lead,False,2021-10-08,福建傲农生物科技集团股份有限公司2021年9月养殖业务主要经营数据公告,https://static.cninfo.com.cn/finalpage/2021-10-08/1211209076.PDF
603363,傲农生物,2021-10,1,36.71,,,,,,,,,,,,,,lead,False,2021-11-02,福建傲农生物科技集团股份有限公司2021年10月养殖业务主要经营数据公告,https://static.cninfo.com.cn/finalpage/2021-11-02/1211456732.PDF
603363,傲农生物,2021-11,1,41.06,,,,,,,,,,,,,,lead,False,2021-12-02,福建傲农生物科技集团股份有限公司2021年11月养殖业务主要经营数据公告,https://static.cninfo.com.cn/finalpage/2021-12-02/1211763399.PDF
603363,傲农生物,2021-12,1,41.69,,,,,,,,,,,,,,lead,False,2022-01-04,福建傲农生物科技集团股份有限公司2021年12月养殖业务主要经营数据公告,https://static.cninfo.com.cn/finalpage/2022-01-04/1212086184.PDF
603363,傲农生物,2022-01,1,38.08,,,,,,,,,,,,,,lead,False,2022-02-07,福建傲农生物科技集团股份有限公司2022年1月养殖业务主要经营数据公告,https://static.cninfo.com.cn/finalpage/2022-02-07/1212315967.PDF
603363,傲农生物,2022-02,1,30.53,,,,,,,,,,,,,,lead,False,2022-03-02,福建傲农生物科技集团股份有限公司2022年2月养殖业务主要经营数据公告,https://static.cninfo.com.cn/finalpage/2022-03-02/1212481241.PDF
603363,傲农生物,2022-03,1,36.06,,,,,,,,,,,,,,lead,False,2022-04-02,福建傲农生物科技集团股份有限公司2022年3月养殖业务主要经营数据公告,https://static.cninfo.com.cn/finalpage/2022-04-02/1212807909.PDF
603363,傲农生物,2022-04,1,38.52,,,,,,,,,,,,,,lead,False,2022-05-05,福建傲农生物科技集团股份有限公司2022年4月养殖业务主要经营数据公告,https://static.cninfo.com.cn/finalpage/2022-05-05/1213274559.PDF
603363,傲农生物,2022-05,1,42.5,,,,,,,,,,,,,,lead,False,2022-06-02,福建傲农生物科技集团股份有限公司2022年5月养殖业务主要经营数据公告,https://static.cninfo.com.cn/finalpage/2022-06-02/1213587010.PDF
603363,傲农生物,2022-06,1,48.69,,,,,,,,,,,,,,lead,False,2022-07-02,福建傲农生物科技集团股份有限公司2022年6月养殖业务主要经营数据公告,https://static.cninfo.com.cn/finalpage/2022-07-02/1213918533.PDF
603363,傲农生物,2022-07,1,42.92,,,,,,,,,,,,,,lead,False,2022-08-02,福建傲农生物科技集团股份有限公司2022年7月养殖业务主要经营数据公告,https://static.cninfo.com.cn/finalpage/2022-08-02/1214188808.PDF
603363,傲农生物,2022-08,1,48.36,,,,,,,,,,,,,,lead,False,2022-09-02,福建傲农生物科技集团股份有限公司2022年8月养殖业务主要经营数据公告,https://static.cninfo.com.cn/finalpage/2022-09-02/1214514981.PDF
603363,傲农生物,2022-09,1,46.61,,,,,,,,,,,,,,lead,False,2022-10-10,福建傲农生物科技集团股份有限公司2022年9月养殖业务主要经营数据公告,https://static.cninfo.com.cn/finalpage/2022-10-10/1214726869.PDF
603363,傲农生物,2022-10,1,50.34,,,,,,,,,,,,,,lead,False,2022-11-02,福建傲农生物科技集团股份有限公司2022年10月养殖业务主要经营数据公告,https://static.cninfo.com.cn/finalpage/2022-11-02/1215001263.PDF
603363,傲农生物,2022-11,1,44.99,,,,,,,,,,,,,,lead,False,2022-12-02,福建傲农生物科技集团股份有限公司2022年11月养殖业务主要经营数据公告,https://static.cninfo.com.cn/finalpage/2022-12-02/1215253880.PDF
603363,傲农生物,2022-12,1,51.31,,,,,,,,,,,,,,lead,False,2023-01-03,福建傲农生物科技集团股份有限公司2022年12月养殖业务主要经营数据公告,https://static.cninfo.com.cn/finalpage/2023-01-03/1215512616.PDF
603363,傲农生物,2023-01,1,41.78,,,,,,,,,,,,,,lead,False,2023-02-02,福建傲农生物科技集团股份有限公司2023年1月养殖业务主要经营数据公告,https://static.cninfo.com.cn/finalpage/2023-02-02/1215748185.PDF
603363,傲农生物,2023-02,1,50.12,,,,,,,,,,,,,,lead,False,2023-03-02,福建傲农生物科技集团股份有限公司2023年2月养殖业务主要经营数据公告,https://static.cninfo.com.cn/finalpage/2023-03-02/1216025964.PDF
603363,傲农生物,2023-03,1,46.68,,,,,,,,,,,,,,lead,False,2023-04-03,福建傲农生物科技集团股份有限公司2023年3月养殖业务主要经营数据公告,https://static.cninfo.com.cn/finalpage/2023-04-03/1216306671.PDF
603363,傲农生物,2023-04,1,42.84,,,,,,,,,,,,,,lead,False,2023-05-05,福建傲农生物科技集团股份有限公司2023年4月养殖业务主要经营数据公告,https://static.cninfo.com.cn/finalpage/2023-05-05/1216746318.PDF
603363,傲农生物,2023-05,1,49.96,,,,,,,,,,,,,,lead,False,2023-06-06,福建傲农生物科技集团股份有限公司2023年5月养殖业务主要经营数据公告,https://static.cninfo.com.cn/finalpage/2023-06-06/1216989992.PDF
603363,傲农生物,2023-06,1,60.96,,,,,,,,,,,,,,lead,False,2023-07-08,福建傲农生物科技集团股份有限公司2023年6月养殖业务主要经营数据公告,https://static.cninfo.com.cn/finalpage/2023-07-08/1217235831.PDF
603363,傲农生物,2023-07,1,44.76,,,,,,,,,,,,,,lead,False,2023-08-05,福建傲农生物科技集团股份有限公司2023年7月养殖业务主要经营数据公告,https://static.cninfo.com.cn/finalpage/2023-08-05/1217467208.PDF
603363,傲农生物,2023-08,1,45.85,,,,,,,,,,,,,,lead,False,2023-09-05,福建傲农生物科技集团股份有限公司2023年8月养殖业务主要经营数据公告,https://static.cninfo.com.cn/finalpage/2023-09-05/1217773687.PDF
603363,傲农生物,2023-09,1,61.1,,,,,,,,,,,,,,lead,False,2023-10-11,福建傲农生物科技集团股份有限公司2023年9月养殖业务主要经营数据公告,https://static.cninfo.com.cn/finalpage/2023-10-11/1218002482.PDF
603363,傲农生物,2023-10,1,45.86,,,,,,,,,,,,,,lead,False,2023-11-07,福建傲农生物科技集团股份有限公司2023年10月养殖业务主要经营数据公告,https://static.cninfo.com.cn/finalpage/2023-11-07/1218268486.PDF
603363,傲农生物,2023-11,1,42.83,,,,,,,,,,,,,,lead,False,2023-12-09,福建傲农生物科技集团股份有限公司2023年11月养殖业务主要经营数据公告,https://static.cninfo.com.cn/finalpage/2023-12-09/1218565281.PDF
603363,傲农生物,2023-12,1,53.16,,,,,,,,,,,,,,lead,False,2024-01-09,福建傲农生物科技集团股份有限公司2023年12月养殖业务主要经营数据公告,https://static.cninfo.com.cn/finalpage/2024-01-09/1218831857.PDF
603363,傲农生物,2024-02,2,75.24,,,,,,,,,,,,,,lead,False,2024-03-09,福建傲农生物科技集团股份有限公司2024年1-2月养殖业务主要经营数据公告,https://static.cninfo.com.cn/finalpage/2024-03-09/1219264045.PDF
603363,傲农生物,2024-03,1,21.17,,,,,,,,,,,,,,lead,False,2024-04-11,福建傲农生物科技集团股份有限公司2024年3月养殖业务主要经营数据公告,https://static.cninfo.com.cn/finalpage/2024-04-11/1219563858.PDF
603363,*ST傲农,2024-04,1,15.52,,,,,,,,,,,,,,lead,False,2024-05-10,福建傲农生物科技集团股份有限公司2024年4月养殖业务主要经营数据公告,https://static.cninfo.com.cn/finalpage/2024-05-10/1220019854.PDF
603363,*ST傲农,2024-05,1,14.28,,,,,,,,,,,,,,lead,False,2024-06-08,福建傲农生物科技集团股份有限公司2024年5月养殖业务主要经营数据公告,https://static.cninfo.com.cn/finalpage/2024-06-08/1220299950.PDF
603363,*ST傲农,2024-06,1,11.82,,,,,,,,,,,,,,lead,False,2024-07-09,福建傲农生物科技集团股份有限公司2024年6月养殖业务主要经营数据公告,https://static.cninfo.com.cn/finalpage/2024-07-09/1220560050.PDF
603363,*ST傲农,2024-07,1,12.55,,,,,,,,,,,,,,lead,False,2024-08-09,福建傲农生物科技集团股份有限公司2024年7月养殖业务主要经营数据公告,https://static.cninfo.com.cn/finalpage/2024-08-09/1220822578.PDF
603363,*ST傲农,2024-08,1,11.83,,,,,,,,,,,,,,lead,False,2024-09-10,福建傲农生物科技集团股份有限公司2024年8月养殖业务主要经营数据公告,https://static.cninfo.com.cn/finalpage/2024-09-10/1221175166.PDF
603363,*ST傲农,2024-09,1,14.66,,,,,,,,,,,,,,lead,False,2024-10-09,福建傲农生物科技集团股份有限公司2024年9月养殖业务主要经营数据公告,https://static.cninfo.com.cn/finalpage/2024-10-09/1221340158.PDF
603363,*ST傲农,2024-10,1,10.97,,,,,,,,,,,,,,lead,False,2024-11-08,福建傲农生物科技集团股份有限公司2024年10月养殖业务主要经营数据公告,https://static.cninfo.com.cn/finalpage/2024-11-08/1221648441.PDF
603363,*ST傲农,2024-11,1,9.16,,,,,,,,,,,,,,lead,False,2024-12-10,福建傲农生物科技集团股份有限公司2024年11月养殖业务主要经营数据公告,https://static.cninfo.com.cn/finalpage/2024-12-10/1221966997.PDF
603363,*ST傲农,2024-12,1,12.64,,,,,,,,,,,,,,lead,False,2025-01-08,福建傲农生物科技集团股份有限公司2024年12月养殖业务主要经营数据公告,https://static.cninfo.com.cn/finalpage/2025-01-08/1222259133.PDF
603363,*ST傲农,2025-01,1,12.3,,,,,,,,,,,,,,lead,False,2025-02-12,福建傲农生物科技集团股份有限公司2025年1月养殖业务主要经营数据公告,https://static.cninfo.com.cn/finalpage/2025-02-12/1222514060.PDF
603363,*ST傲农,2025-02,1,9.73,,,,,,,,,,,,,,lead,False,2025-03-11,福建傲农生物科技集团股份有限公司2025年2月养殖业务主要经营数据公告,https://static.cninfo.com.cn/finalpage/2025-03-11/1222758336.PDF
603363,*ST傲农,2025-03,1,13.15,,,,,,,,,,,,,,lead,False,2025-04-08,福建傲农生物科技集团股份有限公司2025年3月养殖业务主要经营数据公告,https://static.cninfo.com.cn/finalpage/2025-04-08/1223021283.PDF
603363,*ST傲农,2025-04,1,13.28,,,,,,,,,,,,,,lead,False,2025-05-09,福建傲农生物科技集团股份有限公司2025年4月养殖业务主要经营数据公告,https://static.cninfo.com.cn/finalpage/2025-05-09/1223493805.PDF
603363,傲农生物,2025-05,1,15.62,,,,,,,,,,,,,,lead,False,2025-06-10,福建傲农生物科技集团股份有限公司2025年5月养殖业务主要经营数据公告,https://static.cninfo.com.cn/finalpage/2025-06-10/1223824813.PDF
603363,傲农生物,2025-06,1,14.24,,,,,,,,,,,,,,lead,False,2025-07-08,福建傲农生物科技集团股份有限公司2025年6月养殖业务主要经营数据公告,https://static.cninfo.com.cn/finalpage/2025-07-08/1224090242.PDF
603363,傲农生物,2025-07,1,14.26,,,,,,,,,,,,,,lead,False,2025-08-07,福建傲农生物科技集团股份有限公司2025年7月养殖业务主要经营数据公告,https://static.cninfo.com.cn/finalpage/2025-08-07/1224412846.PDF
603363,傲农生物,2025-08,1,15.01,,,,,,,,,,,,,,lead,False,2025-09-06,福建傲农生物科技集团股份有限公司2025年8月养殖业务主要经营数据公告,https://static.cninfo.com.cn/finalpage/2025-09-06/1224640297.PDF
603363,傲农生物,2025-09,1,16.44,,,,,,,,,,,,,,lead,False,2025-10-10,福建傲农生物科技集团股份有限公司2025年9月养殖业务主要经营数据公告,https://static.cninfo.com.cn/finalpage/2025-10-10/1224701320.PDF
603363,傲农生物,2025-10,1,19.02,,,,,,,,,,,,,,lead,False,2025-11-08,福建傲农生物科技集团股份有限公司2025年10月养殖业务主要经营数据公告,https://static.cninfo.com.cn/finalpage/2025-11-08/1224791886.PDF
603363,傲农生物,2025-11,1,15.77,,,,,,,,,,,,,,lead,False,2025-12-09,福建傲农生物科技集团股份有限公司2025年11月养殖业务主要经营数据公告,https://static.cninfo.com.cn/finalpage/2025-12-09/1224857015.PDF
603363,傲农生物,2025-12,1,16.23,,,,,,,,,,,,,,lead,False,2026-01-08,福建傲农生物科技集团股份有限公司2025年12月养殖业务主要经营数据公告,https://static.cninfo.com.cn/finalpage/2026-01-08/1224922482.PDF
603363,傲农生物,2026-01,1,16.66,,,,,,,,,,,,,,lead,False,2026-02-10,福建傲农生物科技集团股份有限公司2026年1月养殖业务主要经营数据公告,https://static.cninfo.com.cn/finalpage/2026-02-10/1224972775.PDF
603363,傲农生物,2026-02,1,14.8,,,,,,,,,,,,,,lead,False,2026-03-06,福建傲农生物科技集团股份有限公司2026年2月养殖业务主要经营数据公告,https://static.cninfo.com.cn/finalpage/2026-03-06/1224998289.PDF
603363,傲农生物,2026-03,1,18.58,,,,,,,,,,,,,,lead,False,2026-04-09,福建傲农生物科技集团股份有限公司2026年3月养殖业务主要经营数据公告,https://static.cninfo.com.cn/finalpage/2026-04-09/1225083801.PDF
603363,傲农生物,2026-04,1,22.77,,,,,,,,,,,,,,lead,False,2026-05-12,福建傲农生物科技集团股份有限公司2026年4月养殖业务主要经营数据公告,https://static.cninfo.com.cn/finalpage/2026-05-12/1225289941.PDF
603363,傲农生物,2026-05,1,17.66,,,,,,,,,,,,,,lead,False,2026-06-09,福建傲农生物科技集团股份有限公司2026年5月养殖业务主要经营数据公告,https://static.cninfo.com.cn/finalpage/2026-06-09/1225356504.PDF
603363,傲农生物,2026-06,1,19.6,,,,,,,,,,,,,,lead,False,2026-07-07,福建傲农生物科技集团股份有限公司2026年6月养殖业务主要经营数据公告,https://static.cninfo.com.cn/finalpage/2026-07-07/1225410652.PDF
603363,傲农生物,2026-07,1,14.2,,,,,,,,,,,,,,lead,False,2026-08-08,福建傲农生物科技集团股份有限公司2026年7月养殖业务主要经营数据公告,https://static.cninfo.com.cn/finalpage/2026-08-08/1225462977.PDF
603363,傲农生物,2026-08,1,20.82,,,,,,,,,,,,,,lead,False,2026-09-08,福建傲农生物科技集团股份有限公司2026年8月养殖业务主要经营数据公告,https://static.cninfo.com.cn/finalpage/2026-09-08/1225551502.PDF
603363,傲农生物,2026-09,1,25.36,,,,,,,,,,,,,,lead,False,2026-10-09,福建傲农生物科技集团股份有限公司2026年9月养殖业务主要经营数据公告,https://static.cninfo.com.cn/finalpage/2026-10-09/1225596148.PDF
603477,巨星农牧,2025-01,1,25.37,,,,,,4.83,15.65,,,,,,,table,False,2026-01-08,乐山巨星农牧股份有限公司2025年1月养殖业务销售情况简报,https://static.cninfo.com.cn/finalpage/2026-01-08/1224922614.PDF
603477,巨星农牧,2025-02,1,24.03,,,0.06,,,4.47,,,,,,,,lead,False,2025-03-08,乐山巨星农牧股份有限公司2025年2月养殖业务销售情况简报,https://static.cninfo.com.cn/finalpage/2025-03-08/1222742959.PDF
603477,巨星农牧,2025-03,1,33.9,,,1.23,0.04,,5.93,,,,,,,,lead,False,2025-04-08,乐山巨星农牧股份有限公司2025年3月养殖业务销售情况简报,https://static.cninfo.com.cn/finalpage/2025-04-08/1223019114.PDF
603477,巨星农牧,2025-04,1,32.86,,,0.71,0.4,,5.88,,,,,,,,lead,False,2025-05-08,乐山巨星农牧股份有限公司2025年4月养殖业务销售情况简报,https://static.cninfo.com.cn/finalpage/2025-05-08/1223490128.PDF
603477,巨星农牧,2025-05,1,32.8,,,0.97,,,5.79,,,,,,,,lead,False,2025-06-10,乐山巨星农牧股份有限公司2025年5月养殖业务销售情况简报,https://static.cninfo.com.cn/finalpage/2025-06-10/1223825997.PDF
603477,巨星农牧,2025-06,1,41.99,,,0.5,,,7.42,,,,,,,,lead,False,2025-07-08,乐山巨星农牧股份有限公司2025年6月养殖业务销售情况简报,https://static.cninfo.com.cn/finalpage/2025-07-08/1224089991.PDF
603477,巨星农牧,2025-07,1,32.41,,,0.49,,,5.63,,,,,,,,lead,False,2025-08-08,乐山巨星农牧股份有限公司2025年7月养殖业务销售情况简报,https://static.cninfo.com.cn/finalpage/2025-08-08/1224425448.PDF
603477,巨星农牧,2025-08,1,34.89,,,0.39,,,5.82,,,,,,,,lead,False,2025-09-09,乐山巨星农牧股份有限公司2025年8月养殖业务销售情况简报,https://static.cninfo.com.cn/finalpage/2025-09-09/1224643974.PDF
603477,巨星农牧,2025-09,1,35.18,,,,,,5.77,,,,,,,,lead,False,2025-10-10,乐山巨星农牧股份有限公司2025年9月养殖业务销售情况简报,https://static.cninfo.com.cn/finalpage/2025-10-10/1224702117.PDF
603477,巨星农牧,2025-10,1,45.94,,,,,,6.87,11.33,,,,,,,table,False,2026-01-08,乐山巨星农牧股份有限公司2025年10月养殖业务销售情况简报,https://static.cninfo.com.cn/finalpage/2026-01-08/1224922614.PDF
603477,巨星农牧,2025-11,1,52.08,,,,,,7.21,11.59,,,,,,,table,False,2026-01-08,乐山巨星农牧股份有限公司2025年11月养殖业务销售情况简报,https://static.cninfo.com.cn/finalpage/2026-01-08/1224922614.PDF
603477,巨星农牧,2025-12,1,66.64,,,,,,8.02,11.76,,,,,,,table,False,2026-01-08,乐山巨星农牧股份有限公司2025年12月养殖业务销售情况简报,https://static.cninfo.com.cn/finalpage/2026-01-08/1224922614.PDF
603477,巨星农牧,2026-01,1,40.44,,,,,,6.49,12.71,,,,,,,table,False,2026-10-09,乐山巨星农牧股份有限公司2026年1月养殖业务销售情况简报,https://static.cninfo.com.cn/finalpage/2026-10-09/1225597009.PDF
603477,巨星农牧,2026-02,1,29.74,,,,,,4.25,11.28,,,,,,,table,False,2026-10-09,乐山巨星农牧股份有限公司2026年2月养殖业务销售情况简报,https://static.cninfo.com.cn/finalpage/2026-10-09/1225597009.PDF
603477,巨星农牧,2026-03,1,45.68,,,,,,6.23,10.1,,,,,,,table,False,2026-10-09,乐山巨星农牧股份有限公司2026年3月养殖业务销售情况简报,https://static.cninfo.com.cn/finalpage/2026-10-09/1225597009.PDF
603477,巨星农牧,2026-04,1,40.71,,,,,,5.0,9.0,,,,,,,table,False,2026-10-09,乐山巨星农牧股份有限公司2026年4月养殖业务销售情况简报,https://static.cninfo.com.cn/finalpage/2026-10-09/1225597009.PDF
603477,巨星农牧,2026-05,1,33.92,,,,,,4.33,9.37,,,,,,,table,False,2026-10-09,乐山巨星农牧股份有限公司2026年5月养殖业务销售情况简报,https://static.cninfo.com.cn/finalpage/2026-10-09/1225597009.PDF
603477,巨星农牧,2026-06,1,34.32,,,,,,4.06,8.92,,,,,,,table,False,2026-10-09,乐山巨星农牧股份有限公司2026年6月养殖业务销售情况简报,https://static.cninfo.com.cn/finalpage/2026-10-09/1225597009.PDF
603477,巨星农牧,2026-07,1,33.98,,,,,,4.38,9.96,,,,,,,table,False,2026-10-09,乐山巨星农牧股份有限公司2026年7月养殖业务销售情况简报,https://static.cninfo.com.cn/finalpage/2026-10-09/1225597009.PDF
603477,巨星农牧,2026-08,1,27.9,,,,,,4.02,10.98,,,,,,,table,False,2026-10-09,乐山巨星农牧股份有限公司2026年8月养殖业务销售情况简报,https://static.cninfo.com.cn/finalpage/2026-10-09/1225597009.PDF
603477,巨星农牧,2026-09,1,33.5,,,,,,5.01,11.05,,,,,,,table,False,2026-10-09,乐山巨星农牧股份有限公司2026年9月养殖业务销售情况简报,https://static.cninfo.com.cn/finalpage/2026-10-09/1225597009.PDF
603717,天域生物,2025-01,1,3.94,,,,,,0.61152,,,,,,,,lead,False,2025-02-12,2025年1月主要经营数据公告,https://static.cninfo.com.cn/finalpage/2025-02-12/1222513658.PDF
603717,天域生物,2025-02,1,3.12,,,,,,0.427088,,,,,,,,lead,False,2025-03-08,2025年2月养殖业务主要经营数据公告,https://static.cninfo.com.cn/finalpage/2025-03-08/1222743231.PDF
603717,天域生物,2025-03,1,4.19,,,,,,0.704703,,,,,,,,lead,False,2025-04-09,2025年3月养殖业务主要经营数据公告,https://static.cninfo.com.cn/finalpage/2025-04-09/1223029613.PDF
603717,天域生物,2025-04,1,3.51,,,,,,0.593295,,,,,,,,lead,False,2025-05-10,2025年4月养殖业务主要经营数据公告,https://static.cninfo.com.cn/finalpage/2025-05-10/1223509499.PDF
603717,天域生物,2025-05,1,2.48,,,,,,0.403875,,,,,,,,lead,False,2025-06-07,2025年5月养殖业务主要经营数据公告,https://static.cninfo.com.cn/finalpage/2025-06-07/1223801855.PDF
603717,天域生物,2025-06,1,3.18,,,,,,0.374842,,,,,,,,lead,False,2025-07-08,2025年6月养殖业务主要经营数据公告,https://static.cninfo.com.cn/finalpage/2025-07-08/1224090608.PDF
603717,天域生物,2025-07,1,1.72,,,,,,0.210314,,,,,,,,lead,False,2025-08-08,2025年7月养殖业务主要经营数据公告,https://static.cninfo.com.cn/finalpage/2025-08-08/1224425450.PDF
603717,天域生物,2025-08,1,2.6,,,,,,0.298423,,,,,,,,lead,False,2025-09-06,2025年8月养殖业务主要经营数据公告,https://static.cninfo.com.cn/finalpage/2025-09-06/1224640384.PDF
603717,天域生物,2025-09,1,2.86,,,,,,0.32756599999999997,,,,,,,,lead,False,2025-10-14,2025年9月养殖业务主要经营数据公告,https://static.cninfo.com.cn/finalpage/2025-10-14/1224707834.PDF
603717,天域生物,2025-10,1,4.59,,,,,,0.550346,,,,,,,,lead,False,2025-11-08,2025年10月养殖业务主要经营数据公告,https://static.cninfo.com.cn/finalpage/2025-11-08/1224793188.PDF
603717,天域生物,2025-11,1,1.76,,,,,,0.243236,,,,,,,,lead,False,2025-12-09,2025年11月养殖业务主要经营数据公告,https://static.cninfo.com.cn/finalpage/2025-12-09/1224857217.PDF
603717,天域生物,2025-12,1,3.92,,,,,,0.446862,,,,,,,,lead,False,2026-01-10,2025年12月养殖业务主要经营数据公告,https://static.cninfo.com.cn/finalpage/2026-01-10/1224927095.PDF
603717,天域生物,2026-01,1,4.55,,,,,,0.542877,,,,,,,,lead,False,2026-02-07,2026年1月养殖业务主要经营数据公告,https://static.cninfo.com.cn/finalpage/2026-02-07/1224969912.PDF
603717,天域生物,2026-02,1,4.05,2.23,,1.83,,,0.40599,,,,,,,,lead,False,2026-03-07,2026年2月养殖业务主要经营数据公告,https://static.cninfo.com.cn/finalpage/2026-03-07/1224998871.PDF
603717,天域生物,2026-03,1,5.05,2.75,,2.3,,,0.414469,,,,,,,,lead,False,2026-04-09,2026年3月养殖业务主要经营数据公告,https://static.cninfo.com.cn/finalpage/2026-04-09/1225084002.PDF
603717,天域生物,2026-04,1,6.71,4.67,,2.04,,,0.558792,,,,,,,,lead,False,2026-05-12,2026年4月养殖业务主要经营数据公告,https://static.cninfo.com.cn/finalpage/2026-05-12/1225291586.PDF
603717,天域生物,2026-05,1,6.19,3.53,,2.66,,,0.50405,,,,,,,,lead,False,2026-06-06,2026年5月养殖业务主要经营数据公告,https://static.cninfo.com.cn/finalpage/2026-06-06/1225354145.PDF
603717,天域生物,2026-06,1,6.24,4.47,,1.77,,,0.517718,,,,,,,,lead,False,2026-07-08,2026年6月养殖业务主要经营数据公告,https://static.cninfo.com.cn/finalpage/2026-07-08/1225412853.PDF
603717,天域生物,2026-07,1,6.23,3.46,,2.77,,,0.5145649999999999,,,,,,,,lead,False,2026-08-08,2026年7月养殖业务主要经营数据公告,https://static.cninfo.com.cn/finalpage/2026-08-08/1225463029.PDF
603717,天域生物,2026-08,1,6.38,3.74,,2.64,,,0.520927,,,,,,,,lead,False,2026-09-08,2026年8月养殖业务主要经营数据公告,https://static.cninfo.com.cn/finalpage/2026-09-08/1225550486.PDF
605296,神农集团,2021-07,1,4.71,,,,,,0.88,14.46,,,,,,,table,False,2022-08-12,,https://static.cninfo.com.cn/finalpage/2022-08-12/1214276431.PDF
605296,神农集团,2021-08,1,6.26,,,,,,1.02,13.33,,,,,,,table,False,2022-09-10,,https://static.cninfo.com.cn/finalpage/2022-09-10/1214576301.PDF
605296,神农集团,2021-09,1,6.64,,,,,,0.95,11.34,,,,,,,table,False,2022-10-11,,https://static.cninfo.com.cn/finalpage/2022-10-11/1214738340.PDF
605296,神农集团,2021-10,1,5.2,,,,,,0.75,11.64,,,,,,,table,False,2022-11-09,,https://static.cninfo.com.cn/finalpage/2022-11-09/1215051014.PDF
605296,神农集团,2021-11,1,3.45,,,,,,0.69,16.79,,,,,,,table,False,2022-12-08,,https://static.cninfo.com.cn/finalpage/2022-12-08/1215293570.PDF
605296,神农集团,2021-12,1,7.14,,,,,,1.44,15.34,,,,,,,table,False,2023-01-07,,https://static.cninfo.com.cn/finalpage/2023-01-07/1215538872.PDF
605296,神农集团,2022-01,1,8.29,,,,,,1.29,13.17,,,,,,,table,False,2023-02-07,,https://static.cninfo.com.cn/finalpage/2023-02-07/1215778515.PDF
605296,神农集团,2022-02,1,5.22,,,,,,0.77,11.83,,,,,,,table,False,2023-03-08,,https://static.cninfo.com.cn/finalpage/2023-03-08/1216064284.PDF
605296,神农集团,2022-03,1,8.87,,,,,,1.27,11.42,,,,,,,table,False,2023-04-10,,https://static.cninfo.com.cn/finalpage/2023-04-10/1216362481.PDF
605296,神农集团,2022-04,1,7.32,,,,,,1.11,12.5,,,,,,,table,False,2023-05-08,,https://static.cninfo.com.cn/finalpage/2023-05-08/1216760766.PDF
605296,神农集团,2022-05,1,8.2,,,,,,1.52,14.74,,,,,,,table,False,2023-06-07,,https://static.cninfo.com.cn/finalpage/2023-06-07/1217001104.PDF
605296,神农集团,2022-06,1,6.41,,,,,,1.29,16.06,,,,,,,table,False,2023-07-07,,https://static.cninfo.com.cn/finalpage/2023-07-07/1217228380.PDF
605296,神农集团,2022-07,1,5.81,,,,,,1.57,21.12,,,,,,,lead,False,2022-08-12,云南神农农业产业集团股份有限公司2022年7月养殖业务主要经营数据公告,https://static.cninfo.com.cn/finalpage/2022-08-12/1214276431.PDF
605296,神农集团,2022-08,1,8.04,,,,,,2.19,21.33,,,,,,,lead,False,2022-09-10,云南神农农业产业集团股份有限公司2022年8月养殖业务主要经营数据公告,https://static.cninfo.com.cn/finalpage/2022-09-10/1214576301.PDF
605296,神农集团,2022-09,1,6.08,,,,,,1.86,23.52,,,,,,,lead,False,2022-10-11,云南神农农业产业集团股份有限公司2022年9月养殖业务主要经营数据公告,https://static.cninfo.com.cn/finalpage/2022-10-11/1214738340.PDF
605296,神农集团,2022-10,1,7.45,,,,,,2.7,26.41,,,,,,,lead,False,2022-11-09,云南神农农业产业集团股份有限公司2022年10月养殖业务主要经营数据公告,https://static.cninfo.com.cn/finalpage/2022-11-09/1215051014.PDF
605296,神农集团,2022-11,1,9.78,,,,,,3.08,23.5,,,,,,,lead,False,2022-12-08,云南神农农业产业集团股份有限公司2022年11月养殖业务主要经营数据公告,https://static.cninfo.com.cn/finalpage/2022-12-08/1215293570.PDF
605296,神农集团,2022-12,1,11.43,,,,,,2.68,18.57,,,,,,,lead,False,2023-01-07,云南神农农业产业集团股份有限公司2022年12月养殖业务主要经营数据公告,https://static.cninfo.com.cn/finalpage/2023-01-07/1215538872.PDF
605296,神农集团,2023-01,1,9.2,,,,,,1.59,13.7,,,,,,,lead,False,2023-02-07,云南神农农业产业集团股份有限公司2023年1月养殖业务主要经营数据公告,https://static.cninfo.com.cn/finalpage/2023-02-07/1215778515.PDF
605296,神农集团,2023-02,1,14.04,,,,,,2.49,13.89,,,,,,,lead,False,2023-03-08,云南神农农业产业集团股份有限公司2023年2月养殖业务主要经营数据公告,https://static.cninfo.com.cn/finalpage/2023-03-08/1216064284.PDF
605296,神农集团,2023-03,1,12.01,,,,,,2.17,14.6,,,,,,,lead,False,2023-04-10,云南神农农业产业集团股份有限公司2023年3月养殖业务主要经营数据公告,https://static.cninfo.com.cn/finalpage/2023-04-10/1216362481.PDF
605296,神农集团,2023-04,1,10.04,,,,,,1.67,13.91,,,,,,,lead,False,2023-05-08,云南神农农业产业集团股份有限公司2023年4月养殖业务主要经营数据公告,https://static.cninfo.com.cn/finalpage/2023-05-08/1216760766.PDF
605296,神农集团,2023-05,1,10.62,,,,,,1.76,13.7,,,,,,,lead,False,2023-06-07,云南神农农业产业集团股份有限公司2023年5月养殖业务主要经营数据公告,https://static.cninfo.com.cn/finalpage/2023-06-07/1217001104.PDF
605296,神农集团,2023-06,1,11.18,,,,,,1.85,13.65,,,,,,,lead,False,2023-07-07,云南神农农业产业集团股份有限公司2023年6月养殖业务主要经营数据公告,https://static.cninfo.com.cn/finalpage/2023-07-07/1217228380.PDF
605296,神农集团,2023-07,1,13.51,,,,,,2.26,13.86,,,,,,,lead,False,2023-08-08,云南神农农业产业集团股份有限公司2023年7月养殖业务主要经营数据公告,https://static.cninfo.com.cn/finalpage/2023-08-08/1217476727.PDF
605296,神农集团,2023-08,1,14.24,,,,,,2.89,16.52,,,,,,,lead,False,2023-09-07,云南神农农业产业集团股份有限公司2023年8月养殖业务主要经营数据公告,https://static.cninfo.com.cn/finalpage/2023-09-07/1217794825.PDF
605296,神农集团,2023-09,1,16.37,,,,,,3.16,15.76,,,,,,,lead,False,2023-10-09,云南神农农业产业集团股份有限公司2023年9月养殖业务主要经营数据公告,https://static.cninfo.com.cn/finalpage/2023-10-09/1217995219.PDF
605296,神农集团,2023-10,1,11.68,,,,,,2.04,14.53,,,,,,,lead,False,2023-11-08,云南神农农业产业集团股份有限公司2023年10月养殖业务主要经营数据公告,https://static.cninfo.com.cn/finalpage/2023-11-08/1218273041.PDF
605296,神农集团,2023-11,1,16.19,,,,,,2.97,14.45,,,,,,,lead,False,2023-12-07,云南神农农业产业集团股份有限公司2023年11月养殖业务主要经营数据公告,https://static.cninfo.com.cn/finalpage/2023-12-07/1218533518.PDF
605296,神农集团,2023-12,1,12.96,,,,,,2.09,13.53,,,,,,,lead,False,2024-01-10,云南神农农业产业集团股份有限公司2023年12月养殖业务主要经营数据公告,https://static.cninfo.com.cn/finalpage/2024-01-10/1218835050.PDF
605296,神农集团,2024-01,1,19.51,,,,,,3.15,13.13,,,,,,,lead,False,2024-02-08,云南神农农业产业集团股份有限公司2024年1月养殖业务主要经营数据公告,https://static.cninfo.com.cn/finalpage/2024-02-08/1219120998.PDF
605296,神农集团,2024-02,1,13.09,,,,,,2.1,13.04,,,,,,,lead,False,2024-03-08,云南神农农业产业集团股份有限公司2024年2月养殖业务主要经营数据公告,https://static.cninfo.com.cn/finalpage/2024-03-08/1219254102.PDF
605296,神农集团,2024-03,1,17.08,,,,,,2.84,14.01,,,,,,,lead,False,2024-04-08,云南神农农业产业集团股份有限公司2024年3月养殖业务主要经营数据公告,https://static.cninfo.com.cn/finalpage/2024-04-08/1219528852.PDF
605296,神农集团,2024-04,1,17.11,,,,,,3.01,14.58,,,,,,,lead,False,2024-05-08,云南神农农业产业集团股份有限公司2024年4月养殖业务主要经营数据公告,https://static.cninfo.com.cn/finalpage/2024-05-08/1219995187.PDF
605296,神农集团,2024-05,1,18.76,,,,,,3.45,14.98,,,,,,,lead,False,2024-06-08,云南神农农业产业集团股份有限公司2024年5月养殖业务主要经营数据公告,https://static.cninfo.com.cn/finalpage/2024-06-08/1220299662.PDF
605296,神农集团,2024-06,1,23.68,,,,,,4.86,17.42,,,,,,,lead,False,2024-07-08,云南神农农业产业集团股份有限公司2024年6月养殖业务主要经营数据公告,https://static.cninfo.com.cn/finalpage/2024-07-08/1220552254.PDF
605296,神农集团,2024-07,1,19.85,,,,,,4.09,18.65,,,,,,,lead,False,2024-08-08,云南神农农业产业集团股份有限公司2024年7月养殖业务主要经营数据公告,https://static.cninfo.com.cn/finalpage/2024-08-08/1220813935.PDF
605296,神农集团,2024-08,1,17.37,,,,,,4.13,19.82,,,,,,,lead,False,2024-09-07,云南神农农业产业集团股份有限公司2024年8月养殖业务主要经营数据公告,https://static.cninfo.com.cn/finalpage/2024-09-07/1221159225.PDF
605296,神农集团,2024-09,1,19.91,,,,,,4.73,18.53,,,,,,,lead,False,2024-10-09,云南神农农业产业集团股份有限公司2024年9月养殖业务主要经营数据公告,https://static.cninfo.com.cn/finalpage/2024-10-09/1221341256.PDF
605296,神农集团,2024-10,1,20.28,,,,,,4.48,17.46,,,,,,,lead,False,2024-11-07,云南神农农业产业集团股份有限公司2024年10月养殖业务主要经营数据公告,https://static.cninfo.com.cn/finalpage/2024-11-07/1221641092.PDF
605296,神农集团,2024-11,1,19.34,,,,,,4.07,16.71,,,,,,,lead,False,2024-12-07,云南神农农业产业集团股份有限公司2024年11月养殖业务主要经营数据公告,https://static.cninfo.com.cn/finalpage/2024-12-07/1221955871.PDF
605296,神农集团,2024-12,1,21.15,,,,,,4.04,15.64,,,,,,,lead,False,2025-01-08,云南神农农业产业集团股份有限公司2024年12月养殖业务主要经营数据公告,https://static.cninfo.com.cn/finalpage/2025-01-08/1222256408.PDF
605296,神农集团,2025-01,1,22.76,,,3.49,,,3.76,15.22,,,,,,,lead,False,2025-02-13,云南神农农业产业集团股份有限公司2025年1月养殖业务主要经营数据公告,https://static.cninfo.com.cn/finalpage/2025-02-13/1222523620.PDF
605296,神农集团,2025-02,1,28.14,,,7.14,,,4.24,14.81,,,,,,,lead,False,2025-03-11,云南神农农业产业集团股份有限公司2025年2月养殖业务主要经营数据公告,https://static.cninfo.com.cn/finalpage/2025-03-11/1222757591.PDF
605296,神农集团,2025-03,1,35.14,,,10.43,,,5.08,14.83,,,,,,,lead,False,2025-04-08,云南神农农业产业集团股份有限公司2025年3月养殖业务主要经营数据公告,https://static.cninfo.com.cn/finalpage/2025-04-08/1223019309.PDF
605296,神农集团,2025-04,1,22.73,,,1.32,,,3.98,14.68,,,,,,,lead,False,2025-05-08,云南神农农业产业集团股份有限公司2025年4月养殖业务主要经营数据公告,https://static.cninfo.com.cn/finalpage/2025-05-08/1223488442.PDF
605296,神农集团,2025-05,1,23.28,,,0.79,,,4.13,14.43,,,,,,,lead,False,2025-06-07,云南神农农业产业集团股份有限公司2025年5月养殖业务主要经营数据公告,https://static.cninfo.com.cn/finalpage/2025-06-07/1223800970.PDF
605296,神农集团,2025-06,1,21.9,,,0.59,,,3.85,14.35,,,,,,,lead,False,2025-07-08,云南神农农业产业集团股份有限公司2025年6月养殖业务主要经营数据公告,https://static.cninfo.com.cn/finalpage/2025-07-08/1224089608.PDF
605296,神农集团,2025-07,1,17.47,,,0.0,,,3.27,14.73,,,,,,,lead,False,2025-08-07,云南神农农业产业集团股份有限公司2025年7月养殖业务主要经营数据公告,https://static.cninfo.com.cn/finalpage/2025-08-07/1224412882.PDF
605296,神农集团,2025-08,1,16.64,,,0.51,,,2.85,13.87,,,,,,,lead,False,2025-09-08,云南神农农业产业集团股份有限公司2025年8月养殖业务主要经营数据公告,https://static.cninfo.com.cn/finalpage/2025-09-08/1224643166.PDF
605296,神农集团,2025-09,1,22.9,,,0.89,,,3.64,12.82,,,,,,,lead,False,2025-10-10,云南神农农业产业集团股份有限公司2025年9月养殖业务主要经营数据公告,https://static.cninfo.com.cn/finalpage/2025-10-10/1224702213.PDF
605296,神农集团,2025-10,1,33.54,,,6.06,,,4.08,11.04,,,,,,,lead,False,2025-11-08,云南神农农业产业集团股份有限公司2025年10月养殖业务主要经营数据公告,https://static.cninfo.com.cn/finalpage/2025-11-08/1224791835.PDF
605296,神农集团,2025-11,1,31.51,,,3.85,,,4.13,11.44,,,,,,,lead,False,2025-12-06,云南神农农业产业集团股份有限公司2025年11月养殖业务主要经营数据公告,https://static.cninfo.com.cn/finalpage/2025-12-06/1224852718.PDF
605296,神农集团,2025-12,1,31.41,,,1.41,,,4.28,11.08,,,,,,,lead,False,2026-01-07,云南神农农业产业集团股份有限公司2025年12月养殖业务主要经营数据公告,https://static.cninfo.com.cn/finalpage/2026-01-07/1224921127.PDF
605296,神农集团,2026-01,1,29.53,,,,,,4.61,12.03,,,,,,,lead,False,2026-02-12,云南神农农业产业集团股份有限公司2026年1月养殖业务主要经营数据公告,https://static.cninfo.com.cn/finalpage/2026-02-12/1224976384.PDF
605296,神农集团,2026-02,1,20.54,,,,,,3.03,11.2,,,,,,,lead,False,2026-03-07,云南神农农业产业集团股份有限公司2026年2月养殖业务主要经营数据公告,https://static.cninfo.com.cn/finalpage/2026-03-07/1224998793.PDF
605296,神农集团,2026-03,1,31.66,,,,,,4.09,9.82,,,,,,,lead,False,2026-04-08,云南神农农业产业集团股份有限公司2026年3月养殖业务主要经营数据公告,https://static.cninfo.com.cn/finalpage/2026-04-08/1225081441.PDF
605296,神农集团,2026-04,1,31.8,,,,,,3.57,8.65,,,,,,,lead,False,2026-05-07,云南神农农业产业集团股份有限公司2026年4月养殖业务主要经营数据公告,https://static.cninfo.com.cn/finalpage/2026-05-07/1225278308.PDF
605296,神农集团,2026-05,1,30.84,,,,,,3.63,9.12,,,,,,,lead,False,2026-06-06,云南神农农业产业集团股份有限公司2026年5月养殖业务主要经营数据公告,https://static.cninfo.com.cn/finalpage/2026-06-06/1225353543.PDF
605296,神农集团,2026-06,1,28.03,,,,,,3.24,9.06,,,,,,,lead,False,2026-07-08,云南神农农业产业集团股份有限公司2026年6月养殖业务主要经营数据公告,https://static.cninfo.com.cn/finalpage/2026-07-08/1225412750.PDF
605296,神农集团,2026-07,1,30.09,,,,,,4.11,10.55,,,,,,,lead,False,2026-08-07,云南神农农业产业集团股份有限公司2026年7月养殖业务主要经营数据公告,https://static.cninfo.com.cn/finalpage/2026-08-07/1225461032.PDF
605296,神农集团,2026-08,1,33.64,,,,,,4.68,10.62,,,,,,,lead,False,2026-09-08,云南神农农业产业集团股份有限公司2026年8月养殖业务主要经营数据公告,https://static.cninfo.com.cn/finalpage/2026-09-08/1225550507.PDF
