date,pig_ew
2005-01-04,1.0
2005-01-05,1.009652846594242
2005-01-06,1.0052596566841259
2005-01-07,1.0200059100250667
2005-01-10,1.0301838020477998
2005-01-11,1.034346559359164
2005-01-12,1.0381596024208062
2005-01-13,1.0333685377386275
2005-01-14,1.0219136150976824
2005-01-17,0.9819697250336855
2005-01-18,1.0003893862900641
2005-01-19,0.9875460709920325
2005-01-20,0.9743315255479897
2005-01-21,0.9956094134277619
2005-01-24,1.0117773197676263
2005-01-25,1.0038367311809253
2005-01-26,0.9997863549398481
2005-01-27,0.9863853517568585
2005-01-28,0.9592310299126683
2005-01-31,0.9259511080409574
2005-02-01,0.927133178469623
2005-02-02,0.981521385629512
2005-02-03,0.9647037640819971
2005-02-04,0.9857973843388477
2005-02-16,1.0038221366913407
2005-02-17,1.0056201355285501
2005-02-18,0.9836501756366723
2005-02-21,1.0064635023344257
2005-02-22,1.0465418906788837
2005-02-23,1.0769361396298809
2005-02-24,1.087556353740239
2005-02-25,1.0958873068236357
2005-02-28,1.0976201767219285
2005-03-01,1.1056520806918408
2005-03-02,1.077379574843222
2005-03-03,1.080872330940832
2005-03-04,1.0712020743924215
2005-03-07,1.0781478627608467
2005-03-08,1.090343670177528
2005-03-09,1.079200365449665
2005-03-10,1.046632710251685
2005-03-11,1.0442717217126039
2005-03-14,1.0281879776899499
2005-03-15,1.0202678346020886
2005-03-16,1.0193615803272176
2005-03-17,1.0040797487291138
2005-03-18,0.9808143982240205
2005-03-21,0.9788306100534958
2005-03-22,0.952032382920191
2005-03-23,0.9424857490720766
2005-03-24,0.9649277963822126
2005-03-25,0.9693334053175304
2005-03-28,0.9590092746702229
2005-03-29,0.9358426378080411
2005-03-30,0.9073540336755203
2005-03-31,0.9124076331092724
2005-04-01,0.9374370513264264
2005-04-04,0.9052481692478449
2005-04-05,0.9049472447729856
2005-04-06,0.9209249473615614
2005-04-07,0.9412002505563831
2005-04-08,0.9705915795351175
2005-04-11,0.9773293752702076
2005-04-12,0.9598608331683847
2005-04-13,0.9808318833043843
2005-04-14,0.9527737964580418
2005-04-15,0.9172093852563137
2005-04-18,0.9056939555976902
2005-04-19,0.9160736187186679
2005-04-20,0.8996495724956249
2005-04-21,0.8902293609465864
2005-04-22,0.8560692993143872
2005-04-25,0.8305409031678523
2005-04-26,0.8397461155564175
2005-04-27,0.8256539205071584
2005-04-28,0.8503771391026922
2005-04-29,0.8491500262507505
2005-05-09,0.8153433829983897
2005-05-10,0.8175591196420139
2005-05-11,0.8335065671620718
2005-05-12,0.8200083424925609
2005-05-13,0.8600435376216025
2005-05-16,0.8852554845123635
2005-05-17,0.8909040829086995
2005-05-18,0.9077208395559706
2005-05-19,0.9011469951311859
2005-05-20,0.8810860869152862
2005-05-23,0.8673352606749329
2005-05-24,0.8897666605587174
2005-05-25,0.9014807366647904
2005-05-26,0.8896019313557255
2005-05-27,0.8751047728266645
2005-05-30,0.877655245406964
2005-05-31,0.8790416199507295
2005-06-01,0.8494149613501459
2005-06-02,0.8421692835142734
2005-06-03,0.8498771313700281
2005-06-06,0.8446210786347244
2005-06-07,0.8587129508011574
2005-06-08,0.9310965767284759
2005-06-09,0.9291287574651943
2005-06-10,0.900532820580096
2005-06-13,0.9206271602911106
2005-06-14,0.892460821876452
2005-06-15,0.8686919694011943
2005-06-16,0.8789565346405394
2005-06-17,0.8776043641942295
2005-06-20,0.9055927174411229
2005-06-21,0.8994372095882388
2005-06-22,0.9039051065976039
2005-06-23,0.892247279098497
2005-06-24,0.8862951340805406
2005-06-27,0.920680204914481
2005-06-28,0.9004396145783327
2005-06-29,0.8775686800559742
2005-06-30,0.839006058409011
2005-07-01,0.7989650705170489
2005-07-04,0.7897897362778703
2005-07-05,0.7859812519544219
2005-07-06,0.7883958720220661
2005-07-07,0.7982693181553779
2005-07-08,0.768127511717625
2005-07-11,0.7551659313264988
2005-07-12,0.7760737441810723
2005-07-13,0.7730107407418244
2005-07-14,0.7689342219040977
2005-07-15,0.7469015660676138
2005-07-18,0.7085842806915302
2005-07-19,0.7291367425600548
2005-07-20,0.7317314658555074
2005-07-21,0.7348285582751515
2005-07-22,0.7574943753721481
2005-07-25,0.7442578580205118
2005-07-26,0.7660197079450204
2005-07-27,0.7783583675707166
2005-07-28,0.7773033891336444
2005-07-29,0.7827117438014051
2005-08-01,0.7954264079801798
2005-08-02,0.8076307662363101
2005-08-03,0.8180672754846073
2005-08-04,0.8051633069433556
2005-08-05,0.8460766935685647
2005-08-08,0.8524545255844588
2005-08-09,0.8701548418612776
2005-08-10,0.8788806198399179
2005-08-11,0.8856188545701958
2005-08-12,0.8684979984544655
2005-08-15,0.9188254729455982
2005-08-16,0.9270889788623603
2005-08-17,0.9601385433837284
2005-08-18,0.9016101301655294
2005-08-19,0.8823626210141593
2005-08-22,0.9001261478146406
2005-08-23,0.8772393639314432
2005-08-24,0.8887952076840606
2005-08-25,0.9077811499568367
2005-08-26,0.9224255838388923
2005-08-29,0.9113239413198313
2005-08-30,0.9037455325882034
2005-08-31,0.9404078955610122
2005-09-01,0.9777690210086812
2005-09-02,0.9801757680936419
2005-09-05,1.003887414931235
2005-09-06,0.9517484255191817
2005-09-07,0.9851259047365213
2005-09-08,0.9794525932129106
2005-09-09,0.966226579584124
2005-09-12,0.977568535089886
2005-09-13,1.0029881456934964
2005-09-14,1.0117135356398959
2005-09-15,1.0173593855512333
2005-09-16,1.0179626446456675
2005-09-19,1.033958689650702
2005-09-20,1.0262800837762718
2005-09-21,1.0138375505497903
2005-09-22,0.9481798084424679
2005-09-23,0.9310748282667582
2005-09-26,0.9296000834508525
2005-09-27,0.9032359069491306
2005-09-28,0.9025790892505974
2005-09-29,0.919295758389691
2005-09-30,0.905065816625058
2005-10-10,0.9279678993664532
2005-10-11,0.9419582097080837
2005-10-12,0.9389230831907311
2005-10-13,0.9262696571325908
2005-10-14,0.9074484776444748
2005-10-17,0.9094958940542756
2005-10-18,0.9170461220640135
2005-10-19,0.9019075973698512
2005-10-20,0.9096365588976523
2005-10-21,0.9409269568709049
2005-10-24,0.9307724838351285
2005-10-25,0.91549684422474
2005-10-26,0.8812194104044979
2005-10-27,0.8349979598026004
2005-10-28,0.8081367886548252
2005-10-31,0.8139280851005214
2005-11-01,0.8071753825722676
2005-11-02,0.8256185241763033
2005-11-03,0.8285631133595777
2005-11-04,0.8343041264546809
2005-11-07,0.845508190334919
2005-11-08,0.8538488970054904
2005-11-09,0.8428083175580032
2005-11-10,0.804463925549652
2005-11-11,0.8091247841826364
2005-11-14,0.8133386183045535
2005-11-15,0.8052645271396079
2005-11-16,0.8127847153254691
2005-11-17,0.8159526957922294
2005-11-18,0.8362125376619928
2005-11-21,0.8337050925036458
2005-11-22,0.8080629430834695
2005-11-23,0.816272326498538
2005-11-24,0.8225815510475808
2005-11-25,0.8254478593590923
2005-11-28,0.8236692561372179
2005-11-29,0.806040851451489
2005-11-30,0.8077098650190851
2005-12-01,0.7996566666095624
2005-12-02,0.7965183405729506
2005-12-05,0.780013001129814
2005-12-06,0.7881837172645052
2005-12-07,0.7911138537620547
2005-12-08,0.7891233525865827
2005-12-09,0.8076514895791711
2005-12-12,0.8123831441881306
2005-12-13,0.8143952123359768
2005-12-14,0.8300740399991434
2005-12-15,0.8280444215911681
2005-12-16,0.8408229276533301
2005-12-19,0.8505477479909576
2005-12-20,0.8429150289458799
2005-12-21,0.8273545870856321
2005-12-22,0.8310349900530949
2005-12-23,0.875425746620473
2005-12-26,0.878155321672374
2005-12-27,0.8861003522817823
2005-12-28,0.8846716600887409
2005-12-29,0.9041614806622583
2005-12-30,0.9051738782190076
2006-01-04,0.9159715849493193
2006-01-05,0.9296900650826695
2006-01-06,0.9367555155172294
2006-01-09,0.9598025513818185
2006-01-10,0.9648705058754603
2006-01-11,0.9675163620566205
2006-01-12,1.0247957724281376
2006-01-13,1.0296865194077105
2006-01-16,1.001315902179297
2006-01-17,0.9913027431575041
2006-01-18,1.014666780875021
2006-01-19,1.0246799398968138
2006-01-20,1.0129979210380555
2006-01-23,1.0163356407119866
2006-01-24,1.0330242390816415
2006-01-25,1.021342220222883
2006-02-06,1.0699986000913853
2006-02-07,1.108451503320561
2006-02-08,1.1322299364375108
2006-02-09,1.102740317649847
2006-02-10,1.1029190157010778
2006-02-13,1.0964649925157381
2006-02-14,1.123940857527935
2006-02-15,1.1250265540295403
2006-02-16,1.0823750199325222
2006-02-17,1.0814117482236485
2006-02-20,1.0723728634031058
2006-02-21,1.109594565561181
2006-02-22,1.1266838819586755
2006-02-23,1.1362787346280856
2006-02-24,1.1400114681309848
2006-02-27,1.1444113031137113
2006-02-28,1.1498183377450368
2006-03-01,1.1519075424106986
2006-03-02,1.115474747446771
2006-03-03,1.1118829282577072
2006-03-06,1.100408544104939
2006-03-07,1.076114848373421
2006-03-08,1.0605978936851002
2006-03-09,1.0625021566432855
2006-03-10,1.0727920384964236
2006-03-13,1.0878691993540828
2006-03-14,1.0832005266620495
2006-03-15,1.0888443216415191
2006-03-16,1.08875025752619
2006-03-17,1.0703626094862306
2006-03-20,1.0952452547795026
2006-03-21,1.1000727820732967
2006-03-22,1.1211678593926913
2006-03-23,1.1222169872002399
2006-03-24,1.1132032599221342
2006-03-27,1.1187981548651513
2006-03-28,1.1634247761628294
2006-03-29,1.1768723739907836
2006-03-30,1.1864791929383636
2006-03-31,1.1869184436890117
2006-04-03,1.2239281149890089
2006-04-04,1.2387447508958123
2006-04-05,1.2586061192631617
2006-04-06,1.2488863151686953
2006-04-07,1.250712226724412
2006-04-10,1.287577310922911
2006-04-11,1.2794906580084333
2006-04-12,1.2626143606641207
2006-04-13,1.2179079631019734
2006-04-14,1.2443834262377482
2006-04-17,1.270526420726051
2006-04-18,1.3762435655170393
2006-04-19,1.3431704195914669
2006-04-20,1.3148785401873047
2006-04-21,1.3283398491391178
2006-04-24,1.2717151011760695
2006-04-25,1.2851929568416893
2006-04-26,1.3066742974721124
2006-04-27,1.3327922957491478
2006-04-28,1.3614173318007494
2006-05-08,1.4110879355183163
2006-05-09,1.4559954010127658
2006-05-10,1.524576041306499
2006-05-11,1.5191457243490225
2006-05-12,1.5613388492208187
2006-05-15,1.6157558040831461
2006-05-16,1.505201310799048
2006-05-17,1.5833697134247675
2006-05-18,1.5979765065114804
2006-05-19,1.66927609105219
2006-05-22,1.7469436228339421
2006-05-23,1.6501017785544112
2006-05-24,1.5905752709707264
2006-05-25,1.6004987092705616
2006-05-26,1.636730242585356
2006-05-29,1.6951680482719693
2006-05-30,1.7354539588518205
2006-05-31,1.6833532728900222
2006-06-01,1.8064948043990068
2006-06-02,1.8742116442703403
2006-06-05,1.938187639941695
2006-06-06,1.9339997476539468
2006-06-07,1.738729665975608
2006-06-08,1.7468634980735018
2006-06-09,1.6833718500318613
2006-06-12,1.68213347416314
2006-06-13,1.6945687680249817
2006-06-14,1.7138757279243009
2006-06-15,1.7357727658334656
2006-06-16,1.8239089189509718
2006-06-19,1.8163521221743644
2006-06-20,1.855247365781039
2006-06-21,1.8318749517367305
2006-06-22,1.8053076806751582
2006-06-23,1.8545817767379813
2006-06-26,1.8994096671223764
2006-06-27,1.9489263503684155
2006-06-28,1.9154384415197703
2006-06-29,1.9619334297114126
2006-06-30,1.9144480910105066
2006-07-03,1.9025993033887194
2006-07-04,1.892609800146423
2006-07-05,1.8542294464602573
2006-07-06,1.921869959417977
2006-07-07,1.8981255931082388
2006-07-10,1.9454586223314956
2006-07-11,1.9681164867618526
2006-07-12,1.9595804598680016
2006-07-13,1.8015183931606678
2006-07-14,1.819822985168102
2006-07-17,1.8486284944467637
2006-07-18,1.8649278399974547
2006-07-19,1.8255438370646786
2006-07-20,1.8392694595278818
2006-07-21,1.8479198577871723
2006-07-24,1.832070373901439
2006-07-25,1.859240189383832
2006-07-26,1.8997632288476347
2006-07-27,1.8990665735332277
2006-07-28,1.891166754115051
2006-07-31,1.8543165244567248
2006-08-01,1.8498162102277578
2006-08-02,1.854779350766425
2006-08-03,1.8309682652514936
2006-08-04,1.7342791293776014
2006-08-07,1.6133810417583283
2006-08-08,1.665220259288197
2006-08-09,1.630212830133466
2006-08-10,1.6716142280170943
2006-08-11,1.6965354232931271
2006-08-14,1.6250282059055738
2006-08-15,1.6626606023217199
2006-08-16,1.6783499098771215
2006-08-17,1.6500029207633118
2006-08-18,1.6362238466852634
2006-08-21,1.6338782683134854
2006-08-22,1.6449140310321615
2006-08-23,1.6254152081841908
2006-08-24,1.6310129116694823
2006-08-25,1.6502152576105344
2006-08-28,1.7096268973422477
2006-08-29,1.7497724368209704
2006-08-30,1.7739962735257735
2006-08-31,1.764502778227989
2006-09-01,1.722847377763479
2006-09-04,1.7536070879594003
2006-09-05,1.7840538749054662
2006-09-06,1.8054958253103257
2006-09-07,1.7802019716973996
2006-09-08,1.7774629535694746
2006-09-11,1.7866831567777233
2006-09-12,1.7864731414908286
2006-09-13,1.756892385986825
2006-09-14,1.7397869621693187
2006-09-15,1.758156769534419
2006-09-18,1.8022898953225033
2006-09-19,1.8056838890787759
2006-09-20,1.8367875435066665
2006-09-21,1.831314542747815
2006-09-22,1.8177600155676
2006-09-25,1.784082487703653
2006-09-26,1.784912682173985
2006-09-27,1.7966603913956838
2006-09-28,1.8042710885034963
2006-09-29,1.8266280366666063
2006-10-09,1.9060479284889433
2006-10-10,1.9008063818913723
2006-10-11,1.9087807051926637
2006-10-12,1.8920205334951155
2006-10-13,1.911483855807267
2006-10-16,1.8947826985413536
2006-10-17,1.9229680047873225
2006-10-18,1.9418277961312018
2006-10-19,1.9348421373215652
2006-10-20,1.8941835649590526
2006-10-23,1.8366612110640277
2006-10-24,1.89806115108845
2006-10-25,1.8900788471510601
2006-10-26,1.8964493085308076
2006-10-27,1.8276425775708707
2006-10-30,1.8237780239631876
2006-10-31,1.8359287957127297
2006-11-01,1.8277565294566318
2006-11-02,1.8110068726302224
2006-11-03,1.8397655538040696
2006-11-06,1.8490611584660182
2006-11-07,1.8159488975799614
2006-11-08,1.797262356919304
2006-11-09,1.819357537326088
2006-11-10,1.7889827877168842
2006-11-13,1.7131747787657938
2006-11-14,1.7451143334143968
2006-11-15,1.762716664492446
2006-11-16,1.7365428515426993
2006-11-17,1.76711312772775
2006-11-20,1.756624875174846
2006-11-21,1.76661565850259
2006-11-22,1.8209869626120296
2006-11-23,1.85246440989005
2006-11-24,1.8595938944984747
2006-11-27,1.8850657918152969
2006-11-28,1.9113238182473578
2006-11-29,1.8988008635049158
2006-11-30,1.9221538627127572
2006-12-01,1.9022478074020421
2006-12-04,1.9627577330113353
2006-12-05,1.9884250502221383
2006-12-06,1.9387794081473666
2006-12-07,1.9381068325104436
2006-12-08,1.861911025317384
2006-12-11,1.9334814852611544
2006-12-12,1.9265626527160291
2006-12-13,1.95076486571566
2006-12-14,1.9714799077180845
2006-12-15,1.9872576855496344
2006-12-18,2.0176896725861955
2006-12-19,2.0306609431285083
2006-12-20,2.077871697370343
2006-12-21,2.052177403030408
2006-12-22,2.078454470025276
2006-12-25,2.1062591853349817
2006-12-26,2.117728144447941
2006-12-27,2.0838771978579786
2006-12-28,2.0395343924554026
2006-12-29,2.0677600921622763
2007-01-04,2.0438014660907955
2007-01-05,2.0711202040726224
2007-01-08,2.1728779294206033
2007-01-09,2.2029263329301276
2007-01-10,2.276789753977276
2007-01-11,2.282806234050184
2007-01-12,2.178955170968821
2007-01-15,2.3077814636449583
2007-01-16,2.376455078457016
2007-01-17,2.391816714027542
2007-01-18,2.4354378665956156
2007-01-19,2.4895497316114232
2007-01-22,2.6592801676021343
2007-01-23,2.7546838181801077
2007-01-24,2.7845801157147245
2007-01-25,2.5867812875359424
2007-01-26,2.663480228678925
2007-01-29,2.7101781157325755
2007-01-30,2.731594950430837
2007-01-31,2.559400780241388
2007-02-01,2.5529978130197666
2007-02-02,2.4543837186244457
2007-02-05,2.4833580153477888
2007-02-06,2.610084620532096
2007-02-07,2.6391422095903843
2007-02-08,2.6592399179120667
2007-02-09,2.7038325596710604
2007-02-12,2.797801701768149
2007-02-13,2.8081181198494543
2007-02-14,2.8800672271594134
2007-02-15,2.9628089625370637
2007-02-16,2.981975455562147
2007-02-26,3.1244693257381178
2007-02-27,2.8590381383216212
2007-02-28,3.055015779999173
2007-03-01,3.0629380978359646
2007-03-02,3.1053828708182327
2007-03-05,3.0764738334843744
2007-03-06,3.0859527972655356
2007-03-07,3.16620588355066
2007-03-08,3.2020388896467074
2007-03-09,3.245083835135622
2007-03-12,3.394997972426867
2007-03-13,3.4955851468068984
2007-03-14,3.462003199471994
2007-03-15,3.6388989425362603
2007-03-16,3.570465685315807
2007-03-19,3.559789851066819
2007-03-20,3.6094579084789737
2007-03-21,3.6465547304204438
2007-03-22,3.6104582369011577
2007-03-23,3.6410591142971174
2007-03-26,3.8063704383244676
2007-03-27,3.9146661278940424
2007-03-28,3.8174007343291776
2007-03-29,3.69028573201799
2007-03-30,3.794135576213927
2007-04-02,3.84099918633697
2007-04-03,3.93956302644625
2007-04-04,3.911871932617699
2007-04-05,3.993684804706261
2007-04-06,3.992332558797419
2007-04-09,4.131256826684391
2007-04-10,4.181717080369157
2007-04-11,4.171815541299347
2007-04-12,4.211587175744333
2007-04-13,4.190455096894929
2007-04-16,4.2983442096226705
2007-04-17,4.432348270748782
2007-04-18,4.633235665406367
2007-04-19,4.302940637630558
2007-04-20,4.514298376685962
2007-04-23,4.748993278486017
2007-04-24,4.728037743497175
2007-04-25,4.767260072609356
2007-04-26,4.732833613794487
2007-04-27,4.5600920613164275
2007-04-30,4.510353851108232
2007-05-08,4.565948334765368
2007-05-09,4.476818070142159
2007-05-10,4.551895297765597
2007-05-11,4.5740548928731535
2007-05-14,4.689096031053315
2007-05-15,4.65966234153489
2007-05-16,4.757752346111177
2007-05-17,4.799327638646528
2007-05-18,4.929888448621874
2007-05-21,5.061644566482536
2007-05-22,5.1160008027362
2007-05-23,5.384828474525085
2007-05-24,5.231996582217723
2007-05-25,5.327421824333672
2007-05-28,5.440615468505858
2007-05-29,5.5497054917222295
2007-05-30,5.11601943801274
2007-05-31,4.973052807466359
2007-06-01,4.697294646880127
2007-06-04,4.322639940841734
2007-06-05,4.336168503554808
2007-06-06,4.293101945343091
2007-06-07,4.318692175476939
2007-06-08,4.388561400005698
2007-06-11,4.426593960956465
2007-06-12,4.495497878911165
2007-06-13,4.705421472317074
2007-06-14,4.677052460192578
2007-06-15,4.700283670663102
2007-06-18,4.855542506218751
2007-06-19,4.891051503582743
2007-06-20,4.730406011260811
2007-06-21,4.880526302708772
2007-06-22,4.734806877580021
2007-06-25,4.442435871303947
2007-06-26,4.4600761253647665
2007-06-27,4.535720975272028
2007-06-28,4.386446936337182
2007-06-29,4.124014125647541
2007-07-02,4.067186564002001
2007-07-03,4.190214828339939
2007-07-04,4.026261266707396
2007-07-05,3.8156889982147812
2007-07-06,3.9379497072023004
2007-07-09,4.063364819249508
2007-07-10,4.019383117443112
2007-07-11,4.040113799155096
2007-07-12,4.077688877980864
2007-07-13,4.044508395595664
2007-07-16,3.9783902502977746
2007-07-17,4.1022811418957215
2007-07-18,4.107117439168616
2007-07-19,4.1891980043479045
2007-07-20,4.32565135910522
2007-07-23,4.515968630157314
2007-07-24,4.51658989151444
2007-07-25,4.662475296526768
2007-07-26,4.784486787362034
2007-07-27,4.795426007871679
2007-07-30,5.00503561268209
2007-07-31,5.115139408308318
2007-08-01,4.9978310161443655
2007-08-02,5.278302774100394
2007-08-03,5.452440761549808
2007-08-06,5.3666755576192635
2007-08-07,5.338374323781238
2007-08-08,5.1598315386290015
2007-08-09,5.293274949399527
2007-08-10,5.16925058495679
2007-08-13,5.333921910482292
2007-08-14,5.458498968143
2007-08-15,5.489336144051489
2007-08-16,5.498834250873002
2007-08-17,5.474491095107866
2007-08-20,5.571911637499483
2007-08-21,5.641522085233866
2007-08-22,5.8259713347046915
2007-08-23,5.8226254547113685
2007-08-24,5.854655195179327
2007-08-27,5.973735252416267
2007-08-28,6.030724161555097
2007-08-29,5.859499932030198
2007-08-30,6.098732618760237
2007-08-31,6.175648894204513
2007-09-03,6.25762269411515
2007-09-04,6.017430440728019
2007-09-05,6.022273932362542
2007-09-06,6.119914854033052
2007-09-07,5.95539293091692
2007-09-10,6.06181301071425
2007-09-11,5.628148347219927
2007-09-12,5.579044860965223
2007-09-13,5.7336837694447045
2007-09-14,5.758728511236051
2007-09-17,5.795438503123763
2007-09-18,5.830566091811598
2007-09-19,5.6783055367225925
2007-09-20,5.750440901200634
2007-09-21,5.599974174476576
2007-09-24,5.52290452586227
2007-09-25,5.499909753909546
2007-09-26,5.3852912424612915
2007-09-27,5.4947227341673495
2007-09-28,5.696674427536705
2007-10-08,5.6284059235116715
2007-10-09,5.730470769283809
2007-10-10,5.722348273143603
2007-10-11,5.645730155110186
2007-10-12,5.624087146470107
2007-10-15,5.602597526135558
2007-10-16,5.677194380943643
2007-10-17,5.659398735009471
2007-10-18,5.5878400269294
2007-10-19,5.586493120099864
2007-10-22,5.4009337118829235
2007-10-23,5.48273102058306
2007-10-24,5.2455440451769455
2007-10-25,4.83268071241854
2007-10-26,4.663246853969945
2007-10-29,4.767280248463361
2007-10-30,4.9467482810296
2007-10-31,5.207239212855634
2007-11-01,5.073700477506703
2007-11-02,4.904231581139911
2007-11-05,4.901444239144899
2007-11-06,4.913709646270236
2007-11-07,4.8611738158655555
2007-11-08,4.668944689762651
2007-11-09,4.6397874341644165
2007-11-12,4.592707217989497
2007-11-13,4.612827162965113
2007-11-14,4.771171906774177
2007-11-15,4.704940767094929
2007-11-16,4.770784105880806
2007-11-19,4.934376443107286
2007-11-20,5.0404312599085985
2007-11-21,5.045493945457481
2007-11-22,4.805015018315279
2007-11-23,4.89909003313141
2007-11-26,4.902961292100671
2007-11-27,4.810604795349942
2007-11-28,4.773181575289814
2007-11-29,4.895321376013552
2007-11-30,4.744000008116945
2007-12-03,4.769482763226397
2007-12-04,4.794301644204445
2007-12-05,4.909109176812406
2007-12-06,4.938427141123597
2007-12-07,5.136419218052584
2007-12-10,5.38219767351988
2007-12-11,5.430436739649838
2007-12-12,5.557380279786206
2007-12-13,5.521376777815562
2007-12-14,5.638634119223075
2007-12-17,5.73805210860219
2007-12-18,5.548706371575553
2007-12-19,5.641135781012666
2007-12-20,5.9299087016079515
2007-12-21,5.945503032884143
2007-12-24,5.987820651514277
2007-12-25,6.047261127681415
2007-12-26,6.219058977282754
2007-12-27,6.246287402262547
2007-12-28,6.1772722428440465
2008-01-02,6.3844178315968145
2008-01-03,6.5164651786412815
2008-01-04,6.529451948991782
2008-01-07,6.727625673988936
2008-01-08,6.446576681361821
2008-01-09,6.61024607365932
2008-01-10,6.6312027628703465
2008-01-11,6.565347160624275
2008-01-14,6.648714981144001
2008-01-15,6.874586097804473
2008-01-16,7.0850303484899095
2008-01-17,6.762867551649592
2008-01-18,6.678711724748931
2008-01-21,6.293629853186093
2008-01-22,5.792518059426995
2008-01-23,6.048106391063561
2008-01-24,6.268708997379431
2008-01-25,6.208864903984948
2008-01-28,5.676661393210765
2008-01-29,5.677943346292677
2008-01-30,5.791998602422244
2008-01-31,5.589968350674831
2008-02-01,5.292925330001143
2008-02-04,5.709321450126375
2008-02-05,5.719954745158429
2008-02-13,5.692485836994338
2008-02-14,5.8113627040642415
2008-02-15,5.812824080226718
2008-02-18,6.100276824444924
2008-02-19,6.2119211045708145
2008-02-20,6.27998811258205
2008-02-21,6.236036525957453
2008-02-22,6.067078513586146
2008-02-25,5.7543888507132115
2008-02-26,5.7842387570980724
2008-02-27,5.9380337137814
2008-02-28,6.009546268102943
2008-02-29,6.065115258711099
2008-03-03,6.310010148000841
2008-03-04,6.294398224821312
2008-03-05,6.268473793653645
2008-03-06,6.218331331843717
2008-03-07,6.087201186655522
2008-03-10,5.856270888444678
2008-03-11,5.975192980139815
2008-03-12,5.779305303033039
2008-03-13,5.512426046136696
2008-03-14,5.528516443140067
2008-03-17,5.105259727447325
2008-03-18,4.739505192086344
2008-03-19,4.892598936397444
2008-03-20,5.0573813690102805
2008-03-21,5.083855810289962
2008-03-24,4.974149746345256
2008-03-25,5.00809106807699
2008-03-26,5.017582505502019
2008-03-27,4.895752931584399
2008-03-28,5.0186477219300425
2008-03-31,4.755444599112067
2008-04-01,4.3690625360042095
2008-04-02,4.070621546162788
2008-04-03,4.144477962367036
2008-04-07,4.375354038027008
2008-04-08,4.4712603650871525
2008-04-09,4.219673438369973
2008-04-10,4.396695692346278
2008-04-11,4.555944755034445
2008-04-14,4.358271605945698
2008-04-15,4.473067605113448
2008-04-16,4.384240759529509
2008-04-17,4.203821374968614
2008-04-18,3.9415532942615323
2008-04-21,3.900553609657011
2008-04-22,3.8661770799026174
2008-04-23,4.075953744423161
2008-04-24,4.426247405701005
2008-04-25,4.609244177979629
2008-04-28,4.823391258246339
2008-04-29,4.843023429650469
2008-04-30,5.018898942842128
2008-05-05,5.18200844595581
2008-05-06,5.099542099355771
2008-05-07,4.8390547105976305
2008-05-08,5.020584042189218
2008-05-09,5.034148494366277
2008-05-12,5.340977584537921
2008-05-13,5.540982179157403
2008-05-14,5.500215703707223
2008-05-15,5.388148565082841
2008-05-16,5.450891976117248
2008-05-19,5.424089624740892
2008-05-20,5.157740900945447
2008-05-21,5.337259174776667
2008-05-22,5.346814501971688
2008-05-23,5.345605191055648
2008-05-26,5.0517538222368925
2008-05-27,4.95165752016583
2008-05-28,5.1006498516771375
2008-05-29,4.923693117004123
2008-05-30,4.926509100915593
2008-06-02,4.900152839359341
2008-06-03,4.9721727768315045
2008-06-04,4.81208303442295
2008-06-05,4.692621089618052
2008-06-06,4.6732585592619476
2008-06-10,4.237403668624941
2008-06-11,4.198285002137907
2008-06-12,4.102685788842481
2008-06-13,3.821913695264992
2008-06-16,3.7201045742271646
2008-06-17,3.555867456513564
2008-06-18,3.7990434906191797
2008-06-19,3.4471763943019105
2008-06-20,3.4801523816933346
2008-06-23,3.42625029951027
2008-06-24,3.5616953887584493
2008-06-25,3.836921079918596
2008-06-26,3.913701272124618
2008-06-27,3.567792750896544
2008-06-30,3.651684804096778
2008-07-01,3.5550963953225008
2008-07-02,3.6759908668284873
2008-07-03,3.920899872025595
2008-07-04,3.9229733618663443
2008-07-07,4.13757561000265
2008-07-08,4.304398180690865
2008-07-09,4.428045393260674
2008-07-10,4.294818733062691
2008-07-11,4.162809501976795
2008-07-14,4.305249962653387
2008-07-15,4.263608386080541
2008-07-16,4.112348274638713
2008-07-17,3.999869631635005
2008-07-18,4.074709725645304
2008-07-21,4.276370267535404
2008-07-22,4.299965508631947
2008-07-23,4.2987266340233266
2008-07-24,4.388726084518462
2008-07-25,4.429884576114873
2008-07-28,4.604321683755905
2008-07-29,4.447421550077198
2008-07-30,4.414484433177324
2008-07-31,4.274533346029303
2008-08-01,4.284488712095033
2008-08-04,4.342121326480442
2008-08-05,4.315222886125563
2008-08-06,4.238173520518152
2008-08-07,4.214288972658988
2008-08-08,4.010709410468131
2008-08-11,3.653136279076997
2008-08-12,3.511468591940648
2008-08-13,3.571016211803073
2008-08-14,3.4844121933693954
2008-08-15,3.5218578250942163
2008-08-18,3.205974370417856
2008-08-19,3.2554318049422895
2008-08-20,3.541401920546895
2008-08-21,3.4105084561057897
2008-08-22,3.3448773344486957
2008-08-25,3.3714345531288687
2008-08-26,3.139091981880026
2008-08-27,3.1163087594089705
2008-08-28,3.1549001755929345
2008-08-29,3.275174140609048
2008-09-01,3.156926309411428
2008-09-02,3.190421662840854
2008-09-03,3.1283190588172616
2008-09-04,3.1559912337563327
2008-09-05,2.924078570828346
2008-09-08,2.6966297258349288
2008-09-09,2.7886800793185125
2008-09-10,2.8296600977284503
2008-09-11,2.717311513554263
2008-09-12,2.7236502044661948
2008-09-16,2.6110754100658466
2008-09-17,2.5874102971680664
2008-09-18,2.5020589058850935
2008-09-19,2.735471755633895
2008-09-22,2.866250348259227
2008-09-23,2.644643710498828
2008-09-24,2.701630577949899
2008-09-25,2.7961052289466393
2008-09-26,2.7570400439391807
2008-10-06,2.869763127831977
2008-10-07,2.803078323021076
2008-10-08,2.7837022940910017
2008-10-09,2.8111206811957676
2008-10-10,2.6607147622896745
2008-10-13,2.716165374933263
2008-10-14,2.670732016260162
2008-10-15,2.6367334544118637
2008-10-16,2.4251089120956264
2008-10-17,2.427154707330768
2008-10-20,2.57645401378507
2008-10-21,2.6059366998265805
2008-10-22,2.491395091089847
2008-10-23,2.544032462946726
2008-10-24,2.5116933235773033
2008-10-27,2.365456049842095
2008-10-28,2.412982926387661
2008-10-29,2.2976884098349917
2008-10-30,2.2848966277396383
2008-10-31,2.2416072503039506
2008-11-03,2.1975319421609396
2008-11-04,2.199357425874416
2008-11-05,2.2494150664598407
2008-11-06,2.177685940679377
2008-11-07,2.2243871331216014
2008-11-10,2.393572174506628
2008-11-11,2.3609279605914546
2008-11-12,2.423763297634654
2008-11-13,2.545266132721901
2008-11-14,2.6830737090199457
2008-11-17,2.8508199090837927
2008-11-18,2.6326274241474126
2008-11-19,2.829401901596651
2008-11-20,2.7819041070921107
2008-11-21,2.7024783143421343
2008-11-24,2.6502492234940322
2008-11-25,2.6441660066431814
2008-11-26,2.644515924469784
2008-11-27,2.6421548791549614
2008-11-28,2.571452465119655
2008-12-01,2.674417927700146
2008-12-02,2.8096779592208456
2008-12-03,2.936740586570853
2008-12-04,2.9113951900279735
2008-12-05,3.064307938625098
2008-12-08,3.1936107544031103
2008-12-09,3.0445326706843723
2008-12-10,3.1696382034812824
2008-12-11,3.105327601955231
2008-12-12,2.9555524445247956
2008-12-15,2.9825712548116288
2008-12-16,3.0555989096305547
2008-12-17,3.068147160953095
2008-12-18,3.114901917432098
2008-12-19,3.1311330825354977
2008-12-22,3.1871365883856706
2008-12-23,3.0147501531004814
2008-12-24,2.850285731617809
2008-12-25,2.843261637638486
2008-12-26,2.8611788598631
2008-12-29,2.859934848604472
2008-12-30,2.8614209760914937
2008-12-31,2.8071841976929583
2009-01-05,2.941245070972356
2009-01-06,3.023244564654846
2009-01-07,3.04928903361214
2009-01-08,2.9467521557848197
2009-01-09,3.0467516027884396
2009-01-12,3.0960833945909294
2009-01-13,2.9869319633770752
2009-01-14,3.0945965809441027
2009-01-15,3.109739592387626
2009-01-16,3.091362541398791
2009-01-19,3.0950521596623006
2009-01-20,3.2087902649693563
2009-01-21,3.1905686555749133
2009-01-22,3.2387356613701064
2009-01-23,3.2313754469601883
2009-02-02,3.344818760138738
2009-02-03,3.4629195137387905
2009-02-04,3.5266320339419606
2009-02-05,3.4523526571721708
2009-02-06,3.5901546811577107
2009-02-09,3.680443333654716
2009-02-10,3.805450553928733
2009-02-11,3.7441751014568756
2009-02-12,3.730231901076705
2009-02-13,3.9186643977066566
2009-02-16,4.081886901743119
2009-02-17,3.8962254870175212
2009-02-18,3.7735975833099302
2009-02-19,3.8613460889853006
2009-02-20,3.972695496407061
2009-02-23,4.1164279038224585
2009-02-24,3.940560562550587
2009-02-25,4.036564052702803
2009-02-26,3.7333651454393557
2009-02-27,3.446307585411465
2009-03-02,3.553539651602723
2009-03-03,3.5998524897098325
2009-03-04,3.815625848105643
2009-03-05,3.7899910835405386
2009-03-06,3.739969011772116
2009-03-09,3.5991500998679196
2009-03-10,3.7341901592033264
2009-03-11,3.712932472650227
2009-03-12,3.6650175039256303
2009-03-13,3.5953764026339456
2009-03-16,3.62230430418106
2009-03-17,3.724275122547793
2009-03-18,3.753782686910673
2009-03-19,3.8361269381705942
2009-03-20,3.8065061885064875
2009-03-23,3.929988176066761
2009-03-24,3.920428254635988
2009-03-25,3.8212255269581026
2009-03-26,3.940388869664005
2009-03-27,3.952717078174414
2009-03-30,3.9920467833273245
2009-03-31,3.9992151615605502
2009-04-01,4.07415295129462
2009-04-02,4.127524149920484
2009-04-03,4.2019287408580395
2009-04-07,4.236216113548907
2009-04-08,4.073553712904193
2009-04-09,4.135710740466426
2009-04-10,4.250173135276291
2009-04-13,4.2818072336001585
2009-04-14,4.3994422202183046
2009-04-15,4.438134640565069
2009-04-16,4.523052008558606
2009-04-17,4.44219531385765
2009-04-20,4.543313248206718
2009-04-21,4.530173984200149
2009-04-22,4.268770403092425
2009-04-23,4.38910268589327
2009-04-24,4.276301502932626
2009-04-27,3.976913107965968
2009-04-28,3.9952645964568188
2009-04-29,4.0466036206711475
2009-04-30,4.022158515733768
2009-05-04,4.192736032550872
2009-05-05,4.251031622216169
2009-05-06,4.29607913013646
2009-05-07,4.270255998536681
2009-05-08,4.273065395662494
2009-05-11,4.075106460133197
2009-05-12,4.146688016998516
2009-05-13,4.26119428979346
2009-05-14,4.24814570762166
2009-05-15,4.324674847016764
2009-05-18,4.374219027956236
2009-05-19,4.36776389275312
2009-05-20,4.267008223315382
2009-05-21,4.142274574257248
2009-05-22,4.184992085765911
2009-05-25,4.1704474453290254
2009-05-26,4.220917459430767
2009-05-27,4.249234259281348
2009-06-01,4.287863911912572
2009-06-02,4.3002754785580946
2009-06-03,4.336655193890612
2009-06-04,4.284592450044
2009-06-05,4.288938319760866
2009-06-08,4.402078543922831
2009-06-09,4.3890723901901865
2009-06-10,4.445178509268351
2009-06-11,4.423261738142964
2009-06-12,4.315704816993444
2009-06-15,4.4418271914959675
2009-06-16,4.420550367559042
2009-06-17,4.4774827303657645
2009-06-18,4.521623430921664
2009-06-19,4.655856317135157
2009-06-22,4.6082846069274686
2009-06-23,4.6118617496190115
2009-06-24,4.618265866676762
2009-06-25,4.649315900669772
2009-06-26,4.865798313606732
2009-06-29,4.820246327256537
2009-06-30,4.739637701694837
2009-07-01,4.703699077378409
2009-07-02,4.726719171171163
2009-07-03,4.71969316625405
2009-07-06,4.680869653113841
2009-07-07,4.731469855563257
2009-07-08,4.79103549835903
2009-07-09,4.885012677851434
2009-07-10,4.884262530092785
2009-07-13,4.989742512004749
2009-07-14,5.028004577002325
2009-07-15,5.0306177111240356
2009-07-16,4.972695947017167
2009-07-17,5.009293442024764
2009-07-20,5.083937879603691
2009-07-21,4.899070569699158
2009-07-22,4.927647848615371
2009-07-23,4.995292629939204
2009-07-24,4.985357276203969
2009-07-27,5.105999379293635
2009-07-28,5.190711487872652
2009-07-29,4.9117694763158495
2009-07-30,4.952566596106392
2009-07-31,5.068495131961584
2009-08-03,5.2508476918939975
2009-08-04,5.574152765706344
2009-08-05,5.456268499882168
2009-08-06,5.331845050976533
2009-08-07,5.1190206429224645
2009-08-10,5.169038934946472
2009-08-11,5.205985452455923
2009-08-12,4.931394473649987
2009-08-13,4.913206639744407
2009-08-14,4.670725273101063
2009-08-17,4.384713136683911
2009-08-18,4.440334625002627
2009-08-19,4.201501406598333
2009-08-20,4.338967046884611
2009-08-21,4.4550167192059495
2009-08-24,4.494759105345622
2009-08-25,4.347707356167161
2009-08-26,4.675847991152321
2009-08-27,4.879507221232314
2009-08-28,4.722899369637602
2009-08-31,4.597684728446377
2009-09-01,4.496782536002431
2009-09-02,4.4401442728115414
2009-09-03,4.651257242037574
2009-09-04,4.823989119048139
2009-09-07,5.0041089421603955
2009-09-08,5.005928895480253
2009-09-09,4.9668738910803985
2009-09-10,4.926975979490639
2009-09-11,5.0092147208226425
2009-09-14,5.2544320621736045
2009-09-15,5.234509622359578
2009-09-16,5.15992345007512
2009-09-17,5.247658904481569
2009-09-18,5.025655630208828
2009-09-21,5.090566697668862
2009-09-22,4.950198937435799
2009-09-23,4.718927804354453
2009-09-24,4.70075446247702
2009-09-25,4.700862148714258
2009-09-28,4.559083093359613
2009-09-29,4.44254925848814
2009-09-30,4.488037887847715
2009-10-09,4.7358075655633245
2009-10-12,4.761708541835416
2009-10-13,4.85672107055442
2009-10-14,4.896683839291699
2009-10-15,4.9326586148604505
2009-10-16,4.888874071857875
2009-10-19,4.978831886136797
2009-10-20,5.088510740073152
2009-10-21,5.030592002935835
2009-10-22,5.127690666631083
2009-10-23,5.171927620207735
2009-10-26,5.174933654990043
2009-10-27,4.999074257401991
2009-10-28,5.0077423778195325
2009-10-29,4.9296851081458275
2009-10-30,5.004754141778414
2009-11-02,5.253214772342972
2009-11-03,5.340033119498537
2009-11-04,5.342952595123739
2009-11-05,5.479648989310431
2009-11-06,5.56365652834304
2009-11-09,5.61697460365521
2009-11-10,5.625696161027656
2009-11-11,5.668390597011824
2009-11-12,5.701484893139868
2009-11-13,5.740487062303172
2009-11-16,5.89135479708873
2009-11-17,5.924738248135951
2009-11-18,6.0585872688505376
2009-11-19,6.192498073750592
2009-11-20,6.269602133344586
2009-11-23,6.356712291731967
2009-11-24,6.023791091389116
2009-11-25,6.317744170031048
2009-11-26,6.113655489646489
2009-11-27,5.853247722685683
2009-11-30,6.119222114194682
2009-12-01,6.313272381420712
2009-12-02,6.333208811972964
2009-12-03,6.488445707613473
2009-12-04,6.2648219927687965
2009-12-07,6.415520197107799
2009-12-08,6.328001846877534
2009-12-09,6.182430209926111
2009-12-10,6.279027009164013
2009-12-11,6.297625561766375
2009-12-14,6.26390865439056
2009-12-15,6.277762696855814
2009-12-16,6.2674393383177165
2009-12-17,6.005297529552645
2009-12-18,5.754525598939659
2009-12-21,5.876935405209852
2009-12-22,5.7006673390168
2009-12-23,5.893759071391753
2009-12-24,6.0531195940168665
2009-12-25,6.0122910181730775
2009-12-28,6.1381666072995955
2009-12-29,6.238772694655926
2009-12-30,6.214201570387805
2009-12-31,6.271552511900736
2010-01-04,6.322011824608885
2010-01-05,6.3946621891075255
2010-01-06,6.345374601398664
2010-01-07,6.301344074098583
2010-01-08,6.392291186883645
2010-01-11,6.385523546221895
2010-01-12,6.494739042483642
2010-01-13,6.310955431476369
2010-01-14,6.500596746067348
2010-01-15,6.5777371640406965
2010-01-18,6.849373388530938
2010-01-19,6.900587954340758
2010-01-20,6.771494928332815
2010-01-21,6.753213362800863
2010-01-22,6.581582329070296
2010-01-25,6.49234715413373
2010-01-26,6.411782514283094
2010-01-27,6.359356407358961
2010-01-28,6.6048536493776115
2010-01-29,6.750021151909728
2010-02-01,6.830125804727371
2010-02-02,6.664840901338462
2010-02-03,6.7715468914697245
2010-02-04,6.889525162701359
2010-02-05,6.783584565236833
2010-02-08,6.884855578208875
2010-02-09,6.874829219231095
2010-02-10,6.940905852385427
2010-02-11,6.901968081334779
2010-02-12,6.990488336154752
2010-02-22,7.0158142238799055
2010-02-23,7.050945891701809
2010-02-24,7.116253076174088
2010-02-25,7.17771800385609
2010-02-26,7.161113569342569
2010-03-01,7.3215442268899835
2010-03-02,7.301608592166816
2010-03-03,7.494420852833527
2010-03-04,7.141567280476198
2010-03-05,7.094598515209527
2010-03-08,7.1324231375629585
2010-03-09,7.048412627399759
2010-03-10,7.0018600665465165
2010-03-11,6.912150739224525
2010-03-12,6.87519809108445
2010-03-15,6.8739667408405545
2010-03-16,6.954274733197048
2010-03-17,7.092814996499541
2010-03-18,7.06511018434719
2010-03-19,7.0717869587706925
2010-03-22,7.093695350790815
2010-03-23,7.126643606108042
2010-03-24,7.161789665121949
2010-03-25,7.000602529893862
2010-03-26,7.001216611798675
2010-03-29,7.007620368662073
2010-03-30,7.071085728065556
2010-03-31,7.058455733194003
2010-04-01,7.143706194138095
2010-04-02,7.222008681156997
2010-04-06,7.276258069669518
2010-04-07,7.287670401858113
2010-04-08,7.202556066051185
2010-04-09,7.298140811857967
2010-04-12,7.422427836674422
2010-04-13,7.473187500981288
2010-04-14,7.656231902506498
2010-04-15,7.508985630363511
2010-04-16,7.465272534722019
2010-04-19,7.283189975459759
2010-04-20,7.421827663475847
2010-04-21,7.553736723596225
2010-04-22,7.547257597287654
2010-04-23,7.54049248646337
2010-04-26,7.460219156209146
2010-04-27,7.122091730566937
2010-04-28,6.940182011030303
2010-04-29,6.754259289151295
2010-04-30,6.52063822498249
2010-05-04,6.574152359474988
2010-05-05,6.859551910161314
2010-05-06,6.670676370526632
2010-05-07,6.650511376279223
2010-05-10,6.462922026782367
2010-05-11,6.088761216340863
2010-05-12,5.896141094998697
2010-05-13,5.9964915871384585
2010-05-14,6.018326392220501
2010-05-17,5.6833834261838545
2010-05-18,5.743789300880745
2010-05-19,5.790270051649037
2010-05-20,5.67186210000787
2010-05-21,5.764683878211974
2010-05-24,6.064740310865736
2010-05-25,6.001360605990467
2010-05-26,5.954117070518605
2010-05-27,6.088055620365566
2010-05-28,6.169915699725767
2010-05-31,6.044923723891497
2010-06-01,5.85841984779515
2010-06-02,5.967236377802021
2010-06-03,5.957365547981884
2010-06-04,6.002304095552255
2010-06-07,5.938201440275365
2010-06-08,5.993124797446127
2010-06-09,6.145533281977387
2010-06-10,6.209263184820016
2010-06-11,6.136458185321832
2010-06-17,6.089117414352872
2010-06-18,5.763633362580205
2010-06-21,5.9716774303752045
2010-06-22,6.116900045342244
2010-06-23,6.106277601192856
2010-06-24,6.071755241856293
2010-06-25,5.990417993732432
2010-06-28,5.88377867527313
2010-06-29,5.502468537451797
2010-06-30,5.295049589255477
2010-07-01,5.210931135367068
2010-07-02,5.113309804976595
2010-07-05,5.0546988758597635
2010-07-06,5.183537929217882
2010-07-07,5.304651751097749
2010-07-08,5.27636130497863
2010-07-09,5.4574098156952395
2010-07-12,5.514553757686683
2010-07-13,5.493575479608252
2010-07-14,5.497613432587252
2010-07-15,5.3259231349526495
2010-07-16,5.316599209160103
2010-07-19,5.506380436528113
2010-07-20,5.668987812815343
2010-07-21,5.64628496329499
2010-07-22,5.821579041585184
2010-07-23,5.824579254382363
2010-07-26,6.003169891406647
2010-07-27,5.942680160484239
2010-07-28,6.107584404901883
2010-07-29,6.091897179602779
2010-07-30,6.091945133492857
2010-08-02,6.218119687896236
2010-08-03,6.120431034532916
2010-08-04,6.198727589710315
2010-08-05,6.2243875882142525
2010-08-06,6.462229902852663
2010-08-09,6.568996372003108
2010-08-10,6.321520250338246
2010-08-11,6.420037626668086
2010-08-12,6.291240246791972
2010-08-13,6.381719172880481
2010-08-16,6.491686070534538
2010-08-17,6.494565607939866
2010-08-18,6.491426388919118
2010-08-19,6.520841989193414
2010-08-20,6.30744068541674
2010-08-23,6.318729631051049
2010-08-24,6.4292616644576706
2010-08-25,6.2356187649380646
2010-08-26,6.320709990773674
2010-08-27,6.407339707775558
2010-08-30,6.622856185575547
2010-08-31,6.660429655243201
2010-09-01,6.5118916489193275
2010-09-02,6.665360937182893
2010-09-03,6.802345761818452
2010-09-06,6.804722378607563
2010-09-07,6.994412072821939
2010-09-08,7.035354795632655
2010-09-09,6.849867285016396
2010-09-10,6.918417365800182
2010-09-13,7.081977449982544
2010-09-14,7.127582789419235
2010-09-15,7.163107320967532
2010-09-16,7.115689500294958
2010-09-17,7.084555826627115
2010-09-20,7.232126920084486
2010-09-21,7.189425916464298
2010-09-27,7.4236929100517886
2010-09-28,7.361829045912073
2010-09-29,7.27735458117857
2010-09-30,7.401127863517551
2010-10-08,7.5685129173672365
2010-10-11,7.862557487687441
2010-10-12,7.846026913728279
2010-10-13,8.009521593707708
2010-10-14,7.73350975708496
2010-10-15,7.549175603933574
2010-10-18,7.299598167315716
2010-10-19,7.500274450386111
2010-10-20,7.678901306648131
2010-10-21,7.682841581944813
2010-10-22,7.735223110360568
2010-10-25,7.945876722812485
2010-10-26,7.87482470996565
2010-10-27,7.898028817412119
2010-10-28,7.917510921301768
2010-10-29,7.837622300028
2010-11-01,7.955072893551735
2010-11-02,8.013384234118964
2010-11-03,8.14942818531828
2010-11-04,8.362139489941454
2010-11-05,8.481724610796938
2010-11-08,8.773182541890534
2010-11-09,8.80511038365976
2010-11-10,8.829489938281183
2010-11-11,8.605643449016538
2010-11-12,7.9607884194892655
2010-11-15,8.172223661795131
2010-11-16,7.907694610243627
2010-11-17,7.619573459997548
2010-11-18,7.741080730666329
2010-11-19,7.8774756704588365
2010-11-22,7.985070841874246
2010-11-23,7.906563150684656
2010-11-24,8.064793549881964
2010-11-25,8.076266361656389
2010-11-26,8.08928984154088
2010-11-29,8.046921130259014
2010-11-30,7.70788995130748
2010-12-01,7.770001412607927
2010-12-02,7.840005705352412
2010-12-03,7.755634671996518
2010-12-06,7.648736527579136
2010-12-07,7.746456948969696
2010-12-08,7.692157507840316
2010-12-09,7.463044185543319
2010-12-10,7.529839026318992
2010-12-13,7.774145699152309
2010-12-14,8.06138564022939
2010-12-15,8.239890967119168
2010-12-16,8.272415739418525
2010-12-17,8.261759094790307
2010-12-20,8.324231108790473
2010-12-21,8.299741579280731
2010-12-22,8.236476520806955
2010-12-23,8.04176844835497
2010-12-24,7.832829903210294
2010-12-27,7.520675970629773
2010-12-28,7.363063873033469
2010-12-29,7.521084655348202
2010-12-30,7.554295175153502
2010-12-31,7.698696532655674
2011-01-04,7.782711731448416
2011-01-05,7.7624649600921165
2011-01-06,7.6354422765138965
2011-01-07,7.628324024087489
2011-01-10,7.528786344657798
2011-01-11,7.438681713308374
2011-01-12,7.500059522797599
2011-01-13,7.523365933545512
2011-01-14,7.376623117650415
2011-01-17,7.035518806380087
2011-01-18,7.006072661727769
2011-01-19,7.1185080247684285
2011-01-20,6.891744379408256
2011-01-21,6.8738090914506484
2011-01-24,6.693041606759698
2011-01-25,6.587437581690587
2011-01-26,6.7379337576784035
2011-01-27,6.885554190901294
2011-01-28,7.060191171985055
2011-01-31,7.113098927457283
2011-02-01,7.096989433859589
2011-02-09,7.239143538103441
2011-02-10,7.467898720283809
2011-02-11,7.494587513910404
2011-02-14,7.589274364749928
2011-02-15,7.602558367461979
2011-02-16,7.681293143695576
2011-02-17,7.671356899921519
2011-02-18,7.543461255751152
2011-02-21,7.68129006593003
2011-02-22,7.612026429166403
2011-02-23,7.582539612660173
2011-02-24,7.638308803326579
2011-02-25,7.669342478197577
2011-02-28,7.76275527629886
2011-03-01,7.862211970059943
2011-03-02,7.9125096539416875
2011-03-03,7.779481726602992
2011-03-04,7.845917046581685
2011-03-07,7.933612627495265
2011-03-08,8.012253911071085
2011-03-09,8.097172365467312
2011-03-10,8.012236507308028
2011-03-11,7.981401095298301
2011-03-14,8.006350671289027
2011-03-15,7.919327629084178
2011-03-16,7.9441504461140005
2011-03-17,7.7983612171569145
2011-03-18,7.833949549545826
2011-03-21,7.783789648272258
2011-03-22,7.844332627723554
2011-03-23,7.897342846368446
2011-03-24,7.926479167163619
2011-03-25,7.890823534188855
2011-03-28,7.809809693985178
2011-03-29,7.684205818774679
2011-03-30,7.600211798960612
2011-03-31,7.471283361084064
2011-04-01,7.56982870686746
2011-04-06,7.60424894838349
2011-04-07,7.684416421253076
2011-04-08,7.716154992147999
2011-04-11,7.646195564726454
2011-04-12,7.655859586896216
2011-04-13,7.7371194693396
2011-04-14,7.820712557184379
2011-04-15,7.832991140160985
2011-04-18,7.845960370115938
2011-04-19,7.785551655852421
2011-04-20,7.765727576670713
2011-04-21,7.840696626613033
2011-04-22,7.7933416369527695
2011-04-25,7.549275509079408
2011-04-26,7.4404846365356265
2011-04-27,7.343030515821531
2011-04-28,7.15695082911549
2011-04-29,7.248004842175731
2011-05-03,7.368814640479691
2011-05-04,7.289792604959088
2011-05-05,7.297236706018998
2011-05-06,7.285701720311778
2011-05-09,7.394255389529945
2011-05-10,7.480472378548949
2011-05-11,7.536218701965472
2011-05-12,7.4923181215840735
2011-05-13,7.468283921289895
2011-05-16,7.555174864019853
2011-05-17,7.66852561474991
2011-05-18,7.682099020434027
2011-05-19,7.590642499360937
2011-05-20,7.601188142393123
2011-05-23,7.354640296624155
2011-05-24,7.323626849105687
2011-05-25,7.275312752421932
2011-05-26,7.399061348622229
2011-05-27,7.201145137225621
2011-05-30,7.045882870676229
2011-05-31,7.2403769503964694
2011-06-01,7.52654082144649
2011-06-02,7.521150318530303
2011-06-03,7.604261460780702
2011-06-07,7.669086528043656
2011-06-08,7.720110586412602
2011-06-09,7.502786548935078
2011-06-10,7.553359559535244
2011-06-13,7.376803358393156
2011-06-14,7.488089873613913
2011-06-15,7.477239340055354
2011-06-16,7.470974718581372
2011-06-17,7.407968367617124
2011-06-20,7.139707179847889
2011-06-21,7.210590729234033
2011-06-22,7.258578605488947
2011-06-23,7.3128915084953485
2011-06-24,7.4927586153598975
2011-06-27,7.818873608783511
2011-06-28,7.81073958542799
2011-06-29,7.743836573927546
2011-06-30,7.847957609025116
2011-07-01,7.803913401986803
2011-07-04,7.940069690721372
2011-07-05,8.056007252184564
2011-07-06,7.995763748756567
2011-07-07,8.028536039844095
2011-07-08,8.149498923450972
2011-07-11,8.326314990689436
2011-07-12,8.37285036490751
2011-07-13,8.459336787082147
2011-07-14,8.467361034493978
2011-07-15,8.371609351612213
2011-07-18,8.351318122436266
2011-07-19,8.146398614176316
2011-07-20,8.201804370386684
2011-07-21,8.195255526291128
2011-07-22,8.155299748098917
2011-07-25,7.768118311673238
2011-07-26,7.775351720938143
2011-07-27,7.856347310315322
2011-07-28,7.760074919264397
2011-07-29,7.680824475143808
2011-08-01,7.746586248865138
2011-08-02,7.7302179357550385
2011-08-03,7.806324729393179
2011-08-04,7.7909607822152385
2011-08-05,7.581298756045357
2011-08-08,7.142158260966173
2011-08-09,7.085609278097975
2011-08-10,7.230597065060983
2011-08-11,7.341156062962649
2011-08-12,7.531350401099414
2011-08-15,7.607074822107663
2011-08-16,7.527139421423356
2011-08-17,7.536223292275988
2011-08-18,7.402445528896599
2011-08-19,7.323050741208053
2011-08-22,7.281749583294818
2011-08-23,7.379106272776155
2011-08-24,7.367563908799456
2011-08-25,7.656167929223449
2011-08-26,7.634700670088789
2011-08-29,7.776321054327295
2011-08-30,7.698342387720559
2011-08-31,7.682020525244125
2011-09-01,7.58594119959836
2011-09-02,7.58323478869072
2011-09-05,7.4268590475656655
2011-09-06,7.402843581721099
2011-09-07,7.623359807222779
2011-09-08,7.667322663965754
2011-09-09,7.642304607525289
2011-09-13,7.480922731913782
2011-09-14,7.480047902524895
2011-09-15,7.5068667442964445
2011-09-16,7.486100915406924
2011-09-19,7.334699832611589
2011-09-20,7.421234070339579
2011-09-21,7.608439082958323
2011-09-22,7.409894358883758
2011-09-23,7.361793337225181
2011-09-26,7.2177597067961115
2011-09-27,7.190173224498301
2011-09-28,7.07270833887259
2011-09-29,6.835772323410525
2011-09-30,6.744781808977787
2011-10-10,6.706234283419693
2011-10-11,6.650191738202605
2011-10-12,6.870099957525506
2011-10-13,7.027368864819004
2011-10-14,7.05310533568917
2011-10-17,7.079514422976186
2011-10-18,6.912664995996093
2011-10-19,6.894987489219472
2011-10-20,6.7167595842642
2011-10-21,6.61285755717194
2011-10-24,6.731099953158428
2011-10-25,6.888588271834192
2011-10-26,6.9029376083035405
2011-10-27,6.920714833041284
2011-10-28,7.042510576842529
2011-10-31,7.180970287830478
2011-11-01,7.179040794161274
2011-11-02,7.232649213854394
2011-11-03,7.297088930707062
2011-11-04,7.437176420683204
2011-11-07,7.444051097046411
2011-11-08,7.356279567647851
2011-11-09,7.428162308898624
2011-11-10,7.344013405250008
2011-11-11,7.370341019183111
2011-11-14,7.506337765286147
2011-11-15,7.544039735184357
2011-11-16,7.371078647484023
2011-11-17,7.456007128957478
2011-11-18,7.254299907304681
2011-11-21,7.217750238027458
2011-11-22,7.187447576966889
2011-11-23,7.196811743482071
2011-11-24,7.213105102351103
2011-11-25,7.174534538244131
2011-11-28,7.341824000096889
2011-11-29,7.531711853435655
2011-11-30,7.244122349959116
2011-12-01,7.413989488993531
2011-12-02,7.272310292930365
2011-12-05,7.054069640849849
2011-12-06,6.914865106576027
2011-12-07,6.917020851107633
2011-12-08,6.966140003642028
2011-12-09,6.878254491957469
2011-12-12,6.777965248605295
2011-12-13,6.506581351173316
2011-12-14,6.443592934770921
2011-12-15,6.2963221020305795
2011-12-16,6.4717705308543145
2011-12-19,6.478997265172333
2011-12-20,6.460105905377041
2011-12-21,6.36171238001897
2011-12-22,6.306617464907029
2011-12-23,6.304176018835837
2011-12-26,6.382563973959778
2011-12-27,6.17032493437468
2011-12-28,6.003595059859866
2011-12-29,6.023847788112317
2011-12-30,6.183979623683307
2012-01-04,6.049488309997536
2012-01-05,5.735553593652475
2012-01-06,5.621191323682477
2012-01-09,5.828875824902917
2012-01-10,6.087888276606063
2012-01-11,6.081258257466917
2012-01-12,6.038842272900824
2012-01-13,5.84437094499082
2012-01-16,5.665474375604399
2012-01-17,5.929439029230516
2012-01-18,5.804805223197264
2012-01-19,5.874030205551241
2012-01-20,6.018444841041423
2012-01-30,5.998067814578032
2012-01-31,6.025387684039633
2012-02-01,6.064447758341545
2012-02-02,6.164792227257487
2012-02-03,6.188090892950518
2012-02-06,6.213221265558272
2012-02-07,6.075995342118971
2012-02-08,6.181666154877688
2012-02-09,6.2640660285207606
2012-02-10,6.285350186427203
2012-02-13,6.354314366675396
2012-02-14,6.397974927933728
2012-02-15,6.472340138463787
2012-02-16,6.437228083895562
2012-02-17,6.3790294573958315
2012-02-20,6.411641605530173
2012-02-21,6.438324777865407
2012-02-22,6.540162292229819
2012-02-23,6.539628720541133
2012-02-24,6.615737577382137
2012-02-27,6.644909270171205
2012-02-28,6.678841394140451
2012-02-29,6.630894999827465
2012-03-01,6.691605239392158
2012-03-02,6.795461098198502
2012-03-05,6.773509131026278
2012-03-06,6.684336411504839
2012-03-07,6.661652259955826
2012-03-08,6.727607904767281
2012-03-09,6.84212009450754
2012-03-12,6.862696511536535
2012-03-13,6.905062596459635
2012-03-14,6.60725033910475
2012-03-15,6.601122044945869
2012-03-16,6.731294611165072
2012-03-19,6.843483820636914
2012-03-20,6.633265962932156
2012-03-21,6.637194921627172
2012-03-22,6.640285391239457
2012-03-23,6.586707221229475
2012-03-26,6.554717569809635
2012-03-27,6.567330046896458
2012-03-28,6.201886520705079
2012-03-29,6.072184593430729
2012-03-30,6.05383999987107
2012-04-05,6.227449106949456
2012-04-06,6.2716875793344675
2012-04-09,6.203356051965926
2012-04-10,6.256816170552262
2012-04-11,6.280986393278559
2012-04-12,6.410090191153394
2012-04-13,6.482459789878305
2012-04-16,6.50563764259329
2012-04-17,6.393712208113039
2012-04-18,6.5187190498398975
2012-04-19,6.522076249553434
2012-04-20,6.638035147038598
2012-04-23,6.563760706484915
2012-04-24,6.58959744057323
2012-04-25,6.700704586497468
2012-04-26,6.700291128918637
2012-04-27,6.622949053496809
2012-05-02,6.690281741098194
2012-05-03,6.769877228558947
2012-05-04,6.8932502571814345
2012-05-07,6.9428039538732955
2012-05-08,6.939324050825303
2012-05-09,6.819707806313269
2012-05-10,6.836192390492175
2012-05-11,6.844053712733721
2012-05-14,6.852112201818817
2012-05-15,6.8499716599162195
2012-05-16,6.7015731524907824
2012-05-17,6.738754374732965
2012-05-18,6.601627590194038
2012-05-21,6.591885785385693
2012-05-22,6.666524626246316
2012-05-23,6.69880673405333
2012-05-24,6.626393333792272
2012-05-25,6.521018275034164
2012-05-28,6.5500738439671276
2012-05-29,6.697959820487099
2012-05-30,6.697171926828648
2012-05-31,6.77124108235285
2012-06-01,6.699789322491047
2012-06-04,6.497404523199955
2012-06-05,6.471238626049059
2012-06-06,6.423070977686608
2012-06-07,6.460134398904373
2012-06-08,6.403973221850055
2012-06-11,6.498412988853239
2012-06-12,6.472203884159129
2012-06-13,6.609192872144722
2012-06-14,6.7289410979795585
2012-06-15,6.673965440427902
2012-06-18,6.7301904684147225
2012-06-19,6.6838763852270375
2012-06-20,6.681151555207095
2012-06-21,6.574800224179135
2012-06-25,6.5744376155190425
2012-06-26,6.626584489002454
2012-06-27,6.595286406661244
2012-06-28,6.507592567166538
2012-06-29,6.604831048761947
2012-07-02,6.757593569247555
2012-07-03,6.780180386758531
2012-07-04,6.755826369479904
2012-07-05,6.655007200017501
2012-07-06,6.825990734793376
2012-07-09,6.80482576485446
2012-07-10,6.784475341903622
2012-07-11,6.792240401219928
2012-07-12,6.976757309720398
2012-07-13,7.0494460595521025
2012-07-16,7.0970006881537895
2012-07-17,7.065288820658618
2012-07-18,7.193066335799386
2012-07-19,7.285893402736909
2012-07-20,7.122552319450225
2012-07-23,7.153845052184642
2012-07-24,7.090839933399682
2012-07-25,7.025550372352619
2012-07-26,6.8256373922477875
2012-07-27,6.809902678014306
2012-07-30,6.714595728127022
2012-07-31,6.593532703455918
2012-08-01,6.711641203367456
2012-08-02,6.749646469545026
2012-08-03,6.866123376693082
2012-08-06,7.027579409107795
2012-08-07,7.186064493046195
2012-08-08,7.079329828269897
2012-08-09,7.269045139052932
2012-08-10,7.192248695496092
2012-08-13,7.0874747170607515
2012-08-14,7.010927124313099
2012-08-15,6.887125925424223
2012-08-16,6.798782782386646
2012-08-17,6.774073677481379
2012-08-20,6.913764853378861
2012-08-21,6.976004328499718
2012-08-22,6.97432908396415
2012-08-23,7.021154220353739
2012-08-24,6.833599700848829
2012-08-27,6.6453743627464394
2012-08-28,6.665321619652465
2012-08-29,6.6153921386625205
2012-08-30,6.4751439633373336
2012-08-31,6.51649813766752
2012-09-03,6.686533392303346
2012-09-04,6.702613711963468
2012-09-05,6.73677683161776
2012-09-06,6.796680024076082
2012-09-07,6.996228046448455
2012-09-10,7.03001681668639
2012-09-11,7.056322237913435
2012-09-12,7.085323987511925
2012-09-13,6.958330690204073
2012-09-14,6.965490642497553
2012-09-17,6.766539070836459
2012-09-18,6.752796124953395
2012-09-19,6.811141848960933
2012-09-20,6.642910723522334
2012-09-21,6.581982119791346
2012-09-24,6.615643574890507
2012-09-25,6.6753361867200205
2012-09-26,6.480890289161665
2012-09-27,6.585359512275149
2012-09-28,6.67519803226004
2012-10-08,6.709800265750581
2012-10-09,6.906007343155481
2012-10-10,7.020768293963952
2012-10-11,6.856271149859394
2012-10-12,6.838257366707931
2012-10-15,6.738847601775451
2012-10-16,6.73464645788271
2012-10-17,6.760267495396678
2012-10-18,6.84863039411226
2012-10-19,6.873497878202503
2012-10-22,6.896196176966818
2012-10-23,6.872886672287164
2012-10-24,6.793678442324462
2012-10-25,6.69752543217493
2012-10-26,6.54190175413015
2012-10-29,6.558826901278677
2012-10-30,6.547545050844843
2012-10-31,6.5276524499283
2012-11-01,6.6473321145921265
2012-11-02,6.645558938241696
2012-11-05,6.596789426168207
2012-11-06,6.552879392238658
2012-11-07,6.529238294075408
2012-11-08,6.346582011203206
2012-11-09,6.28942483954219
2012-11-12,6.320711707906376
2012-11-13,6.182716946286229
2012-11-14,6.14415271178623
2012-11-15,6.023355806601422
2012-11-16,5.984214773284551
2012-11-19,6.001929065600468
2012-11-20,6.069738327673543
2012-11-21,6.128729851595512
2012-11-22,6.131946433449013
2012-11-23,6.183199985677145
2012-11-26,6.016126106652468
2012-11-27,5.762896025625026
2012-11-28,5.649437128855407
2012-11-29,5.652528469480324
2012-11-30,5.70303396824665
2012-12-03,5.5401319372099085
2012-12-04,5.517292844158406
2012-12-05,5.726449649157966
2012-12-06,5.7442592754384245
2012-12-07,5.989389997098322
2012-12-10,6.2059769641661395
2012-12-11,6.18015163230713
2012-12-12,6.161495489260923
2012-12-13,6.079664337826905
2012-12-14,6.43230068032799
2012-12-17,6.46867920070668
2012-12-18,6.452118381235485
2012-12-19,6.357756832546243
2012-12-20,6.339036643969095
2012-12-21,6.311959128679624
2012-12-24,6.365513366003957
2012-12-25,6.540662117807134
2012-12-26,6.665805087180292
2012-12-27,6.527970908743527
2012-12-28,6.583053388750604
2012-12-31,6.650351722263868
2013-01-04,6.571139520703416
2013-01-07,6.69274332868891
2013-01-08,6.787256433533414
2013-01-09,6.931695595420776
2013-01-10,6.928210545379091
2013-01-11,6.761169067560753
2013-01-14,6.972710065902333
2013-01-15,7.20304308070091
2013-01-16,7.129306876803359
2013-01-17,7.056629115157169
2013-01-18,7.23825768394957
2013-01-21,7.249167438985565
2013-01-22,7.236081753564763
2013-01-23,7.120736758027989
2013-01-24,6.912204032753822
2013-01-25,6.828510911029077
2013-01-28,6.994032455358566
2013-01-29,7.047109247911296
2013-01-30,7.020545997357393
2013-01-31,6.969110497044544
2013-02-01,7.129048262765558
2013-02-04,6.963846849042091
2013-02-05,7.009357583907518
2013-02-06,7.013719405279455
2013-02-07,7.001931654596872
2013-02-08,7.066296303309784
2013-02-18,7.144062954745402
2013-02-19,7.004000485073565
2013-02-20,7.126768014223774
2013-02-21,7.063011848202746
2013-02-22,7.067619357328875
2013-02-25,7.257149666727006
2013-02-26,7.111001035091756
2013-02-27,7.089244050454063
2013-02-28,7.212818936065639
2013-03-01,7.280241309680174
2013-03-04,7.206458127546425
2013-03-05,7.323680973159875
2013-03-06,7.405006065822315
2013-03-07,7.350216684309301
2013-03-08,7.2832822039498195
2013-03-11,7.287967362806798
2013-03-12,7.056107895813655
2013-03-13,6.855001799018321
2013-03-14,6.787411150015897
2013-03-15,6.805645641196595
2013-03-18,6.663035163148045
2013-03-19,6.638482295685536
2013-03-20,6.819112881365575
2013-03-21,6.8600495891913615
2013-03-22,6.853709011370992
2013-03-25,6.878438705951204
2013-03-26,6.7905638400066675
2013-03-27,6.799771594564988
2013-03-28,6.58924324414035
2013-03-29,6.596650821328645
2013-04-01,6.632303177183649
2013-04-02,6.701815984184338
2013-04-03,6.572594645300669
2013-04-08,6.312887828581409
2013-04-09,6.442700251879672
2013-04-10,6.38823434952162
2013-04-11,6.3791063145769415
2013-04-12,6.320509742951792
2013-04-15,6.21664894162567
2013-04-16,6.268678740143555
2013-04-17,6.319359638690155
2013-04-18,6.337812926488113
2013-04-19,6.472535431738376
2013-04-22,6.503935708937009
2013-04-23,6.301184562130261
2013-04-24,6.402627926546267
2013-04-25,6.3611307391703225
2013-04-26,6.278123463347127
2013-05-02,6.331291583524816
2013-05-03,6.469311434020104
2013-05-06,6.569435157787053
2013-05-07,6.555654964626968
2013-05-08,6.583544992461728
2013-05-09,6.633965445319192
2013-05-10,6.699806518089922
2013-05-13,6.878237828113008
2013-05-14,6.846039485507818
2013-05-15,6.926798175298369
2013-05-16,6.955057717582086
2013-05-17,7.027136340058828
2013-05-20,7.139755564656385
2013-05-21,7.139358553322041
2013-05-22,7.123998958587133
2013-05-23,7.045581377933393
2013-05-24,7.17126477803574
2013-05-27,7.334853273319758
2013-05-28,7.4287589952614
2013-05-29,7.431841586642341
2013-05-30,7.403068746392175
2013-05-31,7.332014405750759
2013-06-03,7.271940585747065
2013-06-04,7.045996006286439
2013-06-05,7.087383912699396
2013-06-06,7.058236499580948
2013-06-07,6.988603757338679
2013-06-13,6.744564900666008
2013-06-14,6.853639781911626
2013-06-17,6.8615801006840975
2013-06-18,6.857470755377132
2013-06-19,6.803643978341913
2013-06-20,6.590829893884789
2013-06-21,6.534873277519385
2013-06-24,6.072326232640777
2013-06-25,6.016091398711666
2013-06-26,6.117446467805427
2013-06-27,6.0038372191370275
2013-06-28,5.978217808504496
2013-07-01,6.062267235515702
2013-07-02,6.187780648250942
2013-07-03,6.179218167967149
2013-07-04,6.1923305125292805
2013-07-05,6.19834022413477
2013-07-08,6.020375668678527
2013-07-09,6.029534424737222
2013-07-10,6.1133242312950555
2013-07-11,6.275576309064845
2013-07-12,6.1991259503558735
2013-07-15,6.2255930181803025
2013-07-16,6.279139678161194
2013-07-17,6.197155396301421
2013-07-18,6.135844225895658
2013-07-19,5.9614538164271895
2013-07-22,6.056198412872625
2013-07-23,6.20308094858763
2013-07-24,6.177059908166198
2013-07-25,6.141334954203709
2013-07-26,6.152424034021517
2013-07-29,6.0489098655185005
2013-07-30,6.026319495834185
2013-07-31,6.034132305025295
2013-08-01,6.1696553020349025
2013-08-02,6.240180163002225
2013-08-05,6.533325938566198
2013-08-06,6.566134497932216
2013-08-07,6.536773353538341
2013-08-08,6.618126072520024
2013-08-09,6.6151346680178795
2013-08-12,6.688326975927585
2013-08-13,6.756370536019906
2013-08-14,6.740673786250666
2013-08-15,6.604538686138652
2013-08-16,6.497729559013846
2013-08-19,6.6151435861072985
2013-08-20,6.600550690870298
2013-08-21,6.626605168109562
2013-08-22,6.663448653984075
2013-08-23,6.681327319142187
2013-08-26,6.753769133613961
2013-08-27,6.78039817904793
2013-08-28,6.7044499241559485
2013-08-29,6.677449472547072
2013-08-30,6.591651832584186
2013-09-02,6.927472954813666
2013-09-03,7.137701267664215
2013-09-04,7.12427764065479
2013-09-05,7.005480039401798
2013-09-06,7.017542968658463
2013-09-09,7.1410221443865325
2013-09-10,7.162899333029342
2013-09-11,7.183132477629212
2013-09-12,7.237030878569991
2013-09-13,7.210770927783201
2013-09-16,7.202448657091399
2013-09-17,7.099483287240602
2013-09-18,7.131957827411552
2013-09-23,7.354948383232943
2013-09-24,7.345004658441808
2013-09-25,7.360547147702493
2013-09-26,7.257956700676665
2013-09-27,7.151855293300926
2013-09-30,7.307164803659992
2013-10-08,7.491699305812203
2013-10-09,7.640171870031333
2013-10-10,7.579606335423775
2013-10-11,7.6894599361603815
2013-10-14,7.988414317568416
2013-10-15,7.978214855148898
2013-10-16,7.65711399117193
2013-10-17,7.770876388694207
2013-10-18,7.8176803255930025
2013-10-21,7.999360922104162
2013-10-22,7.9857497128669355
2013-10-23,7.63595665078249
2013-10-24,7.601461407613453
2013-10-25,7.446649269773387
2013-10-28,7.552631953681405
2013-10-29,7.361579623397998
2013-10-30,7.501679621141388
2013-10-31,7.4237371003371315
2013-11-01,7.4045827172783
2013-11-04,7.494107667156616
2013-11-05,7.672987286286239
2013-11-06,7.689066629749116
2013-11-07,7.716886270905712
2013-11-08,7.643252621048345
2013-11-11,7.568953912946998
2013-11-12,7.535319639547814
2013-11-13,7.436373541221529
2013-11-14,7.477187434605335
2013-11-15,7.630362632432504
2013-11-18,7.838164154232129
2013-11-19,7.839309636405742
2013-11-20,7.85805853019241
2013-11-21,7.899750794181521
2013-11-22,8.029544902455104
2013-11-25,7.966948457027025
2013-11-26,8.016134596498455
2013-11-27,8.092611849486353
2013-11-28,8.16310724760098
2013-11-29,8.188192310326038
2013-12-02,7.854462813958626
2013-12-03,8.226152071824332
2013-12-04,8.574509527092422
2013-12-05,8.634750937513079
2013-12-06,8.674251342763002
2013-12-09,8.875807011358173
2013-12-10,8.808882495862933
2013-12-11,8.738551779857962
2013-12-12,8.704350867689454
2013-12-13,8.705737233041885
2013-12-16,8.619771720426968
2013-12-17,8.478898068224987
2013-12-18,8.482432098019398
2013-12-19,8.365524485142666
2013-12-20,8.241615949602764
2013-12-23,8.313452907323493
2013-12-24,8.42930798441426
2013-12-25,8.536170384244256
2013-12-26,8.344582503396637
2013-12-27,8.578538358282492
2013-12-30,8.715691016786506
2013-12-31,8.680285666351233
2014-01-02,8.784137208077887
2014-01-03,8.687509534086653
2014-01-06,8.321498899517792
2014-01-07,8.323670285195904
2014-01-08,8.37932014834794
2014-01-09,8.302971356383479
2014-01-10,8.213038862412885
2014-01-13,8.274197923568195
2014-01-14,8.418043665648675
2014-01-15,8.525659816427641
2014-01-16,8.509202533593715
2014-01-17,8.311554915003589
2014-01-20,8.164760753631144
2014-01-21,8.225391429635685
2014-01-22,8.450033288326887
2014-01-23,8.415578664771763
2014-01-24,8.452623586978987
2014-01-27,8.319694076803096
2014-01-28,8.254608174740698
2014-01-29,8.337673885242866
2014-01-30,8.178718628964223
2014-02-07,8.239705705864736
2014-02-10,8.519388356998661
2014-02-11,8.605237019718972
2014-02-12,8.825307380466596
2014-02-13,8.729557012356501
2014-02-14,8.897087447800725
2014-02-17,8.93484635362909
2014-02-18,8.90579411401093
2014-02-19,8.803834138241394
2014-02-20,8.763818219734805
2014-02-21,8.604462866179194
2014-02-24,8.406381746432974
2014-02-25,7.961881586469962
2014-02-26,8.02123613742258
2014-02-27,7.8902960060851735
2014-02-28,8.051883778006095
2014-03-03,8.23998593196808
2014-03-04,8.19338935105779
2014-03-05,8.188334290460366
2014-03-06,8.153737099479848
2014-03-07,8.055377199048579
2014-03-10,7.8517162369452596
2014-03-11,7.84107248695322
2014-03-12,7.847725747418146
2014-03-13,7.9293838736561115
2014-03-14,7.836838356193002
2014-03-17,7.9296665267546524
2014-03-18,8.050594964299787
2014-03-19,8.01429007957897
2014-03-20,7.8511744876177545
2014-03-21,7.96379307386088
2014-03-24,7.9991409802345785
2014-03-25,8.002441725909929
2014-03-26,8.020299404214294
2014-03-27,7.844226399609458
2014-03-28,7.695086885945871
2014-03-31,7.537901275639301
2014-04-01,7.693162556471118
2014-04-02,7.699933699725123
2014-04-03,7.7035735943080175
2014-04-04,7.773238097846617
2014-04-08,7.804330446947968
2014-04-09,7.8868191337391975
2014-04-10,7.8596303631163815
2014-04-11,7.848079465956414
2014-04-14,8.07092066411172
2014-04-15,8.06089028111839
2014-04-16,8.134404689649037
2014-04-17,8.125901797317939
2014-04-18,8.076454181787708
2014-04-21,7.972722408681217
2014-04-22,7.89311433700241
2014-04-23,7.869898575151087
2014-04-24,7.788480746524579
2014-04-25,7.606335503503986
2014-04-28,7.3075825110310655
2014-04-29,7.445137631470395
2014-04-30,7.479165215478023
2014-05-05,7.704945675083143
2014-05-06,7.8431082226733055
2014-05-07,7.838441089727992
2014-05-08,7.788739248766922
2014-05-09,7.738012042153561
2014-05-12,7.9127521941440975
2014-05-13,7.83927788264865
2014-05-14,7.937642232404443
2014-05-15,7.859200886860321
2014-05-16,7.878235403872248
2014-05-19,7.826807350023072
2014-05-20,7.848543404981366
2014-05-21,7.856560549989637
2014-05-22,7.7979463165632925
2014-05-23,7.887645913403018
2014-05-26,7.961062150706402
2014-05-27,7.981154391947029
2014-05-28,7.994950018078011
2014-05-29,7.824660903961082
2014-05-30,7.840793936455292
2014-06-03,7.808809726711319
2014-06-04,7.706152259063458
2014-06-05,7.7542906426165095
2014-06-06,7.773096197062285
2014-06-09,7.771931846510805
2014-06-10,7.877295451755787
2014-06-11,7.8581761352341495
2014-06-12,7.827212345960507
2014-06-13,7.866751049270635
2014-06-16,7.956135378859348
2014-06-17,7.860588584846699
2014-06-18,7.781430652107608
2014-06-19,7.58115043804096
2014-06-20,7.716675612746074
2014-06-23,7.775604538160991
2014-06-24,7.827778763618384
2014-06-25,7.873725349855067
2014-06-26,7.943789258270085
2014-06-27,8.045042941100581
2014-06-30,8.126396549336397
2014-07-01,8.226194898076638
2014-07-02,8.330091924649885
2014-07-03,8.383532433581752
2014-07-04,8.410442921321655
2014-07-07,8.33041222738057
2014-07-08,8.479416014675621
2014-07-09,8.364153995863306
2014-07-10,8.34532946313331
2014-07-11,8.38405396378505
2014-07-14,8.590467506675655
2014-07-15,8.713623810737468
2014-07-16,8.661977002354066
2014-07-17,8.597614329381523
2014-07-18,8.616372538568298
2014-07-21,8.632034993877788
2014-07-22,8.980325421240309
2014-07-23,8.990568238532635
2014-07-24,8.940616171341848
2014-07-25,9.02862109274093
2014-07-28,9.201462315160487
2014-07-29,9.182005598547814
2014-07-30,9.12581941955136
2014-07-31,9.333764452572359
2014-08-01,9.447984343891664
2014-08-04,9.556720393247526
2014-08-05,9.665936559376659
2014-08-06,9.629653917421207
2014-08-07,9.424685063167255
2014-08-08,9.464011251392934
2014-08-11,10.06822311247984
2014-08-12,10.153818344367155
2014-08-13,10.11437412853949
2014-08-14,9.950322297608658
2014-08-15,10.0083420025753
2014-08-18,10.002669560092615
2014-08-19,10.019069602166724
2014-08-20,9.925541765858936
2014-08-21,9.84991961374451
2014-08-22,9.946652581448364
2014-08-25,9.941174737822726
2014-08-26,9.852800359802421
2014-08-27,9.99131097319355
2014-08-28,9.906816259759799
2014-08-29,9.97673413032991
2014-09-01,10.096143295573908
2014-09-02,10.229510015451478
2014-09-03,10.286218951228479
2014-09-04,10.322893458116283
2014-09-05,10.338973315169552
2014-09-09,10.387302222190073
2014-09-10,10.451591870129942
2014-09-11,10.36126306458469
2014-09-12,10.481061959458739
2014-09-15,10.710485938514557
2014-09-16,10.391669545697198
2014-09-17,10.601216506249592
2014-09-18,10.720794385938207
2014-09-19,10.805571973063802
2014-09-22,10.578430463727402
2014-09-23,10.636082288680106
2014-09-24,10.719403895076038
2014-09-25,10.78426639973693
2014-09-26,10.919797431096686
2014-09-29,11.04865239236888
2014-09-30,11.083126471737431
2014-10-08,11.12036565620902
2014-10-09,11.144318741423595
2014-10-10,10.974838247506145
2014-10-13,10.834492845849969
2014-10-14,10.739968637921649
2014-10-15,10.825143945087271
2014-10-16,10.650509149461202
2014-10-17,10.565851122806754
2014-10-20,10.646060657355033
2014-10-21,10.559339261523665
2014-10-22,10.385698915663339
2014-10-23,10.215590434106188
2014-10-24,10.218408984412084
2014-10-27,10.238393490862702
2014-10-28,10.569520077015426
2014-10-29,10.578477164571321
2014-10-30,10.590020000572109
2014-10-31,10.515578964216509
2014-11-03,10.535208213333588
2014-11-04,10.45253907322798
2014-11-05,10.456266325648219
2014-11-06,10.569091694753068
2014-11-07,10.507134007026746
2014-11-10,10.514139610565461
2014-11-11,10.303715524251093
2014-11-12,10.712811619983869
2014-11-13,10.974109153301045
2014-11-14,10.939923375939186
2014-11-17,11.019927567093978
2014-11-18,11.315603356291197
2014-11-19,11.44064551263521
2014-11-20,11.368598715139548
2014-11-21,11.404430955595792
2014-11-24,11.474498986536265
2014-11-25,11.420560650421315
2014-11-26,11.356711137264824
2014-11-27,11.508649758475368
2014-11-28,11.487222002785149
2014-12-01,11.358771948321946
2014-12-02,11.459067835908696
2014-12-03,11.608391631205073
2014-12-04,11.778684024501326
2014-12-05,11.40452038755256
2014-12-08,11.253771511631026
2014-12-09,10.641082897200015
2014-12-10,10.9664503543723
2014-12-11,11.07921271714219
2014-12-12,11.168635024551408
2014-12-15,11.19713043865338
2014-12-16,11.21153328442512
2014-12-17,11.170370609661573
2014-12-18,11.23048577263113
2014-12-19,11.032963290914568
2014-12-22,10.957290349924763
2014-12-23,10.664266903628693
2014-12-24,10.739129955461895
2014-12-25,10.80999704244719
2014-12-26,10.785687151081293
2014-12-29,10.501183511834517
2014-12-30,10.2941747460386
2014-12-31,10.502126015947038
2015-01-05,10.644523650508624
2015-01-06,10.891858167354531
2015-01-07,10.874442266764962
2015-01-08,11.073452952629028
2015-01-09,10.999550612098608
2015-01-12,10.939202347034863
2015-01-13,11.055891429908474
2015-01-14,11.047983258494153
2015-01-15,11.104351064117793
2015-01-16,11.231254646379242
2015-01-19,10.995320539224563
2015-01-20,11.361653675261218
2015-01-21,11.6064992228286
2015-01-22,11.854765499435423
2015-01-23,11.610836046351142
2015-01-26,11.790249289442192
2015-01-27,11.949485511948158
2015-01-28,11.86810263391823
2015-01-29,11.856422752929207
2015-01-30,11.776482745671531
2015-02-02,11.839600824878321
2015-02-03,11.781088417146279
2015-02-04,11.567951912141538
2015-02-05,11.57870945343663
2015-02-06,11.416657256131021
2015-02-09,11.367310484627387
2015-02-10,11.391998703902505
2015-02-11,11.431134868078296
2015-02-12,11.606140776758446
2015-02-13,11.781370141685214
2015-02-16,12.045317593648988
2015-02-17,12.033531816101762
2015-02-25,12.124270240209784
2015-02-26,12.33851922160865
2015-02-27,12.342505675908905
2015-03-02,12.480701417916093
2015-03-03,12.505371334119024
2015-03-04,12.948979523390948
2015-03-05,13.151799587972839
2015-03-06,13.225530569887491
2015-03-09,13.826059259989554
2015-03-10,14.054867647254047
2015-03-11,13.630808068437783
2015-03-12,13.587439255431313
2015-03-13,13.72999570552163
2015-03-16,14.426389736258828
2015-03-17,14.758836659520188
2015-03-18,14.870016647721451
2015-03-19,14.955123322919961
2015-03-20,15.07702561115445
2015-03-23,15.44250005856843
2015-03-24,15.742715034514262
2015-03-25,16.25072577096129
2015-03-26,16.225755336655816
2015-03-27,16.198508574184338
2015-03-30,16.25731706803398
2015-03-31,16.346935948402866
2015-04-01,17.035525412883658
2015-04-02,17.126818940573504
2015-04-03,17.447605215825252
2015-04-07,17.913600844028938
2015-04-08,17.43875624419519
2015-04-09,16.692085663780254
2015-04-10,17.204377136492205
2015-04-13,17.387189424553046
2015-04-14,17.1913706395779
2015-04-15,16.47406122768883
2015-04-16,16.830588257961637
2015-04-17,16.967511214057872
2015-04-20,16.79931083946974
2015-04-21,17.51343519856539
2015-04-22,18.05203231174702
2015-04-23,18.120620974296575
2015-04-24,18.383515147903548
2015-04-27,18.54221225626098
2015-04-28,18.14841564699544
2015-04-29,18.38917717376076
2015-04-30,18.35730609234661
2015-05-04,18.96780300190282
2015-05-05,18.34045657755297
2015-05-06,17.86283989821744
2015-05-07,17.53273740574429
2015-05-08,17.995080618380786
2015-05-11,18.714052293551255
2015-05-12,19.47156155376898
2015-05-13,20.17595593179163
2015-05-14,20.299389495825622
2015-05-15,20.840549402876334
2015-05-18,21.517508438985114
2015-05-19,22.09430641009167
2015-05-20,23.036306544310655
2015-05-21,24.3558871891813
2015-05-22,24.605736164589306
2015-05-25,25.159475146044485
2015-05-26,25.684130394178634
2015-05-27,26.6262761244175
2015-05-28,24.337400884950508
2015-05-29,24.160404265158938
2015-06-01,25.38906901849441
2015-06-02,26.73168013504022
2015-06-03,26.38086144481944
2015-06-04,25.959122712939703
2015-06-05,26.323794900929055
2015-06-08,25.93316951846097
2015-06-09,25.61133816832934
2015-06-10,26.0697456533414
2015-06-11,26.3358104707527
2015-06-12,27.141646725134926
2015-06-15,26.302419788035536
2015-06-16,24.606928406207654
2015-06-17,25.073196949982275
2015-06-18,24.322037565130465
2015-06-19,22.62842926042775
2015-06-23,22.859998492552094
2015-06-24,23.62638421038208
2015-06-25,23.730839862152155
2015-06-26,21.47319144470679
2015-06-29,19.991675238747042
2015-06-30,21.091271938124983
2015-07-01,19.566935419916685
2015-07-02,17.796225851692842
2015-07-03,16.230211971165108
2015-07-06,15.70683651513273
2015-07-07,14.420677683636008
2015-07-08,13.454998073120406
2015-07-09,14.782500708323987
2015-07-10,16.243570985428565
2015-07-13,17.83568720075456
2015-07-14,18.57018591126405
2015-07-15,17.977112904829323
2015-07-16,18.93980535688382
2015-07-17,20.72152297395774
2015-07-20,22.518348870058933
2015-07-21,24.274792797285322
2015-07-22,25.007633990339325
2015-07-23,25.751001194529564
2015-07-24,25.347363482335467
2015-07-27,24.835372473422836
2015-07-28,26.27214492242654
2015-07-29,27.152813515213598
2015-07-30,25.44386465656253
2015-07-31,23.874916981270804
2015-08-03,22.62996430892523
2015-08-04,24.354143343162633
2015-08-05,23.79196039120716
2015-08-06,23.48886207274092
2015-08-07,24.352081769710452
2015-08-10,25.87525148687304
2015-08-11,25.653938510790276
2015-08-12,25.145822578840008
2015-08-13,25.484483308089747
2015-08-14,25.29081202018654
2015-08-17,26.459155781297703
2015-08-18,23.957194576576175
2015-08-19,24.858382009570423
2015-08-20,24.194894479828196
2015-08-21,22.468740260697746
2015-08-24,20.266934520242263
2015-08-25,18.31430367854453
2015-08-26,17.893373918807896
2015-08-27,18.87573236256246
2015-08-28,20.244647963289054
2015-08-31,19.45789058812028
2015-09-01,17.765222421483614
2015-09-02,16.99569008733165
2015-09-07,17.15338060589936
2015-09-08,18.069930392163663
2015-09-09,19.20793326430704
2015-09-10,19.838218730506423
2015-09-11,19.60604002961111
2015-09-14,17.91666448756642
2015-09-15,16.807410891294175
2015-09-16,18.250174204001755
2015-09-17,17.6056451157708
2015-09-18,17.825109321763232
2015-09-21,18.18947609207799
2015-09-22,18.485451955484947
2015-09-23,17.977423523582537
2015-09-24,18.188825897397173
2015-09-25,17.450058531762846
2015-09-28,17.76968521287064
2015-09-29,18.102006996959794
2015-09-30,18.245386288595867
2015-10-08,19.268294779339257
2015-10-09,19.69568339045762
2015-10-12,20.964824953853533
2015-10-13,21.2301901725699
2015-10-14,20.74347787114062
2015-10-15,21.47077193683479
2015-10-16,21.532727247599745
2015-10-19,21.174435659307655
2015-10-20,21.473930386382786
2015-10-21,19.677771618654152
2015-10-22,20.36129672388979
2015-10-23,20.89176929012217
2015-10-26,21.809622662174487
2015-10-27,21.93129348133219
2015-10-28,21.334630449825724
2015-10-29,21.65328965309626
2015-10-30,21.498291598439376
2015-11-02,21.51120127397216
2015-11-03,22.80761603722913
2015-11-04,23.775505792679635
2015-11-05,23.117348323080794
2015-11-06,23.425964158294967
2015-11-09,23.41966976895444
2015-11-10,23.270790573148528
2015-11-11,23.51565065125473
2015-11-12,24.016930937188352
2015-11-13,23.702426121270108
2015-11-16,23.85847176386522
2015-11-17,23.873699542243187
2015-11-18,23.581159299412604
2015-11-19,24.139375432779595
2015-11-20,24.212642219196216
2015-11-23,24.686001436273322
2015-11-24,25.864486762066733
2015-11-25,26.443123238394424
2015-11-26,25.997242952205465
2015-11-27,24.09549461911709
2015-11-30,24.860571339416826
2015-12-01,24.494006713330435
2015-12-02,24.2584677353315
2015-12-03,24.79955627211096
2015-12-04,25.206331195026472
2015-12-07,25.213706369439716
2015-12-08,24.575245706763294
2015-12-09,24.558316273710187
2015-12-10,24.795257039597583
2015-12-11,24.37547591135762
2015-12-14,24.617737576361026
2015-12-15,25.077590025997583
2015-12-16,25.587082840478875
2015-12-17,26.200221531251085
2015-12-18,25.837566584727593
2015-12-21,26.13791415379296
2015-12-22,26.8640221606239
2015-12-23,26.20011828552754
2015-12-24,26.231326738366228
2015-12-25,26.26931774426374
2015-12-28,25.68946574952511
2015-12-29,25.74210628886123
2015-12-30,25.76145874602073
2015-12-31,25.372629847780843
2016-01-04,23.46350847763107
2016-01-05,23.620559392794167
2016-01-06,24.789377040284858
2016-01-07,22.6323310227474
2016-01-08,23.388204505605263
2016-01-11,22.890391058692078
2016-01-12,22.773454044954025
2016-01-13,21.273350396272335
2016-01-14,21.763208860889723
2016-01-15,20.491023713744895
2016-01-18,20.80073528442268
2016-01-19,21.860764604227356
2016-01-20,21.83892653555187
2016-01-21,21.262350999810526
2016-01-22,21.711437537020046
2016-01-25,22.281178344172268
2016-01-26,21.101890919324948
2016-01-27,20.85201844104146
2016-01-28,20.008868353581853
2016-01-29,20.652738223262205
2016-02-01,20.69715333406623
2016-02-02,21.305089305257745
2016-02-03,20.98911362194683
2016-02-04,21.296788581404748
2016-02-05,21.2047453036536
2016-02-15,21.071135613077534
2016-02-16,21.82932238603638
2016-02-17,22.203070349595524
2016-02-18,22.132612793362114
2016-02-19,22.197844803367392
2016-02-22,22.504928357359272
2016-02-23,22.388873215511584
2016-02-24,23.338227411881117
2016-02-25,21.37583086736366
2016-02-26,21.566501317304674
2016-02-29,20.804004070754004
2016-03-01,21.356610577042154
2016-03-02,22.017910779653633
2016-03-03,21.73969501505855
2016-03-04,21.906472860535743
2016-03-07,22.487895375574126
2016-03-08,21.93188929302595
2016-03-09,21.10148367790045
2016-03-10,20.857972872822128
2016-03-11,20.81153088261864
2016-03-14,21.586271289749984
2016-03-15,21.151918179865913
2016-03-16,20.736764862432587
2016-03-17,21.33045725683566
2016-03-18,22.226721946849842
2016-03-21,23.031399023178633
2016-03-22,23.72543316140865
2016-03-23,23.946578664043248
2016-03-24,23.971862072335686
2016-03-25,24.215831491110652
2016-03-28,24.255804210519607
2016-03-29,23.67311592428496
2016-03-30,24.437655096665374
2016-03-31,24.500130394414278
2016-04-01,24.323730801603876
2016-04-05,25.398316294181054
2016-04-06,25.19278050285862
2016-04-07,24.59957217514738
2016-04-08,24.47836408344047
2016-04-11,24.737493902326673
2016-04-12,24.195711283383247
2016-04-13,24.352011549794643
2016-04-14,24.428922208696623
2016-04-15,24.399845177490306
2016-04-18,24.34838844449214
2016-04-19,24.37720902592217
2016-04-20,23.107470513767154
2016-04-21,23.08171422502321
2016-04-22,23.08634200999034
2016-04-25,23.21292988774678
2016-04-26,23.492311461665274
2016-04-27,23.49227562350819
2016-04-28,23.36726483568767
2016-04-29,23.36680348536523
2016-05-03,24.427732868223067
2016-05-04,24.602063446400635
2016-05-05,24.72919677096155
2016-05-06,23.819377284889267
2016-05-09,23.284014724692263
2016-05-10,23.75206582617536
2016-05-11,25.200354927448238
2016-05-12,25.130588517117683
2016-05-13,25.391425168548665
2016-05-16,26.60316415388244
2016-05-17,25.896396828712003
2016-05-18,25.11586923220752
2016-05-19,24.95940237814036
2016-05-20,25.029502298116938
2016-05-23,25.52526659358074
2016-05-24,24.79931537076684
2016-05-25,24.57969922485531
2016-05-26,24.44174452986847
2016-05-27,24.803562584322894
2016-05-30,24.118733046887023
2016-05-31,24.836872343227398
2016-06-01,25.01873676392364
2016-06-02,25.00235906041668
2016-06-03,25.396267250741584
2016-06-06,25.32916806610199
2016-06-07,25.173969790633976
2016-06-08,24.83998023132782
2016-06-13,23.677533221810105
2016-06-14,23.71197228073231
2016-06-15,24.31929481388613
2016-06-16,24.517677237308725
2016-06-17,24.66846669051804
2016-06-20,24.8914058465584
2016-06-21,25.032484349292503
2016-06-22,25.15708891492352
2016-06-23,24.64572864693672
2016-06-24,24.232803121460453
2016-06-27,24.706906717284088
2016-06-28,25.0198277572466
2016-06-29,25.054869171694595
2016-06-30,25.234941435858577
2016-07-01,25.302502262061065
2016-07-04,26.0265860279728
2016-07-05,26.268399475223163
2016-07-06,26.790559515169722
2016-07-07,26.867564749881108
2016-07-08,26.356390620773553
2016-07-11,26.096807455951165
2016-07-12,26.24455576835878
2016-07-13,26.42360950909632
2016-07-14,26.42025528513307
2016-07-15,26.769153135809354
2016-07-18,26.97524156017913
2016-07-19,27.048022368335236
2016-07-20,26.87226375442514
2016-07-21,26.7595891085313
2016-07-22,26.25923587297264
2016-07-25,26.638893963984867
2016-07-26,26.83590165302421
2016-07-27,25.4979668384408
2016-07-28,25.535668065737234
2016-07-29,25.491205396923593
2016-08-01,24.867057891323388
2016-08-02,25.124906119270328
2016-08-03,25.353594544307732
2016-08-04,25.305448210877792
2016-08-05,25.41113550111466
2016-08-08,25.581204730327446
2016-08-09,25.725573098123927
2016-08-10,25.49604353981491
2016-08-11,25.18048173312269
2016-08-12,25.469049770482318
2016-08-15,25.88699367533582
2016-08-16,26.102836127828265
2016-08-17,26.048976392140638
2016-08-18,25.991223892328755
2016-08-19,26.216634741899288
2016-08-22,25.824474144002174
2016-08-23,25.956464837011186
2016-08-24,26.161077368980354
2016-08-25,26.155086809128
2016-08-26,25.940878183269877
2016-08-29,25.982078143667746
2016-08-30,26.03261869294661
2016-08-31,25.920998235442358
2016-09-01,25.66455411613922
2016-09-02,25.508586341124346
2016-09-05,25.484802586590508
2016-09-06,25.723302680810416
2016-09-07,25.543600264976714
2016-09-08,25.61416408640004
2016-09-09,25.479042636744147
2016-09-12,24.65649593732464
2016-09-13,24.688443948960476
2016-09-14,24.554137025429306
2016-09-19,24.675378861158567
2016-09-20,24.604609134197464
2016-09-21,24.527897375803327
2016-09-22,24.650232210462523
2016-09-23,24.39735257532428
2016-09-26,23.938473241311755
2016-09-27,24.078710937998476
2016-09-28,24.021812904426397
2016-09-29,24.04849050515673
2016-09-30,24.287020263201462
2016-10-10,24.732440282170057
2016-10-11,24.756920878876848
2016-10-12,24.62834024918647
2016-10-13,24.613079579019832
2016-10-14,24.55420428999399
2016-10-17,24.41771557576152
2016-10-18,24.706974702156764
2016-10-19,25.06557698611247
2016-10-20,25.145300608376612
2016-10-21,25.079288293368837
2016-10-24,25.210688813276317
2016-10-25,25.192018155039637
2016-10-26,25.38940654299318
2016-10-27,25.254550884661274
2016-10-28,25.330487660732025
2016-10-31,25.21613683237805
2016-11-01,25.437788312700487
2016-11-02,25.312787622521185
2016-11-03,25.53629018351836
2016-11-04,25.571672257194564
2016-11-07,25.517950604376615
2016-11-08,25.593041154625364
2016-11-09,25.333262761155773
2016-11-10,25.68813114448713
2016-11-11,25.912458532655062
2016-11-14,26.03244664073573
2016-11-15,26.021969363229278
2016-11-16,26.053913395927186
2016-11-17,25.855954547517364
2016-11-18,25.695800480226517
2016-11-21,25.845174615443415
2016-11-22,25.890838145079467
2016-11-23,25.693151913250663
2016-11-24,25.501048495163484
2016-11-25,25.511253934987945
2016-11-28,25.81229146172007
2016-11-29,25.622985664932532
2016-11-30,25.588917543428
2016-12-01,25.58579346547533
2016-12-02,25.161305617851884
2016-12-05,25.418943574180492
2016-12-06,25.354906095146877
2016-12-07,25.55916095563832
2016-12-08,25.565159088905798
2016-12-09,25.554745955705727
2016-12-12,24.608915236690866
2016-12-13,24.897550607534527
2016-12-14,24.517990608118183
2016-12-15,24.578199221817016
2016-12-16,24.935647043323346
2016-12-19,25.18548706735914
2016-12-20,24.94374197954838
2016-12-21,25.20791936095087
2016-12-22,25.058133169512164
2016-12-23,24.76977864373201
2016-12-26,24.743865938964607
2016-12-27,24.58053824899517
2016-12-28,24.46742163745369
2016-12-29,24.3968790530382
2016-12-30,24.44467190665995
2017-01-03,24.66007078815785
2017-01-04,24.915041936143595
2017-01-05,25.019515125554936
2017-01-06,24.8492959540129
2017-01-09,24.881994138698538
2017-01-10,24.729566085151294
2017-01-11,24.802675020125946
2017-01-12,24.77324224664644
2017-01-13,24.54506964736678
2017-01-16,24.10928944449163
2017-01-17,24.47690107303612
2017-01-18,24.622908361503214
2017-01-19,24.690470126094993
2017-01-20,25.191201591167953
2017-01-23,25.551208731249524
2017-01-24,25.696674751594358
2017-01-25,25.660302807726474
2017-01-26,25.832428150874446
2017-02-03,25.632213451011133
2017-02-06,26.241470451515458
2017-02-07,26.1068056691113
2017-02-08,26.217791286122257
2017-02-09,26.349835488374435
2017-02-10,26.376882875075513
2017-02-13,26.81664009396348
2017-02-14,27.00783178673002
2017-02-15,26.86308649441707
2017-02-16,26.910579863415265
2017-02-17,26.521140976795007
2017-02-20,26.905201303105066
2017-02-21,27.098994569343247
2017-02-22,27.022753818302334
2017-02-23,27.029468397227724
2017-02-24,27.44320101351491
2017-02-27,27.23658477841615
2017-02-28,27.304021883562314
2017-03-01,27.0384355852321
2017-03-02,26.80013860441854
2017-03-03,26.877694291758093
2017-03-06,27.157299518323374
2017-03-07,27.24758491663299
2017-03-08,27.15184486771511
2017-03-09,26.792002854051567
2017-03-10,26.761700222414348
2017-03-13,26.77335009678294
2017-03-14,26.791399853309894
2017-03-15,26.729710121893905
2017-03-16,26.97340426479375
2017-03-17,26.748577755083943
2017-03-20,26.941056983011773
2017-03-21,27.065321305641735
2017-03-22,27.07535255805618
2017-03-23,27.09185417672905
2017-03-24,27.27393556010167
2017-03-27,27.35293491003724
2017-03-28,27.338942617273116
2017-03-29,27.270164818177335
2017-03-30,27.179975291901922
2017-03-31,27.39855284473087
2017-04-05,27.891852072774434
2017-04-06,28.21240507817667
2017-04-07,28.25288330406294
2017-04-10,28.07534340066711
2017-04-11,28.266915308569676
2017-04-12,28.093972721888175
2017-04-13,27.89187252383241
2017-04-14,27.620604610749094
2017-04-17,27.071240647503213
2017-04-18,26.702809193147456
2017-04-19,26.525728151913754
2017-04-20,26.423934989601875
2017-04-21,26.46229710847617
2017-04-24,25.815378410623186
2017-04-25,25.779063290536378
2017-04-26,26.001716282896677
2017-04-27,26.195754704753487
2017-04-28,26.282001940853277
2017-05-02,26.215887452309634
2017-05-03,26.227084214375054
2017-05-04,25.908465346895884
2017-05-05,25.54079429911901
2017-05-08,24.639576692605516
2017-05-09,24.85715967211537
2017-05-10,24.346594879968052
2017-05-11,24.199617844253545
2017-05-12,24.317077254801745
2017-05-15,24.29223430809955
2017-05-16,24.620408152756312
2017-05-17,24.771423241733427
2017-05-18,24.899865344148672
2017-05-19,24.793411691247222
2017-05-22,24.281137281162078
2017-05-23,23.68683404574092
2017-05-24,23.676355076889905
2017-05-25,23.746107541428977
2017-05-26,24.024074301763275
2017-05-31,24.158163091229774
2017-06-01,23.754675012611738
2017-06-02,24.02842549036446
2017-06-05,24.064401355444772
2017-06-06,24.251356715542002
2017-06-07,24.7121825730809
2017-06-08,24.72322272496431
2017-06-09,24.76037905791296
2017-06-12,24.46853282565609
2017-06-13,24.736602725030977
2017-06-14,24.655041789853673
2017-06-15,24.758148040045313
2017-06-16,24.647224989506434
2017-06-19,24.925157707033588
2017-06-20,24.996730642483765
2017-06-21,24.918563386317537
2017-06-22,24.520018388222176
2017-06-23,24.546239688564704
2017-06-26,24.868791928710163
2017-06-27,24.884888985495802
2017-06-28,24.66546346491198
2017-06-29,24.745089580282595
2017-06-30,24.935222700430256
2017-07-03,25.338011164063747
2017-07-04,25.35176668170696
2017-07-05,25.364910003053378
2017-07-06,25.39460789316438
2017-07-07,25.583487738845644
2017-07-10,25.506477950144784
2017-07-11,25.277243058741284
2017-07-12,25.220084025019784
2017-07-13,25.257045592424216
2017-07-14,24.927513157576243
2017-07-17,23.74865420957098
2017-07-18,23.951210522343413
2017-07-19,24.120514412665507
2017-07-20,24.138797776912757
2017-07-21,23.906897824763295
2017-07-24,24.10129917665799
2017-07-25,24.055474212431417
2017-07-26,24.04711593124631
2017-07-27,24.292380337417377
2017-07-28,24.420100896552633
2017-07-31,24.504513720892753
2017-08-01,24.401409348517376
2017-08-02,24.214331890000846
2017-08-03,24.279128138179974
2017-08-04,24.264053427845027
2017-08-07,24.558404670454156
2017-08-08,26.03428821065143
2017-08-09,25.755021654188635
2017-08-10,25.39953436236125
2017-08-11,24.98214158820503
2017-08-14,25.232383564531432
2017-08-15,25.031565783153905
2017-08-16,25.05670716472396
2017-08-17,25.074960779014038
2017-08-18,24.98483496005776
2017-08-21,25.103101265266183
2017-08-22,25.39940438507199
2017-08-23,25.260991226195948
2017-08-24,25.117795089331832
2017-08-25,25.334474130575057
2017-08-28,25.70767478695671
2017-08-29,25.529298439776344
2017-08-30,25.849663736844075
2017-08-31,26.138249849642513
2017-09-01,26.144403204828414
2017-09-04,26.05288592325514
2017-09-05,26.096525155527324
2017-09-06,26.098381455842183
2017-09-07,26.157268072600058
2017-09-08,26.26717730381555
2017-09-11,26.357250670504687
2017-09-12,26.083609515020903
2017-09-13,26.133267900496268
2017-09-14,26.06485363514721
2017-09-15,26.071557244173746
2017-09-18,26.37369748110106
2017-09-19,26.223621817394577
2017-09-20,26.168085580454125
2017-09-21,25.999002087050368
2017-09-22,25.80933667773488
2017-09-25,25.592090931454678
2017-09-26,25.494823729311744
2017-09-27,25.766406366860874
2017-09-28,25.86723555016434
2017-09-29,26.236607601485957
2017-10-09,26.70477653070433
2017-10-10,27.3269227146257
2017-10-11,27.66938664971268
2017-10-12,27.78814641687649
2017-10-13,28.29221560413694
2017-10-16,28.46714332856408
2017-10-17,28.569733842784448
2017-10-18,28.50512888674802
2017-10-19,28.494165733192133
2017-10-20,28.896394217118686
2017-10-23,29.062188830321087
2017-10-24,28.844947443560528
2017-10-25,29.169468752854907
2017-10-26,29.25706272510396
2017-10-27,29.128370132580862
2017-10-30,28.503030732811823
2017-10-31,28.781371100544856
2017-11-01,29.15353424538727
2017-11-02,29.00452175118449
2017-11-03,28.910015201434632
2017-11-06,29.17949356730243
2017-11-07,29.123852317004836
2017-11-08,29.06679109230741
2017-11-09,29.161885664372598
2017-11-10,29.342535850720722
2017-11-13,29.14513892600709
2017-11-14,28.857891827031523
2017-11-15,28.580380939858415
2017-11-16,29.123968260952314
2017-11-17,28.639387056083045
2017-11-20,29.290686739172873
2017-11-21,29.596524286253075
2017-11-22,29.315321516998072
2017-11-23,28.45860308628505
2017-11-24,28.35463848793539
2017-11-27,28.235123878868503
2017-11-28,28.439249617380217
2017-11-29,28.520301437944124
2017-11-30,28.10805522208077
2017-12-01,28.256415299115325
2017-12-04,28.181522663468915
2017-12-05,27.538312872835032
2017-12-06,28.038443839939156
2017-12-07,27.835640407130285
2017-12-08,28.17269043594832
2017-12-11,28.326231180266994
2017-12-12,28.030246672934297
2017-12-13,28.27163565527938
2017-12-14,28.183886842790734
2017-12-15,28.10283450339992
2017-12-18,27.881780613929234
2017-12-19,28.121292496577468
2017-12-20,28.229226069322074
2017-12-21,28.426896353878142
2017-12-22,28.628422845073903
2017-12-25,28.769312026606013
2017-12-26,29.302236877613808
2017-12-27,29.629680898756128
2017-12-28,30.043313478741776
2017-12-29,30.14851643132881
2018-01-02,30.444096607101027
2018-01-03,30.55498873888869
2018-01-04,30.27602914419006
2018-01-05,30.498553460720544
2018-01-08,31.18629786114206
2018-01-09,31.035820966280138
2018-01-10,30.385434500167285
2018-01-11,30.478918554618033
2018-01-12,30.339881352936025
2018-01-15,29.476094858221156
2018-01-16,30.666896301289732
2018-01-17,30.649402791323855
2018-01-18,30.681834750357474
2018-01-19,30.54117080113206
2018-01-22,30.56023970131501
2018-01-23,31.151569085182775
2018-01-24,31.46934775177807
2018-01-25,31.324251566487394
2018-01-26,31.630382822264007
2018-01-29,31.565179792805353
2018-01-30,31.314843195372376
2018-01-31,30.782577214501647
2018-02-01,29.33077574838479
2018-02-02,29.501852418066175
2018-02-05,29.41941774757846
2018-02-06,28.17660087613732
2018-02-07,27.886084243037875
2018-02-08,27.99806401063956
2018-02-09,26.83328644118842
2018-02-12,27.45017771959368
2018-02-13,27.39481509550328
2018-02-14,27.698592377756363
2018-02-22,28.067549861023224
2018-02-23,28.225065775581857
2018-02-26,28.514040672276746
2018-02-27,28.46753257770701
2018-02-28,28.44519384744411
2018-03-01,28.609648043993978
2018-03-02,28.415854087329485
2018-03-05,28.687899049078723
2018-03-06,29.02920304505546
2018-03-07,28.862367415788594
2018-03-08,29.224600883089487
2018-03-09,29.48276677377588
2018-03-12,29.569212632515004
2018-03-13,29.46192874478111
2018-03-14,29.14998835055739
2018-03-15,28.687887764833278
2018-03-16,28.660125621084248
2018-03-19,28.437640081655452
2018-03-20,28.619313880054598
2018-03-21,28.610577103848133
2018-03-22,28.682392045109435
2018-03-23,28.986390147069518
2018-03-26,28.631354131521395
2018-03-27,28.979402005601944
2018-03-28,28.519417685490332
2018-03-29,28.63773173349483
2018-03-30,28.846862377003568
2018-04-02,29.668095255115816
2018-04-03,30.172955331840082
2018-04-04,30.215135670875
2018-04-09,29.763709755098272
2018-04-10,29.27970217092805
2018-04-11,29.714819809277646
2018-04-12,29.544362934001718
2018-04-13,29.395037175383685
2018-04-16,29.352792614869443
2018-04-17,29.451674571082556
2018-04-18,29.326790873213383
2018-04-19,29.239458109022795
2018-04-20,28.484461379131016
2018-04-23,27.791169814952966
2018-04-24,28.304934076513785
2018-04-25,28.116527839338588
2018-04-26,27.50267828787791
2018-04-27,27.47301622766102
2018-05-02,27.271376698065353
2018-05-03,27.666662978569736
2018-05-04,27.90661503311291
2018-05-07,28.201440471114637
2018-05-08,28.497341720183364
2018-05-09,28.554815241224446
2018-05-10,29.04769823693771
2018-05-11,28.838908832379598
2018-05-14,28.85194525119109
2018-05-15,29.298164029175158
2018-05-16,29.497648836673036
2018-05-17,29.750573800066697
2018-05-18,30.0197129769643
2018-05-21,30.166332615702917
2018-05-22,30.924141961730363
2018-05-23,30.73271959236139
2018-05-24,30.929904553349548
2018-05-25,31.202754514676162
2018-05-28,31.13992775307018
2018-05-29,30.50397575789414
2018-05-30,30.162431394583773
2018-05-31,30.658986174279146
2018-06-01,30.640939236443835
2018-06-04,30.117987847133993
2018-06-05,30.48402479184952
2018-06-06,30.525921830989187
2018-06-07,30.69399749749808
2018-06-08,30.122577320992086
2018-06-11,29.623904537131196
2018-06-12,29.648600817150495
2018-06-13,29.529273308129984
2018-06-14,29.491940518821064
2018-06-15,28.49298455013188
2018-06-19,27.79388632735007
2018-06-20,27.890480856564736
2018-06-21,27.096088362140243
2018-06-22,27.201381258293484
2018-06-25,27.115048129590594
2018-06-26,27.11010465841611
2018-06-27,26.86964044795669
2018-06-28,26.617990956035126
2018-06-29,26.869406259423855
2018-07-02,26.689118123137792
2018-07-03,26.59486777196914
2018-07-04,26.13897886723568
2018-07-05,25.45357027612608
2018-07-06,25.44231101839634
2018-07-09,25.53438956888827
2018-07-10,25.77850135141919
2018-07-11,25.605369822746255
2018-07-12,25.688178461352734
2018-07-13,25.485605367530443
2018-07-16,25.2900428417588
2018-07-17,25.296959727793926
2018-07-18,25.27308057299216
2018-07-19,24.913833345304596
2018-07-20,24.940707886083818
2018-07-23,25.517679597445767
2018-07-24,25.890169054578738
2018-07-25,26.020146989695505
2018-07-26,26.059589232905594
2018-07-27,25.89951180853581
2018-07-30,25.409544555435478
2018-07-31,25.490911207912117
2018-08-01,24.926238002166453
2018-08-02,24.535346773836714
2018-08-03,25.1617775727994
2018-08-06,24.19940173533633
2018-08-07,24.624588376987017
2018-08-08,24.523208152509913
2018-08-09,24.76418727549403
2018-08-10,25.195909179056954
2018-08-13,25.196235516175758
2018-08-14,25.207682107160533
2018-08-15,24.980682968583004
2018-08-16,24.215121347127877
2018-08-17,23.64213542239647
2018-08-20,23.324923658296953
2018-08-21,23.533189679577074
2018-08-22,23.551063424312673
2018-08-23,23.432505670348526
2018-08-24,23.58089979206337
2018-08-27,23.842735892337053
2018-08-28,23.898153658621386
2018-08-29,23.662241834957257
2018-08-30,23.57262790826328
2018-08-31,23.306116625985794
2018-09-03,23.494116708417483
2018-09-04,23.636353014760004
2018-09-05,23.442687909918167
2018-09-06,23.300375483742165
2018-09-07,23.369212069578403
2018-09-10,23.046109008650717
2018-09-11,22.996170168164994
2018-09-12,22.939065088967276
2018-09-13,22.939495994836108
2018-09-14,22.951820253708263
2018-09-17,22.56457031893746
2018-09-18,22.81803526513942
2018-09-19,23.06470483820365
2018-09-20,23.021101808326893
2018-09-21,23.271421668728276
2018-09-25,23.57395736049252
2018-09-26,23.689384199387142
2018-09-27,23.39513484058033
2018-09-28,23.50495818169899
2018-10-08,23.088979948513717
2018-10-09,23.146220942766966
2018-10-10,23.36012778004493
2018-10-11,22.071493614941186
2018-10-12,22.062609398471725
2018-10-15,21.959950006059586
2018-10-16,21.54820071393347
2018-10-17,21.782023352447407
2018-10-18,20.96884130837964
2018-10-19,21.2731782417511
2018-10-22,21.986153916936804
2018-10-23,21.820407810158148
2018-10-24,21.775924051251987
2018-10-25,21.556556118503057
2018-10-26,21.729155437382484
2018-10-29,21.498695854560406
2018-10-30,21.675611900404196
2018-10-31,21.882596335688156
2018-11-01,21.93560921895432
2018-11-02,22.439936269148042
2018-11-05,22.689269233934425
2018-11-06,22.892922005782967
2018-11-07,23.063294431714834
2018-11-08,23.078484968187716
2018-11-09,22.69350447529222
2018-11-12,23.062153711589957
2018-11-13,23.501901716541795
2018-11-14,23.52645585812855
2018-11-15,24.062517723909515
2018-11-16,24.147843478086052
2018-11-19,24.23685996192007
2018-11-20,23.54684765086712
2018-11-21,23.91271062638628
2018-11-22,23.782580141227765
2018-11-23,23.13179512289662
2018-11-26,22.919382307580424
2018-11-27,22.814949676662536
2018-11-28,23.390310034576924
2018-11-29,23.609733646323836
2018-11-30,23.93139581507857
2018-12-03,24.503930530213054
2018-12-04,24.65869527017466
2018-12-05,25.257672085104797
2018-12-06,25.121097367022063
2018-12-07,25.418614053032027
2018-12-10,25.114535628422978
2018-12-11,25.02089721822466
2018-12-12,24.854748132623417
2018-12-13,24.740613473758902
2018-12-14,24.193263844826593
2018-12-17,24.14944151432365
2018-12-18,24.05443491043687
2018-12-19,23.404077574496363
2018-12-20,23.795719066127912
2018-12-21,23.597761342912108
2018-12-24,24.181930084041362
2018-12-25,23.84547250962579
2018-12-26,23.748483811302226
2018-12-27,23.392126839429764
2018-12-28,23.495108060721094
2019-01-02,23.712128652779818
2019-01-03,23.620611649913325
2019-01-04,24.292337271272675
2019-01-07,24.938458366330792
2019-01-08,24.750023480561616
2019-01-09,24.67156860569333
2019-01-10,24.62973249146309
2019-01-11,24.95511550945716
2019-01-14,25.09163611767437
2019-01-15,25.098813486798107
2019-01-16,25.023831269126415
2019-01-17,24.883908352341187
2019-01-18,25.2170349561087
2019-01-21,25.096578727693608
2019-01-22,24.99701058268792
2019-01-23,25.284201344585668
2019-01-24,25.537802325972546
2019-01-25,25.344598291996068
2019-01-28,25.267323763983022
2019-01-29,25.134092288525103
2019-01-30,25.060956581511064
2019-01-31,24.709229956926837
2019-02-01,25.033214491428076
2019-02-11,26.59360821459683
2019-02-12,27.117535832495772
2019-02-13,27.279082767069443
2019-02-14,27.632858401622457
2019-02-15,29.21113380060363
2019-02-18,30.382232383996673
2019-02-19,30.772649487277157
2019-02-20,31.3350568919429
2019-02-21,32.06254651829315
2019-02-22,32.48429972690506
2019-02-25,33.00477239526678
2019-02-26,34.341931262676404
2019-02-27,33.2891832566758
2019-02-28,32.565111117964285
2019-03-01,33.16764336039592
2019-03-04,35.16637434057372
2019-03-05,36.620816816309876
2019-03-06,37.56459464285807
2019-03-07,38.51038736783856
2019-03-08,40.17080903901196
2019-03-11,41.783518490678254
2019-03-12,44.186317060668785
2019-03-13,41.34483431663752
2019-03-14,38.93797654398313
2019-03-15,39.65185303872834
2019-03-18,40.96935429365539
2019-03-19,41.82881510787902
2019-03-20,40.33882031249969
2019-03-21,40.51028030995122
2019-03-22,39.89205167351004
2019-03-25,39.4974949608168
2019-03-26,40.29935668199046
2019-03-27,40.17599914327444
2019-03-28,40.05808380311458
2019-03-29,42.034497811800684
2019-04-01,44.61121732671876
2019-04-02,44.37996887154692
2019-04-03,44.48613765328744
2019-04-04,46.37491635482416
2019-04-08,46.59672395651607
2019-04-09,45.47803280568389
2019-04-10,44.92467509945452
2019-04-11,45.15694317193131
2019-04-12,46.598642619275566
2019-04-15,45.899689628544934
2019-04-16,45.50489256549451
2019-04-17,47.26861224238697
2019-04-18,47.49721445907317
2019-04-19,47.88905733519702
2019-04-22,50.53990724926331
2019-04-23,50.13280787059545
2019-04-24,51.70362244467969
2019-04-25,50.6389710777996
2019-04-26,48.15204838566659
2019-04-29,45.1479575837732
2019-04-30,47.77219957963612
2019-05-06,44.41420241264843
2019-05-07,43.626462048393016
2019-05-08,41.15973609538131
2019-05-09,41.95795074211892
2019-05-10,44.35473903484422
2019-05-13,43.80941049829717
2019-05-14,44.24071907478207
2019-05-15,44.949871513718946
2019-05-16,44.62216807891199
2019-05-17,43.65118698270687
2019-05-20,41.08880194355085
2019-05-21,42.42627468110833
2019-05-22,42.38679393737598
2019-05-23,40.704733418331635
2019-05-24,39.96494329513328
2019-05-27,42.049679464645834
2019-05-28,43.72164478700787
2019-05-29,43.977426639904806
2019-05-30,45.21636580050804
2019-05-31,45.79846058396232
2019-06-03,45.21085079351324
2019-06-04,43.926531979843084
2019-06-05,42.79117374978644
2019-06-06,40.801072023822265
2019-06-10,40.94099514303545
2019-06-11,43.31501219941807
2019-06-12,42.604234599907635
2019-06-13,42.852149043119624
2019-06-14,41.62226843693637
2019-06-17,41.23151278309438
2019-06-18,42.59212236218185
2019-06-19,42.44286921325267
2019-06-20,42.29422869624305
2019-06-21,41.79874958552278
2019-06-24,42.22540151290595
2019-06-25,41.07794186885943
2019-06-26,40.83665387565976
2019-06-27,40.97876341008508
2019-06-28,40.69772523917587
2019-07-01,41.542270729360425
2019-07-02,42.750518275817015
2019-07-03,42.21522295850423
2019-07-04,41.80430075611427
2019-07-05,42.98122136539724
2019-07-08,43.48710131759989
2019-07-09,43.27400321614598
2019-07-10,42.5222645980374
2019-07-11,42.30312997597906
2019-07-12,42.07313161962361
2019-07-15,43.62495653541744
2019-07-16,43.944107797745765
2019-07-17,44.82289485366204
2019-07-18,44.01572139634123
2019-07-19,44.63337861494243
2019-07-22,43.36003867531134
2019-07-23,43.63083083289183
2019-07-24,44.00764482756421
2019-07-25,44.653099008030416
2019-07-26,44.49151372110623
2019-07-29,44.691097584601295
2019-07-30,44.52694407918523
2019-07-31,44.052093940945845
2019-08-01,44.61389857172739
2019-08-02,44.3218501808959
2019-08-05,44.47110481477103
2019-08-06,43.22247908432466
2019-08-07,42.38646110614065
2019-08-08,42.29874225932551
2019-08-09,41.09408605263586
2019-08-12,41.5366179695238
2019-08-13,41.46319386734936
2019-08-14,41.64179655589637
2019-08-15,41.47419509175882
2019-08-16,42.06691904765286
2019-08-19,42.20376700233609
2019-08-20,42.56357637371926
2019-08-21,41.94732334775289
2019-08-22,42.55565723423417
2019-08-23,41.87905822597396
2019-08-26,41.80664637547713
2019-08-27,42.98281430784261
2019-08-28,44.948338336851
2019-08-29,44.45559393018335
2019-08-30,44.00048595946194
2019-09-02,44.28570325010762
2019-09-03,44.56132536051989
2019-09-04,44.10425465540359
2019-09-05,44.39768091753368
2019-09-06,43.3904600045912
2019-09-09,43.34651670995557
2019-09-10,44.08466776905961
2019-09-11,43.274343512328784
2019-09-12,43.17195703716216
2019-09-16,43.29034494737957
2019-09-17,42.65603985372441
2019-09-18,42.48388497407714
2019-09-19,42.80761952534077
2019-09-20,42.47301393922615
2019-09-23,41.51946384096563
2019-09-24,41.08986257024673
2019-09-25,40.820093639258694
2019-09-26,38.32917371576252
2019-09-27,39.5603092765351
2019-09-30,39.95411935168868
2019-10-08,40.841012065716015
2019-10-09,41.11986518958864
2019-10-10,42.23389705256152
2019-10-11,41.938713469249095
2019-10-14,41.91424534908965
2019-10-15,42.052636429108
2019-10-16,41.75532636754449
2019-10-17,41.70243260171412
2019-10-18,42.08950645799998
2019-10-21,44.51463040706276
2019-10-22,45.11609530044601
2019-10-23,45.59453940438677
2019-10-24,45.89240022193495
2019-10-25,47.638809329921145
2019-10-28,47.33826943135185
2019-10-29,49.007949110678545
2019-10-30,49.09882281198652
2019-10-31,47.08454098996863
2019-11-01,46.85832782474044
2019-11-04,47.51705168378323
2019-11-05,47.49045642872751
2019-11-06,45.47926103723876
2019-11-07,47.04553409906514
2019-11-08,45.78026681987142
2019-11-11,44.89908293642402
2019-11-12,45.064244060163226
2019-11-13,44.632229358669015
2019-11-14,44.536874672988084
2019-11-15,42.67521447918296
2019-11-18,43.3498334446702
2019-11-19,43.625903154174566
2019-11-20,43.002808235099515
2019-11-21,42.57247490612055
2019-11-22,42.07630275573325
2019-11-25,41.56559924967002
2019-11-26,41.87154992382151
2019-11-27,41.31937422014888
2019-11-28,41.86157748303199
2019-11-29,41.28855728470049
2019-12-02,41.90432312589296
2019-12-03,41.72183457529812
2019-12-04,41.41330442003984
2019-12-05,41.339276419825836
2019-12-06,41.38302778382251
2019-12-09,41.55745986310845
2019-12-10,40.628297057866874
2019-12-11,40.12910630624521
2019-12-12,40.331333522688126
2019-12-13,40.532554696914275
2019-12-16,40.705676285682934
2019-12-17,41.840293018300244
2019-12-18,41.57657880486548
2019-12-19,41.5775985566654
2019-12-20,42.453175718266806
2019-12-23,40.963785339888105
2019-12-24,40.720547136207806
2019-12-25,40.50613213701146
2019-12-26,40.48385202729466
2019-12-27,41.46482241820432
2019-12-30,41.474980147596305
2019-12-31,42.56812074140326
2020-01-02,43.75941629929214
2020-01-03,43.75882970778906
2020-01-06,44.45353547776547
2020-01-07,45.810775086649606
2020-01-08,44.81675826221985
2020-01-09,44.68187857415492
2020-01-10,43.748986788274664
2020-01-13,43.75833669147407
2020-01-14,43.92097579835969
2020-01-15,43.40364340378513
2020-01-16,43.01585279549995
2020-01-17,42.51594575857535
2020-01-20,43.062876249385944
2020-01-21,42.23901000391244
2020-01-22,41.65194306444618
2020-01-23,39.39685490362387
2020-02-03,35.621288786515585
2020-02-04,35.199106504563524
2020-02-05,36.344094300329495
2020-02-06,38.21611896891219
2020-02-07,38.11437629671822
2020-02-10,40.53125991091902
2020-02-11,39.81553014355772
2020-02-12,40.312625059238584
2020-02-13,40.208875838351915
2020-02-14,41.01383013243417
2020-02-17,42.0054449815889
2020-02-18,42.31175459834715
2020-02-19,43.02803087522909
2020-02-20,43.28915184447185
2020-02-21,43.363590409736176
2020-02-24,43.7655248503798
2020-02-25,43.91353017897798
2020-02-26,44.02093870653833
2020-02-27,44.089265668576544
2020-02-28,41.64422198804225
2020-03-02,43.99175060920141
2020-03-03,44.81707262005815
2020-03-04,46.02172674445504
2020-03-05,49.34129768420327
2020-03-06,48.620640052870634
2020-03-09,48.31851477693247
2020-03-10,47.72302368704626
2020-03-11,47.75003459525012
2020-03-12,45.67388377825221
2020-03-13,45.20389482313125
2020-03-16,43.31742141563192
2020-03-17,43.026986366973524
2020-03-18,43.82938993448803
2020-03-19,44.347366925355175
2020-03-20,44.54933033913333
2020-03-23,42.530383195256604
2020-03-24,43.45746933407598
2020-03-25,44.430819733718636
2020-03-26,45.346300021159784
2020-03-27,44.39061547099912
2020-03-30,44.964551950625605
2020-03-31,48.374024194371344
2020-04-01,47.728381617952856
2020-04-02,46.961456370167426
2020-04-03,47.92207698732873
2020-04-07,50.11494700586684
2020-04-08,48.877702817670176
2020-04-09,49.84698563368396
2020-04-10,49.16835871658329
2020-04-13,48.09075026151116
2020-04-14,48.78165282690017
2020-04-15,48.31509568029989
2020-04-16,47.696987125003794
2020-04-17,47.82898840377618
2020-04-20,48.39060432340164
2020-04-21,48.289463555286446
2020-04-22,50.671158456588465
2020-04-23,50.6829042158584
2020-04-24,51.15970444661691
2020-04-27,51.68585359339288
2020-04-28,50.9529912358578
2020-04-29,49.89792684603121
2020-04-30,49.82246889006245
2020-05-06,50.35931389550331
2020-05-07,51.04946592426618
2020-05-08,50.84430475505464
2020-05-11,49.231779979778274
2020-05-12,49.030528098077426
2020-05-13,49.33665327332742
2020-05-14,47.93430108235665
2020-05-15,47.79139211640904
2020-05-18,49.02720270962215
2020-05-19,48.43589637849883
2020-05-20,47.67547096268823
2020-05-21,47.23071572630502
2020-05-22,47.14015738690049
2020-05-25,48.09962097092383
2020-05-26,48.023803896419274
2020-05-27,47.31333004831249
2020-05-28,46.40730565967398
2020-05-29,46.82417403825203
2020-06-01,47.48985521743544
2020-06-02,48.39078760390239
2020-06-03,47.77341303397766
2020-06-04,48.08965877410388
2020-06-05,47.574103771608364
2020-06-08,47.65657903149816
2020-06-09,47.41530565243254
2020-06-10,47.543164485812945
2020-06-11,46.480335558417636
2020-06-12,46.16025556631027
2020-06-15,47.099387848658765
2020-06-16,47.131601022500725
2020-06-17,47.956487398741494
2020-06-18,48.63893196741551
2020-06-19,49.06322208582096
2020-06-22,50.1692329853862
2020-06-23,49.50543619243866
2020-06-24,49.59926847339991
2020-06-29,50.603482763974654
2020-06-30,51.444985426572146
2020-07-01,52.11229603470076
2020-07-02,52.15450851476049
2020-07-03,52.566640239321366
2020-07-06,55.34520306054662
2020-07-07,55.232525414110086
2020-07-08,55.38020634392157
2020-07-09,57.001454205189816
2020-07-10,55.786874756532754
2020-07-13,59.77307569388681
2020-07-14,60.431976732539745
2020-07-15,59.83773795523479
2020-07-16,56.0368375596583
2020-07-17,57.18511613870701
2020-07-20,58.142134698247474
2020-07-21,57.88202975622343
2020-07-22,57.974767501315576
2020-07-23,57.31319911979583
2020-07-24,57.11504612042699
2020-07-27,56.695034198105645
2020-07-28,58.77579917404561
2020-07-29,59.36276321194132
2020-07-30,59.837153590152134
2020-07-31,59.415116355035586
2020-08-03,60.94583504755947
2020-08-04,60.36966956016806
2020-08-05,61.82785429118645
2020-08-06,60.51846963157207
2020-08-07,59.72937895668311
2020-08-10,59.58997528884635
2020-08-11,59.688026774556455
2020-08-12,59.431751981470306
2020-08-13,60.77758673808278
2020-08-14,60.58467083665679
2020-08-17,61.103908877441164
2020-08-18,61.835262121191924
2020-08-19,61.194543999792636
2020-08-20,60.4327903072417
2020-08-21,60.90502742866897
2020-08-24,62.91976823907605
2020-08-25,61.78084302407227
2020-08-26,60.4501419404774
2020-08-27,60.85899508075596
2020-08-28,62.058785756011666
2020-08-31,62.02897130745126
2020-09-01,62.352657925895684
2020-09-02,62.10931893819364
2020-09-03,60.80565125382009
2020-09-04,60.46907854711788
2020-09-07,57.305218802770646
2020-09-08,56.5794609990817
2020-09-09,54.48842280650713
2020-09-10,53.89121550994086
2020-09-11,54.35133040902885
2020-09-14,54.08859214726124
2020-09-15,54.14016353021436
2020-09-16,53.41239916174282
2020-09-17,52.69886008342692
2020-09-18,53.438086458674576
2020-09-21,53.377133544553786
2020-09-22,52.409990731948206
2020-09-23,52.94876395350653
2020-09-24,51.68575073562176
2020-09-25,51.7168236250076
2020-09-28,50.81416109075581
2020-09-29,51.71905505850561
2020-09-30,51.480963072893196
2020-10-09,52.250886522243874
2020-10-12,53.41290260465509
2020-10-13,54.67995297016307
2020-10-14,53.51605489059694
2020-10-15,52.99707514931696
2020-10-16,52.82995408089316
2020-10-19,52.34671912837732
2020-10-20,52.337574992477315
2020-10-21,51.49042198394623
2020-10-22,50.55905346607341
2020-10-23,49.689421843542
2020-10-26,49.613933078696505
2020-10-27,50.096416049823254
2020-10-28,49.910737381129614
2020-10-29,50.16560791650066
2020-10-30,49.076698090911755
2020-11-02,48.62464968366086
2020-11-03,49.14601238238719
2020-11-04,48.831780413237844
2020-11-05,49.28439603871011
2020-11-06,48.49867989446974
2020-11-09,49.04476674085861
2020-11-10,48.573580305605425
2020-11-11,48.22660874406678
2020-11-12,47.54760975119251
2020-11-13,47.434077832240135
2020-11-16,49.012621380219926
2020-11-17,48.87570419977202
2020-11-18,49.03373523227492
2020-11-19,50.275517424715545
2020-11-20,49.76758056150217
2020-11-23,49.72237944175023
2020-11-24,50.01342741284418
2020-11-25,48.974936779985036
2020-11-26,48.90859091975185
2020-11-27,49.37220817997622
2020-11-30,49.211276376951325
2020-12-01,49.795021907179965
2020-12-02,50.173950236108965
2020-12-03,50.76013007973845
2020-12-04,50.65133363476521
2020-12-07,51.50781969211207
2020-12-08,50.960497851654445
2020-12-09,49.76864927564535
2020-12-10,49.14016675545756
2020-12-11,48.27886840636456
2020-12-14,49.50268077769527
2020-12-15,49.00662427689972
2020-12-16,48.71551148217946
2020-12-17,48.83376768744203
2020-12-18,48.50673088198794
2020-12-21,48.74840188012706
2020-12-22,47.48484362960909
2020-12-23,47.30899493639723
2020-12-24,47.25404960106692
2020-12-25,46.713530319613334
2020-12-28,47.30217203507176
2020-12-29,46.830819002218725
2020-12-30,46.40584689427815
2020-12-31,46.72968365136015
2021-01-04,50.29840094018071
2021-01-05,52.11008683769733
2021-01-06,51.5972695993089
2021-01-07,52.03904303470915
2021-01-08,50.290335336180355
2021-01-11,48.399432892083986
2021-01-12,48.810675344942105
2021-01-13,47.88178393101801
2021-01-14,47.26211900472872
2021-01-15,47.40745148528371
2021-01-18,47.75261034417119
2021-01-19,47.556194599679046
2021-01-20,47.365539848313524
2021-01-21,47.63648364593408
2021-01-22,47.00812213503447
2021-01-25,46.70610127228142
2021-01-26,48.42705927206692
2021-01-27,48.15303624967387
2021-01-28,47.47676008508314
2021-01-29,46.47061984886267
2021-02-01,47.47879778300194
2021-02-02,47.028069428606436
2021-02-03,48.25788716639177
2021-02-04,47.385196530976856
2021-02-05,47.07025655605735
2021-02-08,48.335325891574804
2021-02-09,48.484125892616845
2021-02-10,48.82633912044793
2021-02-18,49.517297686628844
2021-02-19,52.62198520644477
2021-02-22,53.766737836476295
2021-02-23,52.31471867586488
2021-02-24,52.09127485685549
2021-02-25,51.15724027251618
2021-02-26,50.71967109681367
2021-03-01,51.957694152510136
2021-03-02,51.40351425551786
2021-03-03,52.216578846580184
2021-03-04,51.396349128694126
2021-03-05,51.273646413843544
2021-03-08,50.199948294333446
2021-03-09,49.112204888088804
2021-03-10,48.672374391572056
2021-03-11,48.96897978775055
2021-03-12,49.43864460748608
2021-03-15,48.587391636879076
2021-03-16,48.87869575116181
2021-03-17,49.667824148413
2021-03-18,49.3366129795499
2021-03-19,48.547923141685764
2021-03-22,49.32448609641087
2021-03-23,49.52442454653608
2021-03-24,49.0545736874387
2021-03-25,49.14321365692772
2021-03-26,49.42716418575843
2021-03-29,49.21624885781232
2021-03-30,49.15748879805569
2021-03-31,48.98984588562774
2021-04-01,49.069481683861156
2021-04-02,49.244256943921236
2021-04-06,49.217899091263185
2021-04-07,49.208620923996385
2021-04-08,49.15486071896873
2021-04-09,48.77062882176598
2021-04-12,48.42359955609523
2021-04-13,48.276671508089485
2021-04-14,47.532112152030855
2021-04-15,47.32361061251307
2021-04-16,47.24062268598307
2021-04-19,47.81369258113376
2021-04-20,48.270052675648245
2021-04-21,48.02595316136351
2021-04-22,47.88116008424756
2021-04-23,47.784303985494006
2021-04-26,47.02100373096276
2021-04-27,46.71050527784833
2021-04-28,46.82587712355743
2021-04-29,46.87455590418585
2021-04-30,46.238914026997065
2021-05-06,45.375712791004105
2021-05-07,45.37698015505821
2021-05-10,43.90749060823782
2021-05-11,44.2313282773786
2021-05-12,44.901974639185795
2021-05-13,44.11954104278336
2021-05-14,44.401791770572096
2021-05-17,44.13414074734895
2021-05-18,44.04871364208338
2021-05-19,43.54660125216264
2021-05-20,43.46312359820017
2021-05-21,43.29445321131988
2021-05-24,42.4503373505542
2021-05-25,42.5302146429897
2021-05-26,42.716244663607974
2021-05-27,42.792345614925665
2021-05-28,42.69560157608595
2021-05-31,42.07153801209132
2021-06-01,42.42917180880995
2021-06-02,42.71592264306223
2021-06-03,42.35799690160768
2021-06-04,42.42875485684599
2021-06-07,42.091429786929346
2021-06-08,42.195636414900285
2021-06-09,42.44616582655808
2021-06-10,41.864015906052124
2021-06-11,41.66515745689187
2021-06-15,40.388157949087734
2021-06-16,40.28423966467301
2021-06-17,39.736098516079686
2021-06-18,39.90399205088945
2021-06-21,39.36549055565422
2021-06-22,39.928151253939205
2021-06-23,40.51024328635992
2021-06-24,40.02828423703102
2021-06-25,40.35471226019818
2021-06-28,42.524590255780325
2021-06-29,41.62187192014855
2021-06-30,41.128233617431256
2021-07-01,40.754506044377216
2021-07-02,40.85427282918217
2021-07-05,40.68703587165304
2021-07-06,40.977368037667254
2021-07-07,40.56992514900039
2021-07-08,39.92869108420557
2021-07-09,40.195918649285545
2021-07-12,40.09386512885558
2021-07-13,40.168011111564454
2021-07-14,39.94841267172065
2021-07-15,39.395586348981695
2021-07-16,38.70285141858148
2021-07-19,38.32712465182991
2021-07-20,38.349682184903386
2021-07-21,38.14770684860496
2021-07-22,38.023978867450914
2021-07-23,37.326597370325864
2021-07-26,37.29871147087745
2021-07-27,36.15214185169901
2021-07-28,35.06550933626702
2021-07-29,35.37984151022765
2021-07-30,35.883453430831715
2021-08-02,37.21363667525008
2021-08-03,36.94648711968096
2021-08-04,36.808054200244165
2021-08-05,36.52497633319045
2021-08-06,36.816812470262654
2021-08-09,38.49156557362115
2021-08-10,38.54826460426446
2021-08-11,38.4079208744393
2021-08-12,38.09746336655381
2021-08-13,37.96265801214253
2021-08-16,37.81750845779128
2021-08-17,37.149917324867836
2021-08-18,37.13390329624049
2021-08-19,36.910144849652426
2021-08-20,36.593612388640544
2021-08-23,36.90691779028451
2021-08-24,36.866921555671766
2021-08-25,36.97586882147438
2021-08-26,36.3828973984708
2021-08-27,35.926348397421116
2021-08-30,35.44049937046102
2021-08-31,35.857379620553665
2021-09-01,36.32983004766633
2021-09-02,36.23157712462276
2021-09-03,37.0505221815553
2021-09-06,37.14516656520661
2021-09-07,37.24620072346788
2021-09-08,37.50006457270469
2021-09-09,37.52466107222419
2021-09-10,37.260041845519716
2021-09-13,37.34313892197776
2021-09-14,36.759310583620916
2021-09-15,36.74234256071146
2021-09-16,38.34415901858588
2021-09-17,38.241455640480254
2021-09-22,37.43921702120544
2021-09-23,38.23933922646283
2021-09-24,38.42272522229514
2021-09-27,39.579265475190404
2021-09-28,38.9919298657717
2021-09-29,39.206551529811776
2021-09-30,39.28422076726028
2021-10-08,40.89691853429078
2021-10-11,41.82265480910642
2021-10-12,41.15743612647845
2021-10-13,41.14808833428434
2021-10-14,40.92689926513768
2021-10-15,39.800893542487124
2021-10-18,40.513143108729835
2021-10-19,42.84595168564957
2021-10-20,42.21385733916803
2021-10-21,41.67926613870475
2021-10-22,41.4203982030894
2021-10-25,41.60253243285455
2021-10-26,41.14614848608111
2021-10-27,41.243633966196256
2021-10-28,40.194975160971154
2021-10-29,41.05957197126612
2021-11-01,41.25654130456122
2021-11-02,41.43280590785628
2021-11-03,43.162286065051084
2021-11-04,43.76077055300268
2021-11-05,42.9166413222845
2021-11-08,42.47691765762678
2021-11-09,42.718471043732606
2021-11-10,42.243874748182485
2021-11-11,42.44946140703268
2021-11-12,42.80569899302802
2021-11-15,43.3032312867682
2021-11-16,42.701913893597215
2021-11-17,42.799438786617756
2021-11-18,42.775272407129805
2021-11-19,42.391391931502184
2021-11-22,42.20221437518762
2021-11-23,42.005472084947215
2021-11-24,41.287054982551076
2021-11-25,41.28577343734014
2021-11-26,41.01146444807082
2021-11-29,40.97519100691282
2021-11-30,40.72522425349484
2021-12-01,40.80710001486772
2021-12-02,41.122510402801424
2021-12-03,41.53408681753029
2021-12-06,40.994178729912115
2021-12-07,40.9380268790023
2021-12-08,41.78654302530402
2021-12-09,42.02584394071814
2021-12-10,41.93778644789961
2021-12-13,41.94019638128366
2021-12-14,41.84697040237581
2021-12-15,41.613613284133365
2021-12-16,41.35042788161737
2021-12-17,41.2972664870153
2021-12-20,41.38201704735531
2021-12-21,42.302814247291536
2021-12-22,43.15717987639413
2021-12-23,44.38288209327404
2021-12-24,44.340474457975574
2021-12-27,44.73765259036618
2021-12-28,44.542498584247504
2021-12-29,44.09604879617084
2021-12-30,44.02587935604947
2021-12-31,44.75828033901044
2022-01-04,47.0869152438874
2022-01-05,47.29690511156014
2022-01-06,47.50190590906491
2022-01-07,46.4776864863015
2022-01-10,48.85749762679681
2022-01-11,47.666715928380874
2022-01-12,48.08924374119451
2022-01-13,47.1023052178073
2022-01-14,46.76595150078506
2022-01-17,47.10303615861272
2022-01-18,46.576142559938695
2022-01-19,46.26468710813363
2022-01-20,47.07643119817072
2022-01-21,45.86110605199499
2022-01-24,46.22248294723282
2022-01-25,44.86975176138436
2022-01-26,45.141027672665075
2022-01-27,44.25545906630318
2022-01-28,45.52324489536558
2022-02-07,45.8193092565994
2022-02-08,46.232285136896
2022-02-09,47.93259261024137
2022-02-10,50.43238995268952
2022-02-11,49.34208271546305
2022-02-14,48.4535096314767
2022-02-15,48.25785811687812
2022-02-16,47.39364318050958
2022-02-17,48.1904110092146
2022-02-18,48.85540035716827
2022-02-21,49.26356553618052
2022-02-22,49.01718925655642
2022-02-23,48.3539471451127
2022-02-24,47.16096771234338
2022-02-25,47.15670664524869
2022-02-28,47.460372669717216
2022-03-01,50.05915842477043
2022-03-02,49.83159657681628
2022-03-03,49.00246081695312
2022-03-04,49.31385132934217
2022-03-07,48.85708425428194
2022-03-08,47.247085338446595
2022-03-09,46.84648846037967
2022-03-10,46.448046272129844
2022-03-11,47.76846500425855
2022-03-14,45.64297417065853
2022-03-15,43.78597404324911
2022-03-16,44.201497244446166
2022-03-17,45.14222315476411
2022-03-18,46.75675134618901
2022-03-21,48.503742062138656
2022-03-22,49.43286312414551
2022-03-23,49.26877124728974
2022-03-24,49.70381939587327
2022-03-25,50.837627931768445
2022-03-28,50.94175937963768
2022-03-29,52.49935251311676
2022-03-30,52.246033082831524
2022-03-31,51.670924845663286
2022-04-01,52.57415372875227
2022-04-06,52.661504686561926
2022-04-07,50.60158902512794
2022-04-08,50.007789268285
2022-04-11,50.329519405189956
2022-04-12,50.54145440747834
2022-04-13,49.22934554167022
2022-04-14,50.26504218760123
2022-04-15,49.80794013837123
2022-04-18,51.97148528172434
2022-04-19,52.392147232323985
2022-04-20,50.73500280908703
2022-04-21,48.356849455181994
2022-04-22,47.01911459840059
2022-04-25,44.142113453707054
2022-04-26,41.64433009669319
2022-04-27,43.57987693501023
2022-04-28,42.56625651832795
2022-04-29,42.144335598343325
2022-05-05,42.48569130861402
2022-05-06,41.944293696254604
2022-05-09,43.12604311716036
2022-05-10,43.21869554725737
2022-05-11,42.620931659781284
2022-05-12,42.505658716449254
2022-05-13,42.01191695107124
2022-05-16,43.33756800561902
2022-05-17,42.63207074948183
2022-05-18,42.16444816198838
2022-05-19,41.51617669082014
2022-05-20,41.513139428340935
2022-05-23,42.60462400849491
2022-05-24,40.843389651665056
2022-05-25,42.18555869806908
2022-05-26,42.22171176942109
2022-05-27,41.91110418426425
2022-05-30,41.93560018987159
2022-05-31,42.83558251093189
2022-06-01,42.35377408194438
2022-06-02,41.72340564205132
2022-06-06,41.92229290739412
2022-06-07,42.339764045020125
2022-06-08,42.34420343482851
2022-06-09,43.370430611578335
2022-06-10,43.01162551932537
2022-06-13,44.204881806107544
2022-06-14,45.5337443726408
2022-06-15,45.44571062028185
2022-06-16,47.60671258154504
2022-06-17,47.377775379281225
2022-06-20,48.434364586052
2022-06-21,48.072486896082594
2022-06-22,49.33147491923418
2022-06-23,49.084042822685774
2022-06-24,48.86301034740224
2022-06-27,49.82560920201382
2022-06-28,48.732317915157445
2022-06-29,46.38532975545754
2022-06-30,46.63547252139688
2022-07-01,47.621917059312864
2022-07-04,51.57296450832055
2022-07-05,51.63886665522195
2022-07-06,50.5635606382973
2022-07-07,52.168163067359515
2022-07-08,53.09049973573027
2022-07-11,54.29754670879487
2022-07-12,53.297005587085685
2022-07-13,53.60102302916936
2022-07-14,53.145521579663125
2022-07-15,51.706010455081405
2022-07-18,52.2055707913517
2022-07-19,52.373776981181706
2022-07-20,51.465862001912186
2022-07-21,51.02087642272587
2022-07-22,50.420728126860936
2022-07-25,49.26332854106574
2022-07-26,49.67314682853387
2022-07-27,49.68652932618296
2022-07-28,49.474988536330635
2022-07-29,51.09610900805459
2022-08-01,50.895950669379175
2022-08-02,49.61616064360022
2022-08-03,48.13268406366106
2022-08-04,48.70866268842158
2022-08-05,48.83357481972129
2022-08-08,48.823130787960416
2022-08-09,47.295191682916496
2022-08-10,47.16794832187875
2022-08-11,47.56994654512763
2022-08-12,47.277703858884465
2022-08-15,47.54394500230462
2022-08-16,49.294194287313296
2022-08-17,49.56923369471027
2022-08-18,48.492579532342575
2022-08-19,49.83811046818972
2022-08-22,50.21711622909973
2022-08-23,50.96588990655403
2022-08-24,50.520815861117924
2022-08-25,51.119489992751255
2022-08-26,51.14085535208276
2022-08-29,51.36748314865898
2022-08-30,51.7694449498607
2022-08-31,50.37842671595772
2022-09-01,50.09750353729135
2022-09-02,50.809742102889125
2022-09-05,50.43140999589175
2022-09-06,50.400967687171374
2022-09-07,49.852462575211035
2022-09-08,48.51902249917269
2022-09-09,48.18251241585339
2022-09-13,49.38448530218276
2022-09-14,48.405719615068776
2022-09-15,47.06312268969428
2022-09-16,46.26268512938061
2022-09-19,46.536415412655984
2022-09-20,46.51321011005113
2022-09-21,45.69968148255324
2022-09-22,45.328032112942765
2022-09-23,44.21160203164957
2022-09-26,42.7810379974469
2022-09-27,44.10088841800154
2022-09-28,43.533952112641366
2022-09-29,43.61133691893522
2022-09-30,43.47867269180284
2022-10-10,45.342663210712324
2022-10-11,45.445970675726834
2022-10-12,46.710230901924774
2022-10-13,47.76963797058398
2022-10-14,47.570600614766896
2022-10-17,47.84258418724022
2022-10-18,47.80829357954565
2022-10-19,46.179906812440436
2022-10-20,45.61813319671221
2022-10-21,45.56005494701138
2022-10-24,43.7188294370366
2022-10-25,42.68216187562907
2022-10-26,41.47528653796168
2022-10-27,41.649065440074516
2022-10-28,39.81159743969195
2022-10-31,40.19704170130871
2022-11-01,41.585806400007066
2022-11-02,41.6861483570606
2022-11-03,41.62582497484917
2022-11-04,42.279035948587634
2022-11-07,42.51902309849868
2022-11-08,42.03717185781752
2022-11-09,41.561058265956156
2022-11-10,41.857864365957155
2022-11-11,42.22761365062369
2022-11-14,42.14829249484987
2022-11-15,42.47784536949553
2022-11-16,42.06475640221757
2022-11-17,42.94805608158434
2022-11-18,42.50141475897571
2022-11-21,42.207965026891415
2022-11-22,41.62798096734193
2022-11-23,41.093039865008535
2022-11-24,41.43540397495867
2022-11-25,41.7200027611437
2022-11-28,41.55094478192901
2022-11-29,42.0654394368164
2022-11-30,42.26033060715446
2022-12-01,42.744089065871606
2022-12-02,43.535718035752566
2022-12-05,43.57595854279591
2022-12-06,43.42029677698967
2022-12-07,43.675462252089204
2022-12-08,42.60823724344126
2022-12-09,42.50972530347049
2022-12-12,41.77960540867186
2022-12-13,43.727075255562426
2022-12-14,43.563544131292865
2022-12-15,43.116356315661015
2022-12-16,42.772530830308376
2022-12-19,41.79708673628683
2022-12-20,40.87781426055167
2022-12-21,41.569012019377794
2022-12-22,42.234892645895854
2022-12-23,41.540731005238094
2022-12-26,41.874237081284704
2022-12-27,42.694627298325265
2022-12-28,41.90388816671627
2022-12-29,41.39341289166721
2022-12-30,42.147139620395166
2023-01-03,42.05602560897496
2023-01-04,42.14831365890996
2023-01-05,42.035286392706986
2023-01-06,41.571680228825464
2023-01-09,42.11633765231666
2023-01-10,41.69111599850581
2023-01-11,41.859005132273104
2023-01-12,41.66453088479302
2023-01-13,42.413472759034796
2023-01-16,43.47167064365684
2023-01-17,43.12136398008057
2023-01-18,42.52465245502041
2023-01-19,42.26435212727448
2023-01-20,42.557655098519895
2023-01-30,43.12839139075262
2023-01-31,43.52415270957315
2023-02-01,44.608994232649245
2023-02-02,45.137798934276454
2023-02-03,44.860780972864
2023-02-06,45.36497483340458
2023-02-07,45.00678666861402
2023-02-08,44.59038195915988
2023-02-09,44.67890533166695
2023-02-10,44.88543989300316
2023-02-13,44.81348772312483
2023-02-14,44.59274157327222
2023-02-15,44.14261570688326
2023-02-16,44.059386029090156
2023-02-17,43.978815085979875
2023-02-20,44.20296408007421
2023-02-21,44.517503466443856
2023-02-22,44.89254269773703
2023-02-23,44.62261769613402
2023-02-24,44.4182684310726
2023-02-27,44.07969001453541
2023-02-28,44.2715124350004
2023-03-01,44.25678660724968
2023-03-02,43.87239300853283
2023-03-03,43.69903115541151
2023-03-06,43.81052073438004
2023-03-07,43.150117654386726
2023-03-08,42.96215021929138
2023-03-09,42.55057857349794
2023-03-10,41.955293689984
2023-03-13,42.869664604649316
2023-03-14,43.91889879514237
2023-03-15,43.92380979282781
2023-03-16,42.594895051833326
2023-03-17,42.546292881773255
2023-03-20,41.9105332957631
2023-03-21,42.01620860269344
2023-03-22,42.06259205022861
2023-03-23,41.986910710624834
2023-03-24,42.07055111840462
2023-03-27,43.409549259074936
2023-03-28,43.60345361341358
2023-03-29,42.93614671372392
2023-03-30,43.73670322873527
2023-03-31,45.30455150072562
2023-04-03,47.206451030316444
2023-04-04,48.243859897186404
2023-04-06,48.116888002706695
2023-04-07,47.601533339886146
2023-04-10,46.73230785168137
2023-04-11,46.90948368817705
2023-04-12,46.16495456454446
2023-04-13,45.71407429185656
2023-04-14,45.18717411915533
2023-04-17,45.33114999084039
2023-04-18,44.96933653391393
2023-04-19,44.985584532610886
2023-04-20,44.800390641579035
2023-04-21,43.71914119863455
2023-04-24,42.90963401115843
2023-04-25,42.62804897149279
2023-04-26,42.703674385853105
2023-04-27,42.27560257427548
2023-04-28,41.805469412677645
2023-05-04,41.42865520312813
2023-05-05,40.73954662015711
2023-05-08,40.47636868904343
2023-05-09,40.841346599023076
2023-05-10,40.33218229946225
2023-05-11,40.52950362406477
2023-05-12,40.14125573287634
2023-05-15,40.01414147570056
2023-05-16,40.1424820325854
2023-05-17,40.3287796671225
2023-05-18,39.921533715482745
2023-05-19,40.35663853225509
2023-05-22,40.5050708872108
2023-05-23,40.105469438748344
2023-05-24,39.805890543556835
2023-05-25,39.337465418404165
2023-05-26,39.26944315925068
2023-05-29,38.765143494707175
2023-05-30,38.80773989038951
2023-05-31,38.23123462101724
2023-06-01,38.68587063863522
2023-06-02,39.01213102438622
2023-06-05,38.68534099653193
2023-06-06,38.36772850819101
2023-06-07,38.76323317955567
2023-06-08,40.05183491959913
2023-06-09,40.05119315213882
2023-06-12,40.15383647292046
2023-06-13,39.88496639385525
2023-06-14,39.457263172380564
2023-06-15,39.444512600547014
2023-06-16,40.251197808511854
2023-06-19,40.112438268377716
2023-06-20,39.738353353207145
2023-06-21,39.25435982904601
2023-06-26,39.2254747674607
2023-06-27,39.744093692265245
2023-06-28,39.42359655708127
2023-06-29,39.85634600012815
2023-06-30,40.30522995963914
2023-07-03,40.556843229727974
2023-07-04,40.59161007758737
2023-07-05,39.96617067985716
2023-07-06,40.599779362096015
2023-07-07,40.96120219229737
2023-07-10,41.23011892028216
2023-07-11,40.97725686538267
2023-07-12,40.93921159254354
2023-07-13,41.08256057512377
2023-07-14,40.78838321539108
2023-07-17,41.277042616184985
2023-07-18,41.71272430457613
2023-07-19,41.85907300692813
2023-07-20,41.48495829754287
2023-07-21,41.78636814885154
2023-07-24,41.16233863849585
2023-07-25,40.99143552359211
2023-07-26,41.12331402034756
2023-07-27,41.228570205884516
2023-07-28,41.3526184980584
2023-07-31,42.510161052980536
2023-08-01,41.89284791118478
2023-08-02,41.6432224673476
2023-08-03,41.80610147386873
2023-08-04,41.5026774277676
2023-08-07,41.769892746555804
2023-08-08,41.57515837016901
2023-08-09,41.06301553608887
2023-08-10,41.09324052493033
2023-08-11,40.28625152207322
2023-08-14,40.43737126351437
2023-08-15,40.05950023281015
2023-08-16,39.88838482231381
2023-08-17,40.078904382371945
2023-08-18,39.430836369201906
2023-08-21,38.98845997820402
2023-08-22,38.89707158218111
2023-08-23,38.54093032811773
2023-08-24,38.97999790562092
2023-08-25,39.09155004584882
2023-08-28,39.04218811305168
2023-08-29,39.352805874001334
2023-08-30,38.9946053150935
2023-08-31,38.71974516387503
2023-09-01,38.96991128415115
2023-09-04,39.185226162510915
2023-09-05,38.896048692621314
2023-09-06,38.734455730513
2023-09-07,38.47543123682761
2023-09-08,38.42031363248663
2023-09-11,38.74461587641681
2023-09-12,39.33317944048192
2023-09-13,38.92910234367866
2023-09-14,38.43746963873587
2023-09-15,38.50678714458053
2023-09-18,38.59779507389203
2023-09-19,38.72629646371902
2023-09-20,39.02089108001529
2023-09-21,38.450430219006996
2023-09-22,38.70136094188516
2023-09-25,38.656603239165946
2023-09-26,38.530087970709175
2023-09-27,38.624461148440226
2023-09-28,38.362933174885825
2023-10-09,37.52338335916455
2023-10-10,37.86717068059644
2023-10-11,37.667775612304595
2023-10-12,37.79455296908233
2023-10-13,37.35687258553205
2023-10-16,37.28775132040307
2023-10-17,37.51936655739021
2023-10-18,37.20693518275329
2023-10-19,36.37234551523158
2023-10-20,36.1424125927753
2023-10-23,36.126402776588385
2023-10-24,36.9452099158847
2023-10-25,37.63132377705411
2023-10-26,37.81011621009139
2023-10-27,38.429807434491806
2023-10-30,39.27394371404315
2023-10-31,38.87781647608972
2023-11-01,38.824587237134985
2023-11-02,38.38557101027716
2023-11-03,38.67158230399257
2023-11-06,38.40620179543195
2023-11-07,38.6517112114149
2023-11-08,38.451612903836725
2023-11-09,38.31506141115745
2023-11-10,38.42555917598417
2023-11-13,38.73092378647205
2023-11-14,39.06483967710158
2023-11-15,38.91860768661447
2023-11-16,38.736040121017425
2023-11-17,38.61813257137691
2023-11-20,39.95570907799745
2023-11-21,39.734380923397225
2023-11-22,40.28346159753879
2023-11-23,40.451105503647824
2023-11-24,40.97889251721742
2023-11-27,41.05788113234915
2023-11-28,40.74293764272429
2023-11-29,40.56781716722385
2023-11-30,40.752464189194825
2023-12-01,40.19305796266002
2023-12-04,41.269494834080014
2023-12-05,40.87976103800492
2023-12-06,42.40687154651502
2023-12-07,42.82584591590182
2023-12-08,41.96946963237537
2023-12-11,42.361296301592056
2023-12-12,42.071007999494825
2023-12-13,41.22837878801459
2023-12-14,41.03585238334185
2023-12-15,41.124510624870595
2023-12-18,41.33177048610434
2023-12-19,40.95676093053912
2023-12-20,40.35053359347834
2023-12-21,40.09000798277828
2023-12-22,39.824236808389045
2023-12-25,39.41732916149444
2023-12-26,39.228004181407904
2023-12-27,40.48129870234534
2023-12-28,40.32345150890629
2023-12-29,40.49885647633254
2024-01-02,40.53775867158836
2024-01-03,40.54647725910806
2024-01-04,40.098369554637245
2024-01-05,39.447858229176305
2024-01-08,38.47691791358638
2024-01-09,38.59036112286616
2024-01-10,38.295078651672625
2024-01-11,39.33846844120221
2024-01-12,39.49082288349272
2024-01-15,38.89371534737718
2024-01-16,39.090292242948834
2024-01-17,38.18522314119648
2024-01-18,38.00647539873161
2024-01-19,37.675365545760265
2024-01-22,35.67347866695629
2024-01-23,35.847364058329255
2024-01-24,35.86606692944021
2024-01-25,36.55218012027098
2024-01-26,37.02131126329655
2024-01-29,36.525473810483
2024-01-30,35.779612705189905
2024-01-31,34.882937862589664
2024-02-01,34.72585070851606
2024-02-02,34.467583333260656
2024-02-05,32.640601246884806
2024-02-06,32.58608360152605
2024-02-07,32.53436139883799
2024-02-08,33.73085102429923
2024-02-19,33.4060672421529
2024-02-20,34.23612117141733
2024-02-21,34.420015874819214
2024-02-22,34.80631746283164
2024-02-23,35.27536254423117
2024-02-26,36.018730228586314
2024-02-27,36.98532497058668
2024-02-28,35.340442905759204
2024-02-29,35.717378969205086
2024-03-01,35.095981558530404
2024-03-04,34.98662381605244
2024-03-05,35.107360983450384
2024-03-06,35.086577790970225
2024-03-07,35.59810186014251
2024-03-08,35.02961362481258
2024-03-11,35.50076667616255
2024-03-12,35.895903918747756
2024-03-13,35.18217469630337
2024-03-14,34.82913384876072
2024-03-15,35.30279051702125
2024-03-18,35.917864117600395
2024-03-19,37.15591444288228
2024-03-20,37.71415286593869
2024-03-21,39.79461867011992
2024-03-22,39.09142957160403
2024-03-25,38.16305167497827
2024-03-26,38.476332766314215
2024-03-27,37.699776073196304
2024-03-28,37.81240861357055
2024-03-29,38.90275824151306
2024-04-01,39.617929312268366
2024-04-02,38.89986083610746
2024-04-03,39.611029667127646
2024-04-08,39.05391882159374
2024-04-09,39.063614719503335
2024-04-10,38.21459235694176
2024-04-11,37.3055043821387
2024-04-12,36.52404850596644
2024-04-15,35.8831516673634
2024-04-16,34.401931469053416
2024-04-17,35.33713950807606
2024-04-18,35.38103053489985
2024-04-19,34.98018233624828
2024-04-22,36.02584752874227
2024-04-23,36.00661511292528
2024-04-24,35.76507044191908
2024-04-25,35.705507816434675
2024-04-26,35.80332303698774
2024-04-29,36.45238125832846
2024-04-30,36.712469153937555
2024-05-06,36.98332653054767
2024-05-07,36.85467642081562
2024-05-08,37.9588941897056
2024-05-09,37.90128462903902
2024-05-10,37.894997728342595
2024-05-13,38.39316728157436
2024-05-14,39.018495767394455
2024-05-15,38.60683509017182
2024-05-16,38.732872379063004
2024-05-17,39.197732920565095
2024-05-20,40.46386259351387
2024-05-21,40.764114128504794
2024-05-22,40.92171842802277
2024-05-23,40.05038406199486
2024-05-24,40.458237056975534
2024-05-27,40.197278919051826
2024-05-28,39.767104349621135
2024-05-29,39.790452891638346
2024-05-30,39.49785126310413
2024-05-31,39.30120302593936
2024-06-03,39.76179856123713
2024-06-04,39.63463895485676
2024-06-05,38.876889120083256
2024-06-06,37.749798321389214
2024-06-07,38.080194858592144
2024-06-11,38.39009072521594
2024-06-12,38.421378580434435
2024-06-13,37.02783086592439
2024-06-14,37.376770888209236
2024-06-17,37.17883383401228
2024-06-18,36.873267311706265
2024-06-19,36.19667774441533
2024-06-20,35.81857724137599
2024-06-21,36.10518770547736
2024-06-24,34.65016823865487
2024-06-25,34.298769666249044
2024-06-26,34.24874894359557
2024-06-27,34.16709174921188
2024-06-28,33.89211492836042
2024-07-01,35.027068435165766
2024-07-02,34.617172652651504
2024-07-03,34.3959572830123
2024-07-04,33.42831372979581
2024-07-05,33.82100833594915
2024-07-08,33.52859230015914
2024-07-09,32.75889625203905
2024-07-10,32.935655372235324
2024-07-11,33.086431604895225
2024-07-12,32.89909078213117
2024-07-15,33.85519620475437
2024-07-16,34.12191815086262
2024-07-17,34.108625097867396
2024-07-18,34.12079736204189
2024-07-19,34.10059377202689
2024-07-22,33.8051381605747
2024-07-23,32.94202428500216
2024-07-24,32.026446119079125
2024-07-25,32.16107648375492
2024-07-26,32.322165986631745
2024-07-29,32.17459465331489
2024-07-30,32.535518981226474
2024-07-31,33.42265960663543
2024-08-01,33.27358851805241
2024-08-02,33.7326475648047
2024-08-05,33.444909748753695
2024-08-06,33.824570839032255
2024-08-07,33.02204324996442
2024-08-08,33.383033257943445
2024-08-09,33.032220484985054
2024-08-12,33.15588703772392
2024-08-13,33.418979092625825
2024-08-14,32.8645000032348
2024-08-15,32.89122077963106
2024-08-16,32.03048040700614
2024-08-19,31.624079819325004
2024-08-20,30.9155368922973
2024-08-21,30.467976341719176
2024-08-22,30.07584331844987
2024-08-23,30.10851068314414
2024-08-26,30.54403876077927
2024-08-27,30.02975515028869
2024-08-28,30.27432435738516
2024-08-29,30.393987323098663
2024-08-30,30.748150859886398
2024-09-02,30.30876025246014
2024-09-03,30.605319701214352
2024-09-04,30.162171523757152
2024-09-05,30.456418233072462
2024-09-06,30.061993836121093
2024-09-09,30.005387085660143
2024-09-10,29.820844609183613
2024-09-11,29.577410740420177
2024-09-12,29.343970281122726
2024-09-13,29.055525769456313
2024-09-18,28.47538884756718
2024-09-19,29.047228164893312
2024-09-20,28.772514824443192
2024-09-23,28.555370756384487
2024-09-24,29.71087876423214
2024-09-25,29.831722375219066
2024-09-26,31.025739440866538
2024-09-27,32.27165291291045
2024-09-30,34.707992940270884
2024-10-08,34.81042237022206
2024-10-09,32.15714215032388
2024-10-10,33.03150229076759
2024-10-11,31.92582909954555
2024-10-14,32.44175522599248
2024-10-15,32.07721055390213
2024-10-16,32.25016094042042
2024-10-17,31.72159318771501
2024-10-18,32.15413257512254
2024-10-21,32.37831196516584
2024-10-22,33.005853820762546
2024-10-23,33.02778824685309
2024-10-24,32.98969272086969
2024-10-25,33.35172512800882
2024-10-28,34.25779367704633
2024-10-29,33.52086641542943
2024-10-30,34.22782554654161
2024-10-31,34.04344025837005
2024-11-01,33.95346484065852
2024-11-04,34.51459295286525
2024-11-05,34.97459929049267
2024-11-06,35.47884290020029
2024-11-07,36.22483717678772
2024-11-08,35.768126442606025
2024-11-11,35.98956497254206
2024-11-12,35.795792696492725
2024-11-13,35.415293113426316
2024-11-14,34.71272183115194
2024-11-15,34.05985132574956
2024-11-18,33.42593203632521
2024-11-19,33.757276518012105
2024-11-20,34.04308954209094
2024-11-21,34.33944262229379
2024-11-22,33.252745422257206
2024-11-25,33.7912088213255
2024-11-26,33.85611635199592
2024-11-27,34.23437170748586
2024-11-28,34.53112719554717
2024-11-29,34.76394738559651
2024-12-02,35.64232375544356
2024-12-03,35.80754415382846
2024-12-04,35.146074012294164
2024-12-05,35.165136590221245
2024-12-06,35.534519497643565
2024-12-09,35.179367892820395
2024-12-10,35.5939496658231
2024-12-11,36.39751764080642
2024-12-12,37.175612544500595
2024-12-13,36.560844072757426
2024-12-16,36.218088103211926
2024-12-17,35.28062180246465
2024-12-18,34.98793551060517
2024-12-19,34.81482803109991
2024-12-20,35.00840670840528
2024-12-23,34.02037673821062
2024-12-24,34.03848394729037
2024-12-25,33.8307772365675
2024-12-26,33.823125549718654
2024-12-27,34.6020521286116
2024-12-30,34.16084946744358
2024-12-31,33.72567528907849
2025-01-02,33.07378166023719
2025-01-03,32.069641286710606
2025-01-06,32.0491205712484
2025-01-07,32.2656584658932
2025-01-08,32.18303109114789
2025-01-09,32.17277277763696
2025-01-10,31.445317267744652
2025-01-13,31.482457394118903
2025-01-14,32.326054615074476
2025-01-15,32.05718241847412
2025-01-16,32.10249606214769
2025-01-17,32.224173685695575
2025-01-20,32.535575415439716
2025-01-21,32.62116711373697
2025-01-22,32.248452086688054
2025-01-23,32.11966309567794
2025-01-24,32.12523576095286
2025-01-27,32.20422649244943
2025-02-05,32.24580430318066
2025-02-06,32.315708436994726
2025-02-07,32.48805179014697
2025-02-10,32.49202558960057
2025-02-11,32.01124099094262
2025-02-12,32.023128579090034
2025-02-13,33.00094561389105
2025-02-14,32.62897372333234
2025-02-17,32.89504911566897
2025-02-18,32.51342184640336
2025-02-19,33.053470460881925
2025-02-20,32.678278908196305
2025-02-21,32.645607418904746
2025-02-24,32.89444059822257
2025-02-25,32.24602617862475
2025-02-26,32.304006768200935
2025-02-27,32.310623948631864
2025-02-28,31.810873530210287
2025-03-03,31.867782008363346
2025-03-04,32.23145288359301
2025-03-05,31.990874353691357
2025-03-06,32.25447681669085
2025-03-07,32.27642459243373
2025-03-10,32.84968190232652
2025-03-11,33.767040575684824
2025-03-12,33.33574076131336
2025-03-13,33.27204324814481
2025-03-14,33.479765778589645
2025-03-17,33.78238421329879
2025-03-18,33.63527858957508
2025-03-19,33.67654512574731
2025-03-20,33.80069128830019
2025-03-21,33.4077685718864
2025-03-24,33.072192956829376
2025-03-25,33.468897482503515
2025-03-26,34.04733782118954
2025-03-27,33.8097161992722
2025-03-28,33.49052429800345
2025-03-31,32.96919413740809
2025-04-01,33.34760884310701
2025-04-02,33.37317271807352
2025-04-03,33.82317337182833
2025-04-07,32.77737874246804
2025-04-08,35.08253818522739
2025-04-09,35.344655275870366
2025-04-10,35.379826569321985
2025-04-11,34.36453854364958
2025-04-14,34.80535922443704
2025-04-15,34.78259592282314
2025-04-16,34.34935615038923
2025-04-17,34.30010188464487
2025-04-18,33.81821929817383
2025-04-21,33.92494920330682
2025-04-22,34.053323250944956
2025-04-23,33.630581431028965
2025-04-24,33.692779125102916
2025-04-25,33.69112918486235
2025-04-28,33.10854763844746
2025-04-29,33.204892257249014
2025-04-30,33.24067114452463
2025-05-06,33.60651529522761
2025-05-07,33.793520995080456
2025-05-08,33.987193935614776
2025-05-09,33.617691691506955
2025-05-12,33.66458402899406
2025-05-13,33.59029593160698
2025-05-14,33.736433768012795
2025-05-15,33.708481955470035
2025-05-16,33.574343293943905
2025-05-19,33.68843015361365
2025-05-20,34.00732582158072
2025-05-21,33.69250261258936
2025-05-22,33.170926755912056
2025-05-23,32.78255296919359
2025-05-26,32.925600068298536
2025-05-27,32.86397013416258
2025-05-28,32.60905220566818
2025-05-29,32.82818522001662
2025-05-30,33.61710911871861
2025-06-03,33.81633896294336
2025-06-04,33.964510770577036
2025-06-05,33.50471770960563
2025-06-06,33.944535120003955
2025-06-09,34.26574624265995
2025-06-10,34.0637455479075
2025-06-11,34.7886101834784
2025-06-12,34.396300879953515
2025-06-13,34.00684810586449
2025-06-16,33.9961720847355
2025-06-17,34.023364539361516
2025-06-18,33.66513050383897
2025-06-19,33.375247450692235
2025-06-20,33.22888101483762
2025-06-23,33.27058167380521
2025-06-24,33.60724543392494
2025-06-25,33.69237107108212
2025-06-26,33.54199277204728
2025-06-27,33.579124003376386
2025-06-30,33.69660300034494
2025-07-01,33.708463250252066
2025-07-02,34.120074544963536
2025-07-03,34.32956333481665
2025-07-04,34.32762988928045
2025-07-07,34.12740785408779
2025-07-08,34.202768171253744
2025-07-09,34.381380309699836
2025-07-10,34.683799842221546
2025-07-11,34.78019258625432
2025-07-14,34.754972386413996
2025-07-15,34.15459554040711
2025-07-16,34.330848955068895
2025-07-17,34.34012811093405
2025-07-18,34.486064339304775
2025-07-21,35.466161552153224
2025-07-22,36.41563021293878
2025-07-23,36.11183860094415
2025-07-24,36.353236286209395
2025-07-25,36.05091388782393
2025-07-28,35.846497045062165
2025-07-29,35.33881862521922
2025-07-30,35.33221394428923
2025-07-31,34.739296907729795
2025-08-01,34.74790943850461
2025-08-04,34.76501935821844
2025-08-05,34.92779595271891
2025-08-06,34.96471043304082
2025-08-07,35.05447146378124
2025-08-08,35.375664285396276
2025-08-11,35.53413879234764
2025-08-12,35.450854528871
2025-08-13,35.34005598513507
2025-08-14,34.75967315387195
2025-08-15,34.83438639746887
2025-08-18,35.04494876431603
2025-08-19,35.10429996670315
2025-08-20,35.35605362557463
2025-08-21,35.730665976258564
2025-08-22,35.716160704366466
2025-08-25,36.12642433549143
2025-08-26,37.08950589112378
2025-08-27,36.53871477455941
2025-08-28,36.432406814602125
2025-08-29,36.25349086557842
2025-09-01,36.45271695534799
2025-09-02,36.281649541894595
2025-09-03,35.542523101135494
2025-09-04,35.895892099525085
2025-09-05,36.05521358299947
2025-09-08,37.31751192225814
2025-09-09,37.23628739918184
2025-09-10,37.432408688757995
2025-09-11,38.52822283754082
2025-09-12,39.02849846640856
2025-09-15,40.07864593677708
2025-09-16,39.12749323825173
2025-09-17,38.74292621737776
2025-09-18,37.84128281809681
2025-09-19,37.63934687284561
2025-09-22,37.51113453818658
2025-09-23,36.98713575088299
2025-09-24,37.35980553703172
2025-09-25,36.947259829864706
2025-09-26,36.86920447126631
2025-09-29,36.693088224764026
2025-09-30,36.57957091192217
2025-10-09,36.59906446120885
2025-10-10,37.167213039241815
2025-10-13,37.0322170180625
2025-10-14,37.08615078614408
2025-10-15,37.102734241186894
2025-10-16,36.777292883647796
2025-10-17,36.4190435956116
2025-10-20,36.34602336443911
2025-10-21,36.590890142741934
2025-10-22,36.326425384942695
2025-10-23,36.49540405590203
2025-10-24,36.330079279264524
2025-10-27,36.89796287758048
2025-10-28,36.766311034581406
2025-10-29,36.85491597238716
2025-10-30,36.419001793591164
2025-10-31,36.71138769484353
2025-11-03,37.221253634299366
2025-11-04,37.064855433922155
2025-11-05,37.47418090462582
2025-11-06,37.27945295001134
2025-11-07,37.52909471885046
2025-11-10,38.09463835797641
2025-11-11,38.25870962182546
2025-11-12,37.94764241615612
2025-11-13,38.07268248472067
2025-11-14,37.96471423603615
2025-11-17,37.840866156284136
2025-11-18,37.30524977928138
2025-11-19,37.155894890819546
2025-11-20,36.79990856947138
2025-11-21,35.86184403984098
2025-11-24,36.028219273248546
2025-11-25,36.04589746702887
2025-11-26,35.93093975869552
2025-11-27,35.99937376875385
2025-11-28,36.27650188016145
2025-12-01,36.274127681370516
2025-12-02,36.14899110923535
2025-12-03,35.832389572897576
2025-12-04,35.29716530637482
2025-12-05,35.62255053675996
2025-12-08,35.92675783703724
2025-12-09,35.61145635226792
2025-12-10,35.80867650523737
2025-12-11,35.81009929271644
2025-12-12,35.89760165599043
2025-12-15,36.31511472227253
2025-12-16,36.01359474605149
2025-12-17,36.18943056419781
2025-12-18,35.81705437988654
2025-12-19,36.234472253986404
2025-12-22,36.36930765341398
2025-12-23,35.96399172642337
2025-12-24,35.89342871984732
2025-12-25,35.97823908847941
2025-12-26,36.2319537273251
2025-12-29,36.29671075299418
2025-12-30,36.485549844168354
2025-12-31,36.42505725548746
2026-01-05,36.16152922107024
2026-01-06,36.48730080059529
2026-01-07,36.170575479591825
2026-01-08,36.21780281892224
2026-01-09,36.2532184673168
2026-01-12,36.26407110567563
2026-01-13,35.921559388871245
2026-01-14,35.873290893181945
2026-01-15,35.609526295556314
2026-01-16,35.272961404529994
2026-01-19,35.72028814802729
2026-01-20,35.77636030541096
2026-01-21,35.67945896825022
2026-01-22,35.695965666754425
2026-01-23,35.87933689143452
2026-01-26,36.18165557397294
2026-01-27,35.62801702725287
2026-01-28,35.77064675020186
2026-01-29,36.253710022174495
2026-01-30,36.574293649260625
2026-02-02,35.430351170073564
2026-02-03,35.49968994912394
2026-02-04,35.772365754429934
2026-02-05,35.66524564991322
2026-02-06,35.683544382962864
2026-02-09,35.92777072395941
2026-02-10,35.64123201288921
2026-02-11,35.64625500663694
2026-02-12,35.20479881765409
2026-02-13,35.097989923046605
2026-02-24,35.20267774174341
2026-02-25,35.46856368010924
2026-02-26,35.42489947482204
2026-02-27,36.06745000413665
2026-03-02,35.6083542578297
2026-03-03,35.39131236887736
2026-03-04,35.5257815379632
2026-03-05,35.15260533070367
2026-03-06,36.34841239915192
2026-03-09,36.395506044483625
2026-03-10,36.584356484169234
2026-03-11,36.776651340538294
2026-03-12,37.18571983519673
2026-03-13,36.78489759432637
2026-03-16,36.987814662369026
2026-03-17,36.557990374742396
2026-03-18,36.47769357284548
2026-03-19,36.241560550089545
2026-03-20,35.53969665840558
2026-03-23,33.85213591828485
2026-03-24,34.23213290590507
2026-03-25,34.55275589795431
2026-03-26,34.10234935235085
2026-03-27,34.68316451939543
2026-03-30,34.834906499778896
2026-03-31,34.15680889035231
2026-04-01,34.183089567810796
2026-04-02,34.613773075875386
2026-04-03,33.59454509481595
2026-04-07,34.54192153909464
2026-04-08,34.91477050683032
2026-04-09,34.23983437513497
2026-04-10,34.067551488956894
2026-04-13,34.79261722631374
2026-04-14,35.96473916386172
2026-04-15,36.46735892269038
2026-04-16,36.247439645492214
2026-04-17,35.81581341889508
2026-04-20,35.846974588848866
2026-04-21,35.5385223514908
2026-04-22,35.449106819193496
2026-04-23,34.730940698914075
2026-04-24,33.90465009464019
2026-04-27,33.564667166450384
2026-04-28,33.699700295889976
2026-04-29,34.59402859547966
2026-04-30,35.17217749672186
2026-05-06,35.304496126808594
2026-05-07,35.05743523131192
2026-05-08,34.76921791660705
2026-05-11,35.30147593104229
2026-05-12,34.192415083248044
2026-05-13,33.71661258849591
2026-05-14,34.77212001059864
2026-05-15,34.176553956450164
2026-05-18,33.40610139452811
2026-05-19,33.61222792145037
2026-05-20,33.17041796436314
2026-05-21,32.51049754473002
2026-05-22,32.3792801643923
2026-05-25,32.28921065738127
2026-05-26,31.985399432775058
2026-05-27,31.36479780420105
2026-05-28,31.028176390486415
2026-05-29,31.02993473866123
2026-06-01,31.414031038420287
2026-06-02,30.75474486767267
2026-06-03,30.582302686614536
2026-06-04,29.93225087675405
2026-06-05,29.763529923009106
2026-06-08,29.350020237493965
2026-06-09,29.36244637505284
2026-06-10,29.649701383224045
2026-06-11,29.702081990319144
2026-06-12,29.84512242069152
2026-06-15,29.806145664907724
2026-06-16,29.76645293532657
2026-06-17,29.25127646396799
2026-06-18,28.696186414037474
2026-06-22,28.79565289469826
2026-06-23,29.084115952941286
2026-06-24,28.164841153947517
2026-06-25,27.945679597442062
2026-06-26,28.214199137680843
2026-06-29,29.092303059840834
2026-06-30,28.856642791045115
2026-07-01,30.524024628890114
2026-07-02,30.63694032439884
2026-07-03,30.558104313429897
2026-07-06,31.50996390837723
2026-07-07,31.044091688908335
2026-07-08,30.215800749518557
2026-07-09,30.26824488717579
2026-07-10,31.071854841727912
2026-07-13,30.794540809440033
2026-07-14,30.627597596533494
2026-07-15,31.108605751431977
2026-07-16,31.630627322450195
2026-07-17,30.625548878267335
2026-07-20,30.48991428975411
2026-07-21,29.973951336344776
2026-07-22,30.09141792534166
2026-07-23,30.23064960850742
2026-07-24,29.353881854788067
2026-07-27,29.817037383266914
2026-07-28,29.814453523172382
2026-07-29,29.998459644862898
2026-07-30,30.11637581517594
2026-07-31,30.394753057145035
2026-08-03,30.59665612252509
2026-08-04,30.49214482223218
2026-08-05,30.863420023802018
2026-08-06,30.876270622018264
2026-08-07,30.714204790077503
2026-08-10,31.72025289785361
2026-08-11,31.382457628131963
2026-08-12,31.673175472618663
2026-08-13,31.683716755420935
2026-08-14,31.095473933800015
2026-08-17,31.634146244681503
2026-08-18,32.477385539604576
2026-08-19,31.354080584347045
2026-08-20,31.848886273825624
2026-08-21,31.284585471117012
2026-08-24,31.12552107217227
2026-08-25,31.75191113053949
2026-08-26,31.877368455407296
2026-08-27,32.278383770790725
2026-08-28,32.590555988920535
2026-08-31,32.72329699937674
2026-09-01,33.18046711336164
2026-09-02,32.76301413830834
2026-09-03,32.47841750418543
2026-09-04,34.29208268987872
2026-09-07,34.73487837336452
2026-09-08,34.79574119625328
2026-09-09,34.88800994363302
2026-09-10,33.967688375250866
2026-09-11,33.3913601033182
2026-09-14,32.81788445153823
2026-09-15,32.490279340140184
2026-09-16,32.01977265189274
2026-09-17,32.115234208098826
2026-09-18,32.066742815007935
2026-09-21,32.85766232602327
2026-09-22,32.655919143893854
2026-09-23,32.05817870094771
2026-09-24,31.2438154373422
2026-09-28,31.55915061039095
2026-09-29,31.768742500501833
2026-09-30,31.852862618524767
2026-10-08,31.26193964010015
